date,T2M,tmax_c,tmin_c,rain_mm,RH2M,ALLSKY_SFC_SW_DWN,WS2M,doy,year,et0_mm,weather_source,season_name,season_id,rain_fc_t1_mm,rain_fc_t2_mm,rain_fc_t3_mm,rain_fc_sum3_mm,weather_fc_source,cum_gdd,gdd_fraction,stage,stage_idx,kc,wl_true_mm,irrigation_mm,et_mm,percolation_mm,overflow_mm,sm_true_pct,das,wl_obs_mm,sm_obs_pct
2015-06-15,29.68,35.39,25.11,0.05,62.8,22.59,3.92,166,2015,5.384123097018192,nasa_power,Kuruvai,Kuruvai-2015,5.05,6.86,1.23,13.14,synthetic_degraded,17.6,0.01,establishment,0,1.05,40.0,0.0,5.653,1.0,0.0,45.0,0,35.37,45.56
2015-06-16,28.34,33.21,24.92,2.29,66.31,20.1,3.94,167,2015,4.714700546261832,nasa_power,Kuruvai,Kuruvai-2015,2.21,2.18,2.79,7.180000000000001,synthetic_degraded,35.0,0.02,establishment,0,1.05,33.4,0.0,4.95,1.0,0.0,45.0,1,40.82,42.77
2015-06-17,27.93,32.51,24.47,3.53,70.12,10.26,4.07,168,2015,4.585172769513755,nasa_power,Kuruvai,Kuruvai-2015,12.49,3.18,0.08,15.75,synthetic_degraded,52.2,0.0299,establishment,0,1.05,29.74,0.0,4.814,1.0,0.0,45.0,2,24.45,46.79
2015-06-18,29.09,35.11,24.11,1.85,66.47,11.21,3.84,169,2015,5.491971265042867,nasa_power,Kuruvai,Kuruvai-2015,3.31,0.07,0.27,3.65,synthetic_degraded,69.3,0.0396,establishment,0,1.05,27.45,0.0,5.767,1.0,0.0,45.0,3,20.84,43.86
2015-06-19,28.87,35.08,24.53,2.17,68.74,12.51,4.33,170,2015,5.3997231381921935,nasa_power,Kuruvai,Kuruvai-2015,0.04,0.29,0.0,0.32999999999999996,synthetic_degraded,86.6,0.0495,establishment,0,1.05,22.54,0.0,5.67,1.0,0.0,45.0,4,20.11,44.16
2015-06-20,29.75,35.85,24.69,0.09,66.72,20.81,5.06,171,2015,5.6071089124045095,nasa_power,Kuruvai,Kuruvai-2015,0.11,0.0,2.81,2.92,synthetic_degraded,103.9,0.0594,establishment,0,1.05,18.04,0.0,5.887,1.0,0.0,45.0,5,20.14,44.97
2015-06-21,29.67,35.57,25.39,0.2,65.05,21.88,5.39,172,2015,5.378032136462518,nasa_power,Kuruvai,Kuruvai-2015,2.01,2.28,2.19,6.479999999999999,synthetic_degraded,121.6,0.0695,establishment,0,1.05,11.24,0.0,5.647,1.0,0.0,45.0,6,10.73,42.66
2015-06-22,30.42,36.75,25.46,0.0,64.13,21.28,4.92,173,2015,5.736425576295666,nasa_power,Kuruvai,Kuruvai-2015,1.78,0.28,0.1,2.16,synthetic_degraded,139.3,0.0796,establishment,0,1.05,4.79,0.0,6.023,1.0,0.0,45.0,7,1.54,45.34
2015-06-23,29.32,33.48,25.56,2.05,71.0,21.8,4.15,174,2015,4.648542045656357,nasa_power,Kuruvai,Kuruvai-2015,0.25,0.11,0.07,0.43,synthetic_degraded,157.1,0.0898,establishment,0,1.05,-2.23,0.0,4.877,0.5,0.0,44.84,8,-5.6,46.29
2015-06-24,30.17,36.17,25.4,0.25,67.0,23.49,4.36,175,2015,5.565410545209124,nasa_power,Kuruvai,Kuruvai-2015,0.07,0.05,0.26,0.38,synthetic_degraded,174.8,0.0999,establishment,0,1.05,-5.56,0.0,5.72,0.5,0.0,44.61,9,-9.12,45.05
2015-06-25,29.98,35.01,25.83,0.1,68.09,24.07,4.51,176,2015,5.09944334326952,nasa_power,Kuruvai,Kuruvai-2015,0.12,0.42,5.28,5.82,synthetic_degraded,192.7,0.1101,establishment,0,1.05,-11.53,59.71,5.354,1.0,0.0,44.19,10,-15.93,41.81
2015-06-26,29.54,35.01,25.91,0.08,62.99,16.15,5.93,177,2015,5.081344271853499,nasa_power,Kuruvai,Kuruvai-2015,0.64,0.39,1.38,2.41,synthetic_degraded,210.7,0.1204,establishment,0,1.05,41.93,0.0,5.335,1.0,0.0,45.0,11,53.34,44.81
2015-06-27,30.25,36.88,24.85,0.45,59.85,16.73,4.83,178,2015,5.891498279601983,nasa_power,Kuruvai,Kuruvai-2015,0.43,1.2,0.56,2.19,synthetic_degraded,228.1,0.1304,establishment,0,1.05,35.68,0.0,6.186,1.0,0.0,45.0,12,37.17,46.11
2015-06-28,30.68,36.5,25.72,0.42,64.3,22.77,3.5,179,2015,5.605288724423915,nasa_power,Kuruvai,Kuruvai-2015,3.73,1.04,3.25,8.02,synthetic_degraded,246.0,0.1406,establishment,0,1.05,28.94,0.0,5.886,1.0,0.0,45.0,13,33.37,42.18
2015-06-29,29.96,34.31,26.0,1.01,66.45,22.79,4.19,180,2015,4.825575147632743,nasa_power,Kuruvai,Kuruvai-2015,0.81,0.35,0.11,1.2700000000000002,synthetic_degraded,264.0,0.1508,tillering,1,1.1,22.47,0.0,5.308,1.0,0.0,45.0,14,20.02,43.39
2015-06-30,30.64,37.54,24.57,0.66,59.98,22.47,2.92,181,2015,6.142232771593953,nasa_power,Kuruvai,Kuruvai-2015,0.38,0.1,0.28,0.76,synthetic_degraded,281.3,0.1607,tillering,1,1.1,17.18,0.0,6.756,1.0,0.0,45.0,15,16.25,46.31
2015-07-01,30.3,36.05,24.91,0.56,65.68,23.47,3.84,182,2015,5.625982867944127,nasa_power,Kuruvai,Kuruvai-2015,0.13,0.33,0.08,0.54,synthetic_degraded,298.7,0.1707,tillering,1,1.1,10.08,0.0,6.189,1.0,0.0,45.0,16,6.51,45.41
2015-07-02,31.0,37.07,25.92,0.11,61.79,23.53,3.51,183,2015,5.7474955907465795,nasa_power,Kuruvai,Kuruvai-2015,1.55,0.15,0.04,1.74,synthetic_degraded,316.7,0.181,tillering,1,1.1,3.45,0.0,6.322,1.0,0.0,45.0,17,-9.81,45.62
2015-07-03,31.28,37.13,26.06,0.17,61.25,22.86,3.64,184,2015,5.739224887162295,nasa_power,Kuruvai,Kuruvai-2015,0.31,0.05,0.01,0.37,synthetic_degraded,334.7,0.1913,tillering,1,1.1,-3.76,0.0,6.222,0.5,0.0,44.74,18,-10.65,47.53
2015-07-04,31.08,36.45,26.59,0.21,62.17,23.4,3.92,185,2015,5.4090892987936074,nasa_power,Kuruvai,Kuruvai-2015,0.07,0.01,0.06,0.14,synthetic_degraded,353.0,0.2017,tillering,1,1.1,-10.31,0.0,5.71,0.5,0.0,44.28,19,-19.36,44.98
2015-07-05,31.7,38.05,26.86,0.07,59.17,23.77,4.02,186,2015,5.872607434796387,nasa_power,Kuruvai,Kuruvai-2015,0.01,0.04,0.06,0.11,synthetic_degraded,371.4,0.2122,tillering,1,1.1,-16.31,0.0,6.04,0.5,0.0,43.86,20,-27.56,44.85
2015-07-06,31.61,38.16,26.7,0.01,55.41,23.83,4.99,187,2015,5.941194086694642,nasa_power,Kuruvai,Kuruvai-2015,0.02,4.75,0.21,4.9799999999999995,synthetic_degraded,389.8,0.2227,tillering,1,1.1,-22.78,0.0,5.94,0.5,0.0,43.41,21,-28.76,47.48
2015-07-07,30.51,36.25,26.01,0.03,56.95,24.29,4.98,188,2015,5.471826887971,nasa_power,Kuruvai,Kuruvai-2015,0.09,11.26,0.09,11.44,synthetic_degraded,407.8,0.233,tillering,1,1.1,-29.21,0.0,5.316,0.5,0.0,42.96,22,-22.59,42.64
2015-07-08,31.25,38.28,26.13,0.05,56.93,21.7,4.33,189,2015,6.092627522743676,nasa_power,Kuruvai,Kuruvai-2015,0.14,0.22,0.11,0.47,synthetic_degraded,425.9,0.2433,tillering,1,1.1,-35.0,0.0,5.765,0.5,0.0,42.55,23,-35.22,41.35
2015-07-09,31.83,37.84,26.58,0.15,56.43,19.12,4.26,190,2015,5.867210824666841,nasa_power,Kuruvai,Kuruvai-2015,0.12,0.44,0.97,1.53,synthetic_degraded,444.1,0.2538,tillering,1,1.1,-41.22,0.0,5.394,0.5,0.0,42.11,24,-34.77,42.75
2015-07-10,30.42,34.59,26.91,0.15,62.86,20.02,4.35,191,2015,4.705268660319316,nasa_power,Kuruvai,Kuruvai-2015,0.16,1.01,1.06,2.23,synthetic_degraded,462.6,0.2643,tillering,1,1.1,-46.96,0.0,4.207,0.5,0.0,41.71,25,-44.91,42.37
2015-07-11,31.09,36.74,26.38,0.19,60.51,15.81,4.71,192,2015,5.557564964317827,nasa_power,Kuruvai,Kuruvai-2015,1.0,2.94,0.41,4.35,synthetic_degraded,480.8,0.2747,tillering,1,1.1,-51.52,0.0,4.858,0.5,0.0,41.39,26,-47.61,40.6
2015-07-12,31.5,38.33,26.27,0.79,57.06,23.28,3.01,193,2015,6.087815340003348,nasa_power,Kuruvai,Kuruvai-2015,1.58,0.29,0.6,2.47,synthetic_degraded,498.9,0.2851,tillering,1,1.1,-56.68,0.0,5.199,0.5,0.0,41.03,27,-61.18,39.48
2015-07-13,31.97,38.41,26.86,1.03,55.56,22.98,3.48,194,2015,5.99927722282538,nasa_power,Kuruvai,Kuruvai-2015,0.39,0.26,0.31,0.96,synthetic_degraded,517.4,0.2956,tillering,1,1.1,-61.59,0.0,5.001,0.5,0.0,40.69,28,-58.97,44.15
2015-07-14,31.43,36.57,27.05,0.32,58.71,19.1,2.93,195,2015,5.359129983859704,nasa_power,Kuruvai,Kuruvai-2015,0.79,0.56,0.46,1.81,synthetic_degraded,535.9,0.3062,tillering,1,1.1,-66.06,0.0,4.345,0.5,0.0,40.38,29,-62.42,40.87
2015-07-15,30.76,35.16,27.43,0.65,61.84,16.14,3.07,196,2015,4.780449310722608,nasa_power,Kuruvai,Kuruvai-2015,0.71,6.65,2.03,9.39,synthetic_degraded,554.6,0.3169,tillering,1,1.1,-70.59,0.0,3.787,0.5,0.0,40.06,30,-73.47,38.96
2015-07-16,30.9,35.89,26.81,0.27,58.97,21.09,3.96,197,2015,5.188565253157717,nasa_power,Kuruvai,Kuruvai-2015,0.36,1.5,0.66,2.52,synthetic_degraded,573.0,0.3274,tillering,1,1.1,-74.23,0.0,4.019,0.5,0.0,39.8,31,-71.43,41.17
2015-07-17,30.27,34.84,26.56,0.43,58.95,21.31,5.65,198,2015,4.890806119984771,nasa_power,Kuruvai,Kuruvai-2015,3.91,0.83,0.14,4.88,synthetic_degraded,591.3,0.3379,tillering,1,1.1,-78.48,0.0,3.7,0.5,0.0,39.51,32,-75.65,39.35
2015-07-18,30.6,36.9,25.81,1.43,56.95,20.39,5.21,199,2015,5.738558807817755,nasa_power,Kuruvai,Kuruvai-2015,0.32,0.15,1.83,2.3,synthetic_degraded,609.2,0.3481,tillering,1,1.1,-82.25,0.0,4.272,0.5,0.0,39.24,33,-85.0,38.86
2015-07-19,28.92,33.06,25.98,0.46,60.72,16.38,5.65,200,2015,4.415493040437232,nasa_power,Kuruvai,Kuruvai-2015,0.4,2.87,3.41,6.68,synthetic_degraded,627.2,0.3584,stem_elongation,2,1.15,-85.59,0.0,3.349,0.5,0.0,39.01,34,-91.2,39.85
2015-07-20,30.35,37.1,24.21,0.3,58.37,20.45,4.38,201,2015,6.102861989951974,nasa_power,Kuruvai,Kuruvai-2015,8.38,1.06,3.48,12.920000000000002,synthetic_degraded,644.3,0.3682,stem_elongation,2,1.15,-88.98,0.0,4.529,0.5,0.0,38.77,35,-94.9,36.83
2015-07-21,30.51,35.93,26.1,5.04,61.48,19.34,3.91,202,2015,5.370947217850474,nasa_power,Kuruvai,Kuruvai-2015,2.06,5.78,0.35,8.19,synthetic_degraded,662.3,0.3785,stem_elongation,2,1.15,-93.71,0.0,3.986,0.5,0.0,38.44,36,-93.28,38.97
2015-07-22,29.9,35.35,25.49,2.17,65.76,19.57,3.28,203,2015,5.315449818086975,nasa_power,Kuruvai,Kuruvai-2015,1.27,0.67,1.8,3.74,synthetic_degraded,680.1,0.3886,stem_elongation,2,1.15,-93.15,0.0,3.888,0.5,0.0,38.48,37,-91.51,41.35
2015-07-23,29.84,35.35,25.94,1.85,63.62,21.84,3.27,204,2015,5.218820218286755,nasa_power,Kuruvai,Kuruvai-2015,0.81,5.25,1.61,7.670000000000001,synthetic_degraded,698.0,0.3989,stem_elongation,2,1.15,-95.37,0.0,3.757,0.5,0.0,38.32,38,-99.33,39.02
2015-07-24,30.02,35.85,25.21,0.55,61.63,24.4,3.87,205,2015,5.538224271826127,nasa_power,Kuruvai,Kuruvai-2015,5.56,1.74,3.27,10.57,synthetic_degraded,715.6,0.4089,stem_elongation,2,1.15,-97.78,0.0,3.892,0.5,0.0,38.16,39,-97.65,37.6
2015-07-25,29.86,35.53,25.23,4.15,61.03,23.44,3.56,206,2015,5.434033805050917,nasa_power,Kuruvai,Kuruvai-2015,2.15,1.14,7.86,11.15,synthetic_degraded,733.3,0.419,stem_elongation,2,1.15,-101.62,0.0,3.813,0.5,0.0,37.89,40,-98.77,37.13
2015-07-26,29.46,34.74,24.87,1.54,61.38,20.89,3.35,207,2015,5.257764991579788,nasa_power,Kuruvai,Kuruvai-2015,4.05,1.24,4.19,9.48,synthetic_degraded,750.7,0.429,stem_elongation,2,1.15,-101.78,0.0,3.622,0.5,0.0,37.88,41,-98.69,37.26
2015-07-27,30.2,36.24,24.48,2.15,58.88,22.86,2.87,208,2015,5.8080696682808215,nasa_power,Kuruvai,Kuruvai-2015,2.59,3.4,0.44,6.430000000000001,synthetic_degraded,767.9,0.4388,stem_elongation,2,1.15,-104.36,0.0,3.948,0.5,0.0,37.69,42,-96.6,37.31
2015-07-28,30.4,36.28,25.41,3.5,60.96,23.79,2.39,209,2015,5.6421459980131745,nasa_power,Kuruvai,Kuruvai-2015,3.69,0.42,0.2,4.3100000000000005,synthetic_degraded,785.6,0.4489,stem_elongation,2,1.15,-106.66,0.0,3.811,0.5,0.0,37.53,43,-100.28,36.96
2015-07-29,29.73,34.88,25.72,3.32,65.72,23.1,2.89,210,2015,5.123081566056683,nasa_power,Kuruvai,Kuruvai-2015,0.55,0.37,3.76,4.68,synthetic_degraded,803.5,0.4591,stem_elongation,2,1.15,-107.47,0.0,3.437,0.5,0.0,37.48,44,-112.48,38.85
2015-07-30,30.18,35.87,25.86,0.52,61.18,22.98,3.23,211,2015,5.420211548072756,nasa_power,Kuruvai,Kuruvai-2015,0.33,1.21,1.24,2.7800000000000002,synthetic_degraded,821.4,0.4694,stem_elongation,2,1.15,-108.09,0.0,3.551,0.5,0.0,37.43,45,-99.67,34.83
2015-07-31,30.64,35.83,26.54,0.3,58.97,23.74,3.1,212,2015,5.257675606619244,nasa_power,Kuruvai,Kuruvai-2015,1.3,3.19,2.93,7.42,synthetic_degraded,839.7,0.4798,stem_elongation,2,1.15,-111.62,0.0,3.354,0.5,0.0,37.19,46,-114.27,38.48
2015-08-01,30.62,35.73,26.22,0.88,61.11,18.37,1.92,213,2015,5.2984210613185,nasa_power,Kuruvai,Kuruvai-2015,1.57,6.5,2.44,10.51,synthetic_degraded,857.8,0.4902,stem_elongation,2,1.15,-115.17,0.0,3.308,0.5,0.0,36.94,47,-109.95,36.37
2015-08-02,30.32,34.84,26.43,1.42,61.44,14.45,2.09,214,2015,4.949342928257851,nasa_power,Kuruvai,Kuruvai-2015,6.27,1.08,0.65,8.0,synthetic_degraded,876.0,0.5006,panicle_initiation,3,1.2,-118.1,168.14,5.939,1.0,0.0,36.73,48,-117.76,37.3
2015-08-03,29.72,33.99,26.17,4.62,65.35,19.48,2.95,215,2015,4.719257793469818,nasa_power,Kuruvai,Kuruvai-2015,1.0,0.37,6.55,7.92,synthetic_degraded,894.1,0.5109,panicle_initiation,3,1.2,44.52,0.0,5.663,1.0,0.0,45.0,49,42.46,43.31
2015-08-04,30.15,36.26,24.89,0.97,63.6,22.59,3.13,216,2015,5.750920814501104,nasa_power,Kuruvai,Kuruvai-2015,0.33,0.07,0.18,0.5800000000000001,synthetic_degraded,911.6,0.5209,panicle_initiation,3,1.2,42.47,0.0,6.901,1.0,0.0,45.0,50,33.43,46.99
2015-08-05,30.13,35.43,25.25,0.29,55.69,21.87,4.16,217,2015,5.416635702574263,nasa_power,Kuruvai,Kuruvai-2015,0.13,0.25,0.4,0.78,synthetic_degraded,929.2,0.531,panicle_initiation,3,1.2,35.54,0.0,6.5,1.0,0.0,45.0,51,34.68,46.87
2015-08-06,31.54,38.71,24.53,0.1,51.82,23.36,4.22,218,2015,6.5644280724188135,nasa_power,Kuruvai,Kuruvai-2015,0.14,0.29,0.24,0.6699999999999999,synthetic_degraded,946.4,0.5408,panicle_initiation,3,1.2,28.33,0.0,7.877,1.0,0.0,45.0,52,20.53,46.44
2015-08-07,31.92,37.95,26.4,0.27,53.25,20.86,4.18,219,2015,5.992369073706157,nasa_power,Kuruvai,Kuruvai-2015,9.27,0.26,0.83,10.36,synthetic_degraded,964.6,0.5512,panicle_initiation,3,1.2,19.56,27.52,7.191,1.0,0.0,45.0,53,24.4,42.73
2015-08-08,31.68,37.07,27.19,0.27,55.17,21.92,3.53,220,2015,5.538412332125259,nasa_power,Kuruvai,Kuruvai-2015,0.15,0.57,0.63,1.35,synthetic_degraded,983.2,0.5619,panicle_initiation,3,1.2,39.15,0.0,6.646,1.0,0.0,45.0,54,46.73,46.24
2015-08-09,31.86,37.71,26.81,0.18,53.54,22.34,4.26,221,2015,5.833524530332591,nasa_power,Kuruvai,Kuruvai-2015,0.51,0.46,0.45,1.42,synthetic_degraded,1001.6,0.5724,panicle_initiation,3,1.2,31.78,0.0,7.0,1.0,0.0,45.0,55,27.8,45.61
2015-08-10,30.94,35.68,27.13,0.68,57.98,20.62,3.71,222,2015,5.079155959884728,nasa_power,Kuruvai,Kuruvai-2015,0.32,0.3,0.2,0.8200000000000001,synthetic_degraded,1020.2,0.583,panicle_initiation,3,1.2,23.96,0.0,6.095,1.0,0.0,45.0,56,25.47,42.59
2015-08-11,30.65,35.62,26.62,0.36,58.95,20.12,3.22,223,2015,5.181665231106132,nasa_power,Kuruvai,Kuruvai-2015,0.67,0.13,1.49,2.29,synthetic_degraded,1038.5,0.5934,panicle_initiation,3,1.2,17.54,0.0,6.218,1.0,0.0,45.0,57,13.91,44.96
2015-08-12,31.13,35.77,26.88,0.34,56.9,17.73,3.63,224,2015,5.172101050714876,nasa_power,Kuruvai,Kuruvai-2015,0.09,1.63,4.43,6.1499999999999995,synthetic_degraded,1057.0,0.604,panicle_initiation,3,1.2,10.68,54.78,6.207,1.0,0.0,45.0,58,7.54,45.55
2015-08-13,31.79,37.39,26.84,0.14,53.91,20.31,3.56,225,2015,5.7254778177726235,nasa_power,Kuruvai,Kuruvai-2015,1.73,1.23,14.04,17.0,synthetic_degraded,1075.4,0.6145,panicle_initiation,3,1.2,58.59,0.0,6.871,1.0,0.0,45.0,59,62.46,45.83
2015-08-14,31.98,38.31,26.41,1.12,53.64,21.79,2.8,226,2015,6.111034450023345,nasa_power,Kuruvai,Kuruvai-2015,0.5,17.48,2.95,20.93,synthetic_degraded,1093.6,0.6249,flowering,4,1.2,50.86,0.0,7.333,1.0,0.0,45.0,60,50.67,45.27
2015-08-15,31.93,38.12,27.41,1.06,57.34,23.27,2.53,227,2015,5.8444768445939586,nasa_power,Kuruvai,Kuruvai-2015,26.95,1.46,1.83,30.240000000000002,synthetic_degraded,1112.3,0.6356,flowering,4,1.2,43.65,0.0,7.013,1.0,0.0,45.0,61,52.35,45.44
2015-08-16,28.08,30.3,26.11,31.33,80.08,21.57,2.23,228,2015,3.3259633658124375,nasa_power,Kuruvai,Kuruvai-2015,3.06,0.82,2.81,6.6899999999999995,synthetic_degraded,1130.3,0.6459,flowering,4,1.2,36.7,0.0,3.991,1.0,0.0,45.0,62,34.29,47.21
2015-08-17,28.96,33.65,24.91,2.84,73.09,23.55,1.96,229,2015,4.915740270778423,nasa_power,Kuruvai,Kuruvai-2015,3.06,1.02,2.15,6.23,synthetic_degraded,1147.8,0.6559,flowering,4,1.2,63.04,0.0,5.899,1.0,0.0,45.0,63,68.04,46.84
2015-08-18,29.35,34.0,25.79,2.35,72.29,23.31,2.0,230,2015,4.826350305951221,nasa_power,Kuruvai,Kuruvai-2015,1.9,1.42,13.56,16.88,synthetic_degraded,1165.7,0.6661,flowering,4,1.2,58.98,0.0,5.792,1.0,0.0,45.0,64,59.47,40.7
2015-08-19,29.02,33.28,26.07,1.38,74.0,22.08,2.85,231,2015,4.501636958189422,nasa_power,Kuruvai,Kuruvai-2015,5.05,5.48,37.55,48.08,synthetic_degraded,1183.7,0.6764,flowering,4,1.2,54.54,0.0,5.402,1.0,0.0,45.0,65,58.52,44.52
2015-08-20,29.52,33.98,25.8,1.01,68.39,24.59,3.64,232,2015,4.816045646773202,nasa_power,Kuruvai,Kuruvai-2015,5.33,23.97,5.9,35.199999999999996,synthetic_degraded,1201.6,0.6866,flowering,4,1.2,49.51,0.0,5.779,1.0,0.0,45.0,66,47.27,44.75
2015-08-21,29.55,34.34,25.64,6.23,70.16,13.24,2.69,233,2015,4.976418030047264,nasa_power,Kuruvai,Kuruvai-2015,16.54,8.59,0.48,25.61,synthetic_degraded,1219.4,0.6968,flowering,4,1.2,43.74,0.0,5.972,1.0,0.0,45.0,67,43.49,42.37
2015-08-22,28.2,31.75,25.58,20.37,78.28,15.06,2.04,234,2015,4.073865101335926,nasa_power,Kuruvai,Kuruvai-2015,7.74,0.47,0.09,8.3,synthetic_degraded,1237.2,0.707,flowering,4,1.2,43.0,0.0,4.889,1.0,0.0,45.0,68,42.42,45.14
2015-08-23,28.95,34.44,24.41,5.26,69.55,21.59,2.55,235,2015,5.277914585982235,nasa_power,Kuruvai,Kuruvai-2015,0.24,0.09,0.14,0.47,synthetic_degraded,1254.4,0.7168,flowering,4,1.2,57.48,0.0,6.333,1.0,0.0,45.0,69,53.3,46.87
2015-08-24,30.28,37.05,24.28,0.26,61.41,24.5,2.8,236,2015,6.110107131652885,nasa_power,Kuruvai,Kuruvai-2015,0.05,0.24,1.07,1.36,synthetic_degraded,1271.6,0.7266,flowering,4,1.2,55.41,0.0,7.332,1.0,0.0,45.0,70,58.72,43.37
2015-08-25,31.04,37.41,25.79,0.09,60.42,24.69,2.31,237,2015,5.939137774078893,nasa_power,Kuruvai,Kuruvai-2015,0.08,1.82,0.6,2.5,synthetic_degraded,1289.5,0.7368,flowering,4,1.2,47.34,0.0,7.127,1.0,0.0,45.0,71,50.59,45.5
2015-08-26,30.34,36.07,26.18,0.13,62.26,22.69,2.76,238,2015,5.424667998404262,nasa_power,Kuruvai,Kuruvai-2015,1.16,1.9,0.08,3.1399999999999997,synthetic_degraded,1307.6,0.7472,flowering,4,1.2,39.3,0.0,6.51,1.0,0.0,45.0,72,42.27,43.63
2015-08-27,29.83,34.76,25.61,1.75,64.9,15.95,2.89,239,2015,5.115560017830916,nasa_power,Kuruvai,Kuruvai-2015,0.63,0.06,0.31,1.0,synthetic_degraded,1325.4,0.7574,grain_filling,5,0.95,31.92,0.0,4.86,1.0,0.0,45.0,73,39.6,43.99
2015-08-28,30.26,36.66,25.33,0.5,62.78,23.78,3.54,240,2015,5.786049343023486,nasa_power,Kuruvai,Kuruvai-2015,0.09,0.29,0.33,0.71,synthetic_degraded,1343.0,0.7675,grain_filling,5,0.95,27.81,0.0,5.497,1.0,0.0,45.0,74,35.06,47.22
2015-08-29,31.24,37.67,25.39,0.08,59.85,24.46,3.04,241,2015,6.086929257586892,nasa_power,Kuruvai,Kuruvai-2015,0.76,0.23,2.13,3.12,synthetic_degraded,1360.7,0.7776,grain_filling,5,0.95,21.82,0.0,5.783,1.0,0.0,45.0,75,19.95,44.19
2015-08-30,30.58,36.1,26.08,0.56,63.56,23.02,2.98,242,2015,5.4465183484148,nasa_power,Kuruvai,Kuruvai-2015,0.28,1.88,9.34,11.5,synthetic_degraded,1378.8,0.7879,grain_filling,5,0.95,15.11,0.0,5.174,1.0,0.0,45.0,76,16.98,45.69
2015-08-31,30.78,35.86,26.36,0.34,63.76,22.62,2.34,243,2015,5.302520120049523,nasa_power,Kuruvai,Kuruvai-2015,2.37,5.97,7.25,15.59,synthetic_degraded,1397.0,0.7983,grain_filling,5,0.95,9.5,0.0,5.037,1.0,0.0,45.0,77,6.38,42.19
2015-09-01,30.25,34.34,26.67,2.21,68.16,22.19,1.68,244,2015,4.702737655507595,nasa_power,Kuruvai,Kuruvai-2015,5.51,10.52,0.53,16.560000000000002,synthetic_degraded,1415.3,0.8087,grain_filling,5,0.95,3.8,0.0,4.468,1.0,0.0,45.0,78,3.92,47.79
2015-09-02,29.88,34.57,26.33,4.16,71.86,20.0,1.33,245,2015,4.865640908516151,nasa_power,Kuruvai,Kuruvai-2015,4.22,1.74,5.63,11.59,synthetic_degraded,1433.5,0.8191,grain_filling,5,0.95,0.54,0.0,4.622,1.0,0.0,45.0,79,-2.46,45.9
2015-09-03,28.85,32.08,26.17,4.85,75.57,15.13,0.93,246,2015,4.004746454996713,nasa_power,Kuruvai,Kuruvai-2015,0.65,6.0,8.04,14.69,synthetic_degraded,1451.5,0.8295,grain_filling,5,0.95,-0.92,0.0,3.805,1.0,0.0,44.94,80,7.18,44.67
2015-09-04,29.2,33.35,25.78,0.53,74.33,22.22,1.49,247,2015,4.5715113899210476,nasa_power,Kuruvai,Kuruvai-2015,3.73,4.93,5.67,14.33,synthetic_degraded,1469.4,0.8397,grain_filling,5,0.95,-0.87,0.0,4.337,0.5,0.0,44.94,81,0.95,45.8
2015-09-05,29.04,33.62,25.9,5.03,72.76,20.84,3.16,248,2015,4.631922982483208,nasa_power,Kuruvai,Kuruvai-2015,15.27,2.08,0.14,17.490000000000002,synthetic_degraded,1487.4,0.8499,grain_filling,5,0.95,-5.18,0.0,4.398,0.5,0.0,44.64,82,-6.27,42.53
2015-09-06,28.2,32.05,25.58,7.88,77.36,22.52,3.85,249,2015,4.15263842231166,nasa_power,Kuruvai,Kuruvai-2015,1.41,0.22,1.76,3.3899999999999997,synthetic_degraded,1505.2,0.8601,grain_filling,5,0.95,-5.05,0.0,3.945,1.0,0.0,44.65,83,0.92,46.42
2015-09-07,27.32,30.6,25.13,1.68,77.9,13.06,3.55,250,2015,3.737124751850487,nasa_power,Kuruvai,Kuruvai-2015,0.13,0.82,0.24,1.19,synthetic_degraded,1522.7,0.8701,grain_filling,5,0.95,-2.11,0.0,3.544,0.5,0.0,44.85,84,-12.96,44.36
2015-09-08,29.25,35.6,23.92,0.23,63.19,21.3,3.57,251,2015,5.68219905588676,nasa_power,Kuruvai,Kuruvai-2015,2.34,0.52,0.14,3.0,synthetic_degraded,1539.7,0.8798,grain_filling,5,0.95,-4.48,0.0,5.306,0.5,0.0,44.69,85,-14.55,44.38
2015-09-09,29.38,35.94,24.5,1.88,63.15,22.53,3.58,252,2015,5.672302632700329,nasa_power,Kuruvai,Kuruvai-2015,0.28,0.18,0.82,1.28,synthetic_degraded,1556.9,0.8897,grain_filling,5,0.95,-10.05,0.0,5.213,0.5,0.0,44.3,86,-6.07,43.56
2015-09-10,29.71,35.29,25.15,0.34,64.25,17.91,3.08,253,2015,5.334756379726415,nasa_power,Kuruvai,Kuruvai-2015,0.24,0.51,0.11,0.86,synthetic_degraded,1574.5,0.8997,grain_filling,5,0.95,-13.89,0.0,4.793,0.5,0.0,44.03,87,-13.59,43.16
2015-09-11,29.18,33.4,25.12,0.24,67.19,20.32,3.21,254,2015,4.719193948313674,nasa_power,Kuruvai,Kuruvai-2015,0.81,0.06,0.02,0.8900000000000001,synthetic_degraded,1592.1,0.9098,ripening,6,0.65,-18.84,0.0,2.839,0.5,0.0,43.68,88,-17.59,44.72
2015-09-12,30.01,35.68,24.99,0.65,63.62,20.31,2.89,255,2015,5.4784255874523184,nasa_power,Kuruvai,Kuruvai-2015,0.11,0.03,0.17,0.31000000000000005,synthetic_degraded,1609.6,0.9198,ripening,6,0.65,-21.94,0.0,3.258,0.5,0.0,43.46,89,-28.57,43.84
2015-09-13,29.75,35.46,24.97,0.09,63.79,24.22,2.78,256,2015,5.406966136706405,nasa_power,Kuruvai,Kuruvai-2015,0.05,0.22,0.3,0.5700000000000001,synthetic_degraded,1627.1,0.9297,ripening,6,0.65,-25.05,0.0,3.164,0.5,0.0,43.25,90,-25.17,44.23
2015-09-14,30.81,37.68,25.15,0.04,54.58,22.61,4.29,257,2015,6.049546068873163,nasa_power,Kuruvai,Kuruvai-2015,0.17,0.17,1.59,1.9300000000000002,synthetic_degraded,1644.6,0.9398,ripening,6,0.65,-28.62,0.0,3.483,0.5,0.0,43.0,91,-18.6,42.99
2015-09-15,30.41,36.35,24.88,0.18,57.41,23.27,4.65,258,2015,5.686563660745087,nasa_power,Kuruvai,Kuruvai-2015,0.16,1.15,0.59,1.9,synthetic_degraded,1662.1,0.9498,ripening,6,0.65,-32.56,0.0,3.217,0.5,0.0,42.72,92,-28.44,43.49
2015-09-16,30.93,37.52,25.63,0.19,58.75,20.66,4.3,259,2015,5.896610893338267,nasa_power,Kuruvai,Kuruvai-2015,0.96,0.44,0.94,2.34,synthetic_degraded,1679.9,0.9599,ripening,6,0.65,-36.1,0.0,3.282,0.5,0.0,42.47,93,-35.25,41.84
2015-09-17,30.9,36.93,25.75,0.99,58.75,20.29,3.58,260,2015,5.682694831916419,nasa_power,Kuruvai,Kuruvai-2015,0.17,3.57,0.52,4.26,synthetic_degraded,1697.8,0.9702,ripening,6,0.65,-39.69,0.0,3.122,0.5,0.0,42.22,94,-41.89,45.56
2015-09-18,30.52,35.76,26.09,0.37,60.63,19.21,2.97,261,2015,5.232809219164639,nasa_power,Kuruvai,Kuruvai-2015,0.48,0.65,0.87,2.0,synthetic_degraded,1715.8,0.9805,ripening,6,0.65,-42.32,0.0,2.831,0.5,0.0,42.04,95,-44.29,39.69
2015-09-19,30.32,35.37,26.61,0.92,63.57,15.02,2.73,262,2015,4.979685953988495,nasa_power,Kuruvai,Kuruvai-2015,0.42,0.73,0.63,1.7799999999999998,synthetic_degraded,1734.1,0.9909,ripening,6,0.65,-45.28,0.0,2.662,0.5,0.0,41.83,96,-55.93,43.72
2015-09-20,30.6,35.76,26.46,0.76,64.24,19.01,2.44,263,2015,5.13553015827718,nasa_power,Kuruvai,Kuruvai-2015,0.91,0.87,1.41,3.19,synthetic_degraded,1752.3,1.0013,ripening,6,0.65,-47.53,0.0,2.714,0.5,0.0,41.67,97,-46.24,43.72
2015-09-21,29.67,34.64,25.89,1.42,64.69,22.37,1.93,264,2015,4.88746959818613,nasa_power,Kuruvai,Kuruvai-2015,0.65,1.03,1.25,2.93,synthetic_degraded,1770.3,1.0116,ripening,6,0.65,-49.98,0.0,2.56,0.5,0.0,41.5,98,-45.75,40.22
2015-09-22,30.74,36.86,25.67,0.54,65.32,21.62,2.24,265,2015,5.6327553676953634,nasa_power,Kuruvai,Kuruvai-2015,0.79,1.16,1.74,3.69,synthetic_degraded,1788.1,1.0218,ripening,6,0.65,-51.62,0.0,2.913,0.5,0.0,41.39,99,-59.5,44.73
2015-09-23,29.68,33.32,27.18,1.19,72.36,19.81,1.68,266,2015,4.079178461061461,nasa_power,Kuruvai,Kuruvai-2015,0.59,1.26,1.04,2.89,synthetic_degraded,1806.7,1.0324,ripening,6,0.65,-54.49,0.0,2.086,0.5,0.0,41.19,100,-57.8,42.68
2015-09-24,29.46,35.27,26.23,0.7,68.69,21.66,3.13,267,2015,4.992383754061319,nasa_power,Kuruvai,Kuruvai-2015,1.9,3.58,5.61,11.09,synthetic_degraded,1824.8,1.0428,ripening,6,0.65,-55.89,0.0,2.529,0.5,0.0,41.09,101,-61.68,42.55
2015-09-25,30.01,36.4,24.87,1.06,68.59,22.64,2.48,268,2015,5.614697190426276,nasa_power,Kuruvai,Kuruvai-2015,0.94,11.49,6.24,18.67,synthetic_degraded,1842.3,1.0527,ripening,6,0.65,-58.22,0.0,2.815,0.5,0.0,40.92,102,-63.05,40.96
2015-09-26,30.66,36.83,25.93,1.1,67.62,23.23,2.16,269,2015,5.532873258991161,nasa_power,Kuruvai,Kuruvai-2015,13.69,17.32,9.65,40.66,synthetic_degraded,1860.2,1.063,ripening,6,0.65,-60.47,0.0,2.742,0.5,0.0,40.77,103,-60.2,40.44
2015-09-27,29.53,33.7,26.42,9.82,70.28,20.1,1.27,270,2015,4.392005085471953,nasa_power,Kuruvai,Kuruvai-2015,7.69,22.28,6.42,36.39,synthetic_degraded,1878.4,1.0734,ripening,6,0.65,-62.62,0.0,2.252,0.5,0.0,40.62,104,-73.04,40.31
2015-09-28,29.27,34.5,25.49,7.2,72.89,17.63,1.56,271,2015,4.869944476478186,nasa_power,Kuruvai,Kuruvai-2015,7.98,7.25,5.41,20.64,synthetic_degraded,1896.2,1.0835,ripening,6,0.65,-55.55,0.0,2.553,0.5,0.0,41.11,105,-52.48,41.7
2015-09-29,28.01,31.74,25.39,8.75,78.23,13.99,2.07,272,2015,3.95813366333979,nasa_power,Kuruvai,Kuruvai-2015,4.58,13.86,17.68,36.12,synthetic_degraded,1913.9,1.0936,ripening,6,0.65,-51.4,0.0,2.134,0.5,0.0,41.4,106,-47.63,43.5
2015-09-30,27.41,30.88,24.61,7.03,77.73,17.03,1.69,273,2015,3.8556870932409106,nasa_power,Kuruvai,Kuruvai-2015,27.46,25.61,3.08,56.15,synthetic_degraded,1931.2,1.1035,ripening,6,0.65,-45.28,0.0,2.123,0.5,0.0,41.83,107,-46.54,42.1
2015-10-01,27.58,31.06,24.87,7.02,80.04,13.22,2.61,274,2015,3.841494392128367,nasa_power,Kuruvai,Kuruvai-2015,23.03,2.65,6.65,32.33,synthetic_degraded,1948.6,1.1135,ripening,6,0.65,-40.88,0.0,2.159,0.5,0.0,42.14,108,-53.28,40.77
2015-10-02,28.51,33.45,25.21,15.78,77.94,21.27,3.24,275,2015,4.554671498911728,nasa_power,Kuruvai,Kuruvai-2015,1.78,10.25,23.65,35.68,synthetic_degraded,1966.2,1.1236,ripening,6,0.65,-36.52,0.0,2.715,0.5,0.0,42.44,109,-41.5,43.68
2015-10-03,29.38,34.93,24.43,3.87,72.56,14.8,1.79,276,2015,5.168408788196073,nasa_power,Kuruvai,Kuruvai-2015,10.72,20.32,7.07,38.11,synthetic_degraded,1983.4,1.1334,ripening,6,0.65,-23.95,0.0,3.09,0.5,0.0,43.32,110,-17.79,44.7
2015-10-04,27.69,30.12,25.84,8.82,83.54,17.01,1.1,277,2015,3.1745775854377003,nasa_power,Kuruvai,Kuruvai-2015,22.88,9.76,20.41,53.05,synthetic_degraded,2001.4,1.1436,ripening,6,0.65,-23.67,0.0,1.941,0.5,0.0,43.34,111,-37.56,44.32
2015-10-05,26.41,28.97,25.06,20.56,87.42,16.17,0.99,278,2015,2.96359299283236,nasa_power,Kuruvai,Kuruvai-2015,6.48,12.57,3.62,22.67,synthetic_degraded,2018.4,1.1534,ripening,6,0.65,-17.29,0.0,1.926,1.0,0.0,43.79,112,-19.03,44.91
2015-10-06,28.35,33.62,23.99,8.47,73.77,20.85,2.15,279,2015,4.825620179142562,nasa_power,Kuruvai,Kuruvai-2015,9.54,1.56,1.18,12.28,synthetic_degraded,2035.4,1.1631,ripening,6,0.65,0.34,0.0,3.137,1.0,0.0,45.0,113,-5.56,44.59
2015-10-07,27.76,32.05,24.56,18.29,80.99,23.78,2.13,280,2015,4.200295022911197,nasa_power,Kuruvai,Kuruvai-2015,3.31,0.09,14.86,18.259999999999998,synthetic_degraded,2052.6,1.1729,ripening,6,0.65,4.68,0.0,2.73,1.0,0.0,45.0,114,8.7,43.61
2015-10-08,27.54,31.08,24.86,3.2,82.82,19.26,2.38,281,2015,3.7908232676485403,nasa_power,Kuruvai,Kuruvai-2015,0.19,1.9,18.83,20.919999999999998,synthetic_degraded,2070.1,1.1829,ripening,6,0.65,19.23,0.0,2.464,1.0,0.0,45.0,115,15.85,43.7
2015-10-09,27.6,32.08,23.5,0.24,76.18,22.33,2.38,282,2015,4.4240596032829895,nasa_power,Kuruvai,Kuruvai-2015,9.78,8.02,5.13,22.929999999999996,synthetic_degraded,2086.8,1.1925,ripening,6,0.65,18.97,0.0,2.876,1.0,0.0,45.0,116,20.99,42.55
2015-10-10,28.47,33.83,24.23,3.14,76.28,22.19,2.3,283,2015,4.7951488892056195,nasa_power,Kuruvai,Kuruvai-2015,12.65,7.59,0.0,20.240000000000002,synthetic_degraded,2103.9,1.2023,ripening,6,0.65,15.34,0.0,3.117,1.0,0.0,45.0,117,18.17,45.36
2015-10-11,27.93,32.39,24.62,9.86,80.13,18.94,1.32,284,2015,4.255006053670394,nasa_power,Kuruvai,Kuruvai-2015,17.81,0.0,0.0,17.81,synthetic_degraded,2121.3,1.2121,ripening,6,0.65,14.36,0.0,2.766,1.0,0.0,45.0,118,23.54,44.87
2015-10-12,27.8,31.39,25.66,8.66,81.36,13.45,0.86,285,2015,3.646359355619539,nasa_power,Kuruvai,Kuruvai-2015,0.0,6.74,0.0,6.74,synthetic_degraded,2139.1,1.2223,ripening,6,0.65,20.45,0.0,2.37,1.0,0.0,45.0,119,19.44,44.34
2016-06-15,31.58,38.62,25.68,0.03,55.19,24.75,5.12,167,2016,6.278138002256386,nasa_power,Kuruvai,Kuruvai-2016,0.02,5.47,9.2,14.689999999999998,synthetic_degraded,17.8,0.0102,establishment,0,1.05,40.0,0.0,6.592,1.0,0.0,45.0,0,39.22,43.96
2016-06-16,31.61,38.28,25.8,0.07,57.62,19.62,4.25,168,2016,6.150718140252461,nasa_power,Kuruvai,Kuruvai-2016,1.3,11.56,2.44,15.3,synthetic_degraded,35.7,0.0204,establishment,0,1.05,32.44,0.0,6.458,1.0,0.0,45.0,1,40.64,42.27
2016-06-17,30.38,34.99,27.1,2.28,61.38,20.19,3.81,169,2016,4.792041537961614,nasa_power,Kuruvai,Kuruvai-2016,21.92,0.78,2.2,24.900000000000002,synthetic_degraded,54.3,0.031,establishment,0,1.05,25.05,0.0,5.032,1.0,0.0,45.0,2,22.48,47.63
2016-06-18,28.61,32.9,25.44,13.24,69.29,15.56,3.57,170,2016,4.480048001539019,nasa_power,Kuruvai,Kuruvai-2016,1.33,2.66,3.52,7.51,synthetic_degraded,72.0,0.0411,establishment,0,1.05,21.3,0.0,4.704,1.0,0.0,45.0,3,22.76,46.24
2016-06-19,29.03,33.95,24.6,1.8,66.37,21.26,2.59,171,2016,5.026074325066483,nasa_power,Kuruvai,Kuruvai-2016,3.62,3.84,2.64,10.1,synthetic_degraded,89.3,0.051,establishment,0,1.05,28.83,0.0,5.277,1.0,0.0,45.0,4,40.79,46.15
2016-06-20,28.8,32.47,25.91,3.08,70.18,21.09,2.12,172,2016,4.201840931047456,nasa_power,Kuruvai,Kuruvai-2016,2.38,3.77,11.39,17.54,synthetic_degraded,107.3,0.0613,establishment,0,1.05,24.36,0.0,4.412,1.0,0.0,45.0,5,19.07,46.45
2016-06-21,27.36,30.28,25.5,4.45,77.52,15.84,2.16,173,2016,3.487195018613427,nasa_power,Kuruvai,Kuruvai-2016,7.7,4.92,1.65,14.270000000000001,synthetic_degraded,125.0,0.0714,establishment,0,1.05,22.02,0.0,3.662,1.0,0.0,45.0,6,12.53,45.87
2016-06-22,28.05,32.81,24.41,4.03,69.35,15.93,2.9,174,2016,4.695270831192854,nasa_power,Kuruvai,Kuruvai-2016,5.94,1.02,1.33,8.290000000000001,synthetic_degraded,142.2,0.0813,establishment,0,1.05,21.81,0.0,4.93,1.0,0.0,45.0,7,28.24,44.63
2016-06-23,27.43,31.26,24.7,6.34,73.5,8.26,3.55,175,2016,4.092746595263158,nasa_power,Kuruvai,Kuruvai-2016,1.41,1.59,0.42,3.42,synthetic_degraded,159.6,0.0912,establishment,0,1.05,19.91,0.0,4.297,1.0,0.0,45.0,8,15.78,44.75
2016-06-24,27.85,32.86,23.34,1.24,67.98,10.99,2.6,176,2016,4.943168151207939,nasa_power,Kuruvai,Kuruvai-2016,2.88,0.29,1.45,4.62,synthetic_degraded,176.2,0.1007,establishment,0,1.05,20.96,0.0,5.19,1.0,0.0,45.0,9,20.86,44.36
2016-06-25,28.84,34.64,24.53,1.01,63.31,12.89,2.52,177,2016,5.258805025668895,nasa_power,Kuruvai,Kuruvai-2016,0.47,0.36,0.12,0.95,synthetic_degraded,193.5,0.1106,establishment,0,1.05,16.01,0.0,5.522,1.0,0.0,45.0,10,13.08,48.95
2016-06-26,29.55,35.35,24.7,0.24,64.27,18.21,2.61,178,2016,5.44760984914578,nasa_power,Kuruvai,Kuruvai-2016,0.36,0.22,0.44,1.02,synthetic_degraded,210.9,0.1205,establishment,0,1.05,10.49,38.67,5.72,1.0,0.0,45.0,11,11.83,45.83
2016-06-27,30.37,36.75,25.27,0.41,61.77,13.46,3.81,179,2016,5.772589780067577,nasa_power,Kuruvai,Kuruvai-2016,0.2,0.64,2.38,3.2199999999999998,synthetic_degraded,228.5,0.1306,establishment,0,1.05,42.68,0.0,6.061,1.0,0.0,45.0,12,37.93,44.3
2016-06-28,29.46,33.85,25.64,0.26,64.16,11.97,4.71,180,2016,4.7554443773275645,nasa_power,Kuruvai,Kuruvai-2016,0.53,0.4,0.02,0.9500000000000001,synthetic_degraded,246.3,0.1407,establishment,0,1.05,36.03,0.0,4.993,1.0,0.0,45.0,13,35.13,45.7
2016-06-29,29.82,35.71,25.46,0.61,64.15,12.74,4.93,181,2016,5.4077915551600215,nasa_power,Kuruvai,Kuruvai-2016,1.18,0.04,6.17,7.39,synthetic_degraded,264.0,0.1509,tillering,1,1.1,30.3,0.0,5.949,1.0,0.0,45.0,14,32.55,43.48
2016-06-30,30.12,35.65,25.86,0.94,61.34,17.53,5.0,182,2016,5.304126251875374,nasa_power,Kuruvai,Kuruvai-2016,0.03,0.0,0.01,0.04,synthetic_degraded,282.0,0.1611,tillering,1,1.1,23.96,0.0,5.835,1.0,0.0,45.0,15,18.92,47.26
2016-07-01,30.54,37.02,25.4,0.03,59.19,18.82,5.44,183,2016,5.833458447346803,nasa_power,Kuruvai,Kuruvai-2016,0.0,0.01,0.05,0.060000000000000005,synthetic_degraded,299.7,0.1712,tillering,1,1.1,18.06,0.0,6.417,1.0,0.0,45.0,16,14.56,44.01
2016-07-02,30.39,36.55,25.32,0.0,58.88,20.69,4.91,184,2016,5.703314108598564,nasa_power,Kuruvai,Kuruvai-2016,0.02,0.14,0.07,0.23,synthetic_degraded,317.3,0.1813,tillering,1,1.1,10.68,0.0,6.274,1.0,0.0,45.0,17,8.94,45.75
2016-07-03,31.55,38.27,26.32,0.01,57.54,22.03,4.14,185,2016,6.048406333230579,nasa_power,Kuruvai,Kuruvai-2016,0.09,0.02,15.72,15.83,synthetic_degraded,335.5,0.1917,tillering,1,1.1,3.4,0.0,6.653,1.0,0.0,45.0,18,-3.74,46.6
2016-07-04,30.89,36.53,25.99,0.09,57.47,22.86,4.06,186,2016,5.563966408171909,nasa_power,Kuruvai,Kuruvai-2016,4.45,0.84,0.2,5.49,synthetic_degraded,353.5,0.202,tillering,1,1.1,-4.24,0.0,6.019,0.5,0.0,44.7,19,-6.35,45.28
2016-07-05,30.46,35.5,26.1,0.06,62.66,21.85,3.33,187,2016,5.206171246037301,nasa_power,Kuruvai,Kuruvai-2016,2.13,0.18,0.75,3.06,synthetic_degraded,371.5,0.2123,tillering,1,1.1,-10.67,0.0,5.484,0.5,0.0,44.25,20,-10.08,44.39
2016-07-06,30.07,34.4,26.49,2.04,66.9,20.71,3.6,188,2016,4.741848862832484,nasa_power,Kuruvai,Kuruvai-2016,0.36,0.6,3.26,4.22,synthetic_degraded,389.8,0.2227,tillering,1,1.1,-16.59,0.0,4.912,0.5,0.0,43.84,21,-18.59,43.86
2016-07-07,30.38,35.77,26.42,0.16,59.58,17.77,3.47,189,2016,5.226047025825455,nasa_power,Kuruvai,Kuruvai-2016,16.86,0.03,0.9,17.79,synthetic_degraded,408.0,0.2331,tillering,1,1.1,-19.97,0.0,5.293,0.5,0.0,43.6,22,-21.33,43.52
2016-07-08,30.2,36.39,25.74,0.6,55.56,17.51,5.32,190,2016,5.575429787823898,nasa_power,Kuruvai,Kuruvai-2016,0.05,0.02,5.11,5.180000000000001,synthetic_degraded,425.9,0.2433,tillering,1,1.1,-25.6,0.0,5.52,0.5,0.0,43.21,23,-25.7,42.34
2016-07-09,30.61,36.98,25.27,0.03,55.45,21.34,5.45,191,2016,5.8549590687256075,nasa_power,Kuruvai,Kuruvai-2016,0.02,0.01,0.02,0.05,synthetic_degraded,443.5,0.2534,tillering,1,1.1,-31.02,0.0,5.642,0.5,0.0,42.83,24,-34.3,42.16
2016-07-10,30.67,35.46,26.5,0.03,59.89,20.38,5.7,192,2016,5.107699282359828,nasa_power,Kuruvai,Kuruvai-2016,0.01,0.03,0.0,0.04,synthetic_degraded,461.7,0.2639,tillering,1,1.1,-37.13,0.0,4.785,0.5,0.0,42.4,25,-33.67,44.62
2016-07-11,30.91,36.86,26.39,0.01,58.51,19.59,5.31,193,2016,5.5959021226412675,nasa_power,Kuruvai,Kuruvai-2016,17.83,0.01,0.01,17.85,synthetic_degraded,479.9,0.2743,tillering,1,1.1,-42.39,0.0,5.112,0.5,0.0,42.03,26,-35.21,41.87
2016-07-12,30.71,36.38,26.16,0.02,57.91,21.24,4.63,194,2016,5.490569831657378,nasa_power,Kuruvai,Kuruvai-2016,0.02,0.02,3.45,3.49,synthetic_degraded,498.0,0.2846,tillering,1,1.1,-47.99,0.0,4.881,0.5,0.0,41.64,27,-50.31,40.46
2016-07-13,31.33,38.09,25.81,0.01,56.69,22.72,3.96,195,2016,6.103779806635144,nasa_power,Kuruvai,Kuruvai-2016,0.02,2.93,2.73,5.68,synthetic_degraded,515.9,0.2948,tillering,1,1.1,-53.35,0.0,5.282,0.5,0.0,41.27,28,-50.92,40.5
2016-07-14,31.87,38.41,26.57,0.02,54.69,23.73,3.18,196,2016,6.06037074429133,nasa_power,Kuruvai,Kuruvai-2016,4.24,3.83,7.92,15.99,synthetic_degraded,534.2,0.3053,tillering,1,1.1,-59.12,0.0,5.09,0.5,0.0,40.86,29,-60.32,42.51
2016-07-15,30.46,35.17,27.07,7.56,64.29,21.26,2.96,197,2016,4.877640570234076,nasa_power,Kuruvai,Kuruvai-2016,1.47,14.5,4.2,20.17,synthetic_degraded,552.7,0.3159,tillering,1,1.1,-64.69,0.0,4.139,0.5,0.0,40.47,30,-62.86,41.48
2016-07-16,29.02,32.51,25.9,2.71,71.3,22.14,2.04,198,2016,4.235145416851108,nasa_power,Kuruvai,Kuruvai-2016,4.4,6.92,3.44,14.76,synthetic_degraded,570.7,0.3261,tillering,1,1.1,-61.77,0.0,3.558,0.5,0.0,40.68,31,-53.94,41.52
2016-07-17,28.16,31.4,25.89,8.37,74.5,16.71,1.75,199,2016,3.821942330782795,nasa_power,Kuruvai,Kuruvai-2016,2.34,0.94,3.94,7.22,synthetic_degraded,588.6,0.3364,tillering,1,1.1,-63.12,0.0,3.283,0.5,0.0,40.58,32,-60.58,40.19
2016-07-18,27.52,30.99,24.46,5.18,76.29,20.07,2.3,200,2016,4.079663893807196,nasa_power,Kuruvai,Kuruvai-2016,1.46,11.15,3.16,15.77,synthetic_degraded,605.9,0.3462,tillering,1,1.1,-58.53,0.0,3.53,0.5,0.0,40.9,33,-67.4,41.76
2016-07-19,28.7,33.84,24.3,1.39,66.27,17.17,2.56,201,2016,5.078525450637672,nasa_power,Kuruvai,Kuruvai-2016,5.11,3.36,3.76,12.23,synthetic_degraded,623.0,0.356,stem_elongation,2,1.15,-57.38,0.0,4.532,0.5,0.0,40.98,34,-55.11,40.01
2016-07-20,29.66,34.75,25.32,3.08,64.92,14.75,1.85,202,2016,5.154926252343121,nasa_power,Kuruvai,Kuruvai-2016,2.27,1.96,0.41,4.640000000000001,synthetic_degraded,640.7,0.3661,stem_elongation,2,1.15,-61.02,0.0,4.554,0.5,0.0,40.73,35,-54.86,40.34
2016-07-21,29.4,34.92,25.27,2.28,65.02,15.02,2.84,203,2016,5.2230982247757325,nasa_power,Kuruvai,Kuruvai-2016,0.35,1.28,2.7,4.33,synthetic_degraded,658.3,0.3762,stem_elongation,2,1.15,-63.0,0.0,4.548,0.5,0.0,40.59,36,-64.11,42.04
2016-07-22,29.91,35.99,25.29,0.97,61.04,12.61,3.46,204,2016,5.564480022809965,nasa_power,Kuruvai,Kuruvai-2016,0.6,2.4,16.33,19.33,synthetic_degraded,676.0,0.3863,stem_elongation,2,1.15,-65.77,0.0,4.741,0.5,0.0,40.4,37,-60.79,41.71
2016-07-23,29.5,34.74,25.25,0.65,62.54,16.66,3.33,205,2016,5.172476207604932,nasa_power,Kuruvai,Kuruvai-2016,2.47,21.15,3.31,26.929999999999996,synthetic_degraded,693.6,0.3963,stem_elongation,2,1.15,-70.04,0.0,4.297,0.5,0.0,40.1,38,-73.49,38.63
2016-07-24,29.29,34.35,25.87,2.66,66.98,21.45,2.74,206,2016,4.90299019564408,nasa_power,Kuruvai,Kuruvai-2016,38.81,7.83,5.03,51.67,synthetic_degraded,711.5,0.4066,stem_elongation,2,1.15,-74.18,0.0,4.025,0.5,0.0,39.81,39,-81.61,38.53
2016-07-25,28.91,33.71,25.61,15.11,73.5,22.07,1.38,207,2016,4.748541827788466,nasa_power,Kuruvai,Kuruvai-2016,3.96,3.3,4.85,12.11,synthetic_degraded,729.3,0.4168,stem_elongation,2,1.15,-76.05,0.0,4.13,0.5,0.0,39.68,40,-75.34,39.84
2016-07-26,27.82,31.18,25.39,7.63,79.58,21.96,1.95,208,2016,3.8997839871065683,nasa_power,Kuruvai,Kuruvai-2016,4.57,5.81,1.56,11.94,synthetic_degraded,747.0,0.4269,stem_elongation,2,1.15,-65.57,0.0,3.445,0.5,0.0,40.41,41,-74.35,43.0
2016-07-27,27.68,31.57,24.34,5.45,77.49,22.4,1.69,209,2016,4.328117559407127,nasa_power,Kuruvai,Kuruvai-2016,10.39,2.23,0.83,13.450000000000001,synthetic_degraded,764.2,0.4367,stem_elongation,2,1.15,-61.88,0.0,3.854,0.5,0.0,40.67,42,-63.08,37.8
2016-07-28,27.91,31.37,24.8,4.82,77.73,23.2,1.52,210,2016,4.138966183140797,nasa_power,Kuruvai,Kuruvai-2016,2.11,1.25,0.16,3.52,synthetic_degraded,781.6,0.4466,stem_elongation,2,1.15,-60.79,0.0,3.694,0.5,0.0,40.74,43,-54.36,41.16
2016-07-29,28.63,32.68,25.04,1.72,73.4,16.27,2.24,211,2016,4.540188501475354,nasa_power,Kuruvai,Kuruvai-2016,2.85,0.23,0.09,3.17,synthetic_degraded,799.1,0.4566,stem_elongation,2,1.15,-60.16,0.0,4.001,0.5,0.0,40.79,44,-69.71,38.73
2016-07-30,29.05,33.6,25.72,1.2,68.11,13.9,2.71,212,2016,4.691520953157864,nasa_power,Kuruvai,Kuruvai-2016,0.22,0.09,0.01,0.32,synthetic_degraded,817.0,0.4668,stem_elongation,2,1.15,-62.94,0.0,4.063,0.5,0.0,40.59,45,-69.34,39.64
2016-07-31,29.72,36.54,23.49,0.21,63.08,24.0,3.89,213,2016,6.084548367816015,nasa_power,Kuruvai,Kuruvai-2016,0.12,0.02,0.05,0.19,synthetic_degraded,833.7,0.4764,stem_elongation,2,1.15,-66.31,0.0,5.147,0.5,0.0,40.36,46,-71.47,39.81
2016-08-01,29.38,34.72,24.33,0.1,64.69,20.9,4.42,214,2016,5.375125893488024,nasa_power,Kuruvai,Kuruvai-2016,0.01,1.93,0.0,1.94,synthetic_degraded,850.9,0.4862,stem_elongation,2,1.15,-71.74,0.0,4.41,0.5,0.0,39.98,47,-72.06,39.35
2016-08-02,28.75,34.38,24.23,0.01,65.09,20.58,4.84,215,2016,5.28951938033011,nasa_power,Kuruvai,Kuruvai-2016,0.03,0.0,0.02,0.05,synthetic_degraded,868.0,0.496,stem_elongation,2,1.15,-76.55,0.0,4.221,0.5,0.0,39.64,48,-78.38,38.84
2016-08-03,29.65,36.79,23.87,0.04,62.07,23.36,5.35,216,2016,6.099346357327892,nasa_power,Kuruvai,Kuruvai-2016,0.0,0.02,0.01,0.03,synthetic_degraded,884.9,0.5057,panicle_initiation,3,1.2,-81.26,133.68,7.319,1.0,0.0,39.31,49,-74.26,39.32
2016-08-04,29.79,36.06,24.58,0.0,61.83,20.51,4.74,217,2016,5.749713642584858,nasa_power,Kuruvai,Kuruvai-2016,0.01,0.01,0.11,0.13,synthetic_degraded,902.2,0.5156,panicle_initiation,3,1.2,44.14,0.0,6.9,1.0,0.0,45.0,50,48.91,44.2
2016-08-05,29.66,35.1,24.71,0.02,61.97,14.2,4.37,218,2016,5.424100297666896,nasa_power,Kuruvai,Kuruvai-2016,0.01,0.05,0.03,0.09,synthetic_degraded,919.6,0.5255,panicle_initiation,3,1.2,36.24,0.0,6.509,1.0,0.0,45.0,51,38.72,42.81
2016-08-06,29.99,35.81,24.87,0.01,60.75,23.24,3.69,219,2016,5.617841810738923,nasa_power,Kuruvai,Kuruvai-2016,0.1,0.01,0.9,1.01,synthetic_degraded,937.0,0.5354,panicle_initiation,3,1.2,28.75,0.0,6.741,1.0,0.0,45.0,52,29.48,46.17
2016-08-07,30.31,36.27,25.03,0.09,61.83,24.7,3.32,220,2016,5.732211212321874,nasa_power,Kuruvai,Kuruvai-2016,0.02,5.69,1.6,7.3100000000000005,synthetic_degraded,954.5,0.5454,panicle_initiation,3,1.2,21.02,46.66,6.879,1.0,0.0,45.0,53,22.99,46.13
2016-08-08,30.62,36.46,25.49,0.02,59.67,25.04,3.09,221,2016,5.702004110537632,nasa_power,Kuruvai,Kuruvai-2016,1.09,1.14,1.1,3.33,synthetic_degraded,972.3,0.5556,panicle_initiation,3,1.2,59.89,0.0,6.842,1.0,0.0,45.0,54,55.58,46.26
2016-08-09,30.85,36.78,26.18,1.1,59.74,22.76,3.2,222,2016,5.663995331306028,nasa_power,Kuruvai,Kuruvai-2016,0.85,0.43,1.54,2.8200000000000003,synthetic_degraded,990.4,0.5659,panicle_initiation,3,1.2,52.07,0.0,6.797,1.0,0.0,45.0,55,56.36,42.69
2016-08-10,30.99,37.8,25.52,1.12,60.42,24.83,3.12,223,2016,6.119485973644149,nasa_power,Kuruvai,Kuruvai-2016,0.44,0.72,7.21,8.37,synthetic_degraded,1008.1,0.5761,panicle_initiation,3,1.2,45.37,0.0,7.343,1.0,0.0,45.0,56,39.81,45.45
2016-08-11,30.31,35.71,25.73,0.71,62.08,24.33,2.76,224,2016,5.412521323721983,nasa_power,Kuruvai,Kuruvai-2016,0.73,3.74,2.47,6.940000000000001,synthetic_degraded,1026.0,0.5863,panicle_initiation,3,1.2,38.15,0.0,6.495,1.0,0.0,45.0,57,42.33,46.01
2016-08-12,30.75,36.1,26.26,0.86,61.35,23.49,2.7,225,2016,5.4258872035700545,nasa_power,Kuruvai,Kuruvai-2016,1.69,0.75,0.7,3.1399999999999997,synthetic_degraded,1044.1,0.5966,panicle_initiation,3,1.2,31.36,0.0,6.511,1.0,0.0,45.0,58,37.29,43.45
2016-08-13,30.82,36.79,25.85,2.78,63.72,22.57,2.81,226,2016,5.7378705043788845,nasa_power,Kuruvai,Kuruvai-2016,1.16,0.78,0.03,1.97,synthetic_degraded,1062.0,0.6069,panicle_initiation,3,1.2,24.71,0.0,6.885,1.0,0.0,45.0,59,25.76,45.01
2016-08-14,30.69,36.64,25.67,1.0,60.61,21.31,3.66,227,2016,5.726658217672243,nasa_power,Kuruvai,Kuruvai-2016,0.42,3.01,3.13,6.56,synthetic_degraded,1079.9,0.6171,panicle_initiation,3,1.2,19.61,42.01,6.872,1.0,0.0,45.0,60,18.73,44.83
2016-08-15,30.89,37.02,25.66,0.7,58.18,23.88,4.41,228,2016,5.849647989861804,nasa_power,Kuruvai,Kuruvai-2016,0.04,0.19,0.56,0.79,synthetic_degraded,1097.7,0.6273,flowering,4,1.2,54.74,0.0,7.02,1.0,0.0,45.0,61,56.74,47.76
2016-08-16,30.74,37.4,25.24,0.03,58.17,22.07,4.68,229,2016,6.04953374265973,nasa_power,Kuruvai,Kuruvai-2016,2.96,0.93,4.43,8.32,synthetic_degraded,1115.3,0.6373,flowering,4,1.2,47.42,0.0,7.259,1.0,0.0,45.0,62,33.11,47.89
2016-08-17,30.45,36.36,25.22,0.14,58.94,21.86,4.02,230,2016,5.727484248175219,nasa_power,Kuruvai,Kuruvai-2016,0.58,0.11,0.59,1.2799999999999998,synthetic_degraded,1132.9,0.6474,flowering,4,1.2,39.19,0.0,6.873,1.0,0.0,45.0,63,40.7,42.5
2016-08-18,31.56,38.23,26.39,0.75,56.16,23.59,3.7,231,2016,6.0888898256653174,nasa_power,Kuruvai,Kuruvai-2016,0.11,1.51,0.91,2.5300000000000002,synthetic_degraded,1151.1,0.6578,flowering,4,1.2,31.46,0.0,7.307,1.0,0.0,45.0,64,30.89,48.74
2016-08-19,31.78,38.3,26.08,0.15,54.54,23.55,3.05,232,2016,6.170286929407942,nasa_power,Kuruvai,Kuruvai-2016,1.03,2.65,0.31,3.9899999999999998,synthetic_degraded,1169.2,0.6681,flowering,4,1.2,23.91,0.0,7.404,1.0,0.0,45.0,65,23.66,43.63
2016-08-20,31.76,37.97,26.78,0.57,57.7,24.27,2.49,233,2016,5.925467527992178,nasa_power,Kuruvai,Kuruvai-2016,1.49,0.36,3.13,4.98,synthetic_degraded,1187.6,0.6786,flowering,4,1.2,15.65,0.0,7.111,1.0,0.0,45.0,66,19.18,46.47
2016-08-21,30.68,34.75,27.01,1.28,63.13,18.17,2.0,234,2016,4.780344223123442,nasa_power,Kuruvai,Kuruvai-2016,0.27,0.57,0.52,1.3599999999999999,synthetic_degraded,1206.1,0.6892,flowering,4,1.2,8.11,0.0,5.736,1.0,0.0,45.0,67,7.74,46.46
2016-08-22,31.17,35.74,26.96,0.3,60.0,22.29,2.05,235,2016,5.1393796985324425,nasa_power,Kuruvai,Kuruvai-2016,1.34,1.16,4.93,7.43,synthetic_degraded,1224.5,0.6997,flowering,4,1.2,2.65,55.9,6.167,1.0,0.0,45.0,68,-3.05,43.51
2016-08-23,30.14,33.56,27.02,1.07,63.33,16.1,2.59,236,2016,4.338791798483749,nasa_power,Kuruvai,Kuruvai-2016,0.33,2.73,10.52,13.58,synthetic_degraded,1243.1,0.7103,flowering,4,1.2,51.69,0.0,5.207,1.0,0.0,45.0,69,50.98,45.74
2016-08-24,30.68,35.86,26.0,0.86,60.48,23.81,2.79,237,2016,5.3966997439900535,nasa_power,Kuruvai,Kuruvai-2016,4.35,18.56,10.41,33.31999999999999,synthetic_degraded,1261.1,0.7206,flowering,4,1.2,46.55,0.0,6.476,1.0,0.0,45.0,70,46.89,44.84
2016-08-25,28.65,32.31,25.49,4.44,71.6,17.83,2.78,238,2016,4.299849463533316,nasa_power,Kuruvai,Kuruvai-2016,31.65,12.72,31.39,75.75999999999999,synthetic_degraded,1278.8,0.7307,flowering,4,1.2,39.94,0.0,5.16,1.0,0.0,45.0,71,40.51,45.83
2016-08-26,28.5,32.49,25.39,9.83,73.77,12.79,2.09,239,2016,4.389297529541967,nasa_power,Kuruvai,Kuruvai-2016,8.51,13.38,14.51,36.4,synthetic_degraded,1296.5,0.7409,flowering,4,1.2,38.22,0.0,5.267,1.0,0.0,45.0,72,39.03,45.35
2016-08-27,28.54,32.81,25.39,8.02,74.93,16.09,2.51,240,2016,4.500560985490441,nasa_power,Kuruvai,Kuruvai-2016,12.1,15.68,26.38,54.16,synthetic_degraded,1314.2,0.751,grain_filling,5,0.95,41.78,0.0,4.276,1.0,0.0,45.0,73,46.98,46.79
2016-08-28,29.48,35.74,25.04,11.74,68.4,22.24,2.7,241,2016,5.550559604641033,nasa_power,Kuruvai,Kuruvai-2016,16.39,19.31,8.81,44.510000000000005,synthetic_degraded,1331.7,0.761,grain_filling,5,0.95,44.52,0.0,5.273,1.0,0.0,45.0,74,39.09,45.11
2016-08-29,28.96,33.9,24.89,12.81,70.69,22.43,2.16,242,2016,4.985669192101013,nasa_power,Kuruvai,Kuruvai-2016,31.74,19.42,0.68,51.839999999999996,synthetic_degraded,1349.2,0.7709,grain_filling,5,0.95,49.99,0.0,4.736,1.0,0.0,45.0,75,50.87,44.75
2016-08-30,27.89,32.19,24.61,21.21,77.22,16.2,2.64,243,2016,4.474035626101903,nasa_power,Kuruvai,Kuruvai-2016,5.82,1.02,2.83,9.67,synthetic_degraded,1366.5,0.7808,grain_filling,5,0.95,57.06,0.0,4.25,1.0,0.0,45.0,76,63.51,46.64
2016-08-31,27.67,32.99,23.7,14.31,73.69,15.86,2.86,244,2016,4.944171091818869,nasa_power,Kuruvai,Kuruvai-2016,0.57,1.97,0.16,2.7,synthetic_degraded,1383.3,0.7905,grain_filling,5,0.95,73.02,0.0,4.697,1.0,0.0,45.0,77,64.35,45.87
2016-09-01,27.24,32.05,23.76,1.21,70.21,19.34,2.96,245,2016,4.622959717829096,nasa_power,Kuruvai,Kuruvai-2016,1.53,0.36,0.13,2.02,synthetic_degraded,1400.2,0.8001,grain_filling,5,0.95,81.64,0.0,4.392,1.0,0.0,45.0,78,82.54,46.1
2016-09-02,27.95,33.49,23.72,1.39,68.22,18.33,3.16,246,2016,5.092007829451895,nasa_power,Kuruvai,Kuruvai-2016,0.17,0.16,0.06,0.39,synthetic_degraded,1417.0,0.8097,grain_filling,5,0.95,77.46,0.0,4.837,1.0,0.0,45.0,79,74.53,44.0
2016-09-03,28.78,34.34,23.84,0.24,66.68,22.45,2.68,247,2016,5.3300245211416435,nasa_power,Kuruvai,Kuruvai-2016,0.36,11.28,0.42,12.059999999999999,synthetic_degraded,1434.0,0.8194,grain_filling,5,0.95,73.01,0.0,5.064,1.0,0.0,45.0,80,71.16,43.43
2016-09-04,29.22,34.36,25.15,0.2,66.74,16.26,2.49,248,2016,5.05867565149607,nasa_power,Kuruvai,Kuruvai-2016,0.05,0.26,0.04,0.35,synthetic_degraded,1451.5,0.8295,grain_filling,5,0.95,67.18,0.0,4.806,1.0,0.0,45.0,81,62.66,44.15
2016-09-05,29.17,34.58,24.66,0.06,65.4,21.4,2.38,249,2016,5.230746519909132,nasa_power,Kuruvai,Kuruvai-2016,0.18,0.04,0.02,0.24,synthetic_degraded,1468.9,0.8394,grain_filling,5,0.95,61.58,0.0,4.969,1.0,0.0,45.0,82,60.73,44.07
2016-09-06,29.31,35.24,24.34,0.44,63.88,22.0,2.91,250,2016,5.497806168570901,nasa_power,Kuruvai,Kuruvai-2016,0.03,0.01,1.37,1.4100000000000001,synthetic_degraded,1486.0,0.8492,grain_filling,5,0.95,55.67,0.0,5.223,1.0,0.0,45.0,83,64.88,46.18
2016-09-07,29.7,36.24,24.16,0.06,61.23,24.82,2.95,251,2016,5.832139196720711,nasa_power,Kuruvai,Kuruvai-2016,0.01,1.1,1.38,2.49,synthetic_degraded,1503.1,0.8589,grain_filling,5,0.95,49.89,0.0,5.541,1.0,0.0,45.0,84,43.57,46.46
2016-09-08,29.39,35.26,24.31,0.02,61.92,24.22,2.66,252,2016,5.499223350385929,nasa_power,Kuruvai,Kuruvai-2016,0.71,4.49,0.82,6.0200000000000005,synthetic_degraded,1520.3,0.8687,grain_filling,5,0.95,43.41,0.0,5.224,1.0,0.0,45.0,85,37.56,44.77
2016-09-09,30.22,36.99,24.51,0.79,62.79,22.42,2.34,253,2016,5.9837023922100006,nasa_power,Kuruvai,Kuruvai-2016,1.83,2.92,1.88,6.63,synthetic_degraded,1537.5,0.8786,grain_filling,5,0.95,37.2,0.0,5.685,1.0,0.0,45.0,86,30.69,47.15
2016-09-10,30.14,35.48,25.95,1.99,66.39,14.36,1.94,254,2016,5.219431725722064,nasa_power,Kuruvai,Kuruvai-2016,15.26,0.59,4.77,20.619999999999997,synthetic_degraded,1555.5,0.8889,grain_filling,5,0.95,31.31,0.0,4.958,1.0,0.0,45.0,87,39.95,47.05
2016-09-11,29.41,34.17,25.53,1.54,66.29,15.52,2.04,255,2016,4.875573574716343,nasa_power,Kuruvai,Kuruvai-2016,2.0,9.9,10.28,22.18,synthetic_degraded,1573.3,0.899,grain_filling,5,0.95,27.34,0.0,4.632,1.0,0.0,45.0,88,25.03,45.37
2016-09-12,30.05,35.11,25.42,1.23,64.06,14.38,1.65,256,2016,5.2021133094662995,nasa_power,Kuruvai,Kuruvai-2016,6.55,4.0,0.55,11.100000000000001,synthetic_degraded,1591.0,0.9091,ripening,6,0.65,23.25,0.0,3.381,1.0,0.0,45.0,89,23.12,43.77
2016-09-13,29.81,34.55,25.18,3.82,65.6,16.12,1.71,257,2016,5.066629602316463,nasa_power,Kuruvai,Kuruvai-2016,1.95,0.92,0.54,3.41,synthetic_degraded,1608.6,0.9192,ripening,6,0.65,20.1,0.0,3.293,1.0,0.0,45.0,90,18.09,47.36
2016-09-14,29.66,35.05,25.13,2.11,67.53,12.08,2.27,258,2016,5.231050749453868,nasa_power,Kuruvai,Kuruvai-2016,0.43,0.79,1.97,3.19,synthetic_degraded,1626.1,0.9292,ripening,6,0.65,19.62,0.0,3.4,1.0,0.0,45.0,91,14.9,44.91
2016-09-15,30.31,36.41,25.87,1.13,64.4,21.88,2.44,259,2016,5.5028630536578955,nasa_power,Kuruvai,Kuruvai-2016,0.99,0.18,0.32,1.49,synthetic_degraded,1644.1,0.9395,ripening,6,0.65,17.33,0.0,3.577,1.0,0.0,45.0,92,16.15,45.19
2016-09-16,30.01,36.02,25.34,0.75,64.49,23.21,2.89,260,2016,5.479570489338639,nasa_power,Kuruvai,Kuruvai-2016,0.56,0.21,0.17,0.9400000000000001,synthetic_degraded,1661.7,0.9496,ripening,6,0.65,13.88,0.0,3.562,1.0,0.0,45.0,93,26.17,44.49
2016-09-17,29.41,34.32,25.08,0.44,64.82,14.14,3.02,261,2016,4.986541200368796,nasa_power,Kuruvai,Kuruvai-2016,0.22,0.64,1.13,1.9899999999999998,synthetic_degraded,1679.3,0.9596,ripening,6,0.65,10.07,0.0,3.241,1.0,0.0,45.0,94,17.03,43.67
2016-09-18,29.9,36.19,24.52,0.19,61.43,22.67,2.76,262,2016,5.672779444377131,nasa_power,Kuruvai,Kuruvai-2016,0.42,1.28,2.2,3.9000000000000004,synthetic_degraded,1696.5,0.9695,ripening,6,0.65,6.27,0.0,3.687,1.0,0.0,45.0,95,2.01,42.8
2016-09-19,30.43,37.22,25.27,0.27,59.26,23.24,2.41,263,2016,5.837472375240971,nasa_power,Kuruvai,Kuruvai-2016,0.69,0.8,2.4,3.8899999999999997,synthetic_degraded,1714.2,0.9795,ripening,6,0.65,1.77,0.0,3.794,1.0,0.0,45.0,96,5.01,45.95
2016-09-20,29.89,34.81,25.85,1.17,63.09,19.11,2.16,264,2016,4.952459837802153,nasa_power,Kuruvai,Kuruvai-2016,4.0,0.89,0.08,4.97,synthetic_degraded,1732.1,0.9898,ripening,6,0.65,-2.75,0.0,3.199,0.5,0.0,44.81,97,-6.91,43.63
2016-09-21,30.15,35.96,25.4,1.62,63.15,14.62,2.21,265,2016,5.406654450898342,nasa_power,Kuruvai,Kuruvai-2016,0.45,0.08,0.08,0.61,synthetic_degraded,1749.8,0.9999,ripening,6,0.65,-5.28,0.0,3.463,0.5,0.0,44.63,98,-14.16,49.22
2016-09-22,30.94,37.96,25.33,0.7,59.26,21.26,2.83,266,2016,6.020314575158864,nasa_power,Kuruvai,Kuruvai-2016,0.07,0.1,0.48,0.65,synthetic_degraded,1767.5,1.01,ripening,6,0.65,-7.62,0.0,3.805,0.5,0.0,44.47,99,-2.52,42.84
2016-09-23,31.0,37.76,25.08,0.05,55.44,20.33,3.37,267,2016,5.994262366457273,nasa_power,Kuruvai,Kuruvai-2016,0.07,0.02,0.13,0.22000000000000003,synthetic_degraded,1785.0,1.02,ripening,6,0.65,-11.23,0.0,3.722,0.5,0.0,44.21,100,-5.43,42.32
2016-09-24,31.16,38.31,25.89,0.14,55.15,18.95,4.01,268,2016,6.003627314888171,nasa_power,Kuruvai,Kuruvai-2016,0.03,0.05,2.8,2.88,synthetic_degraded,1803.0,1.0303,ripening,6,0.65,-15.4,0.0,3.664,0.5,0.0,43.92,101,-10.17,44.69
2016-09-25,30.83,37.99,24.96,0.04,57.5,20.76,3.43,269,2016,6.061048921586423,nasa_power,Kuruvai,Kuruvai-2016,0.24,4.27,2.18,6.6899999999999995,synthetic_degraded,1820.4,1.0402,ripening,6,0.65,-19.42,0.0,3.634,0.5,0.0,43.64,102,-21.77,45.93
2016-09-26,31.33,38.11,26.07,0.12,57.84,18.86,2.62,270,2016,5.887774899604311,nasa_power,Kuruvai,Kuruvai-2016,1.53,1.31,3.45,6.29,synthetic_degraded,1838.5,1.0506,ripening,6,0.65,-23.52,0.0,3.469,0.5,0.0,43.35,103,-24.35,43.45
2016-09-27,29.72,33.17,26.46,1.72,67.05,14.5,2.26,271,2016,4.186819103193731,nasa_power,Kuruvai,Kuruvai-2016,2.48,5.0,3.73,11.21,synthetic_degraded,1856.7,1.061,ripening,6,0.65,-27.37,0.0,2.442,0.5,0.0,43.08,104,-23.62,43.94
2016-09-28,29.56,34.02,25.98,1.7,69.55,14.17,2.06,272,2016,4.591655008678842,nasa_power,Kuruvai,Kuruvai-2016,11.18,6.51,0.8,18.49,synthetic_degraded,1874.7,1.0713,ripening,6,0.65,-28.59,0.0,2.664,0.5,0.0,43.0,105,-26.63,40.23
2016-09-29,28.79,32.48,26.06,10.05,74.21,14.76,1.76,273,2016,4.032171699976632,nasa_power,Kuruvai,Kuruvai-2016,5.07,2.83,0.12,8.02,synthetic_degraded,1892.7,1.0816,ripening,6,0.65,-30.05,0.0,2.411,0.5,0.0,42.9,106,-32.02,41.88
2016-09-30,28.81,33.32,25.23,5.31,72.93,19.43,2.1,274,2016,4.517373520447199,nasa_power,Kuruvai,Kuruvai-2016,1.39,0.08,0.11,1.58,synthetic_degraded,1910.3,1.0916,ripening,6,0.65,-22.91,0.0,2.73,0.5,0.0,43.4,107,-31.01,41.79
2016-10-01,29.61,35.59,24.88,0.75,65.72,21.37,2.33,275,2016,5.292349835326532,nasa_power,Kuruvai,Kuruvai-2016,0.12,0.07,6.7,6.890000000000001,synthetic_degraded,1927.8,1.1016,ripening,6,0.65,-20.83,0.0,3.164,0.5,0.0,43.54,108,-20.26,40.7
2016-10-02,30.17,37.32,24.72,0.13,63.23,22.33,2.17,276,2016,5.821495205185216,nasa_power,Kuruvai,Kuruvai-2016,2.07,7.61,9.07,18.75,synthetic_degraded,1945.1,1.1115,ripening,6,0.65,-23.75,0.0,3.427,0.5,0.0,43.34,109,-18.35,43.52
2016-10-03,29.98,36.49,25.5,0.09,64.5,22.19,2.22,277,2016,5.422036554923722,nasa_power,Kuruvai,Kuruvai-2016,3.27,9.05,1.14,13.46,synthetic_degraded,1962.9,1.1216,ripening,6,0.65,-27.54,0.0,3.137,0.5,0.0,43.07,110,-33.53,39.71
2016-10-04,30.44,37.07,25.26,4.7,64.67,20.73,1.82,278,2016,5.627525705451803,nasa_power,Kuruvai,Kuruvai-2016,8.84,1.19,0.16,10.19,synthetic_degraded,1980.5,1.1317,ripening,6,0.65,-31.09,0.0,3.272,0.5,0.0,42.82,111,-27.9,40.84
2016-10-05,27.68,30.75,25.59,6.9,77.95,20.55,1.54,279,2016,3.4842301509730014,nasa_power,Kuruvai,Kuruvai-2016,1.51,0.49,0.2,2.2,synthetic_degraded,1998.3,1.1419,ripening,6,0.65,-30.16,0.0,2.054,0.5,0.0,42.89,112,-28.5,42.08
2016-10-06,28.88,33.62,24.69,1.26,70.47,22.85,1.82,280,2016,4.67087704126986,nasa_power,Kuruvai,Kuruvai-2016,0.18,0.14,0.55,0.8700000000000001,synthetic_degraded,2015.7,1.1518,ripening,6,0.65,-25.82,0.0,2.738,0.5,0.0,43.19,113,-22.07,41.94
2016-10-07,28.9,33.59,24.83,0.37,66.04,18.43,2.01,281,2016,4.62061450500421,nasa_power,Kuruvai,Kuruvai-2016,0.17,0.47,0.16,0.8,synthetic_degraded,2033.1,1.1618,ripening,6,0.65,-27.79,0.0,2.674,0.5,0.0,43.05,114,-23.43,43.64
2016-10-08,29.26,35.28,25.17,0.24,63.35,23.57,2.47,282,2016,5.058836980035359,nasa_power,Kuruvai,Kuruvai-2016,0.35,0.28,3.96,4.59,synthetic_degraded,2050.7,1.1718,ripening,6,0.65,-30.6,0.0,2.889,0.5,0.0,42.86,115,-34.07,43.32
2016-10-09,30.48,36.27,25.01,0.46,61.14,22.78,2.4,283,2016,5.371748261783477,nasa_power,Kuruvai,Kuruvai-2016,0.22,2.41,14.06,16.69,synthetic_degraded,2068.2,1.1818,ripening,6,0.65,-33.75,0.0,3.027,0.5,0.0,42.64,116,-41.83,43.98
2016-10-10,30.79,38.17,25.25,0.26,57.65,23.32,2.59,284,2016,5.86659310561712,nasa_power,Kuruvai,Kuruvai-2016,1.6,11.36,0.0,12.959999999999999,synthetic_degraded,2085.8,1.1919,ripening,6,0.65,-36.81,0.0,3.256,0.5,0.0,42.42,117,-39.48,43.55
2016-10-11,29.37,33.92,25.75,2.98,66.4,13.82,2.39,285,2016,4.477173513113963,nasa_power,Kuruvai,Kuruvai-2016,7.04,0.0,0.0,7.04,synthetic_degraded,2103.7,1.2021,ripening,6,0.65,-40.31,0.0,2.476,0.5,0.0,42.18,118,-35.86,43.89
2016-10-12,28.59,32.6,25.03,9.34,71.78,18.93,1.87,286,2016,4.206601897448388,nasa_power,Kuruvai,Kuruvai-2016,0.0,0.0,7.34,7.34,synthetic_degraded,2121.2,1.2121,ripening,6,0.65,-40.3,0.0,2.396,0.5,0.0,42.18,119,-43.01,42.18
2017-06-15,30.66,34.83,27.38,1.24,66.47,20.27,3.16,166,2017,4.665051374891841,nasa_power,Kuruvai,Kuruvai-2017,5.25,0.88,0.23,6.36,synthetic_degraded,18.7,0.0107,establishment,0,1.05,40.0,0.0,4.898,1.0,0.0,45.0,0,45.13,47.08
2017-06-16,29.92,33.65,27.0,4.58,69.06,19.7,2.87,167,2017,4.336204864509682,nasa_power,Kuruvai,Kuruvai-2017,1.61,0.07,1.56,3.24,synthetic_degraded,37.2,0.0213,establishment,0,1.05,35.34,0.0,4.553,1.0,0.0,45.0,1,35.24,44.61
2017-06-17,30.72,37.84,25.4,1.28,59.99,22.04,3.49,168,2017,6.089104545457592,nasa_power,Kuruvai,Kuruvai-2017,0.13,2.24,10.88,13.25,synthetic_degraded,54.9,0.0314,establishment,0,1.05,34.37,0.0,6.394,1.0,0.0,45.0,2,30.28,45.01
2017-06-18,31.45,37.77,26.02,0.12,54.82,23.75,3.19,169,2017,5.94967970577146,nasa_power,Kuruvai,Kuruvai-2017,1.26,8.23,0.24,9.73,synthetic_degraded,72.9,0.0417,establishment,0,1.05,28.26,0.0,6.247,1.0,0.0,45.0,3,19.68,46.33
2017-06-19,31.29,36.48,27.08,1.51,60.18,18.88,3.13,170,2017,5.308393914008172,nasa_power,Kuruvai,Kuruvai-2017,6.52,0.32,0.48,7.32,synthetic_degraded,91.4,0.0523,establishment,0,1.05,21.13,0.0,5.574,1.0,0.0,45.0,4,18.92,46.68
2017-06-20,29.74,35.06,25.36,7.57,64.69,16.45,3.52,171,2017,5.2209597556572325,nasa_power,Kuruvai,Kuruvai-2017,10.64,0.25,0.58,11.47,synthetic_degraded,109.1,0.0624,establishment,0,1.05,16.06,0.0,5.482,1.0,0.0,45.0,5,19.83,44.48
2017-06-21,30.28,35.29,25.75,0.19,62.06,22.25,3.22,172,2017,5.210547454772805,nasa_power,Kuruvai,Kuruvai-2017,0.3,0.22,1.44,1.96,synthetic_degraded,127.0,0.0726,establishment,0,1.05,17.15,0.0,5.471,1.0,0.0,45.0,6,28.53,45.05
2017-06-22,30.54,35.2,25.89,0.25,60.37,22.2,3.39,173,2017,5.149529309147489,nasa_power,Kuruvai,Kuruvai-2017,0.39,2.27,0.36,3.02,synthetic_degraded,144.9,0.0828,establishment,0,1.05,10.87,0.0,5.407,1.0,0.0,45.0,7,11.18,45.45
2017-06-23,31.45,36.8,26.42,0.41,57.22,23.68,4.3,174,2017,5.556776986909142,nasa_power,Kuruvai,Kuruvai-2017,1.09,2.23,0.22,3.5400000000000005,synthetic_degraded,163.2,0.0932,establishment,0,1.05,4.71,0.0,5.835,1.0,0.0,45.0,8,0.88,45.83
2017-06-24,30.74,35.76,27.0,1.47,55.49,17.99,4.91,175,2017,5.080748824460972,nasa_power,Kuruvai,Kuruvai-2017,0.2,3.04,1.15,4.390000000000001,synthetic_degraded,181.6,0.1038,establishment,0,1.05,-1.71,0.0,5.33,0.5,0.0,44.88,9,-7.63,44.68
2017-06-25,30.33,35.85,25.75,0.27,58.05,17.35,4.75,176,2017,5.39102294784272,nasa_power,Kuruvai,Kuruvai-2017,0.18,1.11,0.06,1.35,synthetic_degraded,199.5,0.114,establishment,0,1.05,-6.07,0.0,5.529,0.5,0.0,44.58,10,-3.31,44.4
2017-06-26,30.54,35.08,26.19,0.31,56.82,19.86,5.35,177,2017,5.040583240508825,nasa_power,Kuruvai,Kuruvai-2017,2.31,0.17,0.03,2.51,synthetic_degraded,217.6,0.1244,establishment,0,1.05,-11.83,0.0,5.049,0.5,0.0,44.17,11,-20.65,46.24
2017-06-27,29.84,33.3,26.64,1.49,58.29,20.1,4.99,178,2017,4.302972491471242,nasa_power,Kuruvai,Kuruvai-2017,0.08,0.05,0.5,0.63,synthetic_degraded,235.9,0.1348,establishment,0,1.05,-17.07,0.0,4.237,0.5,0.0,43.81,12,-14.32,45.62
2017-06-28,30.68,36.36,26.04,0.08,53.5,20.71,4.86,179,2017,5.49448349497684,nasa_power,Kuruvai,Kuruvai-2017,0.05,0.29,11.7,12.04,synthetic_degraded,254.0,0.1451,establishment,0,1.05,-20.31,0.0,5.302,0.5,0.0,43.58,13,-16.22,44.3
2017-06-29,31.49,38.02,26.01,0.08,50.58,21.76,4.5,180,2017,6.026238480595487,nasa_power,Kuruvai,Kuruvai-2017,0.49,5.74,0.53,6.760000000000001,synthetic_degraded,272.0,0.1554,tillering,1,1.1,-26.04,0.0,5.941,0.5,0.0,43.18,14,-23.86,45.76
2017-06-30,31.25,35.81,26.87,0.34,56.63,19.44,2.22,181,2017,5.129218224907131,nasa_power,Kuruvai,Kuruvai-2017,0.37,0.44,0.64,1.4500000000000002,synthetic_degraded,290.4,0.1659,tillering,1,1.1,-32.4,0.0,4.919,0.5,0.0,42.73,15,-33.5,42.15
2017-07-01,31.88,36.83,27.02,0.47,52.31,21.23,2.95,182,2017,5.437482146218484,nasa_power,Kuruvai,Kuruvai-2017,0.38,0.64,2.69,3.71,synthetic_degraded,308.9,0.1765,tillering,1,1.1,-37.48,0.0,5.096,0.5,0.0,42.38,16,-34.66,44.81
2017-07-02,31.72,37.5,27.75,0.72,53.55,20.43,2.9,183,2017,5.49776987017406,nasa_power,Kuruvai,Kuruvai-2017,0.87,6.26,1.44,8.57,synthetic_degraded,327.8,0.1873,tillering,1,1.1,-42.6,0.0,5.034,0.5,0.0,42.02,17,-41.75,42.83
2017-07-03,31.96,38.24,26.96,0.55,51.3,21.43,3.87,184,2017,5.911279966643725,nasa_power,Kuruvai,Kuruvai-2017,2.38,7.38,3.26,13.02,synthetic_degraded,346.3,0.1979,tillering,1,1.1,-47.42,0.0,5.283,0.5,0.0,41.68,18,-51.31,46.59
2017-07-04,31.15,37.16,26.53,3.03,54.22,21.95,3.21,185,2017,5.653335676157518,nasa_power,Kuruvai,Kuruvai-2017,7.3,5.16,1.32,13.780000000000001,synthetic_degraded,364.5,0.2083,tillering,1,1.1,-52.65,0.0,4.984,0.5,0.0,41.31,19,-43.4,39.52
2017-07-05,30.77,35.72,25.85,1.24,55.79,20.44,3.17,186,2017,5.332089535703067,nasa_power,Kuruvai,Kuruvai-2017,5.33,0.57,5.51,11.41,synthetic_degraded,382.5,0.2185,tillering,1,1.1,-55.1,0.0,4.602,0.5,0.0,41.14,20,-56.86,40.11
2017-07-06,30.86,37.57,26.13,4.32,59.55,19.01,3.35,187,2017,5.867465142380802,nasa_power,Kuruvai,Kuruvai-2017,3.29,3.37,0.91,7.57,synthetic_degraded,400.5,0.2289,tillering,1,1.1,-58.97,0.0,5.043,0.5,0.0,40.87,21,-55.09,41.5
2017-07-07,30.28,35.26,26.3,1.97,61.98,15.7,2.93,188,2017,5.0818128888413145,nasa_power,Kuruvai,Kuruvai-2017,3.46,0.82,1.44,5.720000000000001,synthetic_degraded,418.7,0.2392,tillering,1,1.1,-60.19,0.0,4.288,0.5,0.0,40.79,22,-72.28,41.39
2017-07-08,29.84,34.79,25.51,3.43,61.91,12.32,3.02,189,2017,5.105821844496898,nasa_power,Kuruvai,Kuruvai-2017,0.55,0.4,1.85,2.8000000000000003,synthetic_degraded,436.4,0.2494,tillering,1,1.1,-63.01,0.0,4.278,0.5,0.0,40.59,23,-56.63,43.52
2017-07-09,30.57,35.93,25.79,0.94,56.48,17.38,3.18,190,2017,5.417472633573827,nasa_power,Kuruvai,Kuruvai-2017,0.74,2.94,1.41,5.09,synthetic_degraded,454.3,0.2596,tillering,1,1.1,-64.36,0.0,4.448,0.5,0.0,40.5,24,-57.02,39.5
2017-07-10,30.56,35.55,26.06,0.58,56.95,23.3,3.28,191,2017,5.236349612326039,nasa_power,Kuruvai,Kuruvai-2017,1.46,1.85,0.96,4.27,synthetic_degraded,472.4,0.2699,tillering,1,1.1,-68.36,0.0,4.198,0.5,0.0,40.21,25,-68.21,41.57
2017-07-11,30.59,34.99,26.67,1.81,59.4,20.53,3.48,192,2017,4.906767183022969,nasa_power,Kuruvai,Kuruvai-2017,5.0,0.51,0.07,5.58,synthetic_degraded,490.7,0.2804,tillering,1,1.1,-72.48,0.0,3.872,0.5,0.0,39.93,26,-69.69,41.67
2017-07-12,30.49,35.6,25.87,2.14,59.38,11.31,1.81,193,2017,5.297385091383974,nasa_power,Kuruvai,Kuruvai-2017,0.55,0.04,6.75,7.34,synthetic_degraded,508.6,0.2906,tillering,1,1.1,-75.04,0.0,4.128,0.5,0.0,39.75,27,-72.25,40.81
2017-07-13,31.63,38.27,26.23,0.55,53.78,20.52,4.02,194,2017,6.078455461817727,nasa_power,Kuruvai,Kuruvai-2017,0.02,0.1,0.17,0.29000000000000004,synthetic_degraded,526.7,0.301,tillering,1,1.1,-77.53,0.0,4.627,0.5,0.0,39.57,28,-80.74,38.13
2017-07-14,31.05,36.61,25.77,0.05,47.01,10.17,4.04,195,2017,5.647141502688477,nasa_power,Kuruvai,Kuruvai-2017,0.28,0.06,0.01,0.35000000000000003,synthetic_degraded,544.6,0.3112,tillering,1,1.1,-82.11,0.0,4.173,0.5,0.0,39.25,29,-79.37,41.36
2017-07-15,30.79,35.76,25.71,0.24,54.71,17.22,4.12,196,2017,5.388647450700598,nasa_power,Kuruvai,Kuruvai-2017,0.24,0.03,0.14,0.41000000000000003,synthetic_degraded,562.5,0.3214,tillering,1,1.1,-86.73,0.0,3.877,0.5,0.0,38.93,30,-90.77,40.77
2017-07-16,31.81,38.11,26.78,0.1,50.11,17.39,4.57,197,2017,5.925003919872305,nasa_power,Kuruvai,Kuruvai-2017,0.04,0.06,0.29,0.39,synthetic_degraded,580.9,0.3319,tillering,1,1.1,-90.87,0.0,4.151,0.5,0.0,38.64,31,-93.91,39.54
2017-07-17,31.18,37.0,26.77,0.02,51.33,17.06,5.42,198,2017,5.56912096293728,nasa_power,Kuruvai,Kuruvai-2017,0.34,0.22,0.1,0.66,synthetic_degraded,599.2,0.3424,tillering,1,1.1,-95.42,0.0,3.788,0.5,0.0,38.32,32,-89.79,38.63
2017-07-18,31.05,35.84,27.24,0.15,55.94,14.73,5.41,199,2017,5.0724495214784895,nasa_power,Kuruvai,Kuruvai-2017,0.2,0.15,0.23,0.58,synthetic_degraded,617.9,0.3531,stem_elongation,2,1.15,-99.69,0.0,3.511,0.5,0.0,38.02,33,-94.82,38.36
2017-07-19,31.01,35.71,27.12,0.31,55.2,15.4,5.41,200,2017,5.058385351466718,nasa_power,Kuruvai,Kuruvai-2017,0.27,0.57,0.13,0.97,synthetic_degraded,636.4,0.3637,stem_elongation,2,1.15,-103.55,0.0,3.415,0.5,0.0,37.75,34,-107.08,37.63
2017-07-20,31.67,38.1,26.51,0.18,53.85,20.8,5.36,201,2017,5.98399575544199,nasa_power,Kuruvai,Kuruvai-2017,0.19,0.1,0.06,0.35000000000000003,synthetic_degraded,654.7,0.3741,stem_elongation,2,1.15,-107.15,0.0,3.937,0.5,0.0,37.5,35,-110.82,38.46
2017-07-21,32.16,37.99,27.35,0.26,51.04,22.58,4.51,202,2017,5.777300408226157,nasa_power,Kuruvai,Kuruvai-2017,0.08,0.04,0.11,0.22999999999999998,synthetic_degraded,673.4,0.3848,stem_elongation,2,1.15,-111.41,0.0,3.69,0.5,0.0,37.2,36,-114.64,37.25
2017-07-22,32.07,37.16,27.54,0.07,53.1,22.07,3.82,203,2017,5.460505291537306,nasa_power,Kuruvai,Kuruvai-2017,0.03,0.36,0.16,0.55,synthetic_degraded,692.1,0.3955,stem_elongation,2,1.15,-115.34,0.0,3.384,0.5,0.0,36.93,37,-111.68,35.66
2017-07-23,32.69,38.99,27.62,0.05,52.13,21.21,4.03,204,2017,6.051627520716164,nasa_power,Kuruvai,Kuruvai-2017,0.15,0.23,0.8,1.1800000000000002,synthetic_degraded,710.9,0.4063,stem_elongation,2,1.15,-119.15,0.0,3.644,0.5,0.0,36.66,38,-124.15,35.09
2017-07-24,33.07,38.96,28.2,0.2,50.24,23.04,3.44,205,2017,5.920837817225938,nasa_power,Kuruvai,Kuruvai-2017,0.24,0.6,3.5,4.34,synthetic_degraded,730.0,0.4172,stem_elongation,2,1.15,-123.25,0.0,3.458,0.5,0.0,36.37,39,-121.47,35.24
2017-07-25,33.77,40.2,28.19,0.32,46.78,22.69,3.23,206,2017,6.332424406042038,nasa_power,Kuruvai,Kuruvai-2017,0.57,1.97,2.22,4.76,synthetic_degraded,749.1,0.4281,stem_elongation,2,1.15,-127.01,0.0,3.592,0.5,0.0,36.11,40,-123.28,36.44
2017-07-26,33.32,38.82,28.82,0.38,48.89,20.37,3.17,207,2017,5.7386273622334745,nasa_power,Kuruvai,Kuruvai-2017,5.22,4.81,2.59,12.62,synthetic_degraded,768.5,0.4392,stem_elongation,2,1.15,-130.78,0.0,3.157,0.5,0.0,35.85,41,-131.22,35.81
2017-07-27,32.96,39.61,28.21,3.64,49.49,23.07,3.58,208,2017,6.140003821484782,nasa_power,Kuruvai,Kuruvai-2017,3.36,2.44,3.72,9.52,synthetic_degraded,787.7,0.4501,stem_elongation,2,1.15,-134.06,0.0,3.378,0.5,0.0,35.62,42,-129.01,35.94
2017-07-28,32.49,39.41,27.71,2.97,53.67,21.15,3.09,209,2017,6.180296146894448,nasa_power,Kuruvai,Kuruvai-2017,1.6,4.55,47.26,53.41,synthetic_degraded,806.5,0.4609,stem_elongation,2,1.15,-134.29,0.0,3.374,0.5,0.0,35.6,43,-135.81,36.35
2017-07-29,30.9,34.83,27.68,2.93,61.61,19.54,2.27,210,2017,4.61609521373461,nasa_power,Kuruvai,Kuruvai-2017,6.28,22.59,3.28,32.15,synthetic_degraded,825.3,0.4716,stem_elongation,2,1.15,-135.2,0.0,2.5,0.5,0.0,35.54,44,-136.27,34.6
2017-07-30,29.87,33.02,27.09,7.23,69.59,14.59,2.26,211,2017,4.102391823949993,nasa_power,Kuruvai,Kuruvai-2017,17.81,4.44,7.42,29.67,synthetic_degraded,843.9,0.4822,stem_elongation,2,1.15,-135.27,0.0,2.302,0.5,0.0,35.53,45,-140.16,37.73
2017-07-31,28.97,31.8,26.45,24.91,77.95,20.38,1.87,212,2017,3.8221171120776045,nasa_power,Kuruvai,Kuruvai-2017,5.8,3.21,0.87,9.879999999999999,synthetic_degraded,862.1,0.4926,stem_elongation,2,1.15,-130.84,0.0,2.533,0.5,0.0,35.84,46,-125.75,35.44
2017-08-01,30.16,34.72,25.92,3.92,68.05,22.76,2.13,213,2017,5.028354484218436,nasa_power,Kuruvai,Kuruvai-2017,6.81,3.42,0.4,10.63,synthetic_degraded,880.1,0.5029,panicle_initiation,3,1.2,-108.96,163.3,6.034,1.0,0.0,37.37,47,-112.79,36.72
2017-08-02,30.37,35.91,26.03,4.01,66.13,20.66,2.71,214,2017,5.401588201595992,nasa_power,Kuruvai,Kuruvai-2017,1.37,0.16,0.38,1.9100000000000001,synthetic_degraded,898.1,0.5132,panicle_initiation,3,1.2,51.23,0.0,6.482,1.0,0.0,45.0,48,52.98,45.72
2017-08-03,30.73,36.08,26.26,0.85,61.06,21.96,3.63,215,2017,5.408813804472237,nasa_power,Kuruvai,Kuruvai-2017,0.15,0.45,14.44,15.04,synthetic_degraded,916.2,0.5236,panicle_initiation,3,1.2,47.75,0.0,6.491,1.0,0.0,45.0,49,47.39,42.25
2017-08-04,30.93,35.83,26.26,0.21,61.65,17.44,3.58,216,2017,5.327362633546545,nasa_power,Kuruvai,Kuruvai-2017,0.1,1.05,6.73,7.880000000000001,synthetic_degraded,934.4,0.5339,panicle_initiation,3,1.2,41.11,0.0,6.393,1.0,0.0,45.0,50,35.85,43.81
2017-08-05,30.75,35.92,26.6,0.34,61.36,14.08,4.27,217,2017,5.281838928032379,nasa_power,Kuruvai,Kuruvai-2017,0.39,4.74,15.52,20.65,synthetic_degraded,952.6,0.5444,panicle_initiation,3,1.2,33.93,0.0,6.338,1.0,0.0,45.0,51,30.88,46.47
2017-08-06,31.06,36.45,26.24,0.86,61.95,20.3,2.99,218,2017,5.539215328497817,nasa_power,Kuruvai,Kuruvai-2017,9.23,7.08,32.71,49.02,synthetic_degraded,970.8,0.5547,panicle_initiation,3,1.2,26.93,0.0,6.647,1.0,0.0,45.0,52,33.84,42.39
2017-08-07,29.9,34.44,26.42,4.87,67.71,18.61,2.67,219,2017,4.81902528641871,nasa_power,Kuruvai,Kuruvai-2017,7.2,29.94,10.0,47.14,synthetic_degraded,989.0,0.5651,panicle_initiation,3,1.2,20.14,0.0,5.783,1.0,0.0,45.0,53,21.15,46.68
2017-08-08,29.28,32.98,26.41,8.63,71.62,21.86,1.97,220,2017,4.296114266652653,nasa_power,Kuruvai,Kuruvai-2017,19.95,14.22,19.13,53.3,synthetic_degraded,1007.2,0.5755,panicle_initiation,3,1.2,18.23,0.0,5.155,1.0,0.0,45.0,54,13.18,47.27
2017-08-09,28.7,32.58,25.9,27.97,76.81,19.74,1.73,221,2017,4.291236779993812,nasa_power,Kuruvai,Kuruvai-2017,23.25,20.43,2.84,46.519999999999996,synthetic_degraded,1025.1,0.5858,panicle_initiation,3,1.2,20.71,0.0,5.149,1.0,0.0,45.0,55,22.24,44.45
2017-08-10,28.66,31.89,25.92,11.1,77.06,21.41,0.89,222,2017,4.028559634825182,nasa_power,Kuruvai,Kuruvai-2017,14.72,6.52,23.55,44.790000000000006,synthetic_degraded,1043.1,0.5961,panicle_initiation,3,1.2,42.53,0.0,4.834,1.0,0.0,45.0,56,41.8,45.44
2017-08-11,28.67,32.66,25.79,8.08,74.9,20.88,2.5,223,2017,4.351798929450053,nasa_power,Kuruvai,Kuruvai-2017,12.63,36.46,7.97,57.06,synthetic_degraded,1061.0,0.6063,panicle_initiation,3,1.2,47.79,0.0,5.222,1.0,0.0,45.0,57,65.06,46.68
2017-08-12,28.68,32.68,24.39,4.27,70.56,20.65,2.02,224,2017,4.710857747356565,nasa_power,Kuruvai,Kuruvai-2017,20.59,39.04,3.62,63.24999999999999,synthetic_degraded,1078.2,0.6161,panicle_initiation,3,1.2,49.65,0.0,5.653,1.0,0.0,45.0,58,51.08,44.3
2017-08-13,26.57,28.89,24.81,23.5,85.16,17.97,2.14,225,2017,3.184974619900674,nasa_power,Kuruvai,Kuruvai-2017,7.46,3.81,4.02,15.29,synthetic_degraded,1095.0,0.6257,flowering,4,1.2,47.27,0.0,3.822,1.0,0.0,45.0,59,45.37,46.3
2017-08-14,27.23,30.14,24.87,7.92,82.12,16.34,1.18,226,2017,3.6731204139535283,nasa_power,Kuruvai,Kuruvai-2017,3.35,6.07,3.66,13.08,synthetic_degraded,1112.5,0.6357,flowering,4,1.2,65.95,0.0,4.408,1.0,0.0,45.0,60,73.05,43.99
2017-08-15,27.81,32.4,23.76,3.02,75.21,18.23,1.84,227,2017,4.763006517743016,nasa_power,Kuruvai,Kuruvai-2017,10.23,4.37,5.98,20.580000000000002,synthetic_degraded,1129.4,0.6453,flowering,4,1.2,68.46,0.0,5.716,1.0,0.0,45.0,61,59.25,44.28
2017-08-16,28.06,32.26,24.82,4.88,76.35,24.06,2.35,228,2017,4.4642438810898355,nasa_power,Kuruvai,Kuruvai-2017,3.85,4.1,2.96,10.91,synthetic_degraded,1146.8,0.6553,flowering,4,1.2,64.76,0.0,5.357,1.0,0.0,45.0,62,65.23,43.8
2017-08-17,28.01,32.47,24.24,3.18,77.22,15.29,2.83,229,2017,4.6764406908059755,nasa_power,Kuruvai,Kuruvai-2017,8.94,2.56,2.78,14.28,synthetic_degraded,1163.9,0.6651,flowering,4,1.2,63.29,0.0,5.612,1.0,0.0,45.0,63,73.26,45.51
2017-08-18,27.76,31.41,24.83,6.45,77.65,17.45,2.83,230,2017,4.159960770850931,nasa_power,Kuruvai,Kuruvai-2017,5.28,2.13,1.34,8.75,synthetic_degraded,1181.3,0.675,flowering,4,1.2,59.85,0.0,4.992,1.0,0.0,45.0,64,59.27,46.74
2017-08-19,28.49,33.94,24.35,3.12,73.08,18.57,4.09,231,2017,5.133771195438429,nasa_power,Kuruvai,Kuruvai-2017,1.58,2.94,0.85,5.369999999999999,synthetic_degraded,1198.5,0.6848,flowering,4,1.2,60.31,0.0,6.161,1.0,0.0,45.0,65,51.64,44.72
2017-08-20,28.9,35.04,24.1,2.68,69.36,19.67,3.92,232,2017,5.5322101100403165,nasa_power,Kuruvai,Kuruvai-2017,3.09,1.72,5.07,9.879999999999999,synthetic_degraded,1215.5,0.6946,flowering,4,1.2,56.27,0.0,6.639,1.0,0.0,45.0,66,54.29,43.09
2017-08-21,28.7,34.55,24.24,2.2,71.78,20.06,3.49,233,2017,5.349898236612987,nasa_power,Kuruvai,Kuruvai-2017,2.37,1.59,9.94,13.899999999999999,synthetic_degraded,1232.6,0.7044,flowering,4,1.2,51.31,0.0,6.42,1.0,0.0,45.0,67,58.58,43.38
2017-08-22,28.95,33.98,24.27,1.86,71.14,16.7,2.44,234,2017,5.161215784133818,nasa_power,Kuruvai,Kuruvai-2017,0.48,13.02,5.2,18.7,synthetic_degraded,1249.8,0.7142,flowering,4,1.2,46.09,0.0,6.193,1.0,0.0,45.0,68,47.97,45.59
2017-08-23,29.21,34.14,25.42,1.49,71.9,21.83,1.88,235,2017,4.958183601960615,nasa_power,Kuruvai,Kuruvai-2017,3.06,1.21,3.24,7.51,synthetic_degraded,1267.5,0.7243,flowering,4,1.2,40.76,0.0,5.95,1.0,0.0,45.0,69,36.57,47.77
2017-08-24,27.85,30.44,25.92,7.98,80.42,13.3,1.4,236,2017,3.44876294522752,nasa_power,Kuruvai,Kuruvai-2017,0.52,2.33,0.49,3.34,synthetic_degraded,1285.4,0.7345,flowering,4,1.2,35.3,0.0,4.139,1.0,0.0,45.0,70,31.87,45.59
2017-08-25,29.17,33.85,25.0,0.82,72.73,11.53,1.91,237,2017,4.954923902532867,nasa_power,Kuruvai,Kuruvai-2017,3.19,0.87,0.16,4.22,synthetic_degraded,1302.9,0.7445,flowering,4,1.2,38.14,0.0,5.946,1.0,0.0,45.0,71,35.34,44.42
2017-08-26,29.34,34.37,25.2,2.51,70.65,24.14,2.77,238,2017,5.080411903462321,nasa_power,Kuruvai,Kuruvai-2017,1.24,0.48,0.36,2.08,synthetic_degraded,1320.5,0.7546,grain_filling,5,0.95,32.01,0.0,4.826,1.0,0.0,45.0,72,33.82,46.15
2017-08-27,29.18,34.52,25.25,1.18,71.32,14.12,3.76,239,2017,5.116804125479959,nasa_power,Kuruvai,Kuruvai-2017,0.32,0.21,1.66,2.19,synthetic_degraded,1338.2,0.7647,grain_filling,5,0.95,28.7,0.0,4.861,1.0,0.0,45.0,73,35.39,44.64
2017-08-28,29.15,34.43,25.27,0.29,69.72,16.64,3.97,240,2017,5.080453696057998,nasa_power,Kuruvai,Kuruvai-2017,6.46,1.29,3.13,10.879999999999999,synthetic_degraded,1355.8,0.7747,grain_filling,5,0.95,24.02,0.0,4.826,1.0,0.0,45.0,74,29.28,44.43
2017-08-29,29.38,34.87,25.37,0.15,67.26,17.13,4.33,241,2017,5.200757063186743,nasa_power,Kuruvai,Kuruvai-2017,1.5,2.07,6.95,10.52,synthetic_degraded,1373.5,0.7849,grain_filling,5,0.95,18.48,0.0,4.941,1.0,0.0,45.0,75,20.76,43.56
2017-08-30,29.98,36.16,25.05,2.66,67.64,23.67,2.85,242,2017,5.678221462829834,nasa_power,Kuruvai,Kuruvai-2017,2.35,9.58,9.44,21.369999999999997,synthetic_degraded,1391.0,0.7949,grain_filling,5,0.95,12.69,0.0,5.394,1.0,0.0,45.0,76,6.03,47.11
2017-08-31,28.82,32.55,25.27,2.38,75.74,18.74,1.74,243,2017,4.433006994819867,nasa_power,Kuruvai,Kuruvai-2017,10.2,12.93,0.98,24.11,synthetic_degraded,1408.6,0.8049,grain_filling,5,0.95,8.96,0.0,4.211,1.0,0.0,45.0,77,2.32,41.19
2017-09-01,27.35,29.31,26.06,8.89,85.22,16.54,1.06,244,2017,2.8825102693868776,nasa_power,Kuruvai,Kuruvai-2017,6.54,3.61,3.09,13.24,synthetic_degraded,1426.3,0.815,grain_filling,5,0.95,6.12,0.0,2.738,1.0,0.0,45.0,78,8.79,46.2
2017-09-02,28.48,31.94,25.57,9.11,80.2,21.26,1.11,245,2017,4.127767029748525,nasa_power,Kuruvai,Kuruvai-2017,1.32,2.73,4.23,8.280000000000001,synthetic_degraded,1444.1,0.8252,grain_filling,5,0.95,11.28,0.0,3.921,1.0,0.0,45.0,79,4.55,44.3
2017-09-03,28.71,34.03,24.05,1.3,74.25,22.07,1.81,246,2017,5.1946843227295965,nasa_power,Kuruvai,Kuruvai-2017,5.34,5.18,2.36,12.879999999999999,synthetic_degraded,1461.1,0.8349,grain_filling,5,0.95,15.46,0.0,4.935,1.0,0.0,45.0,80,14.33,44.38
2017-09-04,28.73,32.24,25.24,2.4,77.52,20.18,1.14,247,2017,4.319462656608227,nasa_power,Kuruvai,Kuruvai-2017,7.53,2.97,2.47,12.97,synthetic_degraded,1478.8,0.845,grain_filling,5,0.95,10.83,0.0,4.103,1.0,0.0,45.0,81,12.35,47.54
2017-09-05,28.99,32.74,25.8,3.98,79.81,21.96,1.65,248,2017,4.3464507898857905,nasa_power,Kuruvai,Kuruvai-2017,2.13,9.67,7.77,19.57,synthetic_degraded,1496.7,0.8552,grain_filling,5,0.95,8.13,0.0,4.129,1.0,0.0,45.0,82,2.44,43.93
2017-09-06,28.18,31.4,25.61,2.89,81.38,20.55,2.21,249,2017,3.9022353556469587,nasa_power,Kuruvai,Kuruvai-2017,9.88,6.13,1.89,17.900000000000002,synthetic_degraded,1514.5,0.8654,grain_filling,5,0.95,6.98,0.0,3.707,1.0,0.0,45.0,83,1.86,43.98
2017-09-07,28.3,32.32,25.74,3.96,81.02,18.49,1.98,250,2017,4.203369562138757,nasa_power,Kuruvai,Kuruvai-2017,6.79,3.29,1.6,11.68,synthetic_degraded,1532.3,0.8756,grain_filling,5,0.95,5.16,0.0,3.993,1.0,0.0,45.0,84,4.69,44.8
2017-09-08,27.78,31.55,25.0,6.89,82.42,19.35,1.94,251,2017,4.122295974025821,nasa_power,Kuruvai,Kuruvai-2017,5.18,1.3,3.13,9.61,synthetic_degraded,1549.8,0.8856,grain_filling,5,0.95,4.13,0.0,3.916,1.0,0.0,45.0,85,6.65,45.62
2017-09-09,27.76,31.13,25.15,3.26,81.55,13.89,1.43,252,2017,3.9234290961217977,nasa_power,Kuruvai,Kuruvai-2017,1.29,1.89,2.59,5.77,synthetic_degraded,1567.4,0.8957,grain_filling,5,0.95,6.1,0.0,3.727,1.0,0.0,45.0,86,11.41,44.34
2017-09-10,28.45,32.76,24.89,1.32,75.03,19.68,1.09,253,2017,4.563306810640293,nasa_power,Kuruvai,Kuruvai-2017,0.95,1.59,9.22,11.760000000000002,synthetic_degraded,1584.9,0.9056,ripening,6,0.65,4.63,0.0,2.966,1.0,0.0,45.0,87,7.67,42.64
2017-09-11,28.57,32.77,25.15,0.96,78.76,17.63,2.08,254,2017,4.498344612941301,nasa_power,Kuruvai,Kuruvai-2017,1.08,6.84,4.44,12.36,synthetic_degraded,1602.4,0.9157,ripening,6,0.65,1.99,0.0,2.924,1.0,0.0,45.0,88,2.36,43.7
2017-09-12,28.15,31.89,24.99,1.41,79.74,20.31,1.91,255,2017,4.228129778466517,nasa_power,Kuruvai,Kuruvai-2017,7.04,4.06,0.23,11.33,synthetic_degraded,1619.9,0.9257,ripening,6,0.65,-0.98,0.0,2.748,1.0,0.0,44.93,89,-4.71,46.85
2017-09-13,27.75,30.85,25.31,6.67,83.14,21.39,2.21,256,2017,3.754631020472226,nasa_power,Kuruvai,Kuruvai-2017,6.2,0.49,4.22,10.91,synthetic_degraded,1637.6,0.9358,ripening,6,0.65,-3.31,0.0,2.441,1.0,0.0,44.77,90,-8.66,44.88
2017-09-14,27.17,30.24,24.71,4.61,85.42,15.22,2.38,257,2017,3.697181643013127,nasa_power,Kuruvai,Kuruvai-2017,0.39,9.53,1.55,11.47,synthetic_degraded,1654.9,0.9457,ripening,6,0.65,-0.09,0.0,2.403,1.0,0.0,44.99,91,-2.64,45.67
2017-09-15,27.52,30.9,24.53,0.55,81.08,20.74,2.05,258,2017,3.9839375633962315,nasa_power,Kuruvai,Kuruvai-2017,14.03,0.54,1.63,16.2,synthetic_degraded,1672.2,0.9555,ripening,6,0.65,1.12,0.0,2.59,1.0,0.0,45.0,92,3.17,44.61
2017-09-16,27.51,30.87,24.71,7.65,83.51,18.14,2.69,259,2017,3.9189018154525175,nasa_power,Kuruvai,Kuruvai-2017,0.66,1.12,0.12,1.9000000000000004,synthetic_degraded,1689.6,0.9655,ripening,6,0.65,-1.92,0.0,2.547,1.0,0.0,44.87,93,-0.24,43.88
2017-09-17,27.78,32.65,24.63,0.87,76.49,11.21,4.0,260,2017,4.54859925386568,nasa_power,Kuruvai,Kuruvai-2017,6.53,0.14,0.04,6.71,synthetic_degraded,1706.9,0.9754,ripening,6,0.65,2.18,0.0,2.957,1.0,0.0,45.0,94,-8.32,47.52
2017-09-18,28.19,33.96,24.05,2.32,75.06,17.74,4.19,261,2017,5.088606791868539,nasa_power,Kuruvai,Kuruvai-2017,0.15,0.06,0.01,0.22,synthetic_degraded,1723.9,0.9851,ripening,6,0.65,-0.9,0.0,3.308,1.0,0.0,44.94,95,-4.83,44.66
2017-09-19,28.53,34.22,23.67,0.16,73.65,19.74,3.99,262,2017,5.235768999869368,nasa_power,Kuruvai,Kuruvai-2017,0.08,0.02,0.1,0.2,synthetic_degraded,1740.7,0.9947,ripening,6,0.65,-2.89,0.0,3.366,0.5,0.0,44.8,96,3.13,44.13
2017-09-20,28.86,34.56,24.03,0.04,71.39,20.65,3.92,263,2017,5.261809656989399,nasa_power,Kuruvai,Kuruvai-2017,0.01,0.24,0.57,0.82,synthetic_degraded,1757.8,1.0044,ripening,6,0.65,-6.6,0.0,3.33,0.5,0.0,44.54,97,-6.2,46.18
2017-09-21,28.8,34.75,23.42,0.01,67.76,23.9,3.45,264,2017,5.425002854823707,nasa_power,Kuruvai,Kuruvai-2017,0.19,0.3,6.06,6.55,synthetic_degraded,1774.5,1.014,ripening,6,0.65,-10.39,0.0,3.38,0.5,0.0,44.27,98,-17.48,43.19
2017-09-22,29.24,34.7,23.89,0.17,68.43,21.56,2.06,265,2017,5.31400173496419,nasa_power,Kuruvai,Kuruvai-2017,15.3,8.15,4.84,28.290000000000003,synthetic_degraded,1791.4,1.0237,ripening,6,0.65,-14.26,0.0,3.259,0.5,0.0,44.0,99,-2.48,43.11
2017-09-23,29.24,33.85,24.97,0.58,71.94,21.74,1.73,266,2017,4.819873182936746,nasa_power,Kuruvai,Kuruvai-2017,7.4,7.58,2.17,17.15,synthetic_degraded,1808.9,1.0337,ripening,6,0.65,-17.85,0.0,2.917,0.5,0.0,43.75,100,-17.99,43.77
2017-09-24,28.17,31.17,25.45,9.05,79.49,19.51,1.75,267,2017,3.771617554155557,nasa_power,Kuruvai,Kuruvai-2017,7.42,3.35,7.0,17.77,synthetic_degraded,1826.6,1.0438,ripening,6,0.65,-20.68,0.0,2.337,0.5,0.0,43.55,101,-18.76,43.55
2017-09-25,27.52,30.77,25.06,6.75,80.7,19.08,2.05,268,2017,3.729315786151924,nasa_power,Kuruvai,Kuruvai-2017,6.67,7.05,8.28,22.0,synthetic_degraded,1844.1,1.0538,ripening,6,0.65,-14.47,0.0,2.349,0.5,0.0,43.99,102,-12.47,44.38
2017-09-26,27.54,31.65,24.55,3.09,79.6,14.69,2.47,269,2017,4.16764586219297,nasa_power,Kuruvai,Kuruvai-2017,6.11,6.08,0.07,12.260000000000002,synthetic_degraded,1861.4,1.0637,ripening,6,0.65,-10.57,0.0,2.628,0.5,0.0,44.26,103,-12.41,47.4
2017-09-27,27.65,31.59,24.7,5.53,78.58,13.82,2.42,270,2017,4.10177956580421,nasa_power,Kuruvai,Kuruvai-2017,17.13,9.92,0.35,27.4,synthetic_degraded,1878.8,1.0736,ripening,6,0.65,-10.61,0.0,2.612,0.5,0.0,44.26,104,-14.25,44.76
2017-09-28,27.1,30.86,24.41,9.19,80.67,17.8,3.29,271,2017,3.916963620785723,nasa_power,Kuruvai,Kuruvai-2017,0.11,0.33,0.36,0.8,synthetic_degraded,1896.0,1.0834,ripening,6,0.65,-8.19,0.0,2.546,1.0,0.0,44.43,105,2.42,40.86
2017-09-29,27.88,33.67,22.89,0.08,74.07,17.16,2.92,272,2017,5.12548751540853,nasa_power,Kuruvai,Kuruvai-2017,0.56,0.55,0.27,1.3800000000000001,synthetic_degraded,1912.4,1.0928,ripening,6,0.65,-2.54,0.0,3.299,0.5,0.0,44.82,106,2.48,45.31
2017-09-30,29.26,34.77,24.24,0.27,73.45,17.52,2.75,273,2017,5.189775090875332,nasa_power,Kuruvai,Kuruvai-2017,0.37,0.22,3.24,3.83,synthetic_degraded,1929.5,1.1026,ripening,6,0.65,-6.26,0.0,3.292,0.5,0.0,44.56,107,-2.15,44.62
2017-10-01,29.47,34.14,25.47,0.38,73.02,15.83,2.51,274,2017,4.729154805396495,nasa_power,Kuruvai,Kuruvai-2017,3.4,2.24,6.46,12.100000000000001,synthetic_degraded,1947.3,1.1127,ripening,6,0.65,-9.79,0.0,2.958,0.5,0.0,44.31,108,-6.91,44.38
2017-10-02,29.65,34.8,24.99,0.31,71.0,22.55,2.3,275,2017,5.029251690754717,nasa_power,Kuruvai,Kuruvai-2017,4.53,1.42,5.77,11.719999999999999,synthetic_degraded,1964.8,1.1227,ripening,6,0.65,-12.86,0.0,3.105,0.5,0.0,44.1,109,-17.88,44.47
2017-10-03,29.17,33.17,25.91,2.62,75.48,21.92,2.47,276,2017,4.284972710492146,nasa_power,Kuruvai,Kuruvai-2017,3.39,4.66,4.58,12.63,synthetic_degraded,1982.7,1.133,ripening,6,0.65,-16.16,0.0,2.634,0.5,0.0,43.87,110,-9.77,43.83
2017-10-04,28.75,32.5,25.38,4.78,78.39,17.39,1.45,277,2017,4.180391707349004,nasa_power,Kuruvai,Kuruvai-2017,3.58,3.49,0.46,7.53,synthetic_degraded,2000.4,1.1431,ripening,6,0.65,-16.67,0.0,2.588,0.5,0.0,43.83,111,-20.89,43.75
2017-10-05,28.19,31.59,25.43,6.17,81.49,21.04,1.34,278,2017,3.8438985485542005,nasa_power,Kuruvai,Kuruvai-2017,12.62,0.42,0.82,13.86,synthetic_degraded,2018.1,1.1532,ripening,6,0.65,-14.98,0.0,2.41,0.5,0.0,43.95,112,-13.56,44.87
2017-10-06,27.37,29.88,25.55,4.42,84.09,16.3,2.18,279,2017,3.1601374693603344,nasa_power,Kuruvai,Kuruvai-2017,0.95,1.3,4.03,6.28,synthetic_degraded,2035.8,1.1633,ripening,6,0.65,-11.72,0.0,1.994,0.5,0.0,44.18,113,-19.92,43.37
2017-10-07,28.24,32.81,24.13,0.66,74.45,18.39,2.12,280,2017,4.537850904255505,nasa_power,Kuruvai,Kuruvai-2017,1.04,2.78,3.04,6.859999999999999,synthetic_degraded,2052.9,1.1731,ripening,6,0.65,-9.8,0.0,2.842,0.5,0.0,44.31,114,-20.0,42.89
2017-10-08,29.08,33.74,25.15,1.21,76.2,20.79,2.01,281,2017,4.5984330525430055,nasa_power,Kuruvai,Kuruvai-2017,5.48,0.9,10.15,16.53,synthetic_degraded,2070.5,1.1831,ripening,6,0.65,-12.48,0.0,2.854,0.5,0.0,44.13,115,-10.89,48.67
2017-10-09,28.64,31.94,25.71,2.85,80.44,20.59,1.35,282,2017,3.855410283327251,nasa_power,Kuruvai,Kuruvai-2017,3.39,9.11,5.71,18.21,synthetic_degraded,2088.3,1.1933,ripening,6,0.65,-14.62,0.0,2.388,0.5,0.0,43.98,116,-18.67,42.91
2017-10-10,28.5,32.17,25.51,2.49,80.59,21.62,1.41,283,2017,3.9777545261361884,nasa_power,Kuruvai,Kuruvai-2017,20.03,3.31,0.0,23.34,synthetic_degraded,2106.1,1.2035,ripening,6,0.65,-14.66,0.0,2.46,0.5,0.0,43.97,117,-24.61,44.12
2017-10-11,27.27,30.35,24.73,8.27,78.49,19.85,2.52,284,2017,3.5433288307445654,nasa_power,Kuruvai,Kuruvai-2017,2.51,0.0,0.0,2.51,synthetic_degraded,2123.5,1.2134,ripening,6,0.65,-15.13,0.0,2.24,0.5,0.0,43.94,118,-12.43,41.7
2017-10-12,28.22,33.33,23.42,5.03,73.78,8.45,1.54,285,2017,4.77980808314761,nasa_power,Kuruvai,Kuruvai-2017,0.0,0.0,0.0,0.0,synthetic_degraded,2140.2,1.223,ripening,6,0.65,-9.6,0.0,3.05,0.5,0.0,44.33,119,1.0,44.5
2018-06-15,31.65,38.21,26.09,0.38,52.06,18.11,4.42,166,2018,6.077316209127098,nasa_power,Kuruvai,Kuruvai-2018,7.18,4.61,0.25,12.04,synthetic_degraded,18.0,0.0103,establishment,0,1.05,40.0,0.0,6.381,1.0,0.0,45.0,0,38.86,42.61
2018-06-16,30.62,38.0,26.16,10.93,58.71,20.23,3.62,167,2018,5.996951315249107,nasa_power,Kuruvai,Kuruvai-2018,3.43,0.24,6.47,10.14,synthetic_degraded,36.1,0.0206,establishment,0,1.05,33.0,0.0,6.297,1.0,0.0,45.0,1,32.81,45.07
2018-06-17,29.7,35.27,24.96,3.22,60.68,22.16,3.95,168,2018,5.374540309994064,nasa_power,Kuruvai,Kuruvai-2018,0.58,0.27,0.17,1.02,synthetic_degraded,53.6,0.0306,establishment,0,1.05,36.63,0.0,5.643,1.0,0.0,45.0,2,33.03,45.59
2018-06-18,30.67,37.49,24.77,0.36,53.79,23.24,4.4,169,2018,6.095098518880214,nasa_power,Kuruvai,Kuruvai-2018,0.8,0.79,0.36,1.9500000000000002,synthetic_degraded,71.0,0.0406,establishment,0,1.05,33.21,0.0,6.4,1.0,0.0,45.0,3,36.26,42.85
2018-06-19,30.84,36.67,25.43,0.45,59.92,22.94,4.32,170,2018,5.719267596213676,nasa_power,Kuruvai,Kuruvai-2018,0.49,0.97,1.21,2.67,synthetic_degraded,88.7,0.0507,establishment,0,1.05,26.17,0.0,6.005,1.0,0.0,45.0,4,25.95,46.17
2018-06-20,30.82,36.55,26.11,0.38,60.51,20.83,4.64,171,2018,5.54280737247776,nasa_power,Kuruvai,Kuruvai-2018,0.42,0.49,0.23,1.14,synthetic_degraded,106.8,0.061,establishment,0,1.05,19.61,0.0,5.82,1.0,0.0,45.0,5,20.44,45.9
2018-06-21,29.82,34.2,26.34,0.93,64.04,20.67,3.78,172,2018,4.705086778262644,nasa_power,Kuruvai,Kuruvai-2018,1.49,0.11,0.75,2.35,synthetic_degraded,124.9,0.0714,establishment,0,1.05,13.17,0.0,4.94,1.0,0.0,45.0,6,14.96,44.18
2018-06-22,30.45,35.84,25.71,0.65,59.26,18.31,3.84,173,2018,5.397077584559096,nasa_power,Kuruvai,Kuruvai-2018,0.09,0.9,0.88,1.87,synthetic_degraded,142.8,0.0816,establishment,0,1.05,8.16,0.0,5.667,1.0,0.0,45.0,7,2.39,44.74
2018-06-23,31.19,37.51,25.94,0.15,55.39,18.65,3.93,174,2018,5.88031512423395,nasa_power,Kuruvai,Kuruvai-2018,2.41,0.64,2.56,5.61,synthetic_degraded,160.8,0.0919,establishment,0,1.05,2.15,0.0,6.174,1.0,0.0,45.0,8,-2.32,42.08
2018-06-24,30.99,36.39,26.65,1.21,57.59,21.23,3.38,175,2018,5.372664161629454,nasa_power,Kuruvai,Kuruvai-2018,1.71,0.91,2.03,4.65,synthetic_degraded,179.1,0.1023,establishment,0,1.05,-4.88,0.0,5.559,0.5,0.0,44.66,9,-15.93,44.16
2018-06-25,30.45,36.11,25.25,0.88,54.92,22.19,4.11,176,2018,5.576372131690385,nasa_power,Kuruvai,Kuruvai-2018,2.1,0.86,0.57,3.53,synthetic_degraded,196.7,0.1124,establishment,0,1.05,-9.73,0.0,5.648,0.5,0.0,44.32,10,-6.91,44.33
2018-06-26,29.81,35.78,25.23,1.62,58.07,19.43,4.88,177,2018,5.476321327823591,nasa_power,Kuruvai,Kuruvai-2018,1.14,0.49,1.19,2.82,synthetic_degraded,214.3,0.1225,establishment,0,1.05,-14.99,0.0,5.443,0.5,0.0,43.95,11,-21.05,44.2
2018-06-27,30.42,36.12,25.99,1.68,58.33,17.46,4.25,178,2018,5.427376553145312,nasa_power,Kuruvai,Kuruvai-2018,0.57,0.56,3.51,4.64,synthetic_degraded,232.3,0.1328,establishment,0,1.05,-19.32,84.76,5.699,1.0,0.0,43.65,12,-18.66,44.22
2018-06-28,30.16,36.66,25.31,0.53,58.19,17.96,4.53,179,2018,5.736872323049551,nasa_power,Kuruvai,Kuruvai-2018,0.59,8.03,12.43,21.049999999999997,synthetic_degraded,250.0,0.1428,establishment,0,1.05,60.43,0.0,6.024,1.0,0.0,45.0,13,62.28,45.37
2018-06-29,30.19,36.07,25.89,0.73,58.17,20.63,2.65,180,2018,5.432883107192349,nasa_power,Kuruvai,Kuruvai-2018,4.94,13.99,13.28,32.21,synthetic_degraded,267.9,0.1531,tillering,1,1.1,53.93,0.0,5.976,1.0,0.0,45.0,14,56.94,44.6
2018-06-30,29.79,35.58,25.61,4.88,61.06,19.35,2.06,181,2018,5.3345198871431645,nasa_power,Kuruvai,Kuruvai-2018,10.96,15.09,13.12,39.17,synthetic_degraded,285.7,0.1633,tillering,1,1.1,47.69,0.0,5.868,1.0,0.0,45.0,15,41.67,45.43
2018-07-01,28.94,33.45,25.17,12.26,70.6,19.23,1.91,182,2018,4.732785493057204,nasa_power,Kuruvai,Kuruvai-2018,5.35,8.24,0.91,14.5,synthetic_degraded,303.3,0.1733,tillering,1,1.1,45.7,0.0,5.206,1.0,0.0,45.0,16,45.37,46.5
2018-07-02,29.27,35.06,24.76,13.39,70.08,20.44,2.73,183,2018,5.346460604170349,nasa_power,Kuruvai,Kuruvai-2018,19.07,1.03,0.65,20.75,synthetic_degraded,320.7,0.1832,tillering,1,1.1,51.75,0.0,5.881,1.0,0.0,45.0,17,60.1,44.86
2018-07-03,28.26,33.0,24.41,11.51,73.41,22.41,2.42,184,2018,4.7598434924682165,nasa_power,Kuruvai,Kuruvai-2018,8.89,0.74,0.09,9.72,synthetic_degraded,337.9,0.1931,tillering,1,1.1,58.26,0.0,5.236,1.0,0.0,45.0,18,66.83,45.48
2018-07-04,29.75,35.06,25.27,1.09,67.13,22.29,2.62,185,2018,5.241775548066823,nasa_power,Kuruvai,Kuruvai-2018,0.51,0.12,0.0,0.63,synthetic_degraded,355.5,0.2032,tillering,1,1.1,63.54,0.0,5.766,1.0,0.0,45.0,19,68.48,44.72
2018-07-05,30.27,36.38,25.3,0.63,63.11,24.28,3.11,186,2018,5.655878827306422,nasa_power,Kuruvai,Kuruvai-2018,0.07,0.0,1.61,1.6800000000000002,synthetic_degraded,373.2,0.2132,tillering,1,1.1,57.86,0.0,6.221,1.0,0.0,45.0,20,59.55,44.03
2018-07-06,30.88,37.64,25.09,0.09,59.49,19.18,3.94,187,2018,6.085498497801546,nasa_power,Kuruvai,Kuruvai-2018,0.0,0.46,0.64,1.1,synthetic_degraded,390.7,0.2233,tillering,1,1.1,51.27,0.0,6.694,1.0,0.0,45.0,21,46.24,45.78
2018-07-07,29.57,33.83,26.46,0.0,60.34,14.24,4.56,188,2018,4.548667816224233,nasa_power,Kuruvai,Kuruvai-2018,0.19,1.0,0.8,1.99,synthetic_degraded,409.0,0.2337,tillering,1,1.1,43.66,0.0,5.004,1.0,0.0,45.0,22,47.25,44.17
2018-07-08,29.33,33.41,25.64,0.28,64.26,14.3,4.56,189,2018,4.611096270107528,nasa_power,Kuruvai,Kuruvai-2018,0.36,1.26,0.39,2.0100000000000002,synthetic_degraded,426.8,0.2439,tillering,1,1.1,37.66,0.0,5.072,1.0,0.0,45.0,23,36.87,45.58
2018-07-09,29.12,33.24,26.06,1.0,68.01,17.43,4.8,190,2018,4.445330783038338,nasa_power,Kuruvai,Kuruvai-2018,1.06,0.36,0.09,1.51,synthetic_degraded,444.8,0.2542,tillering,1,1.1,31.87,0.0,4.89,1.0,0.0,45.0,24,34.67,45.04
2018-07-10,29.05,33.18,25.52,0.88,68.36,18.57,4.07,191,2018,4.5636324898898275,nasa_power,Kuruvai,Kuruvai-2018,0.57,0.91,0.12,1.6,synthetic_degraded,462.6,0.2643,tillering,1,1.1,26.98,0.0,5.02,1.0,0.0,45.0,25,23.82,44.54
2018-07-11,29.05,33.79,25.18,0.45,65.7,13.55,5.46,192,2018,4.8534939029309925,nasa_power,Kuruvai,Kuruvai-2018,0.07,0.36,0.09,0.52,synthetic_degraded,480.1,0.2744,tillering,1,1.1,21.84,0.0,5.339,1.0,0.0,45.0,26,20.98,44.51
2018-07-12,29.68,35.78,25.2,0.08,62.29,20.95,5.29,193,2018,5.496043103866934,nasa_power,Kuruvai,Kuruvai-2018,0.19,0.08,0.03,0.30000000000000004,synthetic_degraded,497.7,0.2844,tillering,1,1.1,15.95,0.0,6.046,1.0,0.0,45.0,27,16.77,44.24
2018-07-13,30.2,36.67,25.46,0.32,62.48,16.93,4.89,194,2018,5.726333307423506,nasa_power,Kuruvai,Kuruvai-2018,1.68,0.05,0.07,1.8,synthetic_degraded,515.5,0.2946,tillering,1,1.1,8.98,0.0,6.299,1.0,0.0,45.0,28,10.21,42.53
2018-07-14,29.91,34.07,26.15,0.06,64.09,17.25,4.68,195,2018,4.720579882709584,nasa_power,Kuruvai,Kuruvai-2018,0.02,0.05,0.24,0.31,synthetic_degraded,533.6,0.3049,tillering,1,1.1,2.01,0.0,5.193,1.0,0.0,45.0,29,4.48,45.57
2018-07-15,29.86,34.47,26.28,0.04,62.97,15.97,5.62,196,2018,4.828423782884094,nasa_power,Kuruvai,Kuruvai-2018,2.29,0.26,0.11,2.6599999999999997,synthetic_degraded,551.7,0.3153,tillering,1,1.1,-4.13,0.0,5.224,0.5,0.0,44.71,30,-7.03,45.06
2018-07-16,30.18,36.22,25.53,0.04,60.4,18.34,5.84,197,2018,5.575395103169487,nasa_power,Kuruvai,Kuruvai-2018,0.21,0.08,6.15,6.44,synthetic_degraded,569.5,0.3254,tillering,1,1.1,-9.81,0.0,5.893,0.5,0.0,44.31,31,-16.53,45.58
2018-07-17,30.79,37.4,25.89,0.3,56.16,20.54,6.1,198,2018,5.87873093102805,nasa_power,Kuruvai,Kuruvai-2018,0.16,3.33,15.64,19.130000000000003,synthetic_degraded,587.4,0.3357,tillering,1,1.1,-16.16,0.0,6.056,0.5,0.0,43.87,32,-8.04,43.07
2018-07-18,30.53,35.97,26.53,0.11,59.44,17.57,5.51,199,2018,5.283167402095673,nasa_power,Kuruvai,Kuruvai-2018,2.21,1.05,0.03,3.2899999999999996,synthetic_degraded,605.7,0.3461,tillering,1,1.1,-22.42,0.0,5.293,0.5,0.0,43.43,33,-9.97,46.27
2018-07-19,30.17,35.62,26.5,2.6,62.82,15.46,4.95,200,2018,5.1745039354296685,nasa_power,Kuruvai,Kuruvai-2018,0.71,0.02,0.01,0.74,synthetic_degraded,623.9,0.3565,stem_elongation,2,1.15,-28.1,0.0,5.344,0.5,0.0,43.03,34,-25.86,42.46
2018-07-20,29.67,34.73,25.89,0.87,63.63,17.06,4.9,201,2018,5.017992198320044,nasa_power,Kuruvai,Kuruvai-2018,0.05,0.02,0.34,0.41000000000000003,synthetic_degraded,641.9,0.3668,stem_elongation,2,1.15,-31.35,0.0,5.067,0.5,0.0,42.81,35,-37.97,41.5
2018-07-21,30.35,35.9,26.32,0.02,60.42,16.29,5.34,202,2018,5.3125282103098925,nasa_power,Kuruvai,Kuruvai-2018,0.01,0.19,7.14,7.34,synthetic_degraded,660.0,0.3772,stem_elongation,2,1.15,-36.04,0.0,5.229,0.5,0.0,42.48,36,-39.91,40.99
2018-07-22,30.85,37.14,25.47,0.01,58.63,19.55,4.77,203,2018,5.888917935956661,nasa_power,Kuruvai,Kuruvai-2018,0.33,0.46,1.17,1.96,synthetic_degraded,677.8,0.3873,stem_elongation,2,1.15,-41.75,0.0,5.641,0.5,0.0,42.08,37,-39.2,39.48
2018-07-23,31.3,37.9,25.82,0.28,57.66,18.47,4.47,204,2018,6.061341409114819,nasa_power,Kuruvai,Kuruvai-2018,0.51,1.67,0.2,2.38,synthetic_degraded,695.7,0.3975,stem_elongation,2,1.15,-47.88,0.0,5.643,0.5,0.0,41.65,38,-41.17,43.95
2018-07-24,31.05,37.16,26.01,0.6,58.77,18.75,4.3,205,2018,5.793158638915807,nasa_power,Kuruvai,Kuruvai-2018,0.61,0.4,6.37,7.38,synthetic_degraded,713.7,0.4078,stem_elongation,2,1.15,-53.75,0.0,5.246,0.5,0.0,41.24,39,-59.81,43.3
2018-07-25,31.1,37.18,26.34,0.8,58.52,22.17,3.81,206,2018,5.7343324354823455,nasa_power,Kuruvai,Kuruvai-2018,0.1,0.07,0.07,0.24000000000000002,synthetic_degraded,731.8,0.4182,stem_elongation,2,1.15,-58.89,0.0,5.062,0.5,0.0,40.88,40,-59.51,41.78
2018-07-26,30.75,36.41,26.48,0.27,60.04,17.65,3.86,207,2018,5.455402401892512,nasa_power,Kuruvai,Kuruvai-2018,0.12,0.1,0.24,0.45999999999999996,synthetic_degraded,750.1,0.4286,stem_elongation,2,1.15,-63.66,0.0,4.683,0.5,0.0,40.54,41,-62.68,39.2
2018-07-27,30.97,37.0,26.03,0.08,58.22,15.86,4.03,208,2018,5.744126945214424,nasa_power,Kuruvai,Kuruvai-2018,0.11,0.25,0.55,0.91,synthetic_degraded,768.1,0.4389,stem_elongation,2,1.15,-68.57,0.0,4.796,0.5,0.0,40.2,42,-64.25,42.92
2018-07-28,30.93,36.6,26.18,0.09,57.8,19.39,3.47,209,2018,5.586014030341608,nasa_power,Kuruvai,Kuruvai-2018,0.21,0.18,5.78,6.17,synthetic_degraded,786.2,0.4493,stem_elongation,2,1.15,-73.79,0.0,4.53,0.5,0.0,39.84,43,-75.51,39.31
2018-07-29,30.69,35.55,26.88,0.23,60.5,18.43,3.8,210,2018,5.078985967797841,nasa_power,Kuruvai,Kuruvai-2018,0.57,2.79,0.77,4.13,synthetic_degraded,804.6,0.4598,stem_elongation,2,1.15,-78.73,0.0,4.007,0.5,0.0,39.49,44,-86.55,39.09
2018-07-30,30.02,33.54,27.08,0.61,64.46,15.47,3.73,211,2018,4.304612739130661,nasa_power,Kuruvai,Kuruvai-2018,5.85,0.42,0.25,6.52,synthetic_degraded,823.2,0.4704,stem_elongation,2,1.15,-83.0,0.0,3.319,0.5,0.0,39.19,45,-79.89,41.35
2018-07-31,29.98,34.17,26.64,4.2,62.89,17.51,3.98,212,2018,4.6581384543602535,nasa_power,Kuruvai,Kuruvai-2018,0.21,0.33,2.13,2.67,synthetic_degraded,841.5,0.4809,stem_elongation,2,1.15,-86.21,0.0,3.6,0.5,0.0,38.97,46,-80.59,39.96
2018-08-01,30.65,36.54,25.59,0.43,59.13,18.99,4.19,213,2018,5.695920178176514,nasa_power,Kuruvai,Kuruvai-2018,0.3,3.31,0.32,3.9299999999999997,synthetic_degraded,859.3,0.491,stem_elongation,2,1.15,-86.11,0.0,4.305,0.5,0.0,38.97,47,-86.52,42.27
2018-08-02,31.28,38.21,25.8,0.39,57.38,20.37,3.69,214,2018,6.182285816714671,nasa_power,Kuruvai,Kuruvai-2018,1.78,1.03,1.02,3.83,synthetic_degraded,877.2,0.5012,panicle_initiation,3,1.2,-90.49,0.0,4.745,0.5,0.0,38.67,48,-88.46,39.04
2018-08-03,29.31,33.43,26.38,2.96,63.71,15.91,4.46,215,2018,4.464518656108498,nasa_power,Kuruvai,Kuruvai-2018,1.38,9.97,0.45,11.8,synthetic_degraded,895.4,0.5116,panicle_initiation,3,1.2,-95.34,134.9,5.357,1.0,0.0,38.33,49,-97.71,37.73
2018-08-04,30.55,37.23,24.68,0.62,56.08,18.92,3.67,216,2018,6.089437832247087,nasa_power,Kuruvai,Kuruvai-2018,0.61,0.24,0.02,0.87,synthetic_degraded,912.7,0.5216,panicle_initiation,3,1.2,36.16,0.0,7.307,1.0,0.0,45.0,50,31.93,44.08
2018-08-05,30.83,36.28,26.41,0.41,57.31,17.9,3.57,217,2018,5.444870672351747,nasa_power,Kuruvai,Kuruvai-2018,0.14,0.02,0.05,0.21000000000000002,synthetic_degraded,930.9,0.532,panicle_initiation,3,1.2,28.47,0.0,6.534,1.0,0.0,45.0,51,33.6,42.23
2018-08-06,31.24,37.87,26.01,0.39,55.23,19.91,5.41,218,2018,6.0423261400176616,nasa_power,Kuruvai,Kuruvai-2018,0.01,2.84,0.4,3.2499999999999996,synthetic_degraded,948.9,0.5422,panicle_initiation,3,1.2,21.35,0.0,7.251,1.0,0.0,45.0,52,23.29,44.58
2018-08-07,30.98,38.16,25.13,0.02,54.24,16.92,5.63,219,2018,6.297226989793621,nasa_power,Kuruvai,Kuruvai-2018,0.09,0.37,3.07,3.53,synthetic_degraded,966.5,0.5523,panicle_initiation,3,1.2,13.49,0.0,7.557,1.0,0.0,45.0,53,15.94,46.72
2018-08-08,30.53,36.78,25.87,0.1,56.09,18.66,5.53,220,2018,5.72611658301207,nasa_power,Kuruvai,Kuruvai-2018,0.32,2.14,0.45,2.91,synthetic_degraded,984.4,0.5625,panicle_initiation,3,1.2,4.95,0.0,6.871,1.0,0.0,45.0,54,12.46,45.9
2018-08-09,30.8,36.74,25.56,0.4,55.2,19.15,4.54,221,2018,5.776975585134464,nasa_power,Kuruvai,Kuruvai-2018,1.34,7.59,1.75,10.68,synthetic_degraded,1002.2,0.5727,panicle_initiation,3,1.2,-2.82,63.61,6.932,1.0,0.0,44.8,55,-8.09,44.83
2018-08-10,29.93,34.4,26.14,2.44,60.53,16.11,4.1,222,2018,4.87711954295878,nasa_power,Kuruvai,Kuruvai-2018,1.2,0.39,1.73,3.32,synthetic_degraded,1020.3,0.583,panicle_initiation,3,1.2,53.26,0.0,5.853,1.0,0.0,45.0,56,50.5,43.51
2018-08-11,30.39,36.49,25.77,0.5,57.3,9.15,4.91,223,2018,5.6563237181923425,nasa_power,Kuruvai,Kuruvai-2018,1.24,0.51,1.27,3.02,synthetic_degraded,1038.2,0.5932,panicle_initiation,3,1.2,48.85,0.0,6.788,1.0,0.0,45.0,57,49.64,45.34
2018-08-12,29.27,34.47,25.81,1.08,61.13,14.48,5.47,224,2018,4.98161927642968,nasa_power,Kuruvai,Kuruvai-2018,0.76,1.29,1.57,3.62,synthetic_degraded,1056.1,0.6035,panicle_initiation,3,1.2,41.56,0.0,5.978,1.0,0.0,45.0,58,38.74,46.52
2018-08-13,29.67,35.81,24.93,0.61,57.6,17.32,5.28,225,2018,5.6110679126726355,nasa_power,Kuruvai,Kuruvai-2018,6.44,1.75,0.9,9.090000000000002,synthetic_degraded,1073.5,0.6134,panicle_initiation,3,1.2,35.66,0.0,6.733,1.0,0.0,45.0,59,39.58,45.65
2018-08-14,30.15,35.8,26.1,1.29,58.44,11.87,5.81,226,2018,5.362214845044893,nasa_power,Kuruvai,Kuruvai-2018,3.45,2.01,0.33,5.79,synthetic_degraded,1091.6,0.6238,flowering,4,1.2,28.54,0.0,6.435,1.0,0.0,45.0,60,27.6,45.25
2018-08-15,28.86,31.47,26.6,2.49,65.04,16.25,6.17,227,2018,3.650361711656113,nasa_power,Kuruvai,Kuruvai-2018,1.13,0.23,0.51,1.8699999999999999,synthetic_degraded,1109.9,0.6342,flowering,4,1.2,22.39,0.0,4.38,1.0,0.0,45.0,61,17.43,43.8
2018-08-16,29.62,35.48,25.86,1.34,61.13,19.08,6.31,228,2018,5.309650931876629,nasa_power,Kuruvai,Kuruvai-2018,0.14,0.19,0.02,0.35000000000000003,synthetic_degraded,1127.8,0.6445,flowering,4,1.2,19.5,0.0,6.372,1.0,0.0,45.0,62,19.83,46.3
2018-08-17,31.16,37.81,26.29,0.16,57.11,17.64,5.39,229,2018,5.975691382512361,nasa_power,Kuruvai,Kuruvai-2018,0.25,0.02,0.0,0.27,synthetic_degraded,1146.0,0.6548,flowering,4,1.2,13.47,47.62,7.171,1.0,0.0,45.0,63,14.32,40.3
2018-08-18,30.44,35.66,26.25,0.19,58.22,18.25,5.41,230,2018,5.28187819148937,nasa_power,Kuruvai,Kuruvai-2018,0.01,0.0,0.01,0.02,synthetic_degraded,1164.1,0.6652,flowering,4,1.2,53.08,0.0,6.338,1.0,0.0,45.0,64,57.75,45.57
2018-08-19,30.5,36.3,25.93,0.02,57.63,13.42,4.97,231,2018,5.562490701210289,nasa_power,Kuruvai,Kuruvai-2018,0.0,0.02,0.04,0.06,synthetic_degraded,1182.0,0.6755,flowering,4,1.2,45.94,0.0,6.675,1.0,0.0,45.0,65,47.91,48.86
2018-08-20,31.09,37.37,26.07,0.0,54.58,18.49,5.0,232,2018,5.8776873089068165,nasa_power,Kuruvai,Kuruvai-2018,0.02,0.03,1.15,1.2,synthetic_degraded,1200.1,0.6858,flowering,4,1.2,38.28,0.0,7.053,1.0,0.0,45.0,66,40.59,42.74
2018-08-21,31.75,39.02,25.7,0.02,51.9,23.68,4.72,233,2018,6.462935747382845,nasa_power,Kuruvai,Kuruvai-2018,0.05,1.26,2.62,3.93,synthetic_degraded,1217.9,0.696,flowering,4,1.2,30.23,0.0,7.756,1.0,0.0,45.0,67,31.83,44.64
2018-08-22,31.34,37.38,26.21,0.03,51.17,22.59,3.77,234,2018,5.850629568115808,nasa_power,Kuruvai,Kuruvai-2018,0.84,3.29,2.42,6.55,synthetic_degraded,1236.0,0.7063,flowering,4,1.2,21.49,0.0,7.021,1.0,0.0,45.0,68,20.55,44.99
2018-08-23,31.19,36.47,27.1,1.37,54.98,21.32,3.03,235,2018,5.356240112091779,nasa_power,Kuruvai,Kuruvai-2018,1.94,2.58,3.23,7.75,synthetic_degraded,1254.6,0.7169,flowering,4,1.2,13.5,0.0,6.427,1.0,0.0,45.0,69,9.92,44.31
2018-08-24,30.28,34.92,26.55,2.94,59.93,16.17,2.71,236,2018,4.9538507988280225,nasa_power,Kuruvai,Kuruvai-2018,1.09,2.02,4.5,7.61,synthetic_degraded,1272.9,0.7273,flowering,4,1.2,7.44,0.0,5.945,1.0,0.0,45.0,70,8.88,46.55
2018-08-25,30.67,35.08,26.37,1.84,60.1,16.64,1.81,237,2018,5.0508911422991085,nasa_power,Kuruvai,Kuruvai-2018,3.94,3.12,2.1,9.16,synthetic_degraded,1291.0,0.7377,flowering,4,1.2,3.44,34.73,6.061,1.0,0.0,45.0,71,1.77,45.71
2018-08-26,30.78,36.89,26.23,3.52,59.19,18.67,2.42,238,2018,5.681956922293539,nasa_power,Kuruvai,Kuruvai-2018,5.15,0.95,1.43,7.53,synthetic_degraded,1309.2,0.7481,flowering,4,1.2,32.95,0.0,6.818,1.0,0.0,45.0,72,41.4,45.23
2018-08-27,30.67,36.63,26.66,5.0,59.01,18.64,2.98,239,2018,5.502335892527855,nasa_power,Kuruvai,Kuruvai-2018,1.7,2.48,13.68,17.86,synthetic_degraded,1327.5,0.7586,grain_filling,5,0.95,28.65,0.0,5.227,1.0,0.0,45.0,73,35.36,46.2
2018-08-28,30.3,37.23,24.55,2.09,61.9,17.49,3.25,240,2018,6.107890702896686,nasa_power,Kuruvai,Kuruvai-2018,0.63,11.09,4.63,16.35,synthetic_degraded,1344.8,0.7684,grain_filling,5,0.95,27.43,0.0,5.802,1.0,0.0,45.0,74,30.59,45.03
2018-08-29,30.35,36.62,25.15,1.0,60.85,21.17,2.93,241,2018,5.805837000888613,nasa_power,Kuruvai,Kuruvai-2018,8.9,4.47,6.96,20.330000000000002,synthetic_degraded,1362.3,0.7785,grain_filling,5,0.95,22.71,0.0,5.516,1.0,0.0,45.0,75,24.6,49.77
2018-08-30,30.08,36.09,25.74,6.52,64.53,22.0,2.69,242,2018,5.515665937783854,nasa_power,Kuruvai,Kuruvai-2018,3.48,2.55,0.58,6.609999999999999,synthetic_degraded,1380.2,0.7887,grain_filling,5,0.95,17.2,0.0,5.24,1.0,0.0,45.0,76,16.76,45.23
2018-08-31,28.78,33.52,25.11,3.56,69.87,15.44,2.47,243,2018,4.805958905885327,nasa_power,Kuruvai,Kuruvai-2018,3.93,1.41,9.54,14.879999999999999,synthetic_degraded,1397.8,0.7987,grain_filling,5,0.95,17.48,0.0,4.566,1.0,0.0,45.0,77,11.17,45.29
2018-09-01,27.84,30.98,25.03,4.85,70.65,15.26,2.71,244,2018,3.927646146859346,nasa_power,Kuruvai,Kuruvai-2018,0.46,0.15,0.27,0.88,synthetic_degraded,1415.3,0.8087,grain_filling,5,0.95,15.47,0.0,3.731,1.0,0.0,45.0,78,14.39,42.43
2018-09-02,28.96,33.33,25.19,0.63,69.47,13.44,1.91,245,2018,4.716754320823531,nasa_power,Kuruvai,Kuruvai-2018,0.4,0.22,0.02,0.64,synthetic_degraded,1432.9,0.8188,grain_filling,5,0.95,15.59,0.0,4.481,1.0,0.0,45.0,79,16.1,44.18
2018-09-03,30.36,35.86,25.73,0.2,61.85,24.21,2.36,246,2018,5.429668472553537,nasa_power,Kuruvai,Kuruvai-2018,0.19,0.03,0.01,0.23,synthetic_degraded,1450.7,0.829,grain_filling,5,0.95,10.74,0.0,5.158,1.0,0.0,45.0,80,11.89,46.72
2018-09-04,30.67,37.14,25.73,0.2,61.91,24.24,2.62,247,2018,5.83406265904011,nasa_power,Kuruvai,Kuruvai-2018,0.04,0.01,0.0,0.05,synthetic_degraded,1468.6,0.8392,grain_filling,5,0.95,4.78,0.0,5.542,1.0,0.0,45.0,81,7.13,43.0
2018-09-05,30.8,37.27,25.7,0.02,58.99,23.39,2.61,248,2018,5.876141886133554,nasa_power,Kuruvai,Kuruvai-2018,0.01,0.0,0.02,0.03,synthetic_degraded,1486.5,0.8494,grain_filling,5,0.95,-1.56,0.0,5.548,0.5,0.0,44.89,82,3.05,41.65
2018-09-06,31.05,38.28,25.67,0.01,56.4,22.43,3.22,249,2018,6.190348524636016,nasa_power,Kuruvai,Kuruvai-2018,0.0,0.02,0.44,0.46,synthetic_degraded,1504.3,0.8596,grain_filling,5,0.95,-7.59,0.0,5.703,0.5,0.0,44.47,83,-11.05,44.52
2018-09-07,31.66,39.01,25.39,0.0,50.07,24.22,3.77,250,2018,6.456825189535792,nasa_power,Kuruvai,Kuruvai-2018,0.02,1.99,2.47,4.48,synthetic_degraded,1522.0,0.8697,grain_filling,5,0.95,-13.78,0.0,5.796,0.5,0.0,44.04,84,-17.2,46.1
2018-09-08,32.07,39.25,26.36,0.02,50.33,25.07,2.96,251,2018,6.351452641142864,nasa_power,Kuruvai,Kuruvai-2018,0.26,1.45,0.16,1.8699999999999999,synthetic_degraded,1540.2,0.8801,grain_filling,5,0.95,-20.08,0.0,5.55,0.5,0.0,43.59,85,-12.83,43.65
2018-09-09,31.48,36.67,26.98,0.55,54.7,20.18,2.2,252,2018,5.39494018510223,nasa_power,Kuruvai,Kuruvai-2018,9.74,0.27,0.69,10.7,synthetic_degraded,1558.7,0.8907,grain_filling,5,0.95,-26.11,0.0,4.601,0.5,0.0,43.17,86,-22.26,42.67
2018-09-10,29.82,34.47,26.6,1.27,59.87,18.6,1.84,253,2018,4.730668840585492,nasa_power,Kuruvai,Kuruvai-2018,0.12,0.64,1.95,2.71,synthetic_degraded,1577.0,0.9011,ripening,6,0.65,-30.66,0.0,2.713,0.5,0.0,42.85,87,-32.61,40.06
2018-09-11,31.0,38.04,24.97,0.13,57.9,22.55,2.28,254,2018,6.211972034693379,nasa_power,Kuruvai,Kuruvai-2018,0.52,10.66,9.02,20.2,synthetic_degraded,1594.4,0.9111,ripening,6,0.65,-32.6,0.0,3.513,0.5,0.0,42.72,88,-33.14,43.4
2018-09-12,31.83,39.08,25.96,0.37,55.58,22.7,2.07,255,2018,6.344735008870833,nasa_power,Kuruvai,Kuruvai-2018,1.23,4.13,1.6,6.959999999999999,synthetic_degraded,1612.4,0.9214,ripening,6,0.65,-36.48,0.0,3.528,0.5,0.0,42.45,89,-36.99,43.44
2018-09-13,31.72,38.61,26.78,1.73,57.14,20.73,2.39,256,2018,6.038509045467347,nasa_power,Kuruvai,Kuruvai-2018,5.98,3.93,26.1,36.010000000000005,synthetic_degraded,1630.8,0.9319,ripening,6,0.65,-40.14,0.0,3.322,0.5,0.0,42.19,90,-39.98,39.52
2018-09-14,30.26,36.32,25.75,6.44,66.03,22.0,2.77,257,2018,5.513386634664234,nasa_power,Kuruvai,Kuruvai-2018,1.65,13.23,2.72,17.6,synthetic_degraded,1648.7,0.9421,ripening,6,0.65,-42.24,0.0,3.071,0.5,0.0,42.04,91,-39.88,43.74
2018-09-15,29.65,34.07,26.0,2.44,66.06,22.14,2.73,258,2018,4.712710976320677,nasa_power,Kuruvai,Kuruvai-2018,48.33,5.55,1.36,55.239999999999995,synthetic_degraded,1666.7,0.9524,ripening,6,0.65,-39.37,0.0,2.611,0.5,0.0,42.24,92,-26.7,43.39
2018-09-16,27.58,33.01,23.65,25.96,74.84,20.53,2.68,259,2018,4.887939405702601,nasa_power,Kuruvai,Kuruvai-2018,3.11,2.76,2.92,8.79,synthetic_degraded,1683.5,0.962,ripening,6,0.65,-40.04,0.0,2.998,0.5,0.0,42.2,93,-39.09,43.9
2018-09-17,28.23,32.72,24.51,2.7,71.07,14.44,2.25,260,2018,4.599686302621091,nasa_power,Kuruvai,Kuruvai-2018,6.39,1.13,0.28,7.8,synthetic_degraded,1700.8,0.9719,ripening,6,0.65,-17.57,0.0,2.812,0.5,0.0,43.77,94,-14.26,44.65
2018-09-18,29.74,34.64,25.31,2.52,63.99,17.13,2.17,261,2018,5.039777160384697,nasa_power,Kuruvai,Kuruvai-2018,6.85,0.27,0.28,7.3999999999999995,synthetic_degraded,1718.4,0.982,ripening,6,0.65,-18.19,0.0,3.071,0.5,0.0,43.73,95,-26.62,44.71
2018-09-19,29.57,35.97,25.05,3.72,65.18,11.71,2.28,262,2018,5.505128239632817,nasa_power,Kuruvai,Kuruvai-2018,0.54,0.31,0.38,1.23,synthetic_degraded,1735.9,0.992,ripening,6,0.65,-19.24,0.0,3.356,0.5,0.0,43.65,96,-21.66,44.43
2018-09-20,30.1,36.86,25.25,0.32,59.11,20.28,2.62,263,2018,5.7315392962403475,nasa_power,Kuruvai,Kuruvai-2018,0.32,0.28,0.97,1.57,synthetic_degraded,1753.6,1.002,ripening,6,0.65,-19.37,0.0,3.442,0.5,0.0,43.64,97,-13.23,44.94
2018-09-21,29.68,36.09,24.09,0.23,62.92,15.35,3.12,264,2018,5.702779186075297,nasa_power,Kuruvai,Kuruvai-2018,0.16,1.74,1.51,3.41,synthetic_degraded,1770.6,1.0118,ripening,6,0.65,-23.0,0.0,3.369,0.5,0.0,43.39,98,-20.99,40.66
2018-09-22,29.65,36.16,24.38,0.31,62.23,23.44,1.95,265,2018,5.66214270715452,nasa_power,Kuruvai,Kuruvai-2018,0.92,0.83,0.87,2.62,synthetic_degraded,1787.8,1.0216,ripening,6,0.65,-26.63,0.0,3.293,0.5,0.0,43.14,99,-48.58,40.89
2018-09-23,29.18,33.81,25.85,1.26,72.18,21.59,1.62,266,2018,4.603967440366485,nasa_power,Kuruvai,Kuruvai-2018,0.78,0.52,0.1,1.4000000000000001,synthetic_degraded,1805.7,1.0318,ripening,6,0.65,-30.12,0.0,2.647,0.5,0.0,42.89,100,-26.75,41.79
2018-09-24,29.12,33.8,25.6,1.22,72.91,21.81,1.68,267,2018,4.6519501006024235,nasa_power,Kuruvai,Kuruvai-2018,1.3,0.34,11.61,13.25,synthetic_degraded,1823.5,1.042,ripening,6,0.65,-32.0,0.0,2.651,0.5,0.0,42.76,101,-22.41,42.57
2018-09-25,29.13,33.56,25.66,0.94,71.39,19.79,1.34,268,2018,4.549208922597668,nasa_power,Kuruvai,Kuruvai-2018,0.38,14.65,8.37,23.4,synthetic_degraded,1841.4,1.0522,ripening,6,0.65,-33.94,0.0,2.567,0.5,0.0,42.62,102,-43.92,43.2
2018-09-26,28.96,33.57,25.66,0.35,71.26,22.69,1.61,269,2018,4.544152997570442,nasa_power,Kuruvai,Kuruvai-2018,7.72,3.4,1.29,12.41,synthetic_degraded,1859.2,1.0624,ripening,6,0.65,-36.06,0.0,2.532,0.5,0.0,42.48,103,-28.46,42.97
2018-09-27,28.88,34.38,25.47,14.44,74.18,19.36,1.79,270,2018,4.845172453706533,nasa_power,Kuruvai,Kuruvai-2018,3.66,4.79,3.14,11.59,synthetic_degraded,1876.9,1.0725,ripening,6,0.65,-38.74,0.0,2.843,0.5,0.0,42.29,104,-52.6,43.97
2018-09-28,28.06,31.88,25.34,3.98,76.11,16.0,1.54,271,2018,4.028836016382287,nasa_power,Kuruvai,Kuruvai-2018,1.41,2.03,1.88,5.319999999999999,synthetic_degraded,1894.6,1.0826,ripening,6,0.65,-27.65,0.0,2.371,0.5,0.0,43.06,105,-22.96,44.78
2018-09-29,29.06,34.54,24.88,2.76,72.53,19.85,2.01,272,2018,5.002497989822681,nasa_power,Kuruvai,Kuruvai-2018,2.91,1.06,0.97,4.94,synthetic_degraded,1912.0,1.0926,ripening,6,0.65,-26.54,0.0,2.942,0.5,0.0,43.14,106,-26.58,41.83
2018-09-30,28.71,32.99,25.51,2.98,74.53,22.48,1.85,273,2018,4.35048556036049,nasa_power,Kuruvai,Kuruvai-2018,0.44,1.4,22.23,24.07,synthetic_degraded,1929.8,1.1027,ripening,6,0.65,-27.22,0.0,2.554,0.5,0.0,43.09,107,-38.97,43.45
2018-10-01,28.78,33.01,25.7,0.92,75.63,21.24,2.1,274,2018,4.3013803817827725,nasa_power,Kuruvai,Kuruvai-2018,9.35,11.02,15.72,36.089999999999996,synthetic_degraded,1947.6,1.1129,ripening,6,0.65,-27.29,0.0,2.501,0.5,0.0,43.09,108,-25.06,41.82
2018-10-02,28.17,31.46,25.54,1.36,77.97,18.37,2.0,275,2018,3.7926071385936333,nasa_power,Kuruvai,Kuruvai-2018,26.33,15.62,55.45,97.4,synthetic_degraded,1965.4,1.1231,ripening,6,0.65,-29.38,0.0,2.189,0.5,0.0,42.94,109,-23.63,42.66
2018-10-03,27.37,30.36,25.55,22.21,84.56,13.37,1.91,276,2018,3.3710298202886695,nasa_power,Kuruvai,Kuruvai-2018,66.71,26.8,18.1,111.60999999999999,synthetic_degraded,1983.2,1.1332,ripening,6,0.65,-30.7,0.0,2.117,0.5,0.0,42.85,110,-28.88,43.33
2018-10-04,26.42,28.91,25.04,28.27,87.26,2.92,2.62,277,2018,2.952428233255607,nasa_power,Kuruvai,Kuruvai-2018,39.04,45.83,4.94,89.81,synthetic_degraded,2000.2,1.1429,ripening,6,0.65,-11.11,0.0,1.919,1.0,0.0,44.22,111,-8.19,39.11
2018-10-05,26.91,29.78,25.0,26.66,88.1,4.03,2.55,278,2018,3.3041752169388405,nasa_power,Kuruvai,Kuruvai-2018,15.53,6.28,17.77,39.58,synthetic_degraded,2017.6,1.1529,ripening,6,0.65,14.24,0.0,2.148,1.0,0.0,45.0,112,12.18,48.62
2018-10-06,27.11,30.86,24.51,18.79,84.25,13.67,2.04,279,2018,3.824393239030667,nasa_power,Kuruvai,Kuruvai-2018,6.99,4.96,3.38,15.329999999999998,synthetic_degraded,2034.8,1.1627,ripening,6,0.65,37.75,0.0,2.486,1.0,0.0,45.0,113,28.44,45.85
2018-10-07,27.27,30.76,24.55,4.84,83.12,20.31,1.27,280,2018,3.7706682378185183,nasa_power,Kuruvai,Kuruvai-2018,11.15,0.66,0.11,11.92,synthetic_degraded,2052.1,1.1726,ripening,6,0.65,53.06,0.0,2.451,1.0,0.0,45.0,114,56.52,44.11
2018-10-08,26.85,29.3,24.89,9.66,85.58,11.51,1.07,281,2018,3.130939700142871,nasa_power,Kuruvai,Kuruvai-2018,1.63,0.22,1.32,3.17,synthetic_degraded,2069.2,1.1824,ripening,6,0.65,54.45,0.0,2.035,1.0,0.0,45.0,115,63.2,47.89
2018-10-09,26.84,30.1,24.25,2.51,81.74,18.01,1.29,282,2018,3.6037681137728943,nasa_power,Kuruvai,Kuruvai-2018,0.19,6.15,0.26,6.6000000000000005,synthetic_degraded,2086.3,1.1922,ripening,6,0.65,61.07,0.0,2.342,1.0,0.0,45.0,116,66.72,44.48
2018-10-10,27.8,32.8,23.39,0.16,75.86,19.29,2.06,283,2018,4.652672761166417,nasa_power,Kuruvai,Kuruvai-2018,0.08,0.35,0.0,0.43,synthetic_degraded,2103.0,1.2017,ripening,6,0.65,60.24,0.0,3.024,1.0,0.0,45.0,117,50.3,45.2
2018-10-11,28.67,34.79,23.62,0.2,71.62,20.01,2.23,284,2018,5.17883921557714,nasa_power,Kuruvai,Kuruvai-2018,0.21,0.0,0.0,0.21,synthetic_degraded,2119.8,1.2113,ripening,6,0.65,56.37,0.0,3.366,1.0,0.0,45.0,118,48.8,44.27
2018-10-12,28.45,33.79,24.79,0.21,78.75,20.92,3.1,285,2018,4.645331089421857,nasa_power,Kuruvai,Kuruvai-2018,0.0,0.0,0.0,0.0,synthetic_degraded,2137.2,1.2213,ripening,6,0.65,52.21,0.0,3.019,1.0,0.0,45.0,119,47.98,47.48
2019-06-15,33.61,40.73,27.21,0.61,43.02,24.03,3.94,166,2019,6.652602000175266,nasa_power,Kuruvai,Kuruvai-2019,0.48,0.27,0.78,1.53,synthetic_degraded,18.6,0.0106,establishment,0,1.05,40.0,0.0,6.985,1.0,0.0,45.0,0,47.22,45.5
2019-06-16,33.16,38.79,28.65,0.5,53.65,23.03,3.64,167,2019,5.732222757535514,nasa_power,Kuruvai,Kuruvai-2019,0.32,0.32,0.38,1.02,synthetic_degraded,37.9,0.0217,establishment,0,1.05,32.62,0.0,6.019,1.0,0.0,45.0,1,23.28,46.86
2019-06-17,33.31,38.62,28.97,0.3,52.77,20.47,3.65,168,2019,5.599016828942605,nasa_power,Kuruvai,Kuruvai-2019,0.62,0.15,0.12,0.89,synthetic_degraded,57.4,0.0328,establishment,0,1.05,26.11,0.0,5.879,1.0,0.0,45.0,2,28.91,43.04
2019-06-18,32.46,36.88,28.74,0.36,53.3,18.35,3.24,169,2019,5.043250010750471,nasa_power,Kuruvai,Kuruvai-2019,0.36,0.23,0.09,0.6799999999999999,synthetic_degraded,76.8,0.0439,establishment,0,1.05,19.53,0.0,5.295,1.0,0.0,45.0,3,22.19,44.93
2019-06-19,33.02,38.03,28.49,0.28,52.56,21.91,3.65,170,2019,5.50741358084918,nasa_power,Kuruvai,Kuruvai-2019,0.16,0.11,0.04,0.31,synthetic_degraded,96.0,0.0549,establishment,0,1.05,13.59,0.0,5.783,1.0,0.0,45.0,4,23.44,44.74
2019-06-20,33.94,40.57,28.13,0.16,46.58,22.76,3.79,171,2019,6.422398885174587,nasa_power,Kuruvai,Kuruvai-2019,0.85,0.07,0.25,1.17,synthetic_degraded,115.1,0.0658,establishment,0,1.05,7.09,0.0,6.744,1.0,0.0,45.0,5,-0.82,45.57
2019-06-21,32.83,37.98,28.28,0.09,47.84,16.23,4.06,172,2019,5.537857622521066,nasa_power,Kuruvai,Kuruvai-2019,0.13,2.6,0.69,3.42,synthetic_degraded,134.2,0.0767,establishment,0,1.05,-0.49,0.0,5.805,0.5,0.0,44.97,6,7.56,46.83
2019-06-22,32.36,37.52,28.43,0.04,54.37,21.37,4.6,173,2019,5.344080641373424,nasa_power,Kuruvai,Kuruvai-2019,0.4,0.92,2.96,4.28,synthetic_degraded,153.5,0.0877,establishment,0,1.05,-6.71,79.36,5.611,1.0,0.0,44.53,7,-9.51,42.54
2019-06-23,32.97,39.02,27.96,0.35,49.89,22.18,4.81,174,2019,5.95414901082796,nasa_power,Kuruvai,Kuruvai-2019,1.03,2.03,3.21,6.27,synthetic_degraded,172.4,0.0985,establishment,0,1.05,66.08,0.0,6.252,1.0,0.0,45.0,8,63.84,45.85
2019-06-24,33.88,41.07,27.49,0.98,49.12,18.77,3.87,175,2019,6.698969622075751,nasa_power,Kuruvai,Kuruvai-2019,2.03,5.8,0.56,8.39,synthetic_degraded,191.2,0.1092,establishment,0,1.05,59.17,0.0,7.034,1.0,0.0,45.0,9,53.06,46.55
2019-06-25,32.11,36.44,28.56,1.88,57.12,20.22,3.38,176,2019,4.928392841985326,nasa_power,Kuruvai,Kuruvai-2019,7.0,0.47,0.09,7.56,synthetic_degraded,210.5,0.1203,establishment,0,1.05,52.12,0.0,5.175,1.0,0.0,45.0,10,46.68,44.72
2019-06-26,31.5,35.73,28.21,3.88,60.56,13.79,2.06,177,2019,4.763730319633137,nasa_power,Kuruvai,Kuruvai-2019,0.7,0.13,0.26,1.0899999999999999,synthetic_degraded,229.6,0.1312,establishment,0,1.05,47.83,0.0,5.002,1.0,0.0,45.0,11,49.85,44.79
2019-06-27,31.79,36.24,27.7,0.92,58.7,19.39,3.0,178,2019,5.07659818196941,nasa_power,Kuruvai,Kuruvai-2019,0.08,0.25,3.35,3.68,synthetic_degraded,248.4,0.1419,establishment,0,1.05,45.7,0.0,5.33,1.0,0.0,45.0,12,40.14,45.63
2019-06-28,32.63,39.4,27.32,0.09,53.56,22.29,3.9,179,2019,6.206617011228924,nasa_power,Kuruvai,Kuruvai-2019,4.6,0.03,0.06,4.6899999999999995,synthetic_degraded,267.1,0.1526,tillering,1,1.1,40.29,0.0,6.827,1.0,0.0,45.0,13,43.99,45.52
2019-06-29,33.51,40.16,28.03,0.25,49.61,21.58,4.48,180,2019,6.309146220099749,nasa_power,Kuruvai,Kuruvai-2019,0.03,0.02,0.13,0.18,synthetic_degraded,286.1,0.1635,tillering,1,1.1,32.56,0.0,6.94,1.0,0.0,45.0,14,29.25,45.87
2019-06-30,33.15,39.06,28.61,0.05,48.9,16.94,5.24,181,2019,5.827061365894638,nasa_power,Kuruvai,Kuruvai-2019,0.05,0.08,0.49,0.62,synthetic_degraded,305.4,0.1745,tillering,1,1.1,24.87,0.0,6.41,1.0,0.0,45.0,15,18.8,45.84
2019-07-01,33.19,38.34,28.0,0.06,51.26,19.28,4.38,182,2019,5.722205513273551,nasa_power,Kuruvai,Kuruvai-2019,0.09,0.77,2.54,3.4,synthetic_degraded,324.4,0.1854,tillering,1,1.1,17.51,0.0,6.294,1.0,0.0,45.0,16,14.87,43.53
2019-07-02,32.42,36.98,28.4,0.09,53.92,17.56,4.9,183,2019,5.164013354900881,nasa_power,Kuruvai,Kuruvai-2019,0.89,1.98,0.58,3.45,synthetic_degraded,343.6,0.1963,tillering,1,1.1,10.27,0.0,5.68,1.0,0.0,45.0,17,11.95,46.49
2019-07-03,32.48,37.64,28.05,0.4,54.42,23.92,4.29,184,2019,5.476994709557652,nasa_power,Kuruvai,Kuruvai-2019,1.18,0.39,0.23,1.7999999999999998,synthetic_degraded,362.6,0.2072,tillering,1,1.1,3.68,0.0,6.025,1.0,0.0,45.0,18,2.29,46.75
2019-07-04,32.24,36.98,28.08,0.93,56.11,21.11,4.25,185,2019,5.244264161110843,nasa_power,Kuruvai,Kuruvai-2019,1.31,0.29,0.07,1.6700000000000002,synthetic_degraded,381.7,0.2181,tillering,1,1.1,-2.94,0.0,5.722,0.5,0.0,44.79,19,-2.77,45.07
2019-07-05,32.44,37.5,28.03,0.33,53.15,18.58,4.84,186,2019,5.435777242546102,nasa_power,Kuruvai,Kuruvai-2019,0.09,12.74,0.08,12.91,synthetic_degraded,400.7,0.229,tillering,1,1.1,-8.24,0.0,5.79,0.5,0.0,44.42,20,-4.76,42.18
2019-07-06,32.28,37.21,27.84,0.12,53.28,18.72,4.67,187,2019,5.382348720812617,nasa_power,Kuruvai,Kuruvai-2019,0.04,0.66,0.99,1.69,synthetic_degraded,419.6,0.2398,tillering,1,1.1,-14.2,0.0,5.587,0.5,0.0,44.01,21,-8.79,43.84
2019-07-07,32.31,37.71,28.02,0.02,52.31,20.69,4.42,188,2019,5.511592374469146,nasa_power,Kuruvai,Kuruvai-2019,0.1,7.78,10.86,18.74,synthetic_degraded,438.6,0.2506,tillering,1,1.1,-20.16,0.0,5.574,0.5,0.0,43.59,22,-21.71,43.88
2019-07-08,32.6,37.91,27.71,0.06,53.19,21.78,4.01,189,2019,5.649883341653837,nasa_power,Kuruvai,Kuruvai-2019,0.93,5.56,0.73,7.219999999999999,synthetic_degraded,457.5,0.2614,tillering,1,1.1,-26.22,0.0,5.565,0.5,0.0,43.16,23,-31.44,41.44
2019-07-09,31.81,36.4,28.02,0.92,55.16,20.41,4.02,190,2019,5.0615613817582865,nasa_power,Kuruvai,Kuruvai-2019,5.74,0.69,0.67,7.1,synthetic_degraded,476.5,0.2723,tillering,1,1.1,-32.22,0.0,4.871,0.5,0.0,42.74,24,-31.84,42.2
2019-07-10,30.36,35.48,26.43,7.01,59.99,16.49,2.48,191,2019,5.129299187656433,nasa_power,Kuruvai,Kuruvai-2019,1.56,0.25,3.69,5.5,synthetic_degraded,494.7,0.2827,tillering,1,1.1,-36.67,0.0,4.973,0.5,0.0,42.43,25,-34.32,40.32
2019-07-11,30.86,36.87,26.29,0.94,57.63,12.99,2.38,192,2019,5.618539503965597,nasa_power,Kuruvai,Kuruvai-2019,1.28,8.82,11.38,21.48,synthetic_degraded,512.8,0.293,tillering,1,1.1,-35.13,0.0,5.335,0.5,0.0,42.54,26,-42.43,43.45
2019-07-12,31.39,36.74,27.38,0.64,55.87,21.44,1.99,193,2019,5.3375295129591125,nasa_power,Kuruvai,Kuruvai-2019,16.14,7.12,5.21,28.470000000000002,synthetic_degraded,531.5,0.3037,tillering,1,1.1,-40.03,0.0,4.946,0.5,0.0,42.2,27,-44.48,42.45
2019-07-13,30.53,34.81,27.14,4.94,63.07,14.21,2.62,194,2019,4.727928211603127,nasa_power,Kuruvai,Kuruvai-2019,26.44,20.73,0.59,47.760000000000005,synthetic_degraded,550.1,0.3143,tillering,1,1.1,-44.84,0.0,4.371,0.5,0.0,41.86,28,-48.44,39.39
2019-07-14,30.12,34.0,27.41,9.51,67.86,20.6,2.52,195,2019,4.359491204865903,nasa_power,Kuruvai,Kuruvai-2019,7.66,0.47,2.81,10.940000000000001,synthetic_degraded,568.8,0.325,tillering,1,1.1,-44.77,0.0,4.119,0.5,0.0,41.87,29,-45.81,42.4
2019-07-15,30.17,35.41,26.02,6.98,66.38,22.9,3.15,196,2019,5.20655593020804,nasa_power,Kuruvai,Kuruvai-2019,0.56,2.13,10.41,13.1,synthetic_degraded,586.8,0.3353,tillering,1,1.1,-39.88,0.0,4.974,0.5,0.0,42.21,30,-43.69,42.13
2019-07-16,30.65,36.29,25.45,0.8,61.18,20.51,2.84,197,2019,5.61379854799415,nasa_power,Kuruvai,Kuruvai-2019,2.8,24.5,0.88,28.18,synthetic_degraded,604.5,0.3454,tillering,1,1.1,-38.37,0.0,5.247,0.5,0.0,42.31,31,-34.83,43.08
2019-07-17,31.02,36.71,26.49,2.33,58.94,17.68,2.6,198,2019,5.534468714717298,nasa_power,Kuruvai,Kuruvai-2019,8.97,5.36,0.09,14.420000000000002,synthetic_degraded,622.8,0.3559,stem_elongation,2,1.15,-43.32,0.0,5.321,0.5,0.0,41.97,32,-51.35,41.38
2019-07-18,28.96,33.26,25.95,11.08,68.85,16.75,2.81,199,2019,4.49316329517212,nasa_power,Kuruvai,Kuruvai-2019,1.12,0.08,1.21,2.41,synthetic_degraded,640.7,0.3661,stem_elongation,2,1.15,-46.81,0.0,4.429,0.5,0.0,41.72,33,-54.71,40.52
2019-07-19,28.26,31.32,25.45,2.09,71.93,17.48,2.78,200,2019,3.9240798701345865,nasa_power,Kuruvai,Kuruvai-2019,0.23,1.72,1.85,3.8,synthetic_degraded,658.5,0.3763,stem_elongation,2,1.15,-40.66,0.0,3.817,0.5,0.0,42.15,34,-42.33,40.99
2019-07-20,30.11,36.04,25.47,0.17,61.34,20.82,4.36,201,2019,5.537834141635311,nasa_power,Kuruvai,Kuruvai-2019,3.34,1.73,2.51,7.58,synthetic_degraded,676.2,0.3864,stem_elongation,2,1.15,-42.88,0.0,5.28,0.5,0.0,42.0,35,-43.76,41.19
2019-07-21,30.37,35.57,26.56,2.02,59.25,13.92,4.29,202,2019,5.147319550091143,nasa_power,Kuruvai,Kuruvai-2019,2.39,3.25,0.44,6.080000000000001,synthetic_degraded,694.5,0.3968,stem_elongation,2,1.15,-48.49,0.0,4.819,0.5,0.0,41.61,36,-55.76,41.64
2019-07-22,28.45,31.42,26.08,2.75,68.42,8.22,3.34,203,2019,3.7762842109260384,nasa_power,Kuruvai,Kuruvai-2019,1.76,0.46,8.61,10.83,synthetic_degraded,712.5,0.4072,stem_elongation,2,1.15,-51.79,0.0,3.491,0.5,0.0,41.37,37,-54.82,41.59
2019-07-23,30.04,35.87,25.07,2.08,60.79,17.48,3.71,204,2019,5.570802230730611,nasa_power,Kuruvai,Kuruvai-2019,0.26,4.0,5.6,9.86,synthetic_degraded,730.1,0.4172,stem_elongation,2,1.15,-53.03,0.0,5.101,0.5,0.0,41.29,38,-55.04,41.0
2019-07-24,30.58,36.45,25.85,0.4,59.52,23.56,3.24,205,2019,5.598717549795654,nasa_power,Kuruvai,Kuruvai-2019,4.98,4.12,0.94,10.040000000000001,synthetic_degraded,748.0,0.4274,stem_elongation,2,1.15,-56.55,0.0,4.992,0.5,0.0,41.04,39,-58.52,40.41
2019-07-25,30.25,35.52,26.03,5.33,61.67,19.31,3.28,206,2019,5.258753853914791,nasa_power,Kuruvai,Kuruvai-2019,3.1,0.47,0.79,4.36,synthetic_degraded,766.0,0.4377,stem_elongation,2,1.15,-61.65,0.0,4.685,0.5,0.0,40.68,40,-60.89,40.15
2019-07-26,29.36,34.76,24.49,3.99,65.79,11.99,3.49,207,2019,5.342968157219101,nasa_power,Kuruvai,Kuruvai-2019,0.37,1.24,2.11,3.7199999999999998,synthetic_degraded,783.2,0.4476,stem_elongation,2,1.15,-61.5,0.0,4.731,0.5,0.0,40.69,41,-64.81,44.45
2019-07-27,30.49,35.67,25.57,0.58,60.16,10.21,2.67,208,2019,5.411618216172257,nasa_power,Kuruvai,Kuruvai-2019,1.41,2.46,5.61,9.48,synthetic_degraded,801.0,0.4577,stem_elongation,2,1.15,-62.74,0.0,4.676,0.5,0.0,40.61,42,-55.35,39.45
2019-07-28,30.9,36.85,25.94,0.6,57.95,19.64,3.55,209,2019,5.716427243638889,nasa_power,Kuruvai,Kuruvai-2019,4.38,2.81,0.11,7.3,synthetic_degraded,819.0,0.468,stem_elongation,2,1.15,-67.34,0.0,4.819,0.5,0.0,40.29,43,-64.9,39.45
2019-07-29,30.24,35.47,26.12,1.92,60.36,18.48,3.71,210,2019,5.229207183969654,nasa_power,Kuruvai,Kuruvai-2019,5.09,0.02,0.21,5.319999999999999,synthetic_degraded,837.1,0.4783,stem_elongation,2,1.15,-72.06,0.0,4.326,0.5,0.0,39.96,44,-76.1,44.9
2019-07-30,30.88,37.3,25.63,2.08,58.57,20.98,3.11,211,2019,5.924563871232931,nasa_power,Kuruvai,Kuruvai-2019,0.1,0.17,0.46,0.73,synthetic_degraded,854.9,0.4885,stem_elongation,2,1.15,-74.96,0.0,4.827,0.5,0.0,39.75,45,-74.49,40.38
2019-07-31,30.28,35.26,25.81,0.07,59.86,23.48,3.18,212,2019,5.232394070798368,nasa_power,Kuruvai,Kuruvai-2019,0.25,0.66,0.01,0.92,synthetic_degraded,872.8,0.4987,stem_elongation,2,1.15,-78.21,0.0,4.136,0.5,0.0,39.53,46,-77.59,37.46
2019-08-01,31.3,37.58,26.62,0.18,59.56,21.03,3.64,213,2019,5.819219707879707,nasa_power,Kuruvai,Kuruvai-2019,0.22,0.05,0.09,0.36,synthetic_degraded,891.1,0.5092,panicle_initiation,3,1.2,-82.78,144.07,6.983,1.0,0.0,39.21,47,-76.71,40.47
2019-08-02,30.93,36.31,26.98,0.26,57.93,15.19,4.09,214,2019,5.321737481415769,nasa_power,Kuruvai,Kuruvai-2019,0.03,0.04,0.93,1.0,synthetic_degraded,909.6,0.5198,panicle_initiation,3,1.2,53.49,0.0,6.386,1.0,0.0,45.0,48,50.49,43.63
2019-08-03,31.02,36.53,26.71,0.03,53.58,18.13,4.01,215,2019,5.458517014846192,nasa_power,Kuruvai,Kuruvai-2019,0.09,0.93,0.25,1.27,synthetic_degraded,927.9,0.5302,panicle_initiation,3,1.2,46.37,0.0,6.55,1.0,0.0,45.0,49,50.21,46.36
2019-08-04,31.58,37.9,25.91,0.1,53.3,20.38,4.77,216,2019,6.068003841692582,nasa_power,Kuruvai,Kuruvai-2019,2.81,0.09,3.14,6.04,synthetic_degraded,945.9,0.5405,panicle_initiation,3,1.2,38.85,0.0,7.282,1.0,0.0,45.0,50,39.06,44.68
2019-08-05,30.98,36.25,27.64,1.07,54.0,13.99,5.12,217,2019,5.147551068954413,nasa_power,Kuruvai,Kuruvai-2019,0.17,3.35,0.89,4.41,synthetic_degraded,964.7,0.5513,panicle_initiation,3,1.2,30.67,0.0,6.177,1.0,0.0,45.0,51,38.13,44.34
2019-08-06,30.27,34.35,26.05,0.15,54.51,13.29,5.04,218,2019,4.877938506763285,nasa_power,Kuruvai,Kuruvai-2019,1.3,1.91,6.41,9.620000000000001,synthetic_degraded,982.7,0.5616,panicle_initiation,3,1.2,24.56,0.0,5.854,1.0,0.0,45.0,52,31.01,47.41
2019-08-07,30.04,34.27,26.25,1.55,58.37,16.24,5.57,219,2019,4.80203929639816,nasa_power,Kuruvai,Kuruvai-2019,1.74,0.85,0.17,2.76,synthetic_degraded,1000.9,0.5719,panicle_initiation,3,1.2,17.86,0.0,5.762,1.0,0.0,45.0,53,18.84,45.85
2019-08-08,29.72,33.27,26.82,1.71,62.88,17.4,6.03,220,2019,4.288067997549851,nasa_power,Kuruvai,Kuruvai-2019,1.28,0.28,0.14,1.7000000000000002,synthetic_degraded,1019.3,0.5824,panicle_initiation,3,1.2,12.64,0.0,5.146,1.0,0.0,45.0,54,11.33,46.46
2019-08-09,29.98,35.54,25.6,1.2,62.42,17.07,5.49,221,2019,5.382650898587783,nasa_power,Kuruvai,Kuruvai-2019,7.31,0.07,6.38,13.76,synthetic_degraded,1037.1,0.5926,panicle_initiation,3,1.2,8.21,0.0,6.459,1.0,0.0,45.0,55,10.74,45.65
2019-08-10,30.18,34.89,26.49,0.28,57.91,15.65,5.05,222,2019,4.961249658956219,nasa_power,Kuruvai,Kuruvai-2019,2.38,0.71,2.7,5.79,synthetic_degraded,1055.3,0.603,panicle_initiation,3,1.2,1.95,0.0,5.953,1.0,0.0,45.0,56,1.05,44.33
2019-08-11,31.27,37.71,26.02,0.23,54.32,21.19,4.38,223,2019,5.995416290701994,nasa_power,Kuruvai,Kuruvai-2019,1.46,3.16,0.82,5.44,synthetic_degraded,1073.3,0.6133,panicle_initiation,3,1.2,-4.73,55.2,7.194,1.0,0.0,44.67,57,3.67,45.59
2019-08-12,31.71,38.68,26.57,1.16,53.2,20.15,3.38,224,2019,6.196287153267118,nasa_power,Kuruvai,Kuruvai-2019,4.8,2.43,1.13,8.36,synthetic_degraded,1091.6,0.6238,flowering,4,1.2,42.51,0.0,7.436,1.0,0.0,45.0,58,42.9,46.81
2019-08-13,30.62,35.89,27.08,3.11,58.82,17.29,3.59,225,2019,5.166032645326018,nasa_power,Kuruvai,Kuruvai-2019,5.18,0.35,22.41,27.939999999999998,synthetic_degraded,1110.1,0.6344,flowering,4,1.2,35.23,7.65,6.199,1.0,0.0,45.0,59,33.2,45.2
2019-08-14,30.92,37.89,26.06,1.66,61.78,21.05,3.85,226,2019,6.0462675987419665,nasa_power,Kuruvai,Kuruvai-2019,0.7,13.91,54.52,69.13,synthetic_degraded,1128.2,0.6447,flowering,4,1.2,38.8,0.0,7.256,1.0,0.0,45.0,60,36.5,47.7
2019-08-15,31.37,37.89,26.0,0.84,57.38,21.7,2.91,227,2019,6.058167235503786,nasa_power,Kuruvai,Kuruvai-2019,12.96,53.45,9.15,75.56,synthetic_degraded,1146.2,0.655,flowering,4,1.2,32.2,7.69,7.27,1.0,0.0,45.0,61,26.13,46.28
2019-08-16,29.67,34.02,26.28,16.51,66.7,15.5,2.85,228,2019,4.71155761957645,nasa_power,Kuruvai,Kuruvai-2019,24.66,5.79,20.24,50.69,synthetic_degraded,1164.3,0.6653,flowering,4,1.2,32.46,0.0,5.654,1.0,0.0,45.0,62,35.24,45.32
2019-08-17,26.38,28.8,24.46,33.93,82.75,10.43,3.18,229,2019,3.269022696412167,nasa_power,Kuruvai,Kuruvai-2019,15.32,22.84,6.22,44.379999999999995,synthetic_degraded,1181.0,0.6748,flowering,4,1.2,42.32,0.0,3.923,1.0,0.0,45.0,63,38.22,45.38
2019-08-18,26.51,29.51,24.57,11.12,81.29,12.22,2.95,230,2019,3.5196824879997877,nasa_power,Kuruvai,Kuruvai-2019,22.56,6.5,33.96,63.019999999999996,synthetic_degraded,1198.0,0.6846,flowering,4,1.2,71.32,0.0,4.224,1.0,0.0,45.0,64,76.81,45.21
2019-08-19,28.32,32.33,24.82,20.6,77.83,23.36,2.09,231,2019,4.487885343672193,nasa_power,Kuruvai,Kuruvai-2019,4.38,34.37,5.98,44.730000000000004,synthetic_degraded,1215.4,0.6945,flowering,4,1.2,77.22,0.0,5.385,1.0,0.0,45.0,65,70.76,43.12
2019-08-20,28.7,33.38,25.52,6.31,77.38,14.5,2.7,232,2019,4.677348247938649,nasa_power,Kuruvai,Kuruvai-2019,14.69,7.63,2.1,24.42,synthetic_degraded,1233.2,0.7047,flowering,4,1.2,91.43,0.0,5.613,1.0,0.0,45.0,66,92.07,44.86
2019-08-21,27.89,32.14,25.26,15.89,79.66,19.63,3.1,233,2019,4.305934012629888,nasa_power,Kuruvai,Kuruvai-2019,3.47,2.99,0.82,7.280000000000001,synthetic_degraded,1250.8,0.7147,flowering,4,1.2,91.13,0.0,5.167,1.0,7.02,45.0,67,96.88,45.33
2019-08-22,27.45,32.08,24.68,8.46,79.39,15.4,2.9,234,2019,4.434124765795536,nasa_power,Kuruvai,Kuruvai-2019,7.62,1.2,1.98,10.8,synthetic_degraded,1268.1,0.7246,flowering,4,1.2,93.83,0.0,5.321,1.0,2.29,45.0,68,83.07,44.38
2019-08-23,27.66,33.2,23.89,3.23,72.69,18.47,3.73,235,2019,4.990196548779752,nasa_power,Kuruvai,Kuruvai-2019,0.58,1.78,1.18,3.54,synthetic_degraded,1285.1,0.7343,flowering,4,1.2,93.68,0.0,5.988,1.0,0.0,45.0,69,103.77,45.51
2019-08-24,27.65,33.11,23.83,0.82,71.04,21.14,3.17,236,2019,4.972773139254132,nasa_power,Kuruvai,Kuruvai-2019,3.18,1.3,0.16,4.640000000000001,synthetic_degraded,1302.0,0.744,flowering,4,1.2,89.92,0.0,5.967,1.0,0.0,45.0,70,87.79,45.03
2019-08-25,28.19,33.34,24.09,3.23,69.75,17.94,3.53,237,2019,4.989502892384773,nasa_power,Kuruvai,Kuruvai-2019,0.69,0.66,0.36,1.71,synthetic_degraded,1319.0,0.7537,grain_filling,5,0.95,83.77,0.0,4.74,1.0,0.0,45.0,71,84.48,46.16
2019-08-26,28.25,33.53,23.99,1.32,71.86,21.59,3.99,238,2019,5.0702729840263,nasa_power,Kuruvai,Kuruvai-2019,0.13,0.46,2.91,3.5,synthetic_degraded,1336.0,0.7634,grain_filling,5,0.95,81.26,0.0,4.817,1.0,0.0,45.0,72,84.12,45.99
2019-08-27,29.45,35.19,24.43,0.17,65.88,22.06,3.67,239,2019,5.504038401769486,nasa_power,Kuruvai,Kuruvai-2019,0.43,4.15,0.17,4.75,synthetic_degraded,1353.2,0.7733,grain_filling,5,0.95,76.77,0.0,5.229,1.0,0.0,45.0,73,80.4,45.25
2019-08-28,29.65,36.09,25.0,0.49,64.17,22.59,3.31,240,2019,5.671647007222431,nasa_power,Kuruvai,Kuruvai-2019,2.82,0.17,5.15,8.14,synthetic_degraded,1370.7,0.7833,grain_filling,5,0.95,70.71,0.0,5.388,1.0,0.0,45.0,74,72.08,42.95
2019-08-29,28.0,32.13,24.95,2.83,73.27,22.9,3.25,241,2019,4.372262289281299,nasa_power,Kuruvai,Kuruvai-2019,0.16,1.24,0.76,2.16,synthetic_degraded,1388.2,0.7933,grain_filling,5,0.95,64.81,0.0,4.154,1.0,0.0,45.0,75,69.8,47.69
2019-08-30,29.09,35.3,23.99,0.13,65.4,24.32,3.37,242,2019,5.615479245316856,nasa_power,Kuruvai,Kuruvai-2019,3.31,0.99,4.17,8.469999999999999,synthetic_degraded,1405.2,0.803,grain_filling,5,0.95,62.49,0.0,5.335,1.0,0.0,45.0,76,65.09,44.79
2019-08-31,28.66,34.0,24.82,1.73,65.76,18.54,4.13,243,2019,5.031276679433931,nasa_power,Kuruvai,Kuruvai-2019,1.29,8.78,3.31,13.38,synthetic_degraded,1422.6,0.8129,grain_filling,5,0.95,56.28,0.0,4.78,1.0,0.0,45.0,77,65.08,44.88
2019-09-01,28.99,34.44,24.39,0.93,69.47,13.18,3.11,244,2019,5.261674869623769,nasa_power,Kuruvai,Kuruvai-2019,6.92,2.28,1.9,11.1,synthetic_degraded,1439.8,0.8228,grain_filling,5,0.95,52.23,0.0,4.999,1.0,0.0,45.0,78,54.84,44.49
2019-09-02,28.37,32.64,25.26,4.49,74.48,19.8,3.18,245,2019,4.461582487406132,nasa_power,Kuruvai,Kuruvai-2019,6.36,4.43,0.94,11.729999999999999,synthetic_degraded,1457.4,0.8328,grain_filling,5,0.95,47.16,0.0,4.239,1.0,0.0,45.0,79,56.98,44.27
2019-09-03,28.74,33.77,24.54,3.32,72.67,17.97,3.35,246,2019,5.007946714832959,nasa_power,Kuruvai,Kuruvai-2019,5.36,0.7,0.47,6.53,synthetic_degraded,1474.7,0.8427,grain_filling,5,0.95,46.41,0.0,4.758,1.0,0.0,45.0,80,50.92,47.32
2019-09-04,29.16,35.1,24.69,4.15,69.36,17.38,3.87,247,2019,5.398244396679703,nasa_power,Kuruvai,Kuruvai-2019,0.75,0.56,0.18,1.49,synthetic_degraded,1492.1,0.8526,grain_filling,5,0.95,43.98,0.0,5.128,1.0,0.0,45.0,81,34.95,47.08
2019-09-05,29.29,34.99,24.99,0.76,66.83,19.15,3.95,248,2019,5.297218217300713,nasa_power,Kuruvai,Kuruvai-2019,3.0,0.05,0.18,3.23,synthetic_degraded,1509.6,0.8626,grain_filling,5,0.95,42.0,0.0,5.032,1.0,0.0,45.0,82,55.06,45.67
2019-09-06,29.68,34.93,24.94,0.58,66.71,21.7,4.04,249,2019,5.284038339562066,nasa_power,Kuruvai,Kuruvai-2019,0.16,0.26,2.13,2.55,synthetic_degraded,1527.0,0.8726,grain_filling,5,0.95,36.73,0.0,5.02,1.0,0.0,45.0,83,33.86,44.84
2019-09-07,30.46,37.16,25.38,0.1,62.73,19.57,4.21,250,2019,5.893172772509502,nasa_power,Kuruvai,Kuruvai-2019,0.19,8.57,0.95,9.709999999999999,synthetic_degraded,1544.7,0.8827,grain_filling,5,0.95,31.29,0.0,5.599,1.0,0.0,45.0,84,38.77,45.93
2019-09-08,30.29,35.93,25.39,0.14,62.23,21.77,3.85,251,2019,5.499926573935438,nasa_power,Kuruvai,Kuruvai-2019,0.65,2.36,11.53,14.54,synthetic_degraded,1562.4,0.8928,grain_filling,5,0.95,24.79,0.0,5.225,1.0,0.0,45.0,85,24.92,45.11
2019-09-09,29.39,35.27,24.31,1.26,63.48,19.62,2.84,252,2019,5.502311933627797,nasa_power,Kuruvai,Kuruvai-2019,1.02,10.31,4.34,15.67,synthetic_degraded,1579.6,0.9026,ripening,6,0.65,18.7,0.0,3.577,1.0,0.0,45.0,86,24.01,44.71
2019-09-10,30.17,35.35,25.78,1.49,66.52,16.82,2.54,253,2019,5.219881203431387,nasa_power,Kuruvai,Kuruvai-2019,12.04,5.73,10.47,28.240000000000002,synthetic_degraded,1597.5,0.9128,ripening,6,0.65,15.39,0.0,3.393,1.0,0.0,45.0,87,11.95,45.51
2019-09-11,28.5,31.63,26.2,13.63,78.21,16.79,2.08,254,2019,3.793647749367463,nasa_power,Kuruvai,Kuruvai-2019,10.78,24.82,14.45,50.05,synthetic_degraded,1615.6,0.9232,ripening,6,0.65,12.48,0.0,2.466,1.0,0.0,45.0,88,15.61,44.34
2019-09-12,28.01,31.69,25.6,7.59,77.3,19.85,2.54,255,2019,3.989822286051426,nasa_power,Kuruvai,Kuruvai-2019,14.24,8.16,11.29,33.69,synthetic_degraded,1633.4,0.9333,ripening,6,0.65,22.65,0.0,2.593,1.0,0.0,45.0,89,21.38,45.38
2019-09-13,27.36,30.72,24.77,14.38,81.57,19.75,2.42,256,2019,3.8626749364941864,nasa_power,Kuruvai,Kuruvai-2019,8.71,6.35,11.98,27.04,synthetic_degraded,1650.7,0.9433,ripening,6,0.65,26.64,0.0,2.511,1.0,0.0,45.0,90,34.54,45.31
2019-09-14,28.38,33.45,24.36,5.22,76.34,20.45,2.22,257,2019,4.889844870570645,nasa_power,Kuruvai,Kuruvai-2019,10.78,30.41,16.55,57.739999999999995,synthetic_degraded,1667.9,0.9531,ripening,6,0.65,37.51,0.0,3.178,1.0,0.0,45.0,91,39.7,45.9
2019-09-15,28.51,33.23,24.62,5.78,75.77,18.22,2.5,258,2019,4.754875456655201,nasa_power,Kuruvai,Kuruvai-2019,39.14,16.98,17.49,73.61,synthetic_degraded,1685.2,0.963,ripening,6,0.65,38.56,0.0,3.091,1.0,0.0,45.0,92,43.24,44.07
2019-09-16,28.0,32.37,24.85,20.09,79.76,20.13,2.93,259,2019,4.407830880711814,nasa_power,Kuruvai,Kuruvai-2019,33.27,18.03,24.17,75.47,synthetic_degraded,1702.7,0.9729,ripening,6,0.65,40.24,0.0,2.865,1.0,0.0,45.0,93,29.42,46.07
2019-09-17,27.96,32.72,24.34,19.34,78.32,16.26,2.37,260,2019,4.638553714454509,nasa_power,Kuruvai,Kuruvai-2019,11.35,13.79,0.76,25.900000000000002,synthetic_degraded,1719.8,0.9828,ripening,6,0.65,56.47,0.0,3.015,1.0,0.0,45.0,94,56.04,43.64
2019-09-18,27.74,31.28,25.39,18.1,84.01,13.42,2.2,261,2019,3.8668559050301705,nasa_power,Kuruvai,Kuruvai-2019,23.07,2.51,1.69,27.27,synthetic_degraded,1737.5,0.9929,ripening,6,0.65,71.79,0.0,2.513,1.0,0.0,45.0,95,73.84,44.14
2019-09-19,27.63,31.63,24.82,18.57,83.39,15.2,2.53,262,2019,4.141774372868308,nasa_power,Kuruvai,Kuruvai-2019,9.96,2.55,3.0,15.510000000000002,synthetic_degraded,1754.9,1.0028,ripening,6,0.65,86.38,0.0,2.692,1.0,4.95,45.0,96,87.5,44.21
2019-09-20,25.76,28.89,23.54,1.67,83.3,15.88,2.81,263,2019,3.5052883064006117,nasa_power,Kuruvai,Kuruvai-2019,1.66,3.98,7.62,13.26,synthetic_degraded,1771.1,1.0121,ripening,6,0.65,96.31,0.0,2.278,1.0,0.0,45.0,97,101.12,43.39
2019-09-21,27.4,30.81,24.43,3.48,84.43,20.79,1.97,264,2019,3.9437426303922436,nasa_power,Kuruvai,Kuruvai-2019,1.79,15.89,7.49,25.17,synthetic_degraded,1788.4,1.0219,ripening,6,0.65,94.7,0.0,2.563,1.0,0.0,45.0,98,92.87,46.52
2019-09-22,27.15,29.77,25.08,2.04,86.45,18.07,1.42,265,2019,3.361236264737251,nasa_power,Kuruvai,Kuruvai-2019,45.41,9.24,14.28,68.92999999999999,synthetic_degraded,1805.8,1.0319,ripening,6,0.65,94.62,0.0,2.185,1.0,0.0,45.0,99,94.86,43.55
2019-09-23,27.2,29.78,25.65,18.32,89.19,18.77,1.24,266,2019,3.1690179644687624,nasa_power,Kuruvai,Kuruvai-2019,11.27,18.68,2.29,32.24,synthetic_degraded,1823.5,1.042,ripening,6,0.65,93.47,0.0,2.06,1.0,11.79,45.0,100,99.38,43.95
2019-09-24,26.75,29.46,24.72,9.16,88.13,20.17,2.21,267,2019,3.3425144083347016,nasa_power,Kuruvai,Kuruvai-2019,40.04,12.97,0.37,53.379999999999995,synthetic_degraded,1840.6,1.0518,ripening,6,0.65,96.94,0.0,2.173,1.0,6.1,45.0,101,85.55,46.88
2019-09-25,26.52,28.83,24.71,13.28,89.45,16.21,3.41,268,2019,3.0884716801797683,nasa_power,Kuruvai,Kuruvai-2019,2.06,0.34,0.37,2.77,synthetic_degraded,1857.4,1.0614,ripening,6,0.65,96.83,0.0,2.008,1.0,10.11,45.0,102,99.78,44.14
2019-09-26,27.12,30.85,24.8,1.9,84.58,20.31,2.66,269,2019,3.824102402742841,nasa_power,Kuruvai,Kuruvai-2019,1.17,6.7,7.98,15.850000000000001,synthetic_degraded,1874.8,1.0713,ripening,6,0.65,96.99,0.0,2.486,1.0,0.0,45.0,103,95.32,44.72
2019-09-27,27.23,31.57,23.7,0.39,82.67,20.22,1.65,270,2019,4.335132230986396,nasa_power,Kuruvai,Kuruvai-2019,0.48,8.16,17.75,26.39,synthetic_degraded,1891.6,1.0809,ripening,6,0.65,95.41,0.0,2.818,1.0,0.0,45.0,104,90.85,43.48
2019-09-28,27.66,31.88,24.89,0.44,81.07,19.7,1.44,271,2019,4.144944159557836,nasa_power,Kuruvai,Kuruvai-2019,5.52,11.58,3.17,20.270000000000003,synthetic_degraded,1909.1,1.0909,ripening,6,0.65,91.98,0.0,2.694,1.0,0.0,45.0,105,93.66,46.25
2019-09-29,26.82,30.26,24.63,5.46,84.43,19.33,1.58,272,2019,3.6369566043172976,nasa_power,Kuruvai,Kuruvai-2019,8.78,0.73,0.48,9.99,synthetic_degraded,1926.4,1.1008,ripening,6,0.65,88.72,0.0,2.364,1.0,0.0,45.0,106,94.86,46.27
2019-09-30,26.57,30.13,24.48,15.61,84.2,17.83,1.59,273,2019,3.6247346209237787,nasa_power,Kuruvai,Kuruvai-2019,1.27,0.47,0.19,1.93,synthetic_degraded,1943.6,1.1106,ripening,6,0.65,90.82,0.0,2.356,1.0,6.43,45.0,107,96.02,46.11
2019-10-01,27.37,31.47,23.58,0.77,80.84,22.92,1.64,274,2019,4.295341783756912,nasa_power,Kuruvai,Kuruvai-2019,0.37,0.24,2.72,3.33,synthetic_degraded,1960.4,1.1202,ripening,6,0.65,96.64,0.0,2.792,1.0,0.0,45.0,108,95.96,45.81
2019-10-02,27.07,30.24,24.33,0.47,85.66,22.91,1.59,275,2019,3.6899614435146226,nasa_power,Kuruvai,Kuruvai-2019,0.12,0.34,6.02,6.4799999999999995,synthetic_degraded,1977.6,1.13,ripening,6,0.65,93.62,0.0,2.398,1.0,0.0,45.0,109,98.0,45.11
2019-10-03,27.03,30.2,24.36,0.16,85.1,23.06,1.34,276,2019,3.6596691695836845,nasa_power,Kuruvai,Kuruvai-2019,0.64,4.94,3.35,8.93,synthetic_degraded,1994.7,1.1399,ripening,6,0.65,90.69,0.0,2.379,1.0,0.0,45.0,110,95.03,44.21
2019-10-04,27.6,31.84,24.25,0.36,82.11,22.56,1.33,277,2019,4.2335153393574885,nasa_power,Kuruvai,Kuruvai-2019,3.69,1.81,1.24,6.74,synthetic_degraded,2011.9,1.1496,ripening,6,0.65,87.47,0.0,2.752,1.0,0.0,45.0,111,87.03,43.78
2019-10-05,27.4,30.61,25.09,2.19,84.31,20.8,1.86,278,2019,3.5868820899814766,nasa_power,Kuruvai,Kuruvai-2019,3.23,1.46,0.28,4.97,synthetic_degraded,2029.4,1.1597,ripening,6,0.65,84.08,0.0,2.331,1.0,0.0,45.0,112,80.61,46.93
2019-10-06,26.86,29.91,24.62,1.94,85.65,20.11,1.79,279,2019,3.4583957711487634,nasa_power,Kuruvai,Kuruvai-2019,1.38,0.33,0.32,2.03,synthetic_degraded,2046.7,1.1695,ripening,6,0.65,82.94,0.0,2.248,1.0,0.0,45.0,113,79.76,46.15
2019-10-07,27.53,31.36,24.05,1.63,82.66,22.53,1.8,280,2019,4.0955163843001205,nasa_power,Kuruvai,Kuruvai-2019,3.33,0.2,0.25,3.7800000000000002,synthetic_degraded,2063.7,1.1793,ripening,6,0.65,81.63,0.0,2.662,1.0,0.0,45.0,114,85.82,43.96
2019-10-08,27.56,31.11,24.77,0.36,83.56,21.09,1.6,281,2019,3.824707452315767,nasa_power,Kuruvai,Kuruvai-2019,0.35,0.17,0.77,1.29,synthetic_degraded,2081.1,1.1892,ripening,6,0.65,79.6,0.0,2.486,1.0,0.0,45.0,115,79.39,45.06
2019-10-09,27.84,31.56,24.7,0.36,82.69,18.62,1.99,282,2019,3.9853478771171584,nasa_power,Kuruvai,Kuruvai-2019,0.38,0.95,1.84,3.17,synthetic_degraded,2098.4,1.1991,ripening,6,0.65,76.48,0.0,2.59,1.0,0.0,45.0,116,71.25,44.55
2019-10-10,27.8,31.34,25.16,0.27,82.46,21.0,2.01,283,2019,3.7832600490870085,nasa_power,Kuruvai,Kuruvai-2019,2.43,1.73,0.0,4.16,synthetic_degraded,2116.0,1.2092,ripening,6,0.65,73.24,0.0,2.459,1.0,0.0,45.0,117,64.82,43.31
2019-10-11,27.07,30.29,24.63,1.21,84.51,19.48,1.44,284,2019,3.549641960644419,nasa_power,Kuruvai,Kuruvai-2019,1.23,1.78,0.0,3.01,synthetic_degraded,2133.3,1.2191,ripening,6,0.65,70.06,0.0,2.307,1.0,0.0,45.0,118,74.22,45.27
2019-10-12,26.99,29.99,24.53,1.04,83.63,18.19,1.09,285,2019,3.462216619271468,nasa_power,Kuruvai,Kuruvai-2019,0.0,0.0,0.0,0.0,synthetic_degraded,2150.6,1.2289,ripening,6,0.65,67.96,0.0,2.25,1.0,0.0,45.0,119,65.23,44.38
2020-06-15,32.22,37.05,28.01,0.6,54.78,22.72,3.6,167,2020,5.287365984973624,nasa_power,Kuruvai,Kuruvai-2020,3.6,0.26,0.15,4.010000000000001,synthetic_degraded,19.0,0.0109,establishment,0,1.05,40.0,0.0,5.552,1.0,0.0,45.0,0,40.23,44.27
2020-06-16,31.94,35.98,28.65,0.08,57.16,22.2,3.48,168,2020,4.739802234940963,nasa_power,Kuruvai,Kuruvai-2020,0.2,4.04,0.07,4.3100000000000005,synthetic_degraded,38.3,0.0219,establishment,0,1.05,34.05,0.0,4.977,1.0,0.0,45.0,1,34.67,48.27
2020-06-17,31.81,36.7,27.74,0.21,56.14,21.77,3.76,169,2020,5.229493777743129,nasa_power,Kuruvai,Kuruvai-2020,0.09,0.06,0.74,0.89,synthetic_degraded,57.2,0.0327,establishment,0,1.05,28.15,0.0,5.491,1.0,0.0,45.0,2,36.77,45.14
2020-06-18,31.78,36.86,27.3,0.19,53.33,19.93,4.21,170,2020,5.385773490102667,nasa_power,Kuruvai,Kuruvai-2020,0.05,0.54,2.12,2.71,synthetic_degraded,75.8,0.0433,establishment,0,1.05,21.87,0.0,5.655,1.0,0.0,45.0,3,27.88,47.74
2020-06-19,31.56,36.24,27.35,0.06,53.53,19.2,3.59,171,2020,5.1632309048337,nasa_power,Kuruvai,Kuruvai-2020,0.55,1.48,0.42,2.45,synthetic_degraded,94.5,0.054,establishment,0,1.05,15.41,0.0,5.421,1.0,0.0,45.0,4,15.81,45.31
2020-06-20,31.76,36.71,27.98,0.57,52.8,19.82,4.39,172,2020,5.172696529810052,nasa_power,Kuruvai,Kuruvai-2020,1.01,0.81,1.56,3.38,synthetic_degraded,113.5,0.0649,establishment,0,1.05,9.04,0.0,5.431,1.0,0.0,45.0,5,10.11,45.37
2020-06-21,29.38,33.49,25.97,1.5,61.94,16.76,4.78,173,2020,4.550067755831414,nasa_power,Kuruvai,Kuruvai-2020,0.59,1.22,7.19,9.0,synthetic_degraded,131.5,0.0751,establishment,0,1.05,3.18,0.0,4.778,1.0,0.0,45.0,6,-0.33,44.54
2020-06-22,30.08,33.75,25.98,0.44,59.93,20.47,3.59,174,2020,4.637880383561068,nasa_power,Kuruvai,Kuruvai-2020,1.19,8.38,6.9,16.47,synthetic_degraded,149.5,0.0854,establishment,0,1.05,-1.09,0.0,4.857,0.5,0.0,44.92,7,-1.95,46.33
2020-06-23,31.99,38.6,27.15,1.23,49.59,16.51,2.89,175,2020,5.985268649835421,nasa_power,Kuruvai,Kuruvai-2020,6.66,9.62,4.31,20.59,synthetic_degraded,168.1,0.096,establishment,0,1.05,-6.01,0.0,6.164,0.5,0.0,44.58,8,-4.46,46.62
2020-06-24,31.4,36.83,27.19,5.14,56.61,19.32,2.16,176,2020,5.397955289231414,nasa_power,Kuruvai,Kuruvai-2020,5.8,9.01,20.45,35.26,synthetic_degraded,186.7,0.1067,establishment,0,1.05,-11.45,0.0,5.525,0.5,0.0,44.2,9,-7.2,42.65
2020-06-25,28.74,32.49,25.81,6.3,71.19,15.99,1.9,177,2020,4.235400020546331,nasa_power,Kuruvai,Kuruvai-2020,3.23,0.64,2.29,6.16,synthetic_degraded,204.6,0.1169,establishment,0,1.05,-12.33,0.0,4.34,0.5,0.0,44.14,10,-8.58,43.61
2020-06-26,29.33,33.93,25.59,4.6,69.72,22.64,2.9,178,2020,4.794033727258628,nasa_power,Kuruvai,Kuruvai-2020,10.32,2.89,1.55,14.760000000000002,synthetic_degraded,222.4,0.1271,establishment,0,1.05,-10.87,0.0,4.907,0.5,0.0,44.24,11,-16.42,45.61
2020-06-27,30.44,35.29,26.12,1.43,65.89,22.88,2.61,179,2020,5.126985878167817,nasa_power,Kuruvai,Kuruvai-2020,1.76,1.24,1.59,4.59,synthetic_degraded,240.4,0.1374,establishment,0,1.05,-11.68,0.0,5.163,0.5,0.0,44.18,12,-6.8,43.99
2020-06-28,30.31,34.14,26.39,1.75,67.56,18.49,2.57,180,2020,4.670834440907465,nasa_power,Kuruvai,Kuruvai-2020,1.94,2.65,2.52,7.109999999999999,synthetic_degraded,258.6,0.1478,establishment,0,1.05,-15.91,0.0,4.627,0.5,0.0,43.89,13,-16.35,43.15
2020-06-29,30.22,33.88,27.0,1.52,68.23,18.67,2.4,181,2020,4.4172174933793045,nasa_power,Kuruvai,Kuruvai-2020,1.63,2.43,1.15,5.210000000000001,synthetic_degraded,277.1,0.1584,tillering,1,1.1,-19.29,0.0,4.514,0.5,0.0,43.65,14,-24.22,45.16
2020-06-30,30.04,34.79,26.43,1.92,68.9,20.71,2.91,182,2020,4.886824807310929,nasa_power,Kuruvai,Kuruvai-2020,2.15,1.28,13.75,17.18,synthetic_degraded,295.3,0.1688,tillering,1,1.1,-22.78,0.0,4.927,0.5,0.0,43.41,15,-16.1,45.07
2020-07-01,29.54,33.1,26.25,1.42,65.28,15.78,2.98,183,2020,4.338589903756341,nasa_power,Kuruvai,Kuruvai-2020,1.88,15.96,0.48,18.32,synthetic_degraded,313.5,0.1791,tillering,1,1.1,-26.29,0.0,4.298,0.5,0.0,43.16,16,-18.97,42.49
2020-07-02,30.57,35.95,25.87,2.19,61.05,13.76,2.63,184,2020,5.400635141320614,nasa_power,Kuruvai,Kuruvai-2020,10.58,0.31,0.16,11.05,synthetic_degraded,331.4,0.1894,tillering,1,1.1,-29.67,0.0,5.288,0.5,0.0,42.92,17,-28.35,43.24
2020-07-03,29.42,34.26,24.93,6.56,64.11,16.34,4.09,185,2020,5.056336578696097,nasa_power,Kuruvai,Kuruvai-2020,0.29,0.23,0.28,0.8,synthetic_degraded,348.9,0.1993,tillering,1,1.1,-33.26,0.0,4.968,0.5,0.0,42.67,18,-29.72,40.86
2020-07-04,29.4,34.67,24.58,0.48,61.6,19.88,4.62,186,2020,5.262469268663619,nasa_power,Kuruvai,Kuruvai-2020,0.1,0.35,1.22,1.67,synthetic_degraded,366.1,0.2092,tillering,1,1.1,-32.17,0.0,5.055,0.5,0.0,42.75,19,-28.33,41.41
2020-07-05,29.97,34.75,25.66,0.14,60.99,14.81,3.22,187,2020,5.05692681870548,nasa_power,Kuruvai,Kuruvai-2020,0.39,2.14,2.3,4.83,synthetic_degraded,384.0,0.2194,tillering,1,1.1,-37.25,0.0,4.737,0.5,0.0,42.39,20,-30.27,42.58
2020-07-06,30.32,35.21,25.75,0.33,58.2,18.78,3.78,188,2020,5.189433902179345,nasa_power,Kuruvai,Kuruvai-2020,4.37,2.4,18.18,24.95,synthetic_degraded,401.8,0.2296,tillering,1,1.1,-42.34,0.0,4.749,0.5,0.0,42.04,21,-38.7,42.09
2020-07-07,30.29,35.66,25.47,2.58,60.14,24.03,3.35,189,2020,5.396613824436099,nasa_power,Kuruvai,Kuruvai-2020,5.19,8.71,1.98,15.880000000000003,synthetic_degraded,419.6,0.2398,tillering,1,1.1,-47.26,0.0,4.875,0.5,0.0,41.69,22,-53.9,40.24
2020-07-08,28.86,31.9,25.86,2.45,70.84,15.03,1.66,190,2020,4.011021230665779,nasa_power,Kuruvai,Kuruvai-2020,15.93,1.45,9.87,27.25,synthetic_degraded,437.5,0.25,tillering,1,1.1,-50.06,0.0,3.572,0.5,0.0,41.5,23,-40.01,40.43
2020-07-09,27.39,29.57,25.51,15.64,78.08,20.02,2.23,191,2020,3.1949135705754483,nasa_power,Kuruvai,Kuruvai-2020,3.34,6.63,1.49,11.459999999999999,synthetic_degraded,455.1,0.26,tillering,1,1.1,-51.68,0.0,3.008,0.5,0.0,41.38,24,-46.35,39.78
2020-07-10,28.6,32.93,25.1,1.46,72.66,14.48,1.7,192,2020,4.582425658345644,nasa_power,Kuruvai,Kuruvai-2020,9.47,3.35,0.58,13.4,synthetic_degraded,472.6,0.2701,tillering,1,1.1,-39.55,0.0,4.273,0.5,0.0,42.23,25,-42.1,42.91
2020-07-11,28.66,32.79,25.57,10.79,73.72,19.46,2.22,193,2020,4.417043762209929,nasa_power,Kuruvai,Kuruvai-2020,6.56,1.76,31.12,39.44,synthetic_degraded,490.4,0.2802,tillering,1,1.1,-42.86,0.0,4.235,0.5,0.0,42.0,26,-48.01,39.05
2020-07-12,30.08,36.02,25.08,4.0,68.18,23.3,2.85,194,2020,5.597331814579331,nasa_power,Kuruvai,Kuruvai-2020,0.76,13.86,3.16,17.78,synthetic_degraded,507.9,0.2902,tillering,1,1.1,-36.81,0.0,5.349,0.5,0.0,42.42,27,-34.29,40.9
2020-07-13,28.56,31.05,26.12,1.16,72.78,11.31,2.17,195,2020,3.6058496152690367,nasa_power,Kuruvai,Kuruvai-2020,17.5,2.65,2.19,22.34,synthetic_degraded,526.0,0.3006,tillering,1,1.1,-38.65,0.0,3.372,0.5,0.0,42.29,28,-40.04,39.5
2020-07-14,28.66,32.22,26.13,12.36,77.61,19.54,1.51,196,2020,4.0599168714205645,nasa_power,Kuruvai,Kuruvai-2020,3.99,1.69,0.4,6.08,synthetic_degraded,544.1,0.3109,tillering,1,1.1,-41.37,0.0,3.948,0.5,0.0,42.1,29,-39.72,42.73
2020-07-15,28.61,32.26,25.83,5.17,76.36,13.97,2.82,197,2020,4.161496811900303,nasa_power,Kuruvai,Kuruvai-2020,1.29,0.61,2.85,4.75,synthetic_degraded,562.0,0.3211,tillering,1,1.1,-33.45,0.0,4.06,0.5,0.0,42.66,30,-29.73,39.96
2020-07-16,29.02,33.99,24.83,1.15,69.68,13.58,3.18,198,2020,5.007319201539519,nasa_power,Kuruvai,Kuruvai-2020,0.75,2.42,7.95,11.120000000000001,synthetic_degraded,579.4,0.3311,tillering,1,1.1,-32.84,0.0,4.81,0.5,0.0,42.7,31,-35.67,42.75
2020-07-17,29.03,33.72,25.25,0.61,66.7,13.54,3.45,199,2020,4.824301721223744,nasa_power,Kuruvai,Kuruvai-2020,1.71,8.4,10.95,21.06,synthetic_degraded,597.0,0.3411,tillering,1,1.1,-37.0,0.0,4.534,0.5,0.0,42.41,32,-42.58,44.87
2020-07-18,28.67,32.07,25.82,3.09,70.16,14.02,1.2,200,2020,4.098198712726525,nasa_power,Kuruvai,Kuruvai-2020,7.27,7.07,1.72,16.06,synthetic_degraded,614.9,0.3514,stem_elongation,2,1.15,-41.43,0.0,3.99,0.5,0.0,42.1,33,-39.5,44.61
2020-07-19,28.44,32.14,25.85,6.0,74.83,17.9,1.73,201,2020,4.117117547567814,nasa_power,Kuruvai,Kuruvai-2020,11.46,3.11,0.44,15.01,synthetic_degraded,632.8,0.3616,stem_elongation,2,1.15,-42.83,0.0,4.037,0.5,0.0,42.0,34,-45.5,39.29
2020-07-20,28.29,31.69,25.8,7.62,79.71,21.99,2.53,202,2020,3.9641630934230574,nasa_power,Kuruvai,Kuruvai-2020,0.67,0.99,4.79,6.45,synthetic_degraded,650.7,0.3719,stem_elongation,2,1.15,-41.37,0.0,3.943,0.5,0.0,42.1,35,-40.64,42.55
2020-07-21,28.39,32.49,25.56,0.84,75.68,24.64,2.58,203,2020,4.327317512430804,nasa_power,Kuruvai,Kuruvai-2020,0.28,3.86,3.36,7.5,synthetic_degraded,668.5,0.382,stem_elongation,2,1.15,-38.19,0.0,4.233,0.5,0.0,42.33,36,-44.91,40.85
2020-07-22,28.32,31.48,25.99,0.43,77.14,21.0,2.98,204,2020,3.829080129537207,nasa_power,Kuruvai,Kuruvai-2020,3.14,3.65,11.14,17.93,synthetic_degraded,686.5,0.3923,stem_elongation,2,1.15,-42.08,0.0,3.67,0.5,0.0,42.05,37,-43.34,40.26
2020-07-23,28.57,32.15,25.77,3.89,74.53,17.47,3.2,205,2020,4.149232503800972,nasa_power,Kuruvai,Kuruvai-2020,2.45,6.9,5.96,15.310000000000002,synthetic_degraded,704.4,0.4025,stem_elongation,2,1.15,-45.82,0.0,3.971,0.5,0.0,41.79,38,-42.25,41.62
2020-07-24,28.77,33.18,25.57,3.79,74.21,19.29,3.28,206,2020,4.573420825545843,nasa_power,Kuruvai,Kuruvai-2020,7.91,4.98,1.44,14.33,synthetic_degraded,722.2,0.4127,stem_elongation,2,1.15,-46.4,0.0,4.363,0.5,0.0,41.75,39,-43.37,43.59
2020-07-25,29.68,35.28,25.06,8.28,67.88,21.07,2.22,207,2020,5.391196866091058,nasa_power,Kuruvai,Kuruvai-2020,3.07,1.21,16.29,20.57,synthetic_degraded,739.7,0.4227,stem_elongation,2,1.15,-47.48,0.0,5.228,0.5,0.0,41.68,40,-51.42,42.58
2020-07-26,28.73,33.51,24.77,2.93,69.86,21.72,2.84,208,2020,4.880232126789085,nasa_power,Kuruvai,Kuruvai-2020,1.33,3.73,16.02,21.08,synthetic_degraded,757.1,0.4326,stem_elongation,2,1.15,-44.92,0.0,4.67,0.5,0.0,41.86,41,-50.76,40.79
2020-07-27,28.74,33.06,25.32,1.53,70.69,21.53,2.42,209,2020,4.599040832886194,nasa_power,Kuruvai,Kuruvai-2020,15.89,15.07,1.04,32.0,synthetic_degraded,774.8,0.4427,stem_elongation,2,1.15,-47.16,0.0,4.324,0.5,0.0,41.7,42,-47.08,42.76
2020-07-28,28.4,32.32,25.3,7.48,74.96,18.64,2.35,210,2020,4.345963917425131,nasa_power,Kuruvai,Kuruvai-2020,14.79,1.34,16.87,33.0,synthetic_degraded,792.4,0.4528,stem_elongation,2,1.15,-50.46,0.0,4.139,0.5,0.0,41.47,43,-47.65,38.1
2020-07-29,26.42,28.81,24.51,20.45,84.34,9.5,2.52,211,2020,3.2455339531446152,nasa_power,Kuruvai,Kuruvai-2020,1.38,19.69,1.64,22.71,synthetic_degraded,809.1,0.4623,stem_elongation,2,1.15,-47.62,0.0,3.327,0.5,0.0,41.67,44,-45.59,40.54
2020-07-30,28.9,34.3,24.69,0.74,73.46,23.76,2.85,212,2020,5.162971661661841,nasa_power,Kuruvai,Kuruvai-2020,8.47,6.36,2.98,17.810000000000002,synthetic_degraded,826.4,0.4722,stem_elongation,2,1.15,-30.99,0.0,5.219,0.5,0.0,42.83,45,-33.55,41.59
2020-07-31,29.12,33.7,24.89,13.54,74.73,23.47,2.76,213,2020,4.924041304424468,nasa_power,Kuruvai,Kuruvai-2020,2.74,5.03,1.0,8.77,synthetic_degraded,843.9,0.4822,stem_elongation,2,1.15,-35.97,0.0,5.155,0.5,0.0,42.48,46,-34.48,42.6
2020-08-01,28.33,32.22,25.27,2.65,75.63,18.61,2.94,214,2020,4.323701276888408,nasa_power,Kuruvai,Kuruvai-2020,13.09,0.6,0.22,13.91,synthetic_degraded,861.5,0.4923,stem_elongation,2,1.15,-28.09,0.0,4.466,0.5,0.0,43.03,47,-20.58,42.73
2020-08-02,27.9,33.12,24.3,2.71,72.95,17.47,4.19,215,2020,4.868518397740421,nasa_power,Kuruvai,Kuruvai-2020,0.72,0.29,0.02,1.03,synthetic_degraded,878.6,0.5021,panicle_initiation,3,1.2,-30.4,0.0,5.195,0.5,0.0,42.87,48,-29.37,42.66
2020-08-03,28.38,33.19,24.45,0.43,71.74,15.67,4.45,216,2020,4.8591931560215125,nasa_power,Kuruvai,Kuruvai-2020,0.27,1.19,0.35,1.81,synthetic_degraded,895.9,0.5119,panicle_initiation,3,1.2,-33.39,0.0,5.062,0.5,0.0,42.66,49,-41.56,42.4
2020-08-04,28.1,32.19,24.52,0.33,68.21,16.58,4.92,217,2020,4.507815061657906,nasa_power,Kuruvai,Kuruvai-2020,0.03,0.38,0.44,0.8500000000000001,synthetic_degraded,913.1,0.5218,panicle_initiation,3,1.2,-38.52,0.0,4.583,0.5,0.0,42.3,50,-37.5,42.33
2020-08-05,28.88,34.28,24.54,0.02,63.38,15.86,5.29,218,2020,5.197201036968765,nasa_power,Kuruvai,Kuruvai-2020,0.4,0.31,12.51,13.219999999999999,synthetic_degraded,930.4,0.5317,panicle_initiation,3,1.2,-43.27,0.0,5.158,0.5,0.0,41.97,51,-33.05,42.78
2020-08-06,29.5,34.57,24.99,0.33,68.09,18.44,4.1,219,2020,5.195913964906675,nasa_power,Kuruvai,Kuruvai-2020,0.35,12.93,9.66,22.939999999999998,synthetic_degraded,947.9,0.5417,panicle_initiation,3,1.2,-48.91,0.0,5.023,0.5,0.0,41.58,52,-55.35,41.8
2020-08-07,30.14,36.1,25.43,0.45,66.5,21.69,3.92,220,2020,5.5982314544480865,nasa_power,Kuruvai,Kuruvai-2020,19.46,11.56,1.8,32.82,synthetic_degraded,965.6,0.5518,panicle_initiation,3,1.2,-54.1,0.0,5.276,0.5,0.0,41.21,53,-53.95,40.78
2020-08-08,28.42,33.06,25.22,12.9,72.87,20.44,3.49,221,2020,4.639039290482656,nasa_power,Kuruvai,Kuruvai-2020,23.26,0.12,1.77,25.150000000000002,synthetic_degraded,983.2,0.5618,panicle_initiation,3,1.2,-59.43,80.78,5.567,1.0,0.0,40.84,54,-60.56,41.44
2020-08-09,27.11,31.17,24.04,10.06,78.16,10.72,3.76,222,2020,4.28003873885304,nasa_power,Kuruvai,Kuruvai-2020,1.25,1.52,0.17,2.94,synthetic_degraded,1000.2,0.5716,panicle_initiation,3,1.2,27.68,0.0,5.136,1.0,0.0,45.0,55,28.16,46.24
2020-08-10,28.0,33.49,23.77,0.25,73.57,18.11,3.42,223,2020,5.11085387753193,nasa_power,Kuruvai,Kuruvai-2020,2.14,0.2,0.99,3.33,synthetic_degraded,1017.1,0.5812,panicle_initiation,3,1.2,31.61,19.51,6.133,1.0,0.0,45.0,56,32.58,44.17
2020-08-11,29.09,35.21,24.47,1.66,71.61,20.74,3.38,224,2020,5.512993126511171,nasa_power,Kuruvai,Kuruvai-2020,0.31,0.48,0.13,0.92,synthetic_degraded,1034.4,0.5911,panicle_initiation,3,1.2,44.23,0.0,6.616,1.0,0.0,45.0,57,49.93,44.91
2020-08-12,29.12,34.55,24.54,0.23,70.42,16.39,3.76,225,2020,5.289877204954858,nasa_power,Kuruvai,Kuruvai-2020,12.13,0.11,0.04,12.28,synthetic_degraded,1051.6,0.6009,panicle_initiation,3,1.2,38.27,0.0,6.348,1.0,0.0,45.0,58,38.69,46.74
2020-08-13,29.03,34.42,24.82,0.3,70.88,18.79,3.25,226,2020,5.1889667717278085,nasa_power,Kuruvai,Kuruvai-2020,0.96,0.04,0.06,1.06,synthetic_degraded,1069.0,0.6109,panicle_initiation,3,1.2,31.16,0.0,6.227,1.0,0.0,45.0,59,37.55,43.35
2020-08-14,29.44,35.45,24.81,0.25,68.69,16.57,3.31,227,2020,5.521780494814294,nasa_power,Kuruvai,Kuruvai-2020,0.03,0.06,1.22,1.31,synthetic_degraded,1086.4,0.6208,flowering,4,1.2,24.23,0.0,6.626,1.0,0.0,45.0,60,23.64,47.71
2020-08-15,28.86,33.85,24.14,0.05,68.54,17.64,3.09,228,2020,5.150086001112822,nasa_power,Kuruvai,Kuruvai-2020,0.05,0.49,1.0,1.54,synthetic_degraded,1103.5,0.6306,flowering,4,1.2,16.85,0.0,6.18,1.0,0.0,45.0,61,15.1,42.99
2020-08-16,29.61,35.87,24.64,0.07,66.83,16.81,3.24,229,2020,5.687549868272072,nasa_power,Kuruvai,Kuruvai-2020,0.85,1.78,1.04,3.67,synthetic_degraded,1120.8,0.6405,flowering,4,1.2,9.72,0.0,6.825,1.0,0.0,45.0,62,6.37,44.48
2020-08-17,30.29,36.32,25.33,0.32,65.93,20.03,3.09,230,2020,5.692891012214892,nasa_power,Kuruvai,Kuruvai-2020,1.62,1.93,0.42,3.9699999999999998,synthetic_degraded,1138.5,0.6506,flowering,4,1.2,1.97,0.0,6.831,1.0,0.0,45.0,63,-7.12,43.57
2020-08-18,30.58,36.52,25.79,1.82,66.61,19.27,2.88,231,2020,5.66284634656904,nasa_power,Kuruvai,Kuruvai-2020,0.62,0.51,0.52,1.65,synthetic_degraded,1156.4,0.6608,flowering,4,1.2,-5.54,0.0,6.694,0.5,0.0,44.61,64,-4.16,47.89
2020-08-19,29.16,33.44,25.77,0.86,71.21,19.11,2.57,232,2020,4.635626673672047,nasa_power,Kuruvai,Kuruvai-2020,0.64,0.37,6.65,7.66,synthetic_degraded,1174.3,0.671,flowering,4,1.2,-10.92,0.0,5.339,0.5,0.0,44.24,65,-0.65,43.48
2020-08-20,28.82,33.35,25.52,0.38,71.55,14.66,2.91,233,2020,4.6662177223427825,nasa_power,Kuruvai,Kuruvai-2020,0.29,4.24,21.78,26.310000000000002,synthetic_degraded,1192.0,0.6812,flowering,4,1.2,-15.9,67.42,5.599,1.0,0.0,43.89,66,-13.61,43.14
2020-08-21,29.51,35.09,25.06,0.45,68.84,21.39,2.32,234,2020,5.351769177809311,nasa_power,Kuruvai,Kuruvai-2020,3.12,10.74,10.27,24.13,synthetic_degraded,1209.6,0.6912,flowering,4,1.2,45.31,0.0,6.422,1.0,0.0,45.0,67,48.74,44.44
2020-08-22,29.67,34.25,25.99,3.81,72.18,21.7,1.73,235,2020,4.8601173714363455,nasa_power,Kuruvai,Kuruvai-2020,22.1,18.52,5.66,46.28,synthetic_degraded,1227.6,0.7015,flowering,4,1.2,38.34,0.0,5.832,1.0,0.0,45.0,68,36.27,45.14
2020-08-23,29.35,33.44,26.16,12.6,75.53,21.32,1.99,236,2020,4.53103901453259,nasa_power,Kuruvai,Kuruvai-2020,12.82,1.87,1.07,15.760000000000002,synthetic_degraded,1245.6,0.7118,flowering,4,1.2,35.31,0.0,5.437,1.0,0.0,45.0,69,34.09,44.51
2020-08-24,28.61,32.12,25.66,12.58,79.65,21.39,1.49,237,2020,4.185366751772151,nasa_power,Kuruvai,Kuruvai-2020,1.68,3.55,5.22,10.45,synthetic_degraded,1263.5,0.722,flowering,4,1.2,41.48,0.0,5.022,1.0,0.0,45.0,70,46.4,44.8
2020-08-25,29.18,32.97,25.5,3.4,77.2,20.09,1.42,238,2020,4.532372884887278,nasa_power,Kuruvai,Kuruvai-2020,3.17,4.51,0.41,8.09,synthetic_degraded,1281.2,0.7321,flowering,4,1.2,48.03,0.0,5.439,1.0,0.0,45.0,71,58.07,39.71
2020-08-26,28.7,31.84,25.97,2.48,78.5,16.78,1.66,239,2020,3.9880405471766176,nasa_power,Kuruvai,Kuruvai-2020,3.07,1.02,0.37,4.46,synthetic_degraded,1299.2,0.7424,flowering,4,1.2,45.0,0.0,4.786,1.0,0.0,45.0,72,52.44,45.09
2020-08-27,28.6,32.06,25.38,3.67,77.13,21.08,1.88,240,2020,4.235647334184955,nasa_power,Kuruvai,Kuruvai-2020,1.18,0.15,1.37,2.7,synthetic_degraded,1316.9,0.7525,grain_filling,5,0.95,41.69,0.0,4.024,1.0,0.0,45.0,73,45.72,45.03
2020-08-28,29.82,35.84,24.61,0.59,69.08,23.91,2.12,241,2020,5.666895539998919,nasa_power,Kuruvai,Kuruvai-2020,0.3,5.42,7.44,13.16,synthetic_degraded,1334.2,0.7624,grain_filling,5,0.95,40.34,0.0,5.384,1.0,0.0,45.0,74,40.52,46.56
2020-08-29,29.58,34.34,25.57,0.4,71.64,24.01,2.13,242,2020,4.9771842607262435,nasa_power,Kuruvai,Kuruvai-2020,4.69,7.56,4.49,16.740000000000002,synthetic_degraded,1352.0,0.7726,grain_filling,5,0.95,34.54,0.0,4.728,1.0,0.0,45.0,75,35.59,46.96
2020-08-30,29.37,33.82,25.39,2.92,72.9,23.08,1.91,243,2020,4.841286651165075,nasa_power,Kuruvai,Kuruvai-2020,13.79,4.13,9.9,27.82,synthetic_degraded,1369.7,0.7827,grain_filling,5,0.95,29.21,0.0,4.599,1.0,0.0,45.0,76,25.44,44.72
2020-08-31,29.14,33.29,25.82,6.2,77.13,23.51,1.83,244,2020,4.549745724277404,nasa_power,Kuruvai,Kuruvai-2020,6.57,2.4,1.69,10.66,synthetic_degraded,1387.6,0.7929,grain_filling,5,0.95,26.54,0.0,4.322,1.0,0.0,45.0,77,19.3,46.22
2020-09-01,27.53,29.92,25.93,9.64,82.26,20.56,2.19,245,2020,3.2086274357495013,nasa_power,Kuruvai,Kuruvai-2020,8.49,1.48,0.86,10.83,synthetic_degraded,1405.5,0.8032,grain_filling,5,0.95,27.41,0.0,3.048,1.0,0.0,45.0,78,21.78,43.35
2020-09-02,27.14,30.43,24.64,9.26,80.75,14.29,1.75,246,2020,3.82956906083311,nasa_power,Kuruvai,Kuruvai-2020,3.5,1.25,2.47,7.220000000000001,synthetic_degraded,1422.8,0.8131,grain_filling,5,0.95,33.01,0.0,3.638,1.0,0.0,45.0,79,33.26,46.15
2020-09-03,27.85,31.57,24.76,2.94,79.44,19.57,1.7,247,2020,4.207800541463984,nasa_power,Kuruvai,Kuruvai-2020,0.86,1.43,3.66,5.95,synthetic_degraded,1440.2,0.823,grain_filling,5,0.95,37.63,0.0,3.997,1.0,0.0,45.0,80,36.17,44.14
2020-09-04,28.6,32.38,25.54,1.26,79.47,20.11,1.22,248,2020,4.286604215964366,nasa_power,Kuruvai,Kuruvai-2020,1.66,3.26,1.58,6.5,synthetic_degraded,1458.0,0.8331,grain_filling,5,0.95,35.57,0.0,4.072,1.0,0.0,45.0,81,28.22,43.22
2020-09-05,28.31,31.51,25.83,1.47,80.26,15.83,2.13,249,2020,3.878761974962413,nasa_power,Kuruvai,Kuruvai-2020,2.21,0.73,3.01,5.949999999999999,synthetic_degraded,1475.9,0.8434,grain_filling,5,0.95,31.76,0.0,3.685,1.0,0.0,45.0,82,31.57,44.72
2020-09-06,28.7,33.92,24.24,2.45,75.28,19.92,2.95,250,2020,5.103707214087475,nasa_power,Kuruvai,Kuruvai-2020,0.84,0.9,16.53,18.27,synthetic_degraded,1493.0,0.8532,grain_filling,5,0.95,28.54,0.0,4.849,1.0,0.0,45.0,83,26.95,47.1
2020-09-07,28.41,32.77,24.63,0.94,76.08,17.35,2.51,251,2020,4.637867442186527,nasa_power,Kuruvai,Kuruvai-2020,1.52,19.43,15.39,36.34,synthetic_degraded,1510.3,0.8631,grain_filling,5,0.95,25.14,0.0,4.406,1.0,0.0,45.0,84,19.28,45.27
2020-09-08,28.4,32.37,25.02,1.49,77.38,21.35,1.97,252,2020,4.402244375138598,nasa_power,Kuruvai,Kuruvai-2020,24.16,13.19,4.52,41.870000000000005,synthetic_degraded,1527.9,0.8731,grain_filling,5,0.95,20.68,0.0,4.182,1.0,0.0,45.0,85,18.83,47.24
2020-09-09,27.76,31.48,25.5,23.4,83.22,15.5,2.76,253,2020,3.9492191203926788,nasa_power,Kuruvai,Kuruvai-2020,8.44,3.05,1.29,12.779999999999998,synthetic_degraded,1545.6,0.8832,grain_filling,5,0.95,16.99,0.0,3.752,1.0,0.0,45.0,86,15.39,43.88
2020-09-10,27.4,32.3,23.92,7.84,79.42,16.12,3.68,254,2020,4.631589248243887,nasa_power,Kuruvai,Kuruvai-2020,0.68,0.64,3.62,4.94,synthetic_degraded,1562.6,0.8929,grain_filling,5,0.95,35.63,0.0,4.4,1.0,0.0,45.0,87,32.55,46.57
2020-09-11,27.24,31.95,24.21,0.89,76.89,17.99,3.89,255,2020,4.443240570441529,nasa_power,Kuruvai,Kuruvai-2020,1.22,6.78,0.4,8.4,synthetic_degraded,1579.7,0.9027,ripening,6,0.65,38.07,0.0,2.888,1.0,0.0,45.0,88,42.7,44.02
2020-09-12,27.66,32.39,23.97,0.92,74.84,11.33,2.78,256,2020,4.638889045339846,nasa_power,Kuruvai,Kuruvai-2020,4.29,0.46,1.17,5.92,synthetic_degraded,1596.7,0.9124,ripening,6,0.65,35.08,0.0,3.015,1.0,0.0,45.0,89,25.57,45.34
2020-09-13,26.46,30.74,23.55,4.52,78.4,9.19,2.71,257,2020,4.1850012626347,nasa_power,Kuruvai,Kuruvai-2020,0.6,1.87,0.43,2.9000000000000004,synthetic_degraded,1613.4,0.922,ripening,6,0.65,31.98,0.0,2.72,1.0,0.0,45.0,90,22.05,45.33
2020-09-14,28.02,33.73,23.47,0.61,71.39,15.16,3.59,258,2020,5.154421397366941,nasa_power,Kuruvai,Kuruvai-2020,0.73,0.22,0.97,1.92,synthetic_degraded,1630.2,0.9315,ripening,6,0.65,32.78,0.0,3.35,1.0,0.0,45.0,91,32.8,45.99
2020-09-15,28.23,33.98,23.56,0.89,71.1,16.35,3.26,259,2020,5.206483925502946,nasa_power,Kuruvai,Kuruvai-2020,0.32,1.04,0.79,2.1500000000000004,synthetic_degraded,1646.9,0.9411,ripening,6,0.65,29.04,0.0,3.384,1.0,0.0,45.0,92,29.52,45.38
2020-09-16,28.97,34.56,24.59,0.28,72.2,19.35,2.53,260,2020,5.173626622081589,nasa_power,Kuruvai,Kuruvai-2020,0.28,0.68,0.54,1.5,synthetic_degraded,1664.2,0.951,ripening,6,0.65,25.55,0.0,3.363,1.0,0.0,45.0,93,27.57,43.89
2020-09-17,28.77,33.74,24.73,0.64,74.14,17.94,2.7,261,2020,4.875883947487935,nasa_power,Kuruvai,Kuruvai-2020,0.52,0.37,0.6,1.49,synthetic_degraded,1681.6,0.9609,ripening,6,0.65,21.46,0.0,3.169,1.0,0.0,45.0,94,18.77,46.32
2020-09-18,29.42,35.4,25.04,0.72,68.67,14.03,3.74,262,2020,5.329925233038711,nasa_power,Kuruvai,Kuruvai-2020,0.45,0.71,0.18,1.3399999999999999,synthetic_degraded,1699.1,0.9709,ripening,6,0.65,17.93,0.0,3.464,1.0,0.0,45.0,95,13.34,47.6
2020-09-19,28.56,33.99,24.53,0.51,68.87,10.4,4.18,263,2020,4.983605286977217,nasa_power,Kuruvai,Kuruvai-2020,0.32,0.42,9.31,10.05,synthetic_degraded,1716.4,0.9808,ripening,6,0.65,14.19,0.0,3.239,1.0,0.0,45.0,96,14.15,44.12
2020-09-20,27.58,32.02,24.56,0.47,68.74,11.55,5.31,264,2020,4.327401762717777,nasa_power,Kuruvai,Kuruvai-2020,0.33,0.02,12.19,12.54,synthetic_degraded,1733.7,0.9907,ripening,6,0.65,10.46,0.0,2.813,1.0,0.0,45.0,97,8.25,42.25
2020-09-21,28.49,34.3,23.93,0.16,66.96,15.71,4.38,265,2020,5.184837416025927,nasa_power,Kuruvai,Kuruvai-2020,0.02,0.1,0.39,0.51,synthetic_degraded,1750.6,1.0004,ripening,6,0.65,7.12,0.0,3.37,1.0,0.0,45.0,98,14.88,45.75
2020-09-22,28.91,35.22,24.23,0.02,63.62,20.3,3.97,266,2020,5.397791436367351,nasa_power,Kuruvai,Kuruvai-2020,0.06,0.43,1.2,1.69,synthetic_degraded,1767.7,1.0101,ripening,6,0.65,2.91,0.0,3.509,1.0,0.0,45.0,99,1.29,44.5
2020-09-23,29.01,35.08,23.76,0.06,64.2,24.43,3.01,267,2020,5.4335505019416654,nasa_power,Kuruvai,Kuruvai-2020,0.22,1.9,1.2,3.3200000000000003,synthetic_degraded,1784.6,1.0198,ripening,6,0.65,-1.58,0.0,3.51,0.5,0.0,44.89,100,-1.85,44.69
2020-09-24,28.89,34.09,24.47,0.27,69.86,22.61,2.4,268,2020,4.985128661260733,nasa_power,Kuruvai,Kuruvai-2020,2.48,1.29,6.37,10.14,synthetic_degraded,1801.9,1.0296,ripening,6,0.65,-5.53,0.0,3.172,0.5,0.0,44.61,101,6.85,45.44
2020-09-25,28.16,31.27,25.75,2.5,75.79,14.55,2.13,269,2020,3.7076033720049466,nasa_power,Kuruvai,Kuruvai-2020,0.74,6.67,18.61,26.02,synthetic_degraded,1819.7,1.0399,ripening,6,0.65,-8.93,0.0,2.348,0.5,0.0,44.37,102,-9.9,43.69
2020-09-26,27.86,32.22,24.85,1.27,72.32,16.95,2.84,270,2020,4.2782618472617235,nasa_power,Kuruvai,Kuruvai-2020,15.19,14.98,48.72,78.89,synthetic_degraded,1837.2,1.0498,ripening,6,0.65,-9.28,0.0,2.692,0.5,0.0,44.35,103,-6.5,43.95
2020-09-27,28.28,32.47,23.75,11.88,72.33,17.24,1.9,271,2020,4.601979540373619,nasa_power,Kuruvai,Kuruvai-2020,10.78,17.56,19.32,47.66,synthetic_degraded,1854.0,1.0595,ripening,6,0.65,-11.2,0.0,2.991,1.0,0.0,44.22,104,-7.97,44.07
2020-09-28,27.42,31.3,24.82,16.43,83.82,18.19,2.13,272,2020,3.954894314803831,nasa_power,Kuruvai,Kuruvai-2020,20.54,19.95,3.37,43.85999999999999,synthetic_degraded,1871.4,1.0694,ripening,6,0.65,-3.32,0.0,2.571,1.0,0.0,44.77,105,0.34,46.97
2020-09-29,26.48,29.61,24.85,23.27,88.43,17.17,2.6,273,2020,3.3214883091044616,nasa_power,Kuruvai,Kuruvai-2020,16.47,0.39,0.93,17.79,synthetic_degraded,1888.7,1.0792,ripening,6,0.65,9.54,0.0,2.159,1.0,0.0,45.0,106,10.99,45.05
2020-09-30,26.8,30.48,23.99,23.92,83.37,18.02,2.75,274,2020,3.870739352376409,nasa_power,Kuruvai,Kuruvai-2020,0.33,0.58,1.62,2.5300000000000002,synthetic_degraded,1905.7,1.089,ripening,6,0.65,29.66,0.0,2.516,1.0,0.0,45.0,107,30.63,43.15
2020-10-01,26.82,31.08,23.73,0.54,80.36,20.36,2.45,275,2020,4.125970864673997,nasa_power,Kuruvai,Kuruvai-2020,1.28,5.21,0.21,6.7,synthetic_degraded,1922.5,1.0986,ripening,6,0.65,50.06,0.0,2.682,1.0,0.0,45.0,108,50.56,43.21
2020-10-02,27.78,32.63,23.14,0.66,77.03,21.18,2.54,276,2020,4.727790590027262,nasa_power,Kuruvai,Kuruvai-2020,8.2,4.78,0.61,13.59,synthetic_degraded,1939.1,1.1081,ripening,6,0.65,46.92,0.0,3.073,1.0,0.0,45.0,109,44.04,45.21
2020-10-03,26.53,29.7,23.98,4.1,81.04,21.44,2.8,277,2020,3.5785778789843325,nasa_power,Kuruvai,Kuruvai-2020,0.49,0.22,0.59,1.2999999999999998,synthetic_degraded,1955.9,1.1177,ripening,6,0.65,43.5,0.0,2.326,1.0,0.0,45.0,110,45.13,43.31
2020-10-04,27.4,31.95,24.17,0.27,75.89,17.43,2.68,278,2020,4.277900003789579,nasa_power,Kuruvai,Kuruvai-2020,0.97,3.19,2.87,7.03,synthetic_degraded,1973.0,1.1274,ripening,6,0.65,44.28,0.0,2.781,1.0,0.0,45.0,111,54.42,42.66
2020-10-05,28.53,33.75,24.01,0.52,70.79,22.7,2.38,279,2020,4.860912526277998,nasa_power,Kuruvai,Kuruvai-2020,2.92,2.25,15.59,20.759999999999998,synthetic_degraded,1990.0,1.1372,ripening,6,0.65,40.77,0.0,3.16,1.0,0.0,45.0,112,46.82,45.95
2020-10-06,29.16,35.1,24.01,2.16,73.35,22.14,1.82,280,2020,5.249554810333065,nasa_power,Kuruvai,Kuruvai-2020,3.64,10.6,4.52,18.759999999999998,synthetic_degraded,2007.0,1.1469,ripening,6,0.65,37.13,0.0,3.412,1.0,0.0,45.0,113,38.65,46.03
2020-10-07,29.15,34.07,24.98,4.46,77.73,21.41,2.07,281,2020,4.738381206069606,nasa_power,Kuruvai,Kuruvai-2020,5.96,3.61,2.89,12.46,synthetic_degraded,2024.5,1.1569,ripening,6,0.65,34.88,0.0,3.08,1.0,0.0,45.0,114,39.16,44.45
2020-10-08,28.44,31.49,26.07,9.5,82.91,20.06,1.09,282,2020,3.5925834155063945,nasa_power,Kuruvai,Kuruvai-2020,5.7,1.2,0.82,7.720000000000001,synthetic_degraded,2042.6,1.1672,ripening,6,0.65,35.26,0.0,2.335,1.0,0.0,45.0,115,30.91,45.44
2020-10-09,27.66,30.79,25.36,2.88,82.52,18.19,1.89,283,2020,3.532794001442395,nasa_power,Kuruvai,Kuruvai-2020,1.16,0.39,0.33,1.88,synthetic_degraded,2060.2,1.1773,ripening,6,0.65,41.42,0.0,2.296,1.0,0.0,45.0,116,40.12,45.28
2020-10-10,27.12,30.94,24.37,1.07,81.56,15.51,1.75,284,2020,3.8408392513293275,nasa_power,Kuruvai,Kuruvai-2020,1.69,0.34,16.15,18.18,synthetic_degraded,2077.4,1.1871,ripening,6,0.65,41.0,0.0,2.497,1.0,0.0,45.0,117,45.74,45.9
2020-10-11,26.7,30.5,24.32,0.55,79.21,14.52,3.1,285,2020,3.69568947044599,nasa_power,Kuruvai,Kuruvai-2020,0.25,0.0,0.0,0.25,synthetic_degraded,2094.6,1.1969,ripening,6,0.65,38.58,0.0,2.402,1.0,0.0,45.0,118,46.02,45.91
2020-10-12,27.83,34.2,22.34,0.3,72.74,17.8,3.55,286,2020,5.203772981140718,nasa_power,Kuruvai,Kuruvai-2020,0.0,0.0,0.0,0.0,synthetic_degraded,2110.8,1.2062,ripening,6,0.65,35.73,0.0,3.382,1.0,0.0,45.0,119,31.88,41.09
2021-06-15,30.44,36.8,24.31,0.08,56.44,20.8,4.5,166,2021,5.972382827620744,nasa_power,Kuruvai,Kuruvai-2021,0.09,0.56,0.03,0.68,synthetic_degraded,17.2,0.0098,establishment,0,1.05,40.0,0.0,6.271,1.0,0.0,45.0,0,31.04,47.43
2021-06-16,30.69,35.24,26.73,0.1,61.81,20.5,4.4,167,2021,4.972551806440024,nasa_power,Kuruvai,Kuruvai-2021,0.24,0.08,0.63,0.95,synthetic_degraded,35.5,0.0203,establishment,0,1.05,32.81,0.0,5.221,1.0,0.0,45.0,1,27.6,44.91
2021-06-17,31.12,36.69,26.58,0.19,58.34,20.77,4.57,168,2021,5.490989530829409,nasa_power,Kuruvai,Kuruvai-2021,0.03,0.08,0.12,0.22999999999999998,synthetic_degraded,53.8,0.0307,establishment,0,1.05,26.69,0.0,5.766,1.0,0.0,45.0,2,16.37,45.13
2021-06-18,30.78,36.74,25.91,0.04,57.72,17.01,4.32,169,2021,5.646492427738326,nasa_power,Kuruvai,Kuruvai-2021,0.05,0.32,10.49,10.86,synthetic_degraded,71.8,0.041,establishment,0,1.05,20.11,0.0,5.929,1.0,0.0,45.0,3,15.62,46.69
2021-06-19,30.51,36.14,25.6,0.05,58.31,20.04,3.56,170,2021,5.517906600136548,nasa_power,Kuruvai,Kuruvai-2021,0.32,1.84,3.63,5.79,synthetic_degraded,89.6,0.0512,establishment,0,1.05,13.22,0.0,5.794,1.0,0.0,45.0,4,20.76,44.73
2021-06-20,30.72,35.83,25.97,0.23,60.04,23.63,3.07,171,2021,5.339495086060384,nasa_power,Kuruvai,Kuruvai-2021,0.86,2.8,11.42,15.08,synthetic_degraded,107.6,0.0615,establishment,0,1.05,6.48,51.26,5.606,1.0,0.0,45.0,5,16.77,45.26
2021-06-21,31.3,36.13,26.47,0.83,59.47,23.24,2.85,172,2021,5.327853787058027,nasa_power,Kuruvai,Kuruvai-2021,10.55,21.73,6.35,38.63,synthetic_degraded,125.8,0.0719,establishment,0,1.05,51.36,0.0,5.594,1.0,0.0,45.0,6,52.53,46.35
2021-06-22,30.21,34.36,27.03,5.35,65.5,16.58,2.31,173,2021,4.58342448293021,nasa_power,Kuruvai,Kuruvai-2021,24.24,1.28,0.16,25.68,synthetic_degraded,144.3,0.0825,establishment,0,1.05,45.6,0.0,4.813,1.0,0.0,45.0,7,42.41,42.79
2021-06-23,29.05,33.33,25.73,10.77,73.72,17.82,2.15,174,2021,4.5546261714423935,nasa_power,Kuruvai,Kuruvai-2021,11.22,0.19,0.71,12.120000000000001,synthetic_degraded,162.2,0.0927,establishment,0,1.05,45.13,0.0,4.782,1.0,0.0,45.0,8,44.02,44.57
2021-06-24,29.59,34.19,26.03,2.0,69.32,18.98,2.32,175,2021,4.777034723327628,nasa_power,Kuruvai,Kuruvai-2021,0.22,1.26,1.63,3.11,synthetic_degraded,180.2,0.103,establishment,0,1.05,50.12,0.0,5.016,1.0,0.0,45.0,9,52.49,46.24
2021-06-25,30.61,37.03,25.34,0.24,60.27,23.77,2.93,176,2021,5.84580860611589,nasa_power,Kuruvai,Kuruvai-2021,1.23,2.86,0.22,4.31,synthetic_degraded,197.9,0.1131,establishment,0,1.05,46.11,0.0,6.138,1.0,0.0,45.0,10,38.3,45.1
2021-06-26,30.56,36.18,26.06,0.98,59.98,21.03,3.07,177,2021,5.431844280709522,nasa_power,Kuruvai,Kuruvai-2021,1.42,0.19,1.52,3.13,synthetic_degraded,215.9,0.1234,establishment,0,1.05,39.21,0.0,5.703,1.0,0.0,45.0,11,36.35,47.2
2021-06-27,29.61,34.68,25.9,1.64,61.66,14.29,2.77,178,2021,4.973684683353162,nasa_power,Kuruvai,Kuruvai-2021,0.17,0.81,1.27,2.25,synthetic_degraded,233.8,0.1336,establishment,0,1.05,33.48,0.0,5.222,1.0,0.0,45.0,12,40.65,42.64
2021-06-28,29.57,35.36,25.67,0.32,63.43,19.1,2.54,179,2021,5.249704000980116,nasa_power,Kuruvai,Kuruvai-2021,2.0,1.68,20.23,23.91,synthetic_degraded,251.7,0.1438,establishment,0,1.05,28.9,0.0,5.512,1.0,0.0,45.0,13,23.67,42.46
2021-06-29,30.27,35.78,26.26,1.02,65.99,21.63,3.11,180,2021,5.258125229773958,nasa_power,Kuruvai,Kuruvai-2021,1.72,13.86,2.96,18.54,synthetic_degraded,269.8,0.1542,tillering,1,1.1,22.71,0.0,5.784,1.0,0.0,45.0,14,18.96,46.15
2021-06-30,30.61,35.56,26.47,1.61,67.98,23.1,2.42,181,2021,5.137862771827999,nasa_power,Kuruvai,Kuruvai-2021,20.61,7.9,1.92,30.43,synthetic_degraded,288.0,0.1646,tillering,1,1.1,16.95,0.0,5.652,1.0,0.0,45.0,15,17.02,46.3
2021-07-01,29.56,33.41,26.92,15.07,76.06,21.48,2.64,182,2021,4.266142380149076,nasa_power,Kuruvai,Kuruvai-2021,10.09,20.32,21.3,51.71,synthetic_degraded,306.5,0.1751,tillering,1,1.1,11.9,0.0,4.693,1.0,0.0,45.0,16,13.32,44.71
2021-07-02,29.67,34.02,25.99,5.38,74.84,21.54,2.4,183,2021,4.730090360548225,nasa_power,Kuruvai,Kuruvai-2021,4.28,28.51,1.13,33.92,synthetic_degraded,324.5,0.1854,tillering,1,1.1,21.28,0.0,5.203,1.0,0.0,45.0,17,18.15,45.6
2021-07-03,28.91,32.25,25.83,4.33,74.77,21.25,1.87,184,2021,4.144583014369416,nasa_power,Kuruvai,Kuruvai-2021,65.88,1.64,0.34,67.86,synthetic_degraded,342.4,0.1957,tillering,1,1.1,20.46,0.0,4.559,1.0,0.0,45.0,18,20.84,46.12
2021-07-04,27.54,29.67,25.3,23.61,82.37,20.99,2.52,185,2021,3.306417694620593,nasa_power,Kuruvai,Kuruvai-2021,2.53,0.09,1.36,3.9799999999999995,synthetic_degraded,359.9,0.2056,tillering,1,1.1,19.23,0.0,3.637,1.0,0.0,45.0,19,22.27,43.78
2021-07-05,29.32,34.2,24.47,2.28,71.17,23.36,1.85,186,2021,5.13613678820666,nasa_power,Kuruvai,Kuruvai-2021,0.09,2.33,6.34,8.76,synthetic_degraded,377.1,0.2155,tillering,1,1.1,38.2,0.0,5.65,1.0,0.0,45.0,20,48.01,43.94
2021-07-06,29.36,32.99,26.17,0.17,73.19,21.38,2.07,187,2021,4.3232016875060975,nasa_power,Kuruvai,Kuruvai-2021,2.1,5.9,7.16,15.16,synthetic_degraded,395.2,0.2258,tillering,1,1.1,33.83,0.0,4.756,1.0,0.0,45.0,21,33.2,45.28
2021-07-07,29.71,33.98,26.03,2.7,72.69,21.68,2.08,188,2021,4.710467827898137,nasa_power,Kuruvai,Kuruvai-2021,7.62,7.33,0.87,15.819999999999999,synthetic_degraded,413.2,0.2361,tillering,1,1.1,28.25,0.0,5.182,1.0,0.0,45.0,22,28.04,46.36
2021-07-08,29.79,33.96,25.69,9.01,72.76,23.01,2.1,189,2021,4.7873017323644325,nasa_power,Kuruvai,Kuruvai-2021,7.75,1.38,0.2,9.329999999999998,synthetic_degraded,431.1,0.2463,tillering,1,1.1,24.76,0.0,5.266,1.0,0.0,45.0,23,32.4,43.25
2021-07-09,29.01,33.26,26.09,5.94,76.18,17.91,3.16,190,2021,4.444574551766479,nasa_power,Kuruvai,Kuruvai-2021,0.74,2.02,0.85,3.61,synthetic_degraded,449.1,0.2566,tillering,1,1.1,27.51,0.0,4.889,1.0,0.0,45.0,24,24.76,44.7
2021-07-10,28.43,33.08,24.87,1.13,69.33,10.69,5.0,191,2021,4.687053990173611,nasa_power,Kuruvai,Kuruvai-2021,0.35,0.83,2.23,3.41,synthetic_degraded,466.5,0.2666,tillering,1,1.1,27.56,0.0,5.156,1.0,0.0,45.0,25,20.94,44.63
2021-07-11,28.6,33.32,24.55,0.4,63.02,15.38,4.79,192,2021,4.84140665686758,nasa_power,Kuruvai,Kuruvai-2021,0.32,0.17,5.69,6.180000000000001,synthetic_degraded,483.8,0.2765,tillering,1,1.1,22.53,0.0,5.326,1.0,0.0,45.0,26,23.78,45.63
2021-07-12,29.45,34.96,24.99,0.34,62.9,16.72,4.77,193,2021,5.278352205256322,nasa_power,Kuruvai,Kuruvai-2021,0.19,5.89,2.58,8.66,synthetic_degraded,501.3,0.2865,tillering,1,1.1,16.61,0.0,5.806,1.0,0.0,45.0,27,21.99,44.99
2021-07-13,29.25,34.71,25.07,0.23,66.45,14.78,4.46,194,2021,5.182529143415915,nasa_power,Kuruvai,Kuruvai-2021,8.96,3.77,4.48,17.21,synthetic_degraded,518.8,0.2965,tillering,1,1.1,10.14,0.0,5.701,1.0,0.0,45.0,28,11.95,44.18
2021-07-14,28.68,34.04,24.73,6.22,70.04,14.59,3.94,195,2021,5.040636611272705,nasa_power,Kuruvai,Kuruvai-2021,3.78,3.97,7.42,15.17,synthetic_degraded,536.2,0.3064,tillering,1,1.1,3.67,0.0,5.545,1.0,0.0,45.0,29,3.18,46.87
2021-07-15,28.8,34.83,23.96,2.83,69.84,12.97,3.35,196,2021,5.4494474464757445,nasa_power,Kuruvai,Kuruvai-2021,4.5,10.72,5.79,21.01,synthetic_degraded,553.2,0.3161,tillering,1,1.1,3.35,0.0,5.994,1.0,0.0,45.0,30,-3.89,44.19
2021-07-16,29.09,33.45,25.28,2.66,70.12,19.25,2.75,197,2021,4.722932117780411,nasa_power,Kuruvai,Kuruvai-2021,5.2,10.19,0.22,15.610000000000001,synthetic_degraded,570.8,0.3262,tillering,1,1.1,-0.82,0.0,5.195,1.0,0.0,44.94,31,-1.11,44.5
2021-07-17,29.06,34.02,25.1,6.03,72.04,14.31,2.34,198,2021,4.9569856411001005,nasa_power,Kuruvai,Kuruvai-2021,15.27,0.4,0.32,15.99,synthetic_degraded,588.4,0.3362,tillering,1,1.1,-4.35,0.0,5.453,1.0,0.0,44.7,32,1.82,42.31
2021-07-18,28.09,31.97,25.37,8.4,76.69,13.92,3.19,199,2021,4.18517867067148,nasa_power,Kuruvai,Kuruvai-2021,1.21,0.26,0.27,1.74,synthetic_degraded,606.1,0.3463,tillering,1,1.1,-4.78,0.0,4.604,1.0,0.0,44.67,33,-10.95,43.6
2021-07-19,29.46,35.31,24.64,0.25,68.61,21.12,4.08,200,2021,5.472688701425251,nasa_power,Kuruvai,Kuruvai-2021,0.19,0.29,0.12,0.6,synthetic_degraded,623.4,0.3562,stem_elongation,2,1.15,-1.98,0.0,6.25,0.5,0.0,44.86,34,-3.2,45.63
2021-07-20,30.39,36.69,24.84,0.35,64.45,21.27,4.29,201,2021,5.864771021423724,nasa_power,Kuruvai,Kuruvai-2021,0.11,0.32,2.41,2.8400000000000003,synthetic_degraded,640.8,0.3662,stem_elongation,2,1.15,-8.48,0.0,6.525,0.5,0.0,44.41,35,-10.42,44.89
2021-07-21,29.78,35.61,25.2,0.19,65.24,16.47,4.5,202,2021,5.458059727293942,nasa_power,Kuruvai,Kuruvai-2021,0.21,1.92,8.27,10.399999999999999,synthetic_degraded,658.4,0.3762,stem_elongation,2,1.15,-15.15,0.0,5.901,0.5,0.0,43.94,36,-18.64,44.84
2021-07-22,29.37,34.39,25.64,0.21,66.73,18.95,5.64,203,2021,4.965266297244445,nasa_power,Kuruvai,Kuruvai-2021,1.67,0.09,0.93,2.69,synthetic_degraded,676.2,0.3864,stem_elongation,2,1.15,-21.37,0.0,5.227,0.5,0.0,43.5,37,-20.13,44.33
2021-07-23,29.6,35.05,25.72,0.97,64.29,12.34,5.23,204,2021,5.168699092378932,nasa_power,Kuruvai,Kuruvai-2021,0.14,0.62,1.74,2.5,synthetic_degraded,694.1,0.3966,stem_elongation,2,1.15,-26.88,0.0,5.328,0.5,0.0,43.12,38,-24.66,46.25
2021-07-24,29.52,35.04,25.23,0.19,66.01,22.13,3.94,205,2021,5.2743648067604045,nasa_power,Kuruvai,Kuruvai-2021,0.75,4.26,1.11,6.12,synthetic_degraded,711.7,0.4067,stem_elongation,2,1.15,-31.74,0.0,5.3,0.5,0.0,42.78,39,-29.58,41.66
2021-07-25,30.05,36.72,25.47,0.93,62.35,22.94,4.22,206,2021,5.76338510136951,nasa_power,Kuruvai,Kuruvai-2021,2.67,0.6,0.2,3.47,synthetic_degraded,729.4,0.4168,stem_elongation,2,1.15,-37.35,0.0,5.662,0.5,0.0,42.39,40,-42.23,39.96
2021-07-26,30.11,36.44,24.65,2.94,65.2,22.75,3.44,207,2021,5.835774361239099,nasa_power,Kuruvai,Kuruvai-2021,2.58,0.37,0.05,3.0,synthetic_degraded,746.8,0.4267,stem_elongation,2,1.15,-42.58,0.0,5.647,0.5,0.0,42.02,41,-50.81,40.44
2021-07-27,27.9,30.79,25.53,1.99,73.96,21.76,3.65,208,2021,3.7069315791568793,nasa_power,Kuruvai,Kuruvai-2021,0.24,0.11,12.71,13.06,synthetic_degraded,764.5,0.4369,stem_elongation,2,1.15,-45.79,0.0,3.516,0.5,0.0,41.79,42,-44.48,40.73
2021-07-28,29.83,35.98,24.76,0.3,63.78,22.49,3.93,209,2021,5.676287903324183,nasa_power,Kuruvai,Kuruvai-2021,2.61,0.08,7.61,10.3,synthetic_degraded,781.9,0.4468,stem_elongation,2,1.15,-47.82,0.0,5.287,0.5,0.0,41.65,43,-50.35,40.19
2021-07-29,30.01,35.74,24.89,0.07,63.34,20.88,3.17,210,2021,5.577425994841285,nasa_power,Kuruvai,Kuruvai-2021,10.44,0.1,0.15,10.69,synthetic_degraded,799.4,0.4568,stem_elongation,2,1.15,-53.3,0.0,5.048,0.5,0.0,41.27,44,-44.11,41.41
2021-07-30,29.93,35.38,25.05,0.1,64.23,21.29,3.53,211,2021,5.432622958775737,nasa_power,Kuruvai,Kuruvai-2021,0.09,0.07,0.09,0.25,synthetic_degraded,816.9,0.4668,stem_elongation,2,1.15,-58.78,0.0,4.781,0.5,0.0,40.89,45,-49.36,42.77
2021-07-31,30.9,36.8,25.39,0.12,60.41,22.58,3.43,212,2021,5.816076233494836,nasa_power,Kuruvai,Kuruvai-2021,0.19,0.1,0.09,0.38,synthetic_degraded,834.6,0.4769,stem_elongation,2,1.15,-63.96,0.0,4.98,0.5,0.0,40.52,46,-54.01,42.83
2021-08-01,30.89,36.86,25.44,0.11,60.08,17.48,3.27,213,2021,5.826995462843828,nasa_power,Kuruvai,Kuruvai-2021,0.14,0.11,0.11,0.36,synthetic_degraded,852.3,0.487,stem_elongation,2,1.15,-69.32,0.0,4.846,0.5,0.0,40.15,47,-74.02,40.91
2021-08-02,30.09,35.56,25.3,0.13,58.99,21.9,3.76,214,2021,5.443537090751943,nasa_power,Kuruvai,Kuruvai-2021,0.1,0.1,0.45,0.65,synthetic_degraded,869.9,0.4971,stem_elongation,2,1.15,-74.56,0.0,4.396,0.5,0.0,39.78,48,-71.71,42.99
2021-08-03,30.64,37.37,25.31,0.14,59.11,21.66,3.96,215,2021,6.014852606842253,nasa_power,Kuruvai,Kuruvai-2021,3.99,0.21,2.09,6.29,synthetic_degraded,887.6,0.5072,panicle_initiation,3,1.2,-79.32,0.0,4.932,0.5,0.0,39.45,49,-74.97,38.92
2021-08-04,31.16,38.36,25.69,0.13,57.38,20.48,4.55,216,2021,6.252760471475676,nasa_power,Kuruvai,Kuruvai-2021,0.22,1.68,10.0,11.9,synthetic_degraded,905.4,0.5174,panicle_initiation,3,1.2,-84.62,0.0,4.968,0.5,0.0,39.08,50,-80.83,36.63
2021-08-05,30.85,37.1,26.1,0.29,59.2,20.51,4.24,217,2021,5.77793889379201,nasa_power,Kuruvai,Kuruvai-2021,3.6,9.21,1.0,13.81,synthetic_degraded,923.5,0.5277,panicle_initiation,3,1.2,-89.95,117.41,6.934,1.0,0.0,38.7,51,-91.72,40.28
2021-08-06,30.83,37.14,26.03,1.9,62.12,19.52,3.99,218,2021,5.8064156997993095,nasa_power,Kuruvai,Kuruvai-2021,19.67,4.44,6.12,30.230000000000004,synthetic_degraded,941.5,0.538,panicle_initiation,3,1.2,19.82,0.0,6.968,1.0,0.0,45.0,52,26.22,42.24
2021-08-07,29.85,34.54,26.21,10.46,69.67,20.98,2.96,219,2021,4.905677374443163,nasa_power,Kuruvai,Kuruvai-2021,1.96,8.58,3.69,14.229999999999999,synthetic_degraded,959.6,0.5484,panicle_initiation,3,1.2,13.75,0.0,5.887,1.0,0.0,45.0,53,13.75,43.87
2021-08-08,29.68,34.77,25.43,1.91,68.9,24.14,2.65,220,2021,5.165997584941325,nasa_power,Kuruvai,Kuruvai-2021,7.76,7.66,15.56,30.98,synthetic_degraded,977.3,0.5585,panicle_initiation,3,1.2,17.32,0.0,6.199,1.0,0.0,45.0,54,17.96,45.78
2021-08-09,29.81,35.04,25.36,10.24,67.17,23.75,3.02,221,2021,5.2711557677865635,nasa_power,Kuruvai,Kuruvai-2021,18.38,9.87,7.11,35.36,synthetic_degraded,995.0,0.5686,panicle_initiation,3,1.2,12.03,18.22,6.325,1.0,0.0,45.0,55,4.34,44.85
2021-08-10,29.26,35.07,24.56,6.56,68.55,22.22,3.15,222,2021,5.449346223137648,nasa_power,Kuruvai,Kuruvai-2021,10.28,8.38,1.08,19.740000000000002,synthetic_degraded,1012.3,0.5785,panicle_initiation,3,1.2,33.17,0.0,6.539,1.0,0.0,45.0,56,36.39,44.71
2021-08-11,28.27,32.93,24.8,8.64,72.58,17.92,2.11,223,2021,4.697839673480135,nasa_power,Kuruvai,Kuruvai-2021,4.84,0.74,4.5,10.08,synthetic_degraded,1029.7,0.5884,panicle_initiation,3,1.2,32.19,0.0,5.637,1.0,0.0,45.0,57,30.89,43.23
2021-08-12,27.59,31.74,24.88,5.6,75.64,15.6,3.36,224,2021,4.264525715487954,nasa_power,Kuruvai,Kuruvai-2021,2.44,2.86,1.74,7.04,synthetic_degraded,1047.1,0.5984,panicle_initiation,3,1.2,34.19,0.0,5.117,1.0,0.0,45.0,58,36.51,44.98
2021-08-13,27.15,30.2,24.84,1.59,75.65,16.63,2.73,225,2021,3.7053285879783515,nasa_power,Kuruvai,Kuruvai-2021,7.96,1.46,13.75,23.17,synthetic_degraded,1064.6,0.6083,panicle_initiation,3,1.2,33.67,0.0,4.446,1.0,0.0,45.0,59,34.85,46.51
2021-08-14,28.91,34.12,24.82,5.8,71.26,18.28,2.59,226,2021,5.09109029914019,nasa_power,Kuruvai,Kuruvai-2021,4.55,0.73,17.35,22.630000000000003,synthetic_degraded,1082.0,0.6183,panicle_initiation,3,1.2,29.82,0.0,6.109,1.0,0.0,45.0,60,30.72,45.03
2021-08-15,29.52,35.63,24.49,2.52,67.2,16.47,2.8,227,2021,5.641780494981493,nasa_power,Kuruvai,Kuruvai-2021,0.5,21.5,10.36,32.36,synthetic_degraded,1099.2,0.6281,flowering,4,1.2,28.51,0.0,6.77,1.0,0.0,45.0,61,28.28,43.75
2021-08-16,29.92,35.78,24.72,0.67,62.55,16.8,2.92,228,2021,5.643861794204992,nasa_power,Kuruvai,Kuruvai-2021,17.0,5.28,2.76,25.04,synthetic_degraded,1116.6,0.638,flowering,4,1.2,23.26,0.0,6.773,1.0,0.0,45.0,62,27.19,43.13
2021-08-17,29.08,33.7,25.11,13.25,68.08,19.07,2.63,229,2021,4.886313661868708,nasa_power,Kuruvai,Kuruvai-2021,6.91,0.84,20.18,27.93,synthetic_degraded,1134.1,0.6481,flowering,4,1.2,16.15,0.0,5.864,1.0,0.0,45.0,63,15.16,43.79
2021-08-18,27.6,33.92,23.48,11.79,73.05,16.61,3.74,230,2021,5.30612664283712,nasa_power,Kuruvai,Kuruvai-2021,1.46,0.86,17.4,19.72,synthetic_degraded,1150.9,0.6576,flowering,4,1.2,22.54,0.0,6.367,1.0,0.0,45.0,64,15.26,45.59
2021-08-19,28.97,35.72,23.38,1.08,64.97,21.32,3.57,231,2021,5.8737495547940775,nasa_power,Kuruvai,Kuruvai-2021,1.58,8.57,10.49,20.64,synthetic_degraded,1167.6,0.6672,flowering,4,1.2,26.96,0.0,7.048,1.0,0.0,45.0,65,29.8,45.52
2021-08-20,27.38,30.9,24.57,1.6,71.41,13.26,1.89,232,2021,4.045142415154062,nasa_power,Kuruvai,Kuruvai-2021,10.95,11.25,3.21,25.41,synthetic_degraded,1184.8,0.677,flowering,4,1.2,19.99,0.0,4.854,1.0,0.0,45.0,66,15.94,43.8
2021-08-21,26.64,29.84,23.56,9.65,77.99,6.88,1.29,233,2021,3.93695119407132,nasa_power,Kuruvai,Kuruvai-2021,6.49,3.17,15.21,24.87,synthetic_degraded,1201.5,0.6866,flowering,4,1.2,15.74,0.0,4.724,1.0,0.0,45.0,67,9.12,41.68
2021-08-22,26.95,30.17,24.34,6.93,78.45,19.36,1.33,234,2021,3.8398600132961116,nasa_power,Kuruvai,Kuruvai-2021,3.47,11.1,1.08,15.65,synthetic_degraded,1218.7,0.6964,flowering,4,1.2,19.67,0.0,4.608,1.0,0.0,45.0,68,14.56,45.63
2021-08-23,27.7,31.77,24.65,3.88,78.29,9.77,2.2,235,2021,4.332435987006193,nasa_power,Kuruvai,Kuruvai-2021,7.67,2.43,1.92,12.02,synthetic_degraded,1236.0,0.7063,flowering,4,1.2,20.99,0.0,5.199,1.0,0.0,45.0,69,22.41,43.65
2021-08-24,28.2,33.03,24.5,11.34,77.26,23.15,2.95,236,2021,4.797989378165683,nasa_power,Kuruvai,Kuruvai-2021,1.8,1.13,5.24,8.17,synthetic_degraded,1253.3,0.7162,flowering,4,1.2,18.67,0.0,5.758,1.0,0.0,45.0,70,18.19,46.03
2021-08-25,29.13,35.06,24.04,1.26,72.17,23.06,3.0,237,2021,5.543756771541779,nasa_power,Kuruvai,Kuruvai-2021,1.8,3.1,5.17,10.07,synthetic_degraded,1270.3,0.7259,flowering,4,1.2,23.25,0.0,6.653,1.0,0.0,45.0,71,12.59,43.87
2021-08-26,29.21,33.49,25.38,0.92,74.05,23.25,1.99,238,2021,4.742622203759509,nasa_power,Kuruvai,Kuruvai-2021,3.4,4.93,1.54,9.870000000000001,synthetic_degraded,1288.0,0.736,flowering,4,1.2,16.86,0.0,5.691,1.0,0.0,45.0,72,14.94,43.52
2021-08-27,28.13,31.56,25.68,4.37,80.11,16.15,2.07,239,2021,3.9670798064035795,nasa_power,Kuruvai,Kuruvai-2021,5.89,1.0,1.2,8.09,synthetic_degraded,1305.8,0.7462,flowering,4,1.2,11.09,0.0,4.76,1.0,0.0,45.0,73,16.94,45.23
2021-08-28,27.54,31.26,24.95,4.59,78.98,16.42,2.7,240,2021,4.062248874668961,nasa_power,Kuruvai,Kuruvai-2021,1.76,0.66,1.29,3.71,synthetic_degraded,1323.3,0.7562,grain_filling,5,0.95,9.7,0.0,3.859,1.0,0.0,45.0,74,7.44,48.54
2021-08-29,27.46,31.7,24.11,1.45,77.46,13.61,3.07,241,2021,4.433763836239486,nasa_power,Kuruvai,Kuruvai-2021,0.55,2.33,6.33,9.21,synthetic_degraded,1340.4,0.7659,grain_filling,5,0.95,9.43,0.0,4.212,1.0,0.0,45.0,75,8.6,46.12
2021-08-30,28.39,33.9,24.05,0.55,70.2,18.83,3.57,242,2021,5.166506551336677,nasa_power,Kuruvai,Kuruvai-2021,0.93,1.5,23.65,26.08,synthetic_degraded,1357.4,0.7756,grain_filling,5,0.95,5.67,0.0,4.908,1.0,0.0,45.0,76,10.88,45.2
2021-08-31,28.98,34.91,24.07,1.85,70.76,20.96,2.39,243,2021,5.476546944325378,nasa_power,Kuruvai,Kuruvai-2021,1.54,27.83,8.66,38.03,synthetic_degraded,1374.4,0.7854,grain_filling,5,0.95,0.31,0.0,5.203,1.0,0.0,45.0,77,4.29,45.54
2021-09-01,28.82,33.18,25.36,2.77,73.65,13.77,1.86,244,2021,4.627096516263228,nasa_power,Kuruvai,Kuruvai-2021,18.1,15.46,3.15,36.71,synthetic_degraded,1392.1,0.7955,grain_filling,5,0.95,-4.04,0.0,4.373,0.5,0.0,44.72,78,1.07,42.09
2021-09-02,27.38,31.06,25.04,25.72,81.53,15.09,2.0,245,2021,3.9519980016298843,nasa_power,Kuruvai,Kuruvai-2021,6.23,5.65,1.67,13.55,synthetic_degraded,1409.6,0.8055,grain_filling,5,0.95,-6.15,0.0,3.754,1.0,0.0,44.57,79,-20.01,42.89
2021-09-03,26.39,29.3,24.19,16.3,84.45,15.9,2.29,246,2021,3.534975573763647,nasa_power,Kuruvai,Kuruvai-2021,8.33,5.1,3.19,16.62,synthetic_degraded,1426.4,0.8151,grain_filling,5,0.95,14.82,0.0,3.358,1.0,0.0,45.0,80,23.49,41.23
2021-09-04,27.3,31.31,23.67,4.42,81.39,10.8,2.55,247,2021,4.391403308383643,nasa_power,Kuruvai,Kuruvai-2021,4.14,1.64,0.12,5.8999999999999995,synthetic_degraded,1443.2,0.8247,grain_filling,5,0.95,26.76,0.0,4.172,1.0,0.0,45.0,81,29.94,47.59
2021-09-05,27.85,33.32,24.05,3.51,76.5,20.71,3.56,248,2021,4.960934988499734,nasa_power,Kuruvai,Kuruvai-2021,18.55,0.17,0.85,19.570000000000004,synthetic_degraded,1460.2,0.8344,grain_filling,5,0.95,26.01,0.0,4.713,1.0,0.0,45.0,82,38.32,47.29
2021-09-06,26.91,31.71,23.12,1.32,75.83,14.61,3.88,249,2021,4.641147876538132,nasa_power,Kuruvai,Kuruvai-2021,0.07,1.2,1.31,2.58,synthetic_degraded,1476.8,0.8439,grain_filling,5,0.95,23.8,0.0,4.409,1.0,0.0,45.0,83,19.89,45.59
2021-09-07,28.01,34.13,23.08,0.19,73.65,21.39,3.57,250,2021,5.397670709947197,nasa_power,Kuruvai,Kuruvai-2021,0.35,0.07,4.33,4.75,synthetic_degraded,1493.3,0.8533,grain_filling,5,0.95,19.72,0.0,5.128,1.0,0.0,45.0,84,10.9,45.2
2021-09-08,27.61,31.74,24.11,0.79,78.6,21.76,2.72,251,2021,4.415390912045007,nasa_power,Kuruvai,Kuruvai-2021,0.1,0.55,0.93,1.58,synthetic_degraded,1510.4,0.8631,grain_filling,5,0.95,13.78,0.0,4.195,1.0,0.0,45.0,85,13.82,42.67
2021-09-09,28.28,33.31,23.39,0.1,74.5,23.31,2.68,252,2021,5.076352445698316,nasa_power,Kuruvai,Kuruvai-2021,13.41,0.25,0.21,13.870000000000001,synthetic_degraded,1527.1,0.8726,grain_filling,5,0.95,9.37,0.0,4.823,1.0,0.0,45.0,86,7.99,44.67
2021-09-10,28.56,33.35,24.67,1.0,74.67,20.17,2.64,253,2021,4.811405518171415,nasa_power,Kuruvai,Kuruvai-2021,0.77,0.36,0.14,1.27,synthetic_degraded,1544.4,0.8825,grain_filling,5,0.95,3.65,0.0,4.571,1.0,0.0,45.0,87,6.92,47.69
2021-09-11,28.58,33.67,24.46,1.05,74.88,21.27,3.08,254,2021,4.956546346936782,nasa_power,Kuruvai,Kuruvai-2021,1.5,0.12,1.4,3.02,synthetic_degraded,1561.6,0.8924,grain_filling,5,0.95,-0.92,0.0,4.709,1.0,0.0,44.94,88,4.45,45.14
2021-09-12,28.53,33.32,24.91,0.37,73.48,20.61,3.82,255,2021,4.736043218685769,nasa_power,Kuruvai,Kuruvai-2021,1.62,0.53,4.6,6.75,synthetic_degraded,1579.1,0.9023,ripening,6,0.65,-5.58,0.0,3.014,0.5,0.0,44.61,89,-6.02,43.76
2021-09-13,28.41,33.55,24.59,0.17,72.88,19.83,3.81,256,2021,4.877956585304189,nasa_power,Kuruvai,Kuruvai-2021,0.45,1.33,2.25,4.03,synthetic_degraded,1596.4,0.9122,ripening,6,0.65,-8.72,0.0,3.062,0.5,0.0,44.39,90,-9.92,41.75
2021-09-14,28.55,32.69,24.97,0.44,75.57,22.61,2.78,257,2021,4.499081174992197,nasa_power,Kuruvai,Kuruvai-2021,5.6,1.89,5.95,13.44,synthetic_degraded,1613.9,0.9222,ripening,6,0.65,-12.12,0.0,2.788,0.5,0.0,44.15,91,-9.51,46.22
2021-09-15,29.02,34.14,24.89,3.24,75.38,22.64,2.58,258,2021,4.990659856209222,nasa_power,Kuruvai,Kuruvai-2021,2.17,9.68,4.92,16.77,synthetic_degraded,1631.3,0.9322,ripening,6,0.65,-14.96,0.0,3.092,0.5,0.0,43.95,92,-16.24,43.84
2021-09-16,28.64,32.82,25.14,2.53,77.03,19.84,2.04,259,2021,4.489988844238956,nasa_power,Kuruvai,Kuruvai-2021,5.74,3.04,9.17,17.950000000000003,synthetic_degraded,1648.9,0.9422,ripening,6,0.65,-15.31,0.0,2.769,0.5,0.0,43.93,93,-17.01,41.29
2021-09-17,28.15,31.76,25.81,7.83,80.85,19.36,2.09,260,2021,3.930093324079665,nasa_power,Kuruvai,Kuruvai-2021,9.16,10.4,3.77,23.330000000000002,synthetic_degraded,1666.8,0.9525,ripening,6,0.65,-16.05,0.0,2.471,0.5,0.0,43.88,94,-10.86,42.49
2021-09-18,28.07,31.23,25.19,4.84,80.53,13.78,1.34,261,2021,3.9051751673487995,nasa_power,Kuruvai,Kuruvai-2021,8.83,3.54,3.71,16.080000000000002,synthetic_degraded,1684.4,0.9625,ripening,6,0.65,-11.19,0.0,2.474,0.5,0.0,44.22,95,-4.89,42.3
2021-09-19,28.32,31.63,25.35,8.65,81.05,20.45,1.44,262,2021,4.000240349066502,nasa_power,Kuruvai,Kuruvai-2021,7.43,14.05,0.25,21.73,synthetic_degraded,1702.1,0.9726,ripening,6,0.65,-9.33,0.0,2.593,0.5,0.0,44.35,96,-3.91,44.15
2021-09-20,28.11,31.94,24.86,4.55,80.01,21.49,1.86,263,2021,4.2325758657087045,nasa_power,Kuruvai,Kuruvai-2021,2.15,0.51,1.92,4.58,synthetic_degraded,1719.5,0.9826,ripening,6,0.65,-3.77,0.0,2.751,1.0,0.0,44.74,97,-4.61,45.05
2021-09-21,28.22,32.61,24.8,2.92,78.53,20.48,1.99,264,2021,4.467620359816864,nasa_power,Kuruvai,Kuruvai-2021,0.73,4.54,4.9,10.17,synthetic_degraded,1736.9,0.9925,ripening,6,0.65,-2.97,0.0,2.903,0.5,0.0,44.79,98,-13.67,44.04
2021-09-22,28.79,34.14,24.14,0.39,73.48,17.8,1.91,265,2021,5.094213341641604,nasa_power,Kuruvai,Kuruvai-2021,3.35,4.33,2.46,10.14,synthetic_degraded,1754.0,1.0023,ripening,6,0.65,-3.46,0.0,3.271,0.5,0.0,44.76,99,-4.2,45.93
2021-09-23,28.91,32.89,25.03,2.96,77.4,19.93,1.55,266,2021,4.491391406721425,nasa_power,Kuruvai,Kuruvai-2021,5.05,2.88,19.05,26.98,synthetic_degraded,1771.5,1.0123,ripening,6,0.65,-6.84,0.0,2.874,0.5,0.0,44.52,100,-10.63,44.64
2021-09-24,28.21,32.11,24.9,4.15,79.45,22.75,1.84,267,2021,4.25236008215086,nasa_power,Kuruvai,Kuruvai-2021,4.41,11.16,1.39,16.96,synthetic_degraded,1788.9,1.0222,ripening,6,0.65,-7.25,0.0,2.73,0.5,0.0,44.49,101,-7.9,46.08
2021-09-25,28.36,32.07,25.02,4.16,80.35,22.84,1.94,268,2021,4.200972380967844,nasa_power,Kuruvai,Kuruvai-2021,10.93,1.86,3.04,15.829999999999998,synthetic_degraded,1806.4,1.0323,ripening,6,0.65,-6.33,0.0,2.707,0.5,0.0,44.56,102,-9.69,44.02
2021-09-26,27.06,30.26,25.12,13.72,82.63,13.97,2.4,269,2021,3.5143616001271116,nasa_power,Kuruvai,Kuruvai-2021,1.4,0.14,1.46,3.0,synthetic_degraded,1824.0,1.0423,ripening,6,0.65,-5.38,0.0,2.284,1.0,0.0,44.62,103,-5.48,49.19
2021-09-27,28.28,33.83,24.05,1.4,75.17,18.02,3.82,270,2021,4.971444390168268,nasa_power,Kuruvai,Kuruvai-2021,0.18,1.28,6.18,7.64,synthetic_degraded,1841.0,1.052,ripening,6,0.65,5.06,0.0,3.231,1.0,0.0,45.0,104,-0.14,44.15
2021-09-28,27.44,32.26,23.75,0.22,71.2,18.55,3.32,271,2021,4.535830487876786,nasa_power,Kuruvai,Kuruvai-2021,2.14,11.1,11.19,24.43,synthetic_degraded,1857.9,1.0617,ripening,6,0.65,2.23,0.0,2.948,1.0,0.0,45.0,105,-4.17,43.65
2021-09-29,28.69,35.13,23.01,1.39,67.35,22.62,1.88,272,2021,5.5278925484431864,nasa_power,Kuruvai,Kuruvai-2021,12.05,11.7,6.95,30.7,synthetic_degraded,1874.4,1.0711,ripening,6,0.65,-1.5,0.0,3.592,0.5,0.0,44.89,106,4.61,43.35
2021-09-30,27.59,31.59,23.83,13.2,77.78,19.82,1.64,273,2021,4.286126661712367,nasa_power,Kuruvai,Kuruvai-2021,4.18,5.91,7.48,17.57,synthetic_degraded,1891.3,1.0808,ripening,6,0.65,-4.2,0.0,2.786,1.0,0.0,44.71,107,-9.05,44.39
2021-10-01,27.66,31.18,24.62,8.19,81.45,11.99,1.11,274,2021,3.949021808018366,nasa_power,Kuruvai,Kuruvai-2021,3.65,6.63,5.05,15.329999999999998,synthetic_degraded,1908.6,1.0906,ripening,6,0.65,5.21,0.0,2.567,1.0,0.0,45.0,108,5.21,42.42
2021-10-02,27.17,29.97,25.0,7.77,85.87,21.38,1.25,275,2021,3.398823248411502,nasa_power,Kuruvai,Kuruvai-2021,1.49,3.94,8.21,13.64,synthetic_degraded,1926.1,1.1006,ripening,6,0.65,9.83,0.0,2.209,1.0,0.0,45.0,109,14.6,45.44
2021-10-03,28.02,32.43,25.14,3.25,81.68,16.69,1.29,276,2021,4.225337075561084,nasa_power,Kuruvai,Kuruvai-2021,4.12,20.42,1.53,26.070000000000004,synthetic_degraded,1943.7,1.1107,ripening,6,0.65,14.39,0.0,2.746,1.0,0.0,45.0,110,18.96,42.14
2021-10-04,28.04,31.74,25.31,3.12,82.42,16.23,1.29,277,2021,3.937396828456907,nasa_power,Kuruvai,Kuruvai-2021,7.88,1.7,0.95,10.53,synthetic_degraded,1961.3,1.1208,ripening,6,0.65,13.9,0.0,2.559,1.0,0.0,45.0,111,17.87,45.24
2021-10-05,27.1,29.45,24.98,13.23,86.39,5.56,0.9,278,2021,3.1828619018950732,nasa_power,Kuruvai,Kuruvai-2021,4.35,1.58,8.26,14.19,synthetic_degraded,1978.6,1.1306,ripening,6,0.65,13.46,0.0,2.069,1.0,0.0,45.0,112,14.97,42.97
2021-10-06,27.47,32.23,23.98,3.8,81.9,17.84,2.34,279,2021,4.399410085326987,nasa_power,Kuruvai,Kuruvai-2021,1.42,23.3,19.92,44.64,synthetic_degraded,1995.5,1.1403,ripening,6,0.65,23.62,0.0,2.86,1.0,0.0,45.0,113,27.24,44.43
2021-10-07,27.77,31.69,24.85,1.34,83.46,21.75,2.32,280,2021,4.010856495381198,nasa_power,Kuruvai,Kuruvai-2021,13.9,11.45,7.38,32.730000000000004,synthetic_degraded,2013.0,1.1503,ripening,6,0.65,23.56,0.0,2.607,1.0,0.0,45.0,114,30.43,45.91
2021-10-08,27.77,31.21,25.04,14.31,84.75,17.37,2.86,281,2021,3.7883420082593524,nasa_power,Kuruvai,Kuruvai-2021,10.67,6.14,46.5,63.31,synthetic_degraded,2030.5,1.1603,ripening,6,0.65,21.29,0.0,2.462,1.0,0.0,45.0,115,23.42,48.46
2021-10-09,27.21,30.21,25.03,8.76,86.47,14.22,2.56,282,2021,3.424677993096721,nasa_power,Kuruvai,Kuruvai-2021,7.96,19.98,10.12,38.06,synthetic_degraded,2048.0,1.1703,ripening,6,0.65,32.14,0.0,2.226,1.0,0.0,45.0,116,22.95,43.38
2021-10-10,27.51,30.81,24.44,7.41,83.93,20.04,1.66,283,2021,3.7888461825594426,nasa_power,Kuruvai,Kuruvai-2021,9.02,11.02,0.0,20.04,synthetic_degraded,2065.2,1.1801,ripening,6,0.65,37.68,0.0,2.463,1.0,0.0,45.0,117,35.04,44.77
2021-10-11,26.51,28.91,24.9,30.55,89.66,17.0,1.97,284,2021,2.951141748248049,nasa_power,Kuruvai,Kuruvai-2021,9.19,0.0,0.0,9.19,synthetic_degraded,2082.1,1.1898,ripening,6,0.65,41.62,0.0,1.918,1.0,0.0,45.0,118,45.1,43.91
2021-10-12,26.0,29.62,23.57,10.63,86.88,19.92,2.61,285,2021,3.590694658522926,nasa_power,Kuruvai,Kuruvai-2021,0.0,0.0,0.0,0.0,synthetic_degraded,2098.7,1.1993,ripening,6,0.65,69.25,0.0,2.334,1.0,0.0,45.0,119,66.11,43.7
2022-06-15,28.89,33.12,24.91,7.1,72.3,23.12,2.62,166,2022,4.687935606014892,nasa_power,Kuruvai,Kuruvai-2022,30.8,0.3,0.6,31.7,openmeteo_archive,17.5,0.01,establishment,0,1.05,40.0,0.0,4.922,1.0,0.0,45.0,0,45.84,43.17
2022-06-16,28.38,32.36,25.08,13.01,76.18,23.71,1.91,167,2022,4.385646499087087,nasa_power,Kuruvai,Kuruvai-2022,0.3,0.6,19.8,20.7,openmeteo_archive,35.0,0.02,establishment,0,1.05,41.18,0.0,4.605,1.0,0.0,45.0,1,29.44,47.52
2022-06-17,27.53,30.45,24.93,10.47,79.38,14.0,2.03,168,2022,3.733584415601996,nasa_power,Kuruvai,Kuruvai-2022,0.6,19.8,2.8,23.2,openmeteo_archive,52.5,0.03,establishment,0,1.05,48.58,0.0,3.92,1.0,0.0,45.0,2,48.73,45.07
2022-06-18,27.75,31.36,24.68,3.88,78.14,22.05,2.38,169,2022,4.136235659549771,nasa_power,Kuruvai,Kuruvai-2022,19.8,2.8,1.0,23.6,openmeteo_archive,69.8,0.0399,establishment,0,1.05,54.13,0.0,4.343,1.0,0.0,45.0,3,53.73,44.82
2022-06-19,28.31,32.17,25.32,6.25,78.31,22.27,2.1,170,2022,4.254132513225751,nasa_power,Kuruvai,Kuruvai-2022,2.8,1.0,0.2,4.0,openmeteo_archive,87.5,0.05,establishment,0,1.05,52.67,0.0,4.467,1.0,0.0,45.0,4,45.81,47.39
2022-06-20,29.08,33.67,24.97,1.43,71.38,22.09,2.36,171,2022,4.852859083952165,nasa_power,Kuruvai,Kuruvai-2022,1.0,0.2,0.6,1.8,openmeteo_archive,104.9,0.06,establishment,0,1.05,53.45,0.0,5.096,1.0,0.0,45.0,5,56.81,44.98
2022-06-21,29.44,34.78,25.23,1.5,69.74,19.2,2.7,172,2022,5.157713934444061,nasa_power,Kuruvai,Kuruvai-2022,0.2,0.6,2.3,3.1,openmeteo_archive,122.6,0.07,establishment,0,1.05,48.79,0.0,5.416,1.0,0.0,45.0,6,45.17,45.6
2022-06-22,28.44,32.84,24.88,3.22,74.12,17.29,2.06,173,2022,4.595601871149783,nasa_power,Kuruvai,Kuruvai-2022,0.6,2.3,0.0,2.9,openmeteo_archive,140.0,0.08,establishment,0,1.05,43.87,0.0,4.825,1.0,0.0,45.0,7,42.08,43.87
2022-06-23,29.16,34.34,24.9,0.67,69.74,16.53,2.45,174,2022,5.085773136705619,nasa_power,Kuruvai,Kuruvai-2022,2.3,0.0,1.5,3.8,openmeteo_archive,157.4,0.09,establishment,0,1.05,41.27,0.0,5.34,1.0,0.0,45.0,8,50.51,42.94
2022-06-24,28.96,33.06,24.87,0.91,65.91,24.41,4.05,175,2022,4.671432064845639,nasa_power,Kuruvai,Kuruvai-2022,0.0,1.5,0.0,1.5,openmeteo_archive,174.9,0.0999,establishment,0,1.05,35.6,0.0,4.905,1.0,0.0,45.0,9,40.65,44.08
2022-06-25,28.89,34.57,24.41,0.11,65.6,13.26,4.14,176,2022,5.261267609189735,nasa_power,Kuruvai,Kuruvai-2022,1.5,0.0,0.1,1.6,openmeteo_archive,192.1,0.1098,establishment,0,1.05,30.6,0.0,5.524,1.0,0.0,45.0,10,33.47,48.28
2022-06-26,29.68,35.66,24.77,0.11,60.95,20.38,3.7,177,2022,5.530462853261042,nasa_power,Kuruvai,Kuruvai-2022,0.0,0.1,1.2,1.3,openmeteo_archive,209.5,0.1197,establishment,0,1.05,24.19,0.0,5.807,1.0,0.0,45.0,11,26.09,45.95
2022-06-27,30.27,35.9,24.77,0.19,63.47,20.41,3.01,178,2022,5.605118158206931,nasa_power,Kuruvai,Kuruvai-2022,0.1,1.2,3.0,4.3,openmeteo_archive,226.9,0.1296,establishment,0,1.05,17.49,0.0,5.885,1.0,0.0,45.0,12,16.67,45.41
2022-06-28,30.07,35.45,25.43,0.14,63.55,21.84,2.9,179,2022,5.33006007964722,nasa_power,Kuruvai,Kuruvai-2022,1.2,3.0,2.0,6.2,openmeteo_archive,244.6,0.1398,establishment,0,1.05,10.79,0.0,5.597,1.0,0.0,45.0,13,20.79,43.54
2022-06-29,30.7,36.63,25.72,0.32,61.08,22.66,3.38,180,2022,5.646788166468291,nasa_power,Kuruvai,Kuruvai-2022,3.0,2.0,0.7,5.7,openmeteo_archive,262.4,0.15,establishment,0,1.05,4.34,44.67,5.929,1.0,0.0,45.0,14,8.35,46.37
2022-06-30,29.52,34.52,26.19,0.9,68.15,21.76,4.23,181,2022,4.85189231153417,nasa_power,Kuruvai,Kuruvai-2022,2.0,0.7,3.8,6.5,openmeteo_archive,280.5,0.1603,tillering,1,1.1,42.4,0.0,5.337,1.0,0.0,45.0,15,38.65,42.96
2022-07-01,29.99,36.05,25.27,1.98,67.33,22.78,3.52,182,2022,5.554965150616169,nasa_power,Kuruvai,Kuruvai-2022,0.7,3.8,0.1,4.6,openmeteo_archive,298.2,0.1704,tillering,1,1.1,36.96,0.0,6.11,1.0,0.0,45.0,16,29.96,42.65
2022-07-02,28.95,32.76,25.67,2.54,69.36,20.44,3.3,183,2022,4.371172044348125,nasa_power,Kuruvai,Kuruvai-2022,3.8,0.1,0.1,4.0,openmeteo_archive,316.0,0.1806,tillering,1,1.1,31.83,0.0,4.808,1.0,0.0,45.0,17,34.66,44.16
2022-07-03,28.79,33.12,25.67,1.15,71.0,17.45,3.63,184,2022,4.4985294624567835,nasa_power,Kuruvai,Kuruvai-2022,0.1,0.1,0.1,0.3,openmeteo_archive,333.8,0.1908,tillering,1,1.1,28.56,0.0,4.948,1.0,0.0,45.0,18,28.28,47.93
2022-07-04,29.64,36.14,24.57,0.24,62.46,17.71,4.72,185,2022,5.7209834650578815,nasa_power,Kuruvai,Kuruvai-2022,0.1,0.1,0.7,0.9,openmeteo_archive,351.1,0.2006,tillering,1,1.1,23.76,0.0,6.293,1.0,0.0,45.0,19,16.62,47.85
2022-07-05,29.22,34.59,25.32,0.02,63.33,14.29,4.97,186,2022,5.079200613085986,nasa_power,Kuruvai,Kuruvai-2022,0.1,0.7,0.0,0.8,openmeteo_archive,368.8,0.2107,tillering,1,1.1,16.71,0.0,5.587,1.0,0.0,45.0,20,18.85,44.32
2022-07-06,29.49,34.81,24.75,0.05,61.66,12.36,4.03,187,2022,5.27280464490041,nasa_power,Kuruvai,Kuruvai-2022,0.7,0.0,0.6,1.3,openmeteo_archive,386.2,0.2207,tillering,1,1.1,10.14,0.0,5.8,1.0,0.0,45.0,21,8.79,43.99
2022-07-07,28.98,33.91,25.05,1.17,64.13,14.68,4.38,188,2022,4.9181467570566655,nasa_power,Kuruvai,Kuruvai-2022,0.0,0.6,1.2,1.8,openmeteo_archive,403.7,0.2307,tillering,1,1.1,3.39,0.0,5.41,1.0,0.0,45.0,22,6.04,42.54
2022-07-08,29.37,34.78,24.55,0.31,63.16,16.5,3.53,189,2022,5.306575645625207,nasa_power,Kuruvai,Kuruvai-2022,0.6,1.2,0.2,2.0,openmeteo_archive,421.0,0.2405,tillering,1,1.1,-1.85,0.0,5.801,0.5,0.0,44.87,23,0.36,44.99
2022-07-09,28.83,33.38,24.96,1.03,65.36,15.04,4.73,190,2022,4.76521225475462,nasa_power,Kuruvai,Kuruvai-2022,1.2,0.2,0.0,1.4,openmeteo_archive,438.4,0.2505,tillering,1,1.1,-7.84,0.0,5.099,0.5,0.0,44.45,24,-10.88,44.69
2022-07-10,29.67,36.36,24.73,0.33,60.86,12.56,5.15,191,2022,5.7657525983500415,nasa_power,Kuruvai,Kuruvai-2022,0.2,0.0,0.0,0.2,openmeteo_archive,455.8,0.2605,tillering,1,1.1,-12.41,0.0,6.036,0.5,0.0,44.13,25,-9.25,45.31
2022-07-11,29.38,35.82,25.16,5.47,62.99,9.76,5.43,192,2022,5.515251571413776,nasa_power,Kuruvai,Kuruvai-2022,0.0,0.0,0.2,0.2,openmeteo_archive,473.4,0.2705,tillering,1,1.1,-18.61,0.0,5.748,0.5,0.0,43.7,26,-21.1,45.07
2022-07-12,29.31,35.48,24.21,0.17,61.15,19.97,5.51,193,2022,5.596665877335068,nasa_power,Kuruvai,Kuruvai-2022,0.0,0.2,0.2,0.4,openmeteo_archive,490.5,0.2803,tillering,1,1.1,-19.39,0.0,5.683,0.5,0.0,43.64,27,-21.55,43.34
2022-07-13,29.9,35.93,25.03,0.23,60.0,18.84,6.1,194,2022,5.5790008039460846,nasa_power,Kuruvai,Kuruvai-2022,0.2,0.2,1.0,1.4,openmeteo_archive,508.0,0.2903,tillering,1,1.1,-25.41,0.0,5.519,0.5,0.0,43.22,28,-28.07,44.05
2022-07-14,29.85,35.83,25.17,0.13,58.64,17.93,6.18,195,2022,5.521185296011536,nasa_power,Kuruvai,Kuruvai-2022,0.2,1.0,3.1,4.3,openmeteo_archive,525.6,0.3003,tillering,1,1.1,-31.19,0.0,5.319,0.5,0.0,42.82,29,-25.54,41.77
2022-07-15,29.99,35.39,25.25,0.01,60.8,20.94,4.9,196,2022,5.3664403005556816,nasa_power,Kuruvai,Kuruvai-2022,1.0,3.1,2.0,6.1,openmeteo_archive,543.2,0.3104,tillering,1,1.1,-36.88,0.0,5.032,0.5,0.0,42.42,30,-38.28,43.23
2022-07-16,29.49,34.56,25.43,3.58,66.03,19.56,3.45,197,2022,5.0593962115612845,nasa_power,Kuruvai,Kuruvai-2022,3.1,2.0,0.7,5.8,openmeteo_archive,560.9,0.3205,tillering,1,1.1,-42.41,0.0,4.701,0.5,0.0,42.03,31,-35.55,41.27
2022-07-17,30.02,35.09,25.65,0.81,65.31,18.44,3.25,198,2022,5.186640936246153,nasa_power,Kuruvai,Kuruvai-2022,2.0,0.7,0.9,3.6,openmeteo_archive,578.8,0.3307,tillering,1,1.1,-44.03,0.0,4.719,0.5,0.0,41.92,32,-35.11,42.61
2022-07-18,29.25,34.03,25.65,1.05,64.09,15.09,2.67,199,2022,4.834628692820863,nasa_power,Kuruvai,Kuruvai-2022,0.7,0.9,18.2,19.8,openmeteo_archive,596.6,0.3409,tillering,1,1.1,-48.44,0.0,4.31,0.5,0.0,41.61,33,-52.13,42.18
2022-07-19,30.4,36.19,25.09,0.26,63.6,23.34,2.5,200,2022,5.659570362452807,nasa_power,Kuruvai,Kuruvai-2022,0.9,18.2,4.4,23.5,openmeteo_archive,614.1,0.3509,stem_elongation,2,1.15,-52.2,0.0,5.156,0.5,0.0,41.35,34,-66.8,41.45
2022-07-20,29.79,33.06,26.72,1.15,70.27,19.14,1.8,201,2022,4.212505139354965,nasa_power,Kuruvai,Kuruvai-2022,18.2,4.4,6.7,29.3,openmeteo_archive,632.5,0.3614,stem_elongation,2,1.15,-57.59,0.0,3.751,0.5,0.0,40.97,35,-52.37,42.16
2022-07-21,30.17,35.11,26.12,10.86,70.78,22.18,2.26,202,2022,5.094254220466201,nasa_power,Kuruvai,Kuruvai-2022,4.4,6.7,1.4,12.5,openmeteo_archive,650.5,0.3717,stem_elongation,2,1.15,-60.69,0.0,4.691,0.5,0.0,40.75,36,-62.4,38.39
2022-07-22,28.42,32.14,25.75,14.42,76.44,20.08,2.77,203,2022,4.148202530780547,nasa_power,Kuruvai,Kuruvai-2022,6.7,1.4,0.8,8.9,openmeteo_archive,668.4,0.382,stem_elongation,2,1.15,-55.02,0.0,3.996,0.5,0.0,41.15,37,-59.35,39.55
2022-07-23,28.7,33.57,24.86,5.84,72.05,20.3,2.82,204,2022,4.872749462080526,nasa_power,Kuruvai,Kuruvai-2022,1.4,0.8,12.3,14.5,openmeteo_archive,685.8,0.3919,stem_elongation,2,1.15,-45.1,0.0,4.724,0.5,0.0,41.84,38,-48.04,41.43
2022-07-24,29.1,34.58,24.47,2.75,67.98,19.27,2.3,205,2022,5.286267427848578,nasa_power,Kuruvai,Kuruvai-2022,0.8,12.3,9.3,22.4,openmeteo_archive,703.1,0.4018,stem_elongation,2,1.15,-44.48,0.0,5.064,0.5,0.0,41.89,39,-46.55,39.73
2022-07-25,29.31,33.44,25.17,4.99,69.1,22.21,1.86,206,2022,4.760545174885326,nasa_power,Kuruvai,Kuruvai-2022,12.3,9.3,0.5,22.1,openmeteo_archive,720.7,0.4118,stem_elongation,2,1.15,-47.3,0.0,4.548,0.5,0.0,41.69,40,-40.81,41.08
2022-07-26,27.21,29.81,25.54,21.23,84.28,19.21,1.82,207,2022,3.303517941303656,nasa_power,Kuruvai,Kuruvai-2022,9.3,0.5,1.0,10.8,openmeteo_archive,738.3,0.4219,stem_elongation,2,1.15,-47.36,0.0,3.402,0.5,0.0,41.69,41,-46.56,41.13
2022-07-27,28.17,32.1,24.82,3.92,77.5,22.38,1.25,208,2022,4.38947920683686,nasa_power,Kuruvai,Kuruvai-2022,0.5,1.0,0.5,2.0,openmeteo_archive,755.7,0.4319,stem_elongation,2,1.15,-30.03,0.0,4.521,0.5,0.0,42.9,42,-23.61,44.86
2022-07-28,28.63,32.94,25.46,1.56,76.0,24.45,1.17,209,2022,4.522098282644872,nasa_power,Kuruvai,Kuruvai-2022,1.0,0.5,4.0,5.5,openmeteo_archive,773.5,0.442,stem_elongation,2,1.15,-31.13,0.0,4.585,0.5,0.0,42.82,43,-28.66,43.03
2022-07-29,28.76,33.7,25.76,2.25,72.93,18.35,1.59,210,2022,4.713207094857851,nasa_power,Kuruvai,Kuruvai-2022,0.5,4.0,12.9,17.4,openmeteo_archive,791.4,0.4522,stem_elongation,2,1.15,-34.65,0.0,4.718,0.5,0.0,42.57,44,-36.2,44.11
2022-07-30,29.21,35.0,24.69,3.86,72.08,21.61,2.19,211,2022,5.385538496571983,nasa_power,Kuruvai,Kuruvai-2022,4.0,12.9,4.7,21.6,openmeteo_archive,808.7,0.4621,stem_elongation,2,1.15,-37.62,0.0,5.357,0.5,0.0,42.37,45,-39.57,42.82
2022-07-31,28.8,32.91,25.85,7.54,78.22,20.15,2.13,212,2022,4.414516096902976,nasa_power,Kuruvai,Kuruvai-2022,12.9,4.7,5.2,22.8,openmeteo_archive,826.6,0.4724,stem_elongation,2,1.15,-39.62,0.0,4.425,0.5,0.0,42.23,46,-36.81,41.43
2022-08-01,28.65,34.15,24.66,8.8,75.47,21.42,2.85,213,2022,5.122477270447723,nasa_power,Kuruvai,Kuruvai-2022,4.7,5.2,16.3,26.2,openmeteo_archive,844.0,0.4823,stem_elongation,2,1.15,-37.0,0.0,5.226,0.5,0.0,42.41,47,-32.9,42.61
2022-08-02,27.68,31.06,25.38,4.02,79.77,13.07,2.45,214,2022,3.8646576343988897,nasa_power,Kuruvai,Kuruvai-2022,5.2,16.3,1.1,22.6,openmeteo_archive,861.6,0.4924,stem_elongation,2,1.15,-33.93,0.0,3.913,0.5,0.0,42.62,48,-28.95,43.71
2022-08-03,26.62,29.08,24.83,5.89,81.68,9.78,2.22,215,2022,3.252012527455695,nasa_power,Kuruvai,Kuruvai-2022,16.3,1.1,1.2,18.6,openmeteo_archive,878.6,0.5021,panicle_initiation,3,1.2,-34.32,84.79,3.902,1.0,0.0,42.6,49,-35.63,44.39
2022-08-04,26.45,29.92,24.59,5.06,84.31,12.07,3.46,216,2022,3.667269072680807,nasa_power,Kuruvai,Kuruvai-2022,1.1,1.2,0.5,2.8,openmeteo_archive,895.9,0.5119,panicle_initiation,3,1.2,51.46,0.0,4.401,1.0,0.0,45.0,50,52.34,44.8
2022-08-05,28.35,33.68,24.23,0.11,71.79,13.23,4.95,217,2022,5.068665349976539,nasa_power,Kuruvai,Kuruvai-2022,1.2,0.5,0.0,1.7,openmeteo_archive,913.0,0.5217,panicle_initiation,3,1.2,51.12,0.0,6.082,1.0,0.0,45.0,51,54.04,42.53
2022-08-06,27.97,32.66,24.02,0.58,72.92,18.97,4.26,218,2022,4.783992597582701,nasa_power,Kuruvai,Kuruvai-2022,0.5,0.0,0.0,0.5,openmeteo_archive,930.0,0.5314,panicle_initiation,3,1.2,44.15,0.0,5.741,1.0,0.0,45.0,52,42.23,42.42
2022-08-07,28.61,33.67,24.27,0.33,70.07,17.71,4.74,219,2022,5.05924901478238,nasa_power,Kuruvai,Kuruvai-2022,0.0,0.0,0.0,0.0,openmeteo_archive,947.1,0.5412,panicle_initiation,3,1.2,37.99,0.0,6.071,1.0,0.0,45.0,53,32.32,44.51
2022-08-08,28.43,33.55,24.32,0.1,71.0,21.69,4.97,220,2022,5.010583971778068,nasa_power,Kuruvai,Kuruvai-2022,0.0,0.0,0.3,0.3,openmeteo_archive,964.3,0.551,panicle_initiation,3,1.2,31.24,0.0,6.013,1.0,0.0,45.0,54,27.21,41.49
2022-08-09,29.11,35.23,24.32,0.01,66.96,21.8,5.01,221,2022,5.546488367002791,nasa_power,Kuruvai,Kuruvai-2022,0.0,0.3,0.0,0.3,openmeteo_archive,981.4,0.5608,panicle_initiation,3,1.2,24.33,0.0,6.656,1.0,0.0,45.0,55,23.12,47.69
2022-08-10,28.99,35.44,23.97,0.0,65.3,22.92,4.65,222,2022,5.679633162389659,nasa_power,Kuruvai,Kuruvai-2022,0.3,0.0,0.5,0.8,openmeteo_archive,998.4,0.5705,panicle_initiation,3,1.2,16.69,0.0,6.816,1.0,0.0,45.0,56,20.0,45.9
2022-08-11,29.8,36.5,24.01,0.02,63.82,22.03,4.09,223,2022,5.996273714131782,nasa_power,Kuruvai,Kuruvai-2022,0.0,0.5,0.1,0.6,openmeteo_archive,1015.4,0.5802,panicle_initiation,3,1.2,8.87,0.0,7.196,1.0,0.0,45.0,57,15.16,44.05
2022-08-12,29.56,35.78,25.01,0.03,64.56,21.77,3.66,224,2022,5.585002781888721,nasa_power,Kuruvai,Kuruvai-2022,0.5,0.1,0.1,0.7,openmeteo_archive,1032.9,0.5902,panicle_initiation,3,1.2,0.69,0.0,6.702,1.0,0.0,45.0,58,-6.09,43.34
2022-08-13,29.3,35.09,24.59,0.06,65.53,23.43,3.09,225,2022,5.451560466914307,nasa_power,Kuruvai,Kuruvai-2022,0.1,0.1,1.4,1.6,openmeteo_archive,1050.2,0.6001,panicle_initiation,3,1.2,-6.98,50.98,6.542,1.0,0.0,44.51,59,-9.97,46.05
2022-08-14,29.78,35.71,24.63,0.01,60.82,21.96,2.9,226,2022,5.639275631137256,nasa_power,Kuruvai,Kuruvai-2022,0.1,1.4,1.7,3.2,openmeteo_archive,1067.5,0.61,panicle_initiation,3,1.2,36.52,0.0,6.767,1.0,0.0,45.0,60,34.73,43.33
2022-08-15,29.85,35.4,25.33,0.09,65.98,21.52,2.13,227,2022,5.398177929319614,nasa_power,Kuruvai,Kuruvai-2022,1.4,1.7,7.7,10.8,openmeteo_archive,1085.2,0.6201,flowering,4,1.2,28.76,0.0,6.478,1.0,0.0,45.0,61,32.73,43.47
2022-08-16,29.2,33.82,25.79,0.41,72.39,22.95,2.41,228,2022,4.764482728392292,nasa_power,Kuruvai,Kuruvai-2022,1.7,7.7,5.4,14.8,openmeteo_archive,1103.1,0.6303,flowering,4,1.2,21.38,0.0,5.717,1.0,0.0,45.0,62,18.74,43.85
2022-08-17,28.9,32.4,25.69,5.48,77.65,23.54,1.96,229,2022,4.285695008289703,nasa_power,Kuruvai,Kuruvai-2022,7.7,5.4,0.0,13.1,openmeteo_archive,1121.0,0.6405,flowering,4,1.2,15.07,0.0,5.143,1.0,0.0,45.0,63,12.92,45.17
2022-08-18,28.07,31.25,25.9,2.59,75.74,22.59,2.34,230,2022,3.7882202616431555,nasa_power,Kuruvai,Kuruvai-2022,5.4,0.0,0.6,6.0,openmeteo_archive,1138.9,0.6508,flowering,4,1.2,14.41,0.0,4.546,1.0,0.0,45.0,64,7.35,45.93
2022-08-19,28.75,33.1,25.55,5.96,74.97,13.34,1.95,231,2022,4.57259461919141,nasa_power,Kuruvai,Kuruvai-2022,0.0,0.6,1.4,2.0,openmeteo_archive,1156.7,0.661,flowering,4,1.2,11.45,0.0,5.487,1.0,0.0,45.0,65,13.87,46.79
2022-08-20,29.41,34.38,25.37,0.96,70.18,15.46,2.31,232,2022,5.052888529429868,nasa_power,Kuruvai,Kuruvai-2022,0.6,1.4,6.5,8.5,openmeteo_archive,1174.4,0.6711,flowering,4,1.2,10.92,0.0,6.063,1.0,0.0,45.0,66,10.11,46.57
2022-08-21,29.51,34.95,25.44,2.47,67.67,21.95,2.78,233,2022,5.225242523925524,nasa_power,Kuruvai,Kuruvai-2022,1.4,6.5,3.3,11.2,openmeteo_archive,1192.1,0.6812,flowering,4,1.2,4.82,0.0,6.27,1.0,0.0,45.0,67,1.55,45.0
2022-08-22,28.78,34.13,24.65,21.04,74.75,21.17,3.19,234,2022,5.128522515716144,nasa_power,Kuruvai,Kuruvai-2022,6.5,3.3,13.0,22.8,openmeteo_archive,1209.4,0.6911,flowering,4,1.2,0.02,0.0,6.154,1.0,0.0,45.0,68,-1.28,46.53
2022-08-23,28.26,33.61,24.3,9.5,75.25,20.82,3.18,235,2022,5.034343287047088,nasa_power,Kuruvai,Kuruvai-2022,3.3,13.0,17.4,33.7,openmeteo_archive,1226.6,0.7009,flowering,4,1.2,13.9,41.49,6.041,1.0,0.0,45.0,69,19.53,43.99
2022-08-24,27.32,31.27,24.14,4.19,77.79,16.64,2.62,236,2022,4.286758749482876,nasa_power,Kuruvai,Kuruvai-2022,13.0,17.4,10.6,41.0,openmeteo_archive,1243.6,0.7106,flowering,4,1.2,57.86,0.0,5.144,1.0,0.0,45.0,70,52.84,42.27
2022-08-25,26.92,29.91,24.65,7.35,83.94,18.44,1.7,237,2022,3.6464491905988408,nasa_power,Kuruvai,Kuruvai-2022,17.4,10.6,1.1,29.1,openmeteo_archive,1260.9,0.7205,flowering,4,1.2,55.9,0.0,4.376,1.0,0.0,45.0,71,51.69,43.99
2022-08-26,27.42,31.93,24.03,3.82,77.39,19.92,1.92,238,2022,4.5366316404197615,nasa_power,Kuruvai,Kuruvai-2022,10.6,1.1,6.8,18.5,openmeteo_archive,1277.9,0.7302,flowering,4,1.2,57.88,0.0,5.444,1.0,0.0,45.0,72,64.14,43.79
2022-08-27,27.51,32.26,24.17,5.68,78.82,18.03,2.39,239,2022,4.6126534307154285,nasa_power,Kuruvai,Kuruvai-2022,1.1,6.8,1.7,9.6,openmeteo_archive,1295.0,0.74,flowering,4,1.2,55.25,0.0,5.535,1.0,0.0,45.0,73,55.63,44.05
2022-08-28,27.46,31.14,23.77,11.17,79.82,22.95,2.08,240,2022,4.32804899861469,nasa_power,Kuruvai,Kuruvai-2022,6.8,1.7,11.0,19.5,openmeteo_archive,1311.9,0.7497,flowering,4,1.2,54.4,0.0,5.194,1.0,0.0,45.0,74,57.75,43.56
2022-08-29,28.12,32.27,24.75,2.75,78.45,19.37,1.55,241,2022,4.471689674427069,nasa_power,Kuruvai,Kuruvai-2022,1.7,11.0,16.0,28.7,openmeteo_archive,1329.3,0.7596,grain_filling,5,0.95,59.37,0.0,4.248,1.0,0.0,45.0,75,61.38,44.31
2022-08-30,28.17,31.89,25.44,4.55,80.53,20.25,1.43,242,2022,4.153085497550619,nasa_power,Kuruvai,Kuruvai-2022,11.0,16.0,1.6,28.6,openmeteo_archive,1347.0,0.7697,grain_filling,5,0.95,56.88,0.0,3.945,1.0,0.0,45.0,76,56.7,45.93
2022-08-31,27.36,30.41,25.27,7.61,82.0,8.77,1.06,243,2022,3.639569817897495,nasa_power,Kuruvai,Kuruvai-2022,16.0,1.6,2.0,19.6,openmeteo_archive,1364.6,0.7798,grain_filling,5,0.95,56.48,0.0,3.458,1.0,0.0,45.0,77,54.74,47.57
2022-09-01,26.48,29.22,24.39,9.76,83.99,4.98,0.83,244,2022,3.446022373120361,nasa_power,Kuruvai,Kuruvai-2022,1.6,2.0,7.0,10.6,openmeteo_archive,1381.4,0.7894,grain_filling,5,0.95,59.63,0.0,3.274,1.0,0.0,45.0,78,63.79,42.41
2022-09-02,27.71,31.95,24.13,2.38,79.89,21.69,2.17,245,2022,4.503260975450297,nasa_power,Kuruvai,Kuruvai-2022,2.0,7.0,8.7,17.7,openmeteo_archive,1398.5,0.7991,grain_filling,5,0.95,65.12,0.0,4.278,1.0,0.0,45.0,79,70.93,43.07
2022-09-03,28.4,32.67,24.38,1.12,79.29,22.78,2.01,246,2022,4.68241278750199,nasa_power,Kuruvai,Kuruvai-2022,7.0,8.7,1.4,17.1,openmeteo_archive,1415.7,0.809,grain_filling,5,0.95,62.22,0.0,4.448,1.0,0.0,45.0,80,67.64,43.81
2022-09-04,28.34,32.19,25.22,10.96,82.38,21.4,1.75,247,2022,4.306955281004486,nasa_power,Kuruvai,Kuruvai-2022,8.7,1.4,2.4,12.5,openmeteo_archive,1433.3,0.819,grain_filling,5,0.95,57.89,0.0,4.092,1.0,0.0,45.0,81,51.96,46.15
2022-09-05,28.16,31.83,25.24,6.24,83.21,23.39,1.79,248,2022,4.16929579861803,nasa_power,Kuruvai,Kuruvai-2022,1.4,2.4,0.4,4.2,openmeteo_archive,1450.9,0.8291,grain_filling,5,0.95,63.76,0.0,3.961,1.0,0.0,45.0,82,70.28,44.69
2022-09-06,27.88,32.08,25.05,6.43,78.57,21.6,1.91,249,2022,4.305407030821601,nasa_power,Kuruvai,Kuruvai-2022,2.4,0.4,1.0,3.8,openmeteo_archive,1468.4,0.8391,grain_filling,5,0.95,65.04,0.0,4.09,1.0,0.0,45.0,83,63.25,43.91
2022-09-07,26.72,29.81,24.13,7.23,83.95,14.41,2.2,250,2022,3.733547944417038,nasa_power,Kuruvai,Kuruvai-2022,0.4,1.0,0.0,1.4,openmeteo_archive,1485.4,0.8488,grain_filling,5,0.95,66.38,0.0,3.547,1.0,0.0,45.0,84,62.6,46.08
2022-09-08,27.21,31.29,23.75,1.57,81.41,16.07,2.62,251,2022,4.350395594284437,nasa_power,Kuruvai,Kuruvai-2022,1.0,0.0,0.4,1.4,openmeteo_archive,1502.3,0.8584,grain_filling,5,0.95,69.06,0.0,4.133,1.0,0.0,45.0,85,68.21,46.43
2022-09-09,27.85,32.53,23.85,0.3,78.59,19.3,3.11,252,2022,4.732030092601461,nasa_power,Kuruvai,Kuruvai-2022,0.0,0.4,0.0,0.4,openmeteo_archive,1519.2,0.8681,grain_filling,5,0.95,65.5,0.0,4.495,1.0,0.0,45.0,86,69.66,44.97
2022-09-10,28.01,32.73,23.81,0.37,76.37,16.38,3.62,253,2022,4.800363199189476,nasa_power,Kuruvai,Kuruvai-2022,0.4,0.0,0.0,0.4,openmeteo_archive,1536.1,0.8778,grain_filling,5,0.95,60.3,0.0,4.56,1.0,0.0,45.0,87,63.0,43.78
2022-09-11,28.23,33.07,24.36,0.26,75.95,18.63,3.65,254,2022,4.784128518423972,nasa_power,Kuruvai,Kuruvai-2022,0.0,0.0,0.7,0.7,openmeteo_archive,1553.3,0.8876,grain_filling,5,0.95,55.11,0.0,4.545,1.0,0.0,45.0,88,53.83,45.41
2022-09-12,28.49,34.38,23.51,0.1,73.78,23.22,3.36,255,2022,5.364828886053306,nasa_power,Kuruvai,Kuruvai-2022,0.0,0.7,0.0,0.7,openmeteo_archive,1570.0,0.8972,grain_filling,5,0.95,49.83,0.0,5.097,1.0,0.0,45.0,89,54.02,44.65
2022-09-13,28.6,34.51,23.4,0.13,74.09,24.39,2.82,256,2022,5.418437435958244,nasa_power,Kuruvai,Kuruvai-2022,0.7,0.0,0.0,0.7,openmeteo_archive,1586.7,0.9067,ripening,6,0.65,43.83,0.0,3.522,1.0,0.0,45.0,90,44.53,44.64
2022-09-14,29.03,34.07,24.75,0.15,73.91,23.28,2.31,257,2022,5.004857539177697,nasa_power,Kuruvai,Kuruvai-2022,0.0,0.0,0.2,0.2,openmeteo_archive,1604.1,0.9166,ripening,6,0.65,39.44,0.0,3.253,1.0,0.0,45.0,91,36.58,44.23
2022-09-15,29.01,33.67,24.94,0.1,72.8,21.76,1.85,258,2022,4.826834300429598,nasa_power,Kuruvai,Kuruvai-2022,0.0,0.2,3.6,3.8,openmeteo_archive,1621.6,0.9266,ripening,6,0.65,35.34,0.0,3.137,1.0,0.0,45.0,92,31.8,46.39
2022-09-16,28.84,33.27,24.94,0.04,73.87,23.9,1.89,259,2022,4.688631224632573,nasa_power,Kuruvai,Kuruvai-2022,0.2,3.6,0.0,3.8,openmeteo_archive,1639.1,0.9366,ripening,6,0.65,31.3,0.0,3.048,1.0,0.0,45.0,93,33.35,45.37
2022-09-17,29.26,34.09,25.23,0.13,73.71,22.66,2.39,260,2022,4.885880890464616,nasa_power,Kuruvai,Kuruvai-2022,3.6,0.0,0.3,3.9,openmeteo_archive,1656.7,0.9467,ripening,6,0.65,27.29,0.0,3.176,1.0,0.0,45.0,94,26.88,46.55
2022-09-18,29.27,33.76,25.32,0.35,72.18,15.81,1.9,261,2022,4.749734053442729,nasa_power,Kuruvai,Kuruvai-2022,0.0,0.3,0.1,0.4,openmeteo_archive,1674.3,0.9568,ripening,6,0.65,23.25,0.0,3.087,1.0,0.0,45.0,95,16.37,47.0
2022-09-19,28.5,32.53,25.25,0.34,73.24,18.82,2.4,262,2022,4.344188354509124,nasa_power,Kuruvai,Kuruvai-2022,0.3,0.1,0.0,0.4,openmeteo_archive,1692.0,0.9668,ripening,6,0.65,19.51,0.0,2.824,1.0,0.0,45.0,96,23.75,45.69
2022-09-20,28.63,33.02,24.96,0.09,66.77,18.94,2.32,263,2022,4.573689870548641,nasa_power,Kuruvai,Kuruvai-2022,0.1,0.0,0.1,0.2,openmeteo_archive,1709.4,0.9768,ripening,6,0.65,16.03,0.0,2.973,1.0,0.0,45.0,97,13.63,44.24
2022-09-21,29.59,36.17,23.68,0.02,66.03,24.86,2.4,264,2022,5.798000547625267,nasa_power,Kuruvai,Kuruvai-2022,0.0,0.1,1.8,1.9,openmeteo_archive,1726.3,0.9864,ripening,6,0.65,12.14,0.0,3.769,1.0,0.0,45.0,98,20.1,46.56
2022-09-22,30.0,36.34,24.28,0.05,65.73,21.9,2.39,265,2022,5.733806788248161,nasa_power,Kuruvai,Kuruvai-2022,0.1,1.8,3.0,4.9,openmeteo_archive,1743.4,0.9962,ripening,6,0.65,7.39,0.0,3.727,1.0,0.0,45.0,99,0.38,45.7
2022-09-23,28.89,33.24,24.62,0.1,66.78,22.7,2.01,266,2022,4.700505250817615,nasa_power,Kuruvai,Kuruvai-2022,1.8,3.0,2.5,7.3,openmeteo_archive,1760.7,1.0061,ripening,6,0.65,2.72,0.0,3.055,1.0,0.0,45.0,100,1.82,48.91
2022-09-24,29.04,33.63,24.51,0.17,66.24,23.07,1.81,267,2022,4.840908617323179,nasa_power,Kuruvai,Kuruvai-2022,3.0,2.5,5.9,11.4,openmeteo_archive,1778.0,1.016,ripening,6,0.65,-1.24,0.0,3.133,0.5,0.0,44.91,101,-4.74,45.38
2022-09-25,28.97,34.01,24.83,6.64,72.55,23.2,1.74,268,2022,4.884270462681516,nasa_power,Kuruvai,Kuruvai-2022,2.5,5.9,1.7,10.1,openmeteo_archive,1795.4,1.0259,ripening,6,0.65,-4.7,0.0,3.175,1.0,0.0,44.67,102,-9.58,45.72
2022-09-26,28.44,32.4,24.96,28.64,78.85,13.28,1.6,269,2022,4.3201769533151975,nasa_power,Kuruvai,Kuruvai-2022,5.9,1.7,0.3,7.9,openmeteo_archive,1812.9,1.0359,ripening,6,0.65,-2.24,0.0,2.808,1.0,0.0,44.84,103,-4.67,45.28
2022-09-27,28.44,32.93,25.18,2.58,76.83,18.13,2.43,270,2022,4.436405589984387,nasa_power,Kuruvai,Kuruvai-2022,1.7,0.3,0.0,2.0,openmeteo_archive,1830.5,1.046,ripening,6,0.65,22.6,0.0,2.884,1.0,0.0,45.0,104,31.45,44.85
2022-09-28,28.5,32.76,24.41,13.46,77.03,13.81,1.61,271,2022,4.549880046034479,nasa_power,Kuruvai,Kuruvai-2022,0.3,0.0,6.7,7.0,openmeteo_archive,1847.7,1.0558,ripening,6,0.65,21.29,0.0,2.957,1.0,0.0,45.0,105,22.01,44.61
2022-09-29,27.45,31.0,24.48,1.88,80.09,13.97,1.88,272,2022,3.9394006597924256,nasa_power,Kuruvai,Kuruvai-2022,0.0,6.7,0.8,7.5,openmeteo_archive,1864.9,1.0657,ripening,6,0.65,30.79,0.0,2.561,1.0,0.0,45.0,106,26.83,45.44
2022-09-30,27.53,31.59,24.42,2.82,77.81,11.36,2.3,273,2022,4.146672820523646,nasa_power,Kuruvai,Kuruvai-2022,6.7,0.8,0.2,7.7,openmeteo_archive,1882.1,1.0755,ripening,6,0.65,29.11,0.0,2.695,1.0,0.0,45.0,107,19.97,45.78
2022-10-01,26.75,31.12,23.77,0.16,74.87,12.7,3.12,274,2022,4.13843057889457,nasa_power,Kuruvai,Kuruvai-2022,0.8,0.2,0.0,1.0,openmeteo_archive,1899.0,1.0851,ripening,6,0.65,28.24,0.0,2.69,1.0,0.0,45.0,108,19.63,46.73
2022-10-02,28.2,34.35,22.84,0.61,71.18,15.37,2.72,275,2022,5.299133425658379,nasa_power,Kuruvai,Kuruvai-2022,0.2,0.0,1.1,1.3,openmeteo_archive,1915.4,1.0945,ripening,6,0.65,24.71,0.0,3.444,1.0,0.0,45.0,109,22.03,45.46
2022-10-03,28.11,32.79,24.05,0.21,75.06,14.89,2.75,276,2022,4.59025861026959,nasa_power,Kuruvai,Kuruvai-2022,0.0,1.1,16.8,17.9,openmeteo_archive,1932.5,1.1043,ripening,6,0.65,20.87,0.0,2.984,1.0,0.0,45.0,110,17.7,44.31
2022-10-04,28.4,33.02,24.82,0.63,75.33,11.7,2.13,277,2022,4.484334835743991,nasa_power,Kuruvai,Kuruvai-2022,1.1,16.8,0.1,18.0,openmeteo_archive,1949.9,1.1142,ripening,6,0.65,17.1,0.0,2.915,1.0,0.0,45.0,111,15.98,44.51
2022-10-05,27.83,31.38,25.21,5.56,79.08,7.25,1.68,278,2022,3.829157069004119,nasa_power,Kuruvai,Kuruvai-2022,16.8,0.1,12.3,29.2,openmeteo_archive,1967.5,1.1243,ripening,6,0.65,13.82,0.0,2.489,1.0,0.0,45.0,112,2.46,43.02
2022-10-06,27.46,32.63,23.37,2.1,72.78,12.96,2.38,279,2022,4.650273021140695,nasa_power,Kuruvai,Kuruvai-2022,0.1,12.3,32.5,44.9,openmeteo_archive,1984.2,1.1338,ripening,6,0.65,15.89,0.0,3.023,1.0,0.0,45.0,113,15.43,47.49
2022-10-07,28.17,33.86,22.92,1.65,71.69,11.76,1.51,280,2022,5.085661891703177,nasa_power,Kuruvai,Kuruvai-2022,12.3,32.5,6.9,51.7,openmeteo_archive,2000.6,1.1432,ripening,6,0.65,13.96,0.0,3.306,1.0,0.0,45.0,114,19.1,44.19
2022-10-08,28.22,33.04,24.86,4.4,76.57,14.21,1.07,281,2022,4.4403346246731505,nasa_power,Kuruvai,Kuruvai-2022,32.5,6.9,2.3,41.7,openmeteo_archive,2018.0,1.1532,ripening,6,0.65,11.31,0.0,2.886,1.0,0.0,45.0,115,19.42,46.45
2022-10-09,27.15,30.63,25.16,10.81,84.26,12.42,1.21,282,2022,3.5405446697030554,nasa_power,Kuruvai,Kuruvai-2022,6.9,2.3,4.5,13.7,openmeteo_archive,2035.6,1.1632,ripening,6,0.65,11.82,0.0,2.301,1.0,0.0,45.0,116,2.35,45.41
2022-10-10,27.26,30.84,24.73,16.07,83.95,13.96,1.49,283,2022,3.7237874720370523,nasa_power,Kuruvai,Kuruvai-2022,2.3,4.5,3.1,9.9,openmeteo_archive,2053.0,1.1731,ripening,6,0.65,19.33,0.0,2.42,1.0,0.0,45.0,117,15.32,45.46
2022-10-11,27.62,31.09,24.96,4.41,82.86,17.86,1.97,284,2022,3.740197152582738,nasa_power,Kuruvai,Kuruvai-2022,4.5,3.1,8.8,16.4,openmeteo_archive,2070.5,1.1831,ripening,6,0.65,31.98,0.0,2.431,1.0,0.0,45.0,118,27.71,44.82
2022-10-12,27.82,31.36,24.79,3.7,82.07,18.77,1.38,285,2022,3.866566554745576,nasa_power,Kuruvai,Kuruvai-2022,3.1,8.8,10.3,22.2,openmeteo_archive,2087.9,1.1931,ripening,6,0.65,32.96,0.0,2.513,1.0,0.0,45.0,119,33.69,43.82
2023-06-15,30.9,36.47,26.33,0.21,61.38,23.35,2.02,166,2023,5.475315024226625,nasa_power,Kuruvai,Kuruvai-2023,0.1,0.0,13.3,13.4,openmeteo_archive,18.2,0.0104,establishment,0,1.05,40.0,0.0,5.749,1.0,0.0,45.0,0,46.99,44.82
2023-06-16,32.88,39.48,27.36,0.52,58.95,24.45,2.94,167,2023,6.230445639875989,nasa_power,Kuruvai,Kuruvai-2023,0.0,13.3,6.5,19.8,openmeteo_archive,36.8,0.0211,establishment,0,1.05,33.46,0.0,6.542,1.0,0.0,45.0,1,35.59,43.31
2023-06-17,28.92,31.89,26.54,3.5,73.39,13.28,2.14,168,2023,3.798864742058469,nasa_power,Kuruvai,Kuruvai-2023,13.3,6.5,3.4,23.2,openmeteo_archive,55.1,0.0315,establishment,0,1.05,26.44,0.0,3.989,1.0,0.0,45.0,2,25.89,43.31
2023-06-18,29.11,33.29,26.44,7.52,72.6,5.3,2.72,169,2023,4.357193443670417,nasa_power,Kuruvai,Kuruvai-2023,6.5,3.4,4.2,14.1,openmeteo_archive,73.3,0.0419,establishment,0,1.05,24.95,0.0,4.575,1.0,0.0,45.0,3,23.69,41.85
2023-06-19,31.0,37.76,25.7,1.69,62.28,11.37,2.45,170,2023,6.006682479775577,nasa_power,Kuruvai,Kuruvai-2023,3.4,4.2,1.0,8.6,openmeteo_archive,91.2,0.0521,establishment,0,1.05,26.9,0.0,6.307,1.0,0.0,45.0,4,18.23,40.32
2023-06-20,30.33,35.18,26.96,3.42,67.67,11.06,2.27,171,2023,4.892276791930457,nasa_power,Kuruvai,Kuruvai-2023,4.2,1.0,0.6,5.8,openmeteo_archive,109.7,0.0627,establishment,0,1.05,21.28,0.0,5.137,1.0,0.0,45.0,5,27.98,44.8
2023-06-21,29.5,33.41,25.89,2.64,72.72,10.84,2.01,172,2023,4.542839357087701,nasa_power,Kuruvai,Kuruvai-2023,1.0,0.6,0.4,2.0,openmeteo_archive,127.6,0.0729,establishment,0,1.05,18.56,0.0,4.77,1.0,0.0,45.0,6,16.95,48.48
2023-06-22,30.24,34.65,26.57,3.05,71.73,19.68,2.0,173,2023,4.80376653433371,nasa_power,Kuruvai,Kuruvai-2023,0.6,0.4,0.1,1.1,openmeteo_archive,145.9,0.0834,establishment,0,1.05,15.43,0.0,5.044,1.0,0.0,45.0,7,17.96,47.7
2023-06-23,30.14,35.71,25.99,0.88,64.62,19.86,2.88,174,2023,5.294505621828612,nasa_power,Kuruvai,Kuruvai-2023,0.4,0.1,0.4,0.9,openmeteo_archive,163.9,0.0937,establishment,0,1.05,12.44,0.0,5.559,1.0,0.0,45.0,8,15.83,43.53
2023-06-24,29.96,36.26,25.06,0.54,62.49,19.87,3.54,175,2023,5.660822911627554,nasa_power,Kuruvai,Kuruvai-2023,0.1,0.4,7.1,7.6,openmeteo_archive,181.4,0.1037,establishment,0,1.05,6.76,0.0,5.944,1.0,0.0,45.0,9,0.53,45.22
2023-06-25,28.42,31.67,26.02,0.98,71.68,19.03,2.71,176,2023,3.8699338865521615,nasa_power,Kuruvai,Kuruvai-2023,0.4,7.1,0.0,7.5,openmeteo_archive,199.4,0.114,establishment,0,1.05,0.35,0.0,4.063,1.0,0.0,45.0,10,-4.27,42.8
2023-06-26,30.13,36.03,25.34,0.22,58.59,21.17,3.46,177,2023,5.533078848184937,nasa_power,Kuruvai,Kuruvai-2023,7.1,0.0,2.8,9.9,openmeteo_archive,217.1,0.1241,establishment,0,1.05,-3.73,0.0,5.728,0.5,0.0,44.74,11,4.01,42.77
2023-06-27,30.17,36.53,24.99,5.2,59.73,20.85,3.75,178,2023,5.757816186771037,nasa_power,Kuruvai,Kuruvai-2023,0.0,2.8,0.1,2.9,openmeteo_archive,234.6,0.1341,establishment,0,1.05,-9.74,0.0,5.936,0.5,0.0,44.32,12,-8.29,42.52
2023-06-28,30.65,37.15,24.53,0.12,59.6,21.8,3.37,179,2023,6.031345233918335,nasa_power,Kuruvai,Kuruvai-2023,2.8,0.1,0.3,3.2,openmeteo_archive,251.9,0.1439,establishment,0,1.05,-10.97,0.0,6.058,0.5,0.0,44.23,13,-13.87,43.89
2023-06-29,31.52,38.08,25.62,1.77,57.9,20.74,3.61,180,2023,6.117767245713792,nasa_power,Kuruvai,Kuruvai-2023,0.1,0.3,6.8,7.2,openmeteo_archive,269.7,0.1541,tillering,1,1.1,-17.41,0.0,6.309,0.5,0.0,43.78,14,-18.04,43.51
2023-06-30,31.05,37.73,25.44,0.57,58.44,23.92,3.58,181,2023,6.0439138422875125,nasa_power,Kuruvai,Kuruvai-2023,0.3,6.8,1.0,8.1,openmeteo_archive,287.4,0.1642,tillering,1,1.1,-22.45,0.0,6.066,0.5,0.0,43.43,15,-17.02,43.81
2023-07-01,30.79,35.97,26.22,2.22,58.93,19.86,3.15,182,2023,5.330344848926423,nasa_power,Kuruvai,Kuruvai-2023,6.8,1.0,0.4,8.2,openmeteo_archive,305.5,0.1746,tillering,1,1.1,-28.45,0.0,5.248,0.5,0.0,43.01,16,-23.78,44.0
2023-07-02,29.14,33.61,26.52,13.17,68.74,11.49,2.58,183,2023,4.450199934121515,nasa_power,Kuruvai,Kuruvai-2023,1.0,0.4,3.4,4.8,openmeteo_archive,323.8,0.185,tillering,1,1.1,-31.97,0.0,4.527,0.5,0.0,42.76,17,-39.3,42.25
2023-07-03,29.81,35.4,25.59,2.83,67.33,11.93,3.68,184,2023,5.282422285427511,nasa_power,Kuruvai,Kuruvai-2023,0.4,3.4,0.4,4.2,openmeteo_archive,341.6,0.1952,tillering,1,1.1,-23.83,0.0,5.323,0.5,0.0,43.33,18,-15.66,43.38
2023-07-04,29.96,35.8,25.63,1.04,64.29,16.37,4.68,185,2023,5.403798395961377,nasa_power,Kuruvai,Kuruvai-2023,3.4,0.4,0.0,3.8,openmeteo_archive,359.4,0.2054,tillering,1,1.1,-26.82,0.0,5.331,0.5,0.0,43.12,19,-21.99,41.48
2023-07-05,29.95,35.17,26.1,0.35,59.62,17.6,5.34,186,2023,5.095650084858364,nasa_power,Kuruvai,Kuruvai-2023,0.4,0.0,2.6,3.0,openmeteo_archive,377.4,0.2157,tillering,1,1.1,-31.62,0.0,4.904,0.5,0.0,42.79,20,-32.38,40.77
2023-07-06,30.11,35.36,25.7,0.13,62.79,14.49,4.94,187,2023,5.248359934824617,nasa_power,Kuruvai,Kuruvai-2023,0.0,2.6,0.0,2.6,openmeteo_archive,395.3,0.2259,tillering,1,1.1,-36.67,0.0,4.929,0.5,0.0,42.43,21,-42.63,40.18
2023-07-07,30.24,35.58,25.79,0.13,59.96,17.28,3.92,188,2023,5.3015871011101545,nasa_power,Kuruvai,Kuruvai-2023,2.6,0.0,33.4,36.0,openmeteo_archive,413.2,0.2361,tillering,1,1.1,-41.97,0.0,4.856,0.5,0.0,42.06,22,-36.7,43.03
2023-07-08,30.47,36.23,26.12,2.19,59.14,20.79,3.36,189,2023,5.443184809174456,nasa_power,Kuruvai,Kuruvai-2023,0.0,33.4,1.2,34.6,openmeteo_archive,431.2,0.2464,tillering,1,1.1,-47.19,0.0,4.91,0.5,0.0,41.7,23,-44.81,41.19
2023-07-09,30.37,35.83,25.71,5.38,62.45,22.38,2.46,190,2023,5.402117221481775,nasa_power,Kuruvai,Kuruvai-2023,33.4,1.2,0.1,34.7,openmeteo_archive,449.1,0.2566,tillering,1,1.1,-50.41,0.0,4.872,0.5,0.0,41.47,24,-57.7,38.66
2023-07-10,29.03,33.37,26.04,15.96,75.86,13.56,1.7,191,2023,4.4978595619713975,nasa_power,Kuruvai,Kuruvai-2023,1.2,0.1,2.8,4.1,openmeteo_archive,467.1,0.2669,tillering,1,1.1,-50.41,0.0,4.266,0.5,0.0,41.47,25,-51.57,41.38
2023-07-11,29.53,35.16,25.46,13.61,72.93,14.27,2.38,192,2023,5.241441504224708,nasa_power,Kuruvai,Kuruvai-2023,0.1,2.8,0.6,3.5,openmeteo_archive,484.8,0.277,tillering,1,1.1,-39.21,0.0,5.175,0.5,0.0,42.26,26,-23.58,40.39
2023-07-12,29.26,34.64,24.81,2.86,67.7,17.4,2.4,193,2023,5.2137352632747405,nasa_power,Kuruvai,Kuruvai-2023,2.8,0.6,0.7,4.1,openmeteo_archive,502.2,0.287,tillering,1,1.1,-31.28,0.0,5.083,0.5,0.0,42.81,27,-31.2,45.3
2023-07-13,29.79,36.46,24.42,4.78,62.63,15.92,3.08,194,2023,5.858635194367375,nasa_power,Kuruvai,Kuruvai-2023,0.6,0.7,0.4,1.7,openmeteo_archive,519.4,0.2968,tillering,1,1.1,-34.0,0.0,5.691,0.5,0.0,42.62,28,-37.71,41.75
2023-07-14,30.19,37.14,25.03,1.16,63.09,22.67,3.31,195,2023,5.95599439938324,nasa_power,Kuruvai,Kuruvai-2023,0.7,0.4,0.2,1.3,openmeteo_archive,537.0,0.3068,tillering,1,1.1,-35.41,0.0,5.654,0.5,0.0,42.52,29,-40.45,43.54
2023-07-15,30.47,36.53,25.46,0.17,62.95,23.27,3.34,196,2023,5.68579030958216,nasa_power,Kuruvai,Kuruvai-2023,0.4,0.2,0.0,0.6,openmeteo_archive,554.7,0.317,tillering,1,1.1,-40.41,0.0,5.248,0.5,0.0,42.17,30,-31.55,43.8
2023-07-16,30.39,35.42,26.68,0.32,66.05,16.55,2.55,197,2023,5.0594245164495115,nasa_power,Kuruvai,Kuruvai-2023,0.2,0.0,0.1,0.3,openmeteo_archive,573.0,0.3274,tillering,1,1.1,-45.98,0.0,4.549,0.5,0.0,41.78,31,-41.74,40.35
2023-07-17,30.56,35.88,26.3,0.06,64.96,22.07,3.26,198,2023,5.303057447168994,nasa_power,Kuruvai,Kuruvai-2023,0.0,0.1,0.0,0.1,openmeteo_archive,591.2,0.3378,tillering,1,1.1,-50.71,0.0,4.651,0.5,0.0,41.45,32,-43.67,41.56
2023-07-18,30.24,36.0,25.79,0.02,63.49,19.98,4.83,199,2023,5.454646422422965,nasa_power,Kuruvai,Kuruvai-2023,0.1,0.0,0.1,0.2,openmeteo_archive,609.1,0.348,tillering,1,1.1,-55.8,0.0,4.661,0.5,0.0,41.09,33,-54.56,41.92
2023-07-19,30.73,37.37,25.78,0.01,60.43,21.14,5.55,200,2023,5.89476730951177,nasa_power,Kuruvai,Kuruvai-2023,0.0,0.1,1.3,1.4,openmeteo_archive,627.0,0.3583,stem_elongation,2,1.15,-60.95,0.0,5.127,0.5,0.0,40.73,34,-54.68,40.9
2023-07-20,31.02,37.11,25.89,0.0,58.03,20.38,5.68,201,2023,5.7931108683602925,nasa_power,Kuruvai,Kuruvai-2023,0.1,1.3,15.1,16.5,openmeteo_archive,644.9,0.3685,stem_elongation,2,1.15,-66.56,0.0,4.888,0.5,0.0,40.34,35,-70.8,40.88
2023-07-21,31.14,38.01,25.68,0.09,57.11,16.44,5.46,202,2023,6.117555037001661,nasa_power,Kuruvai,Kuruvai-2023,1.3,15.1,2.1,18.5,openmeteo_archive,662.8,0.3787,stem_elongation,2,1.15,-71.95,0.0,5.013,0.5,0.0,39.96,36,-71.14,37.97
2023-07-22,30.64,36.49,26.1,0.48,57.66,14.01,5.56,203,2023,5.555451967913553,nasa_power,Kuruvai,Kuruvai-2023,15.1,2.1,1.9,19.1,openmeteo_archive,680.8,0.389,stem_elongation,2,1.15,-77.37,0.0,4.424,0.5,0.0,39.58,37,-75.93,40.41
2023-07-23,29.86,36.24,25.72,1.5,62.42,14.15,4.67,204,2023,5.556204605925374,nasa_power,Kuruvai,Kuruvai-2023,2.1,1.9,1.4,5.4,openmeteo_archive,698.7,0.3992,stem_elongation,2,1.15,-81.82,0.0,4.337,0.5,0.0,39.27,38,-74.91,38.54
2023-07-24,28.22,32.28,25.35,0.74,69.35,11.72,4.55,205,2023,4.310972330360016,nasa_power,Kuruvai,Kuruvai-2023,1.9,1.4,0.5,3.8,openmeteo_archive,716.3,0.4093,stem_elongation,2,1.15,-85.15,0.0,3.284,0.5,0.0,39.04,39,-83.56,39.56
2023-07-25,27.99,31.38,24.49,1.31,69.63,13.66,3.94,206,2023,4.2188610524105306,nasa_power,Kuruvai,Kuruvai-2023,1.4,0.5,0.0,1.9,openmeteo_archive,733.6,0.4192,stem_elongation,2,1.15,-88.2,0.0,3.165,0.5,0.0,38.83,40,-91.33,40.21
2023-07-26,30.05,35.83,24.89,0.65,62.08,14.03,4.51,207,2023,5.599963080461393,nasa_power,Kuruvai,Kuruvai-2023,0.5,0.0,0.8,1.3,openmeteo_archive,751.0,0.4292,stem_elongation,2,1.15,-90.55,0.0,4.124,0.5,0.0,38.66,41,-90.23,39.66
2023-07-27,30.76,37.08,25.56,0.05,57.82,22.89,4.58,208,2023,5.8630861511612045,nasa_power,Kuruvai,Kuruvai-2023,0.0,0.8,0.2,1.0,openmeteo_archive,768.8,0.4393,stem_elongation,2,1.15,-94.53,0.0,4.194,0.5,0.0,38.38,42,-102.91,38.9
2023-07-28,31.42,38.74,25.03,0.03,54.9,22.31,4.37,209,2023,6.471953103809429,nasa_power,Kuruvai,Kuruvai-2023,0.8,0.2,0.1,1.1,openmeteo_archive,786.3,0.4493,stem_elongation,2,1.15,-99.17,0.0,4.491,0.5,0.0,38.06,43,-110.77,39.02
2023-07-29,32.06,38.76,25.68,0.08,54.26,22.84,3.8,210,2023,6.366284117871294,nasa_power,Kuruvai,Kuruvai-2023,0.2,0.1,1.0,1.3,openmeteo_archive,804.2,0.4595,stem_elongation,2,1.15,-104.13,0.0,4.274,0.5,0.0,37.71,44,-99.97,38.74
2023-07-30,32.79,40.31,26.47,0.07,51.82,22.07,3.52,211,2023,6.704025311281677,nasa_power,Kuruvai,Kuruvai-2023,0.1,1.0,0.0,1.1,openmeteo_archive,822.4,0.4699,stem_elongation,2,1.15,-108.83,0.0,4.356,0.5,0.0,37.38,45,-110.7,39.62
2023-07-31,32.94,39.51,27.46,0.04,52.31,22.19,3.71,212,2023,6.269121703956548,nasa_power,Kuruvai,Kuruvai-2023,1.0,0.0,0.1,1.1,openmeteo_archive,841.1,0.4806,stem_elongation,2,1.15,-113.61,0.0,3.934,0.5,0.0,37.05,46,-114.92,37.0
2023-08-01,32.82,39.45,27.02,0.01,50.99,18.76,4.48,213,2023,6.338151491258116,nasa_power,Kuruvai,Kuruvai-2023,0.0,0.1,0.3,0.4,openmeteo_archive,859.6,0.4912,stem_elongation,2,1.15,-118.01,0.0,3.849,0.5,0.0,36.74,47,-113.86,36.99
2023-08-02,31.19,36.34,26.46,0.0,54.38,22.23,4.22,214,2023,5.449213441019539,nasa_power,Kuruvai,Kuruvai-2023,0.1,0.3,0.6,1.0,openmeteo_archive,877.9,0.5016,panicle_initiation,3,1.2,-122.35,0.0,3.339,0.5,0.0,36.44,48,-115.36,37.84
2023-08-03,32.39,39.49,25.84,0.04,54.35,23.99,3.8,215,2023,6.571625205909662,nasa_power,Kuruvai,Kuruvai-2023,0.3,0.6,0.1,1.0,openmeteo_archive,895.8,0.5119,panicle_initiation,3,1.2,-126.18,190.01,7.886,1.0,0.0,36.17,49,-123.51,35.43
2023-08-04,32.66,39.37,26.77,0.1,52.25,22.73,3.75,216,2023,6.366242647022827,nasa_power,Kuruvai,Kuruvai-2023,0.6,0.1,0.1,0.8,openmeteo_archive,914.2,0.5224,panicle_initiation,3,1.2,54.98,0.0,7.639,1.0,0.0,45.0,50,64.62,43.0
2023-08-05,32.6,38.63,27.56,0.1,52.38,23.44,2.98,217,2023,5.971708252919621,nasa_power,Kuruvai,Kuruvai-2023,0.1,0.1,1.3,1.5,openmeteo_archive,933.0,0.5331,panicle_initiation,3,1.2,46.44,0.0,7.166,1.0,0.0,45.0,51,48.95,45.74
2023-08-06,32.44,38.5,28.4,0.3,53.64,23.77,3.02,218,2023,5.745271996609375,nasa_power,Kuruvai,Kuruvai-2023,0.1,1.3,14.9,16.3,openmeteo_archive,952.2,0.5441,panicle_initiation,3,1.2,38.38,0.0,6.894,1.0,0.0,45.0,52,39.89,44.69
2023-08-07,32.12,37.2,27.9,0.55,57.2,23.88,2.36,219,2023,5.417459935968101,nasa_power,Kuruvai,Kuruvai-2023,1.3,14.9,11.2,27.4,openmeteo_archive,971.1,0.5549,panicle_initiation,3,1.2,30.78,0.0,6.501,1.0,0.0,45.0,53,31.98,43.19
2023-08-08,31.6,36.71,27.78,1.07,58.97,19.88,2.48,220,2023,5.277541660855559,nasa_power,Kuruvai,Kuruvai-2023,14.9,11.2,10.7,36.8,openmeteo_archive,990.0,0.5657,panicle_initiation,3,1.2,23.83,0.0,6.333,1.0,0.0,45.0,54,17.4,45.75
2023-08-09,30.42,35.25,26.94,14.91,68.29,20.87,2.14,221,2023,4.974986385029879,nasa_power,Kuruvai,Kuruvai-2023,11.2,10.7,12.7,34.6,openmeteo_archive,1008.5,0.5763,panicle_initiation,3,1.2,17.57,0.0,5.97,1.0,0.0,45.0,55,22.35,47.15
2023-08-10,28.73,32.55,25.81,13.99,78.0,18.74,2.01,222,2023,4.305684618935163,nasa_power,Kuruvai,Kuruvai-2023,10.7,12.7,0.0,23.4,openmeteo_archive,1026.4,0.5865,panicle_initiation,3,1.2,25.51,0.0,5.167,1.0,0.0,45.0,56,13.28,42.56
2023-08-11,29.29,33.8,25.36,9.84,72.96,21.85,1.26,223,2023,4.859906656973779,nasa_power,Kuruvai,Kuruvai-2023,12.7,0.0,0.0,12.7,openmeteo_archive,1044.0,0.5966,panicle_initiation,3,1.2,33.33,0.0,5.832,1.0,0.0,45.0,57,30.4,46.53
2023-08-12,29.69,34.54,26.08,8.19,73.0,20.78,2.28,224,2023,4.94121892305788,nasa_power,Kuruvai,Kuruvai-2023,0.0,0.0,0.1,0.1,openmeteo_archive,1062.1,0.6069,panicle_initiation,3,1.2,36.34,0.0,5.929,1.0,0.0,45.0,58,36.45,41.19
2023-08-13,29.39,33.36,25.5,2.95,71.61,21.4,2.29,225,2023,4.67609848856982,nasa_power,Kuruvai,Kuruvai-2023,0.0,0.1,0.0,0.1,openmeteo_archive,1079.8,0.617,panicle_initiation,3,1.2,37.6,0.0,5.611,1.0,0.0,45.0,59,33.65,44.4
2023-08-14,29.98,34.64,26.1,1.46,68.92,16.57,2.06,226,2023,4.971521307879271,nasa_power,Kuruvai,Kuruvai-2023,0.1,0.0,0.1,0.2,openmeteo_archive,1097.9,0.6274,flowering,4,1.2,33.94,0.0,5.966,1.0,0.0,45.0,60,31.68,47.76
2023-08-15,30.17,35.74,25.62,0.58,67.2,23.67,2.85,227,2023,5.446954691220575,nasa_power,Kuruvai,Kuruvai-2023,0.0,0.1,0.0,0.1,openmeteo_archive,1115.7,0.6375,flowering,4,1.2,28.43,0.0,6.536,1.0,0.0,45.0,61,37.63,44.51
2023-08-16,30.86,37.15,25.61,0.1,63.19,24.88,2.93,228,2023,5.900609085115131,nasa_power,Kuruvai,Kuruvai-2023,0.1,0.0,0.0,0.1,openmeteo_archive,1133.5,0.6477,flowering,4,1.2,21.48,0.0,7.081,1.0,0.0,45.0,62,27.0,45.13
2023-08-17,31.31,37.49,25.98,0.04,60.31,24.29,3.35,229,2023,5.935353459753752,nasa_power,Kuruvai,Kuruvai-2023,0.0,0.0,0.4,0.4,openmeteo_archive,1151.5,0.658,flowering,4,1.2,13.49,0.0,7.122,1.0,0.0,45.0,63,10.06,46.14
2023-08-18,31.32,37.7,26.21,0.15,57.65,20.49,4.1,230,2023,5.956225806011538,nasa_power,Kuruvai,Kuruvai-2023,0.0,0.4,1.8,2.2,openmeteo_archive,1169.6,0.6683,flowering,4,1.2,5.41,0.0,7.147,1.0,0.0,45.0,64,3.06,42.43
2023-08-19,31.2,38.01,25.42,0.07,57.97,22.82,3.95,231,2023,6.20422458548634,nasa_power,Kuruvai,Kuruvai-2023,0.4,1.8,2.4,4.6,openmeteo_archive,1187.3,0.6785,flowering,4,1.2,-2.59,0.0,7.37,0.5,0.0,44.82,65,-8.98,44.93
2023-08-20,31.84,38.95,25.85,0.07,58.04,23.7,2.97,232,2023,6.415433169719061,nasa_power,Kuruvai,Kuruvai-2023,1.8,2.4,1.4,5.6,openmeteo_archive,1205.2,0.6887,flowering,4,1.2,-10.39,69.87,7.699,1.0,0.0,44.27,66,-6.87,44.37
2023-08-21,31.22,36.72,27.11,1.02,63.64,24.46,2.35,233,2023,5.440882356846833,nasa_power,Kuruvai,Kuruvai-2023,2.4,1.4,0.3,4.1,openmeteo_archive,1223.8,0.6993,flowering,4,1.2,50.85,0.0,6.529,1.0,0.0,45.0,67,49.6,47.79
2023-08-22,30.87,36.4,26.77,3.4,67.44,12.52,1.99,234,2023,5.409365442069108,nasa_power,Kuruvai,Kuruvai-2023,1.4,0.3,0.0,1.7,openmeteo_archive,1242.2,0.7098,flowering,4,1.2,44.34,0.0,6.491,1.0,0.0,45.0,68,34.51,43.15
2023-08-23,30.17,34.48,26.62,1.97,70.58,22.93,1.77,235,2023,4.783520901703076,nasa_power,Kuruvai,Kuruvai-2023,0.3,0.0,0.0,0.3,openmeteo_archive,1260.5,0.7203,flowering,4,1.2,40.25,0.0,5.74,1.0,0.0,45.0,69,40.75,44.43
2023-08-24,30.88,36.48,26.65,0.33,65.46,20.68,2.61,236,2023,5.4603572718892135,nasa_power,Kuruvai,Kuruvai-2023,0.0,0.0,0.2,0.2,openmeteo_archive,1278.8,0.7307,flowering,4,1.2,35.48,0.0,6.552,1.0,0.0,45.0,70,37.67,43.61
2023-08-25,30.74,35.53,26.73,0.06,64.78,22.5,2.48,237,2023,5.119292434408372,nasa_power,Kuruvai,Kuruvai-2023,0.0,0.2,2.7,2.9,openmeteo_archive,1297.2,0.7412,flowering,4,1.2,28.26,0.0,6.143,1.0,0.0,45.0,71,33.08,43.45
2023-08-26,31.02,36.36,26.91,0.05,64.0,21.31,2.51,238,2023,5.357900277741196,nasa_power,Kuruvai,Kuruvai-2023,0.2,2.7,27.1,30.0,openmeteo_archive,1315.6,0.7518,grain_filling,5,0.95,21.18,0.0,5.09,1.0,0.0,45.0,72,20.81,46.69
2023-08-27,31.12,36.18,26.9,1.6,66.09,17.1,2.22,239,2023,5.297247582464874,nasa_power,Kuruvai,Kuruvai-2023,2.7,27.1,6.3,36.1,openmeteo_archive,1334.1,0.7623,grain_filling,5,0.95,15.14,0.0,5.032,1.0,0.0,45.0,73,13.28,45.04
2023-08-28,30.66,35.48,27.38,0.78,65.78,13.23,2.71,240,2023,4.935875547303986,nasa_power,Kuruvai,Kuruvai-2023,27.1,6.3,21.9,55.3,openmeteo_archive,1352.8,0.773,grain_filling,5,0.95,10.7,0.0,4.689,1.0,0.0,45.0,74,20.63,44.17
2023-08-29,28.28,31.28,25.74,10.56,76.76,22.66,1.83,241,2023,3.8381117804647196,nasa_power,Kuruvai,Kuruvai-2023,6.3,21.9,1.9,30.1,openmeteo_archive,1370.6,0.7832,grain_filling,5,0.95,5.79,0.0,3.646,1.0,0.0,45.0,75,5.82,44.22
2023-08-30,27.46,30.17,25.71,6.0,83.34,21.6,2.1,242,2023,3.3996065915899476,nasa_power,Kuruvai,Kuruvai-2023,21.9,1.9,19.8,43.6,openmeteo_archive,1388.5,0.7934,grain_filling,5,0.95,11.71,0.0,3.23,1.0,0.0,45.0,76,15.31,44.16
2023-08-31,27.92,30.69,25.29,15.21,81.08,21.8,1.78,243,2023,3.742746242831909,nasa_power,Kuruvai,Kuruvai-2023,1.9,19.8,0.3,22.0,openmeteo_archive,1406.1,0.8035,grain_filling,5,0.95,13.48,0.0,3.556,1.0,0.0,45.0,77,10.78,44.29
2023-09-01,29.21,33.41,25.35,2.78,74.43,24.03,1.84,244,2023,4.708541918302057,nasa_power,Kuruvai,Kuruvai-2023,19.8,0.3,0.3,20.4,openmeteo_archive,1423.8,0.8136,grain_filling,5,0.95,24.13,0.0,4.473,1.0,0.0,45.0,78,27.58,43.1
2023-09-02,29.8,34.83,26.02,2.45,71.16,23.51,2.95,245,2023,5.028510035516391,nasa_power,Kuruvai,Kuruvai-2023,0.3,0.3,0.5,1.1,openmeteo_archive,1441.8,0.8239,grain_filling,5,0.95,21.44,0.0,4.777,1.0,0.0,45.0,79,14.16,44.61
2023-09-03,29.09,34.4,25.54,4.07,72.8,21.88,2.98,246,2023,4.9917072370755955,nasa_power,Kuruvai,Kuruvai-2023,0.3,0.5,0.8,1.6,openmeteo_archive,1459.6,0.8341,grain_filling,5,0.95,18.11,0.0,4.742,1.0,0.0,45.0,80,15.8,44.46
2023-09-04,29.18,34.44,24.96,0.24,67.11,17.92,3.56,247,2023,5.130410350053274,nasa_power,Kuruvai,Kuruvai-2023,0.5,0.8,5.6,6.9,openmeteo_archive,1477.1,0.844,grain_filling,5,0.95,16.44,0.0,4.874,1.0,0.0,45.0,81,10.4,43.86
2023-09-05,28.36,32.75,25.3,1.72,69.8,10.79,3.82,248,2023,4.479883867003144,nasa_power,Kuruvai,Kuruvai-2023,0.8,5.6,0.1,6.5,openmeteo_archive,1494.7,0.8541,grain_filling,5,0.95,10.81,0.0,4.256,1.0,0.0,45.0,82,7.79,45.23
2023-09-06,28.88,34.31,24.32,3.76,66.03,20.54,3.46,249,2023,5.215407277018263,nasa_power,Kuruvai,Kuruvai-2023,5.6,0.1,0.9,6.6,openmeteo_archive,1511.9,0.8639,grain_filling,5,0.95,7.27,0.0,4.955,1.0,0.0,45.0,83,13.52,45.36
2023-09-07,29.0,34.92,24.96,6.5,66.96,20.71,3.66,250,2023,5.271965436785178,nasa_power,Kuruvai,Kuruvai-2023,0.1,0.9,0.7,1.7,openmeteo_archive,1529.4,0.8739,grain_filling,5,0.95,5.08,0.0,5.008,1.0,0.0,45.0,84,2.02,44.17
2023-09-08,29.65,36.41,24.0,1.32,62.22,22.61,4.02,251,2023,5.911879060178492,nasa_power,Kuruvai,Kuruvai-2023,0.9,0.7,9.4,11.0,openmeteo_archive,1546.4,0.8836,grain_filling,5,0.95,5.57,0.0,5.616,1.0,0.0,45.0,85,9.16,44.78
2023-09-09,30.16,36.87,24.92,2.03,63.11,21.86,3.78,252,2023,5.878852290646065,nasa_power,Kuruvai,Kuruvai-2023,0.7,9.4,3.4,13.5,openmeteo_archive,1563.8,0.8936,grain_filling,5,0.95,0.27,0.0,5.585,1.0,0.0,45.0,86,7.86,48.24
2023-09-10,29.58,35.36,25.35,0.29,64.15,19.53,3.42,253,2023,5.315350212570557,nasa_power,Kuruvai,Kuruvai-2023,9.4,3.4,1.1,13.9,openmeteo_archive,1581.5,0.9037,ripening,6,0.65,-4.28,0.0,3.4,0.5,0.0,44.7,87,-4.42,47.88
2023-09-11,29.2,35.39,24.47,1.79,62.44,20.83,4.13,254,2023,5.496718402232743,nasa_power,Kuruvai,Kuruvai-2023,3.4,1.1,0.8,5.3,openmeteo_archive,1598.7,0.9136,ripening,6,0.65,-7.89,0.0,3.486,0.5,0.0,44.45,88,-2.92,42.87
2023-09-12,28.68,33.7,24.25,2.97,67.74,20.93,3.46,255,2023,5.005363689118301,nasa_power,Kuruvai,Kuruvai-2023,1.1,0.8,13.9,15.8,openmeteo_archive,1615.9,0.9233,ripening,6,0.65,-10.09,0.0,3.161,0.5,0.0,44.29,89,-7.43,42.92
2023-09-13,29.58,34.46,25.27,3.57,68.79,22.56,2.66,256,2023,5.023961763425456,nasa_power,Kuruvai,Kuruvai-2023,0.8,13.9,1.0,15.7,openmeteo_archive,1633.5,0.9334,ripening,6,0.65,-10.78,0.0,3.171,0.5,0.0,44.25,90,-10.2,42.66
2023-09-14,30.3,37.21,24.92,2.13,61.97,17.83,3.43,257,2023,5.948721100334605,nasa_power,Kuruvai,Kuruvai-2023,13.9,1.0,12.3,27.2,openmeteo_archive,1651.0,0.9434,ripening,6,0.65,-10.88,0.0,3.731,0.5,0.0,44.24,91,-7.13,45.83
2023-09-15,30.53,36.81,25.49,0.56,60.41,22.59,3.9,258,2023,5.711683971429562,nasa_power,Kuruvai,Kuruvai-2023,1.0,12.3,21.7,35.0,openmeteo_archive,1668.7,0.9535,ripening,6,0.65,-12.98,0.0,3.528,0.5,0.0,44.09,92,-3.78,43.49
2023-09-16,29.63,35.03,25.37,3.71,68.69,21.07,3.07,259,2023,5.166949715780961,nasa_power,Kuruvai,Kuruvai-2023,12.3,21.7,16.2,50.2,openmeteo_archive,1686.4,0.9636,ripening,6,0.65,-16.45,0.0,3.187,0.5,0.0,43.85,93,-19.64,44.21
2023-09-17,28.39,32.46,25.65,11.0,76.68,18.8,3.22,260,2023,4.228903536211952,nasa_power,Kuruvai,Kuruvai-2023,21.7,16.2,0.4,38.3,openmeteo_archive,1704.2,0.9738,ripening,6,0.65,-16.43,0.0,2.689,0.5,0.0,43.85,94,-21.23,46.85
2023-09-18,28.69,34.1,25.02,7.11,77.27,21.47,3.07,261,2023,4.928609779121731,nasa_power,Kuruvai,Kuruvai-2023,16.2,0.4,1.1,17.7,openmeteo_archive,1721.7,0.9838,ripening,6,0.65,-8.62,0.0,3.184,0.5,0.0,44.4,95,-13.71,44.38
2023-09-19,27.45,30.84,25.44,6.38,82.17,20.52,2.41,262,2023,3.6813486843205983,nasa_power,Kuruvai,Kuruvai-2023,0.4,1.1,5.8,7.3,openmeteo_archive,1739.4,0.994,ripening,6,0.65,-5.19,0.0,2.393,1.0,0.0,44.64,96,-0.22,45.7
2023-09-20,27.68,30.66,25.56,0.8,76.92,23.15,2.13,263,2023,3.5697559625013437,nasa_power,Kuruvai,Kuruvai-2023,1.1,5.8,25.3,32.2,openmeteo_archive,1757.2,1.0041,ripening,6,0.65,-2.2,0.0,2.307,0.5,0.0,44.85,97,3.45,45.63
2023-09-21,28.85,32.83,25.36,2.62,75.36,19.09,1.62,264,2023,4.405933489388587,nasa_power,Kuruvai,Kuruvai-2023,5.8,25.3,6.2,37.3,openmeteo_archive,1774.9,1.0142,ripening,6,0.65,-4.21,0.0,2.846,0.5,0.0,44.71,98,-6.9,43.83
2023-09-22,29.03,33.73,24.99,1.88,73.68,22.65,2.64,265,2023,4.784797432865632,nasa_power,Kuruvai,Kuruvai-2023,25.3,6.2,0.3,31.8,openmeteo_archive,1792.4,1.0242,ripening,6,0.65,-4.94,0.0,3.072,0.5,0.0,44.65,99,-15.62,46.24
2023-09-23,30.0,34.99,25.69,0.58,71.95,23.57,2.41,266,2023,5.029707023029195,nasa_power,Kuruvai,Kuruvai-2023,6.2,0.3,0.5,7.0,openmeteo_archive,1810.2,1.0344,ripening,6,0.65,-6.63,0.0,3.19,0.5,0.0,44.54,100,-10.0,43.27
2023-09-24,28.87,32.77,25.67,1.59,73.09,20.24,2.81,267,2023,4.284955449383485,nasa_power,Kuruvai,Kuruvai-2023,0.3,0.5,0.9,1.7,openmeteo_archive,1828.1,1.0446,ripening,6,0.65,-9.74,0.0,2.694,0.5,0.0,44.32,101,-7.0,46.33
2023-09-25,28.45,32.53,25.06,6.17,76.52,17.73,1.9,268,2023,4.347624208087345,nasa_power,Kuruvai,Kuruvai-2023,0.5,0.9,8.3,9.7,openmeteo_archive,1845.6,1.0546,ripening,6,0.65,-11.34,0.0,2.767,0.5,0.0,44.21,102,-11.67,43.33
2023-09-26,28.12,31.52,25.52,3.99,80.11,14.37,1.52,269,2023,3.8662784121245948,nasa_power,Kuruvai,Kuruvai-2023,0.9,8.3,4.8,14.0,openmeteo_archive,1863.4,1.0648,ripening,6,0.65,-8.44,0.0,2.468,0.5,0.0,44.41,103,-7.54,43.69
2023-09-27,28.95,34.06,25.29,2.08,73.54,21.72,2.08,270,2023,4.781775917720759,nasa_power,Kuruvai,Kuruvai-2023,8.3,4.8,2.7,15.8,openmeteo_archive,1881.0,1.0749,ripening,6,0.65,-7.42,0.0,3.042,0.5,0.0,44.48,104,-10.04,42.85
2023-09-28,29.05,35.77,23.64,4.15,68.33,18.24,3.14,271,2023,5.61628154827373,nasa_power,Kuruvai,Kuruvai-2023,4.8,2.7,2.6,10.1,openmeteo_archive,1897.8,1.0845,ripening,6,0.65,-8.88,0.0,3.582,0.5,0.0,44.38,105,-3.81,42.99
2023-09-29,28.55,33.79,24.23,2.86,71.49,22.72,3.67,272,2023,4.903214768383807,nasa_power,Kuruvai,Kuruvai-2023,2.7,2.6,1.2,6.5,openmeteo_archive,1914.9,1.0943,ripening,6,0.65,-8.81,0.0,3.111,0.5,0.0,44.38,106,-7.09,43.74
2023-09-30,29.23,35.82,24.38,3.07,68.22,19.91,3.54,273,2023,5.477417316793181,nasa_power,Kuruvai,Kuruvai-2023,2.6,1.2,0.1,3.9,openmeteo_archive,1932.1,1.1041,ripening,6,0.65,-9.56,0.0,3.468,0.5,0.0,44.33,107,-6.63,40.68
2023-10-01,29.65,35.78,24.43,0.53,67.59,19.13,3.96,274,2023,5.4450288804007645,nasa_power,Kuruvai,Kuruvai-2023,1.2,0.1,0.2,1.5,openmeteo_archive,1949.3,1.1139,ripening,6,0.65,-10.46,0.0,3.399,0.5,0.0,44.27,108,-9.66,43.92
2023-10-02,30.05,36.38,24.67,0.32,67.76,21.62,3.85,275,2023,5.5673217881503,nasa_power,Kuruvai,Kuruvai-2023,0.1,0.2,0.1,0.4,openmeteo_archive,1966.7,1.1238,ripening,6,0.65,-13.83,0.0,3.423,0.5,0.0,44.03,109,-11.21,43.27
2023-10-03,30.56,37.22,25.34,0.08,66.4,23.19,3.5,276,2023,5.682824849269009,nasa_power,Kuruvai,Kuruvai-2023,0.2,0.1,0.0,0.3,openmeteo_archive,1984.4,1.1339,ripening,6,0.65,-17.43,0.0,3.437,0.5,0.0,43.78,110,-15.14,44.97
2023-10-04,30.73,37.3,25.37,0.27,65.48,20.82,3.07,277,2023,5.688522168624233,nasa_power,Kuruvai,Kuruvai-2023,0.1,0.0,1.8,1.9,openmeteo_archive,2002.0,1.144,ripening,6,0.65,-21.29,0.0,3.387,0.5,0.0,43.51,111,-25.93,44.14
2023-10-05,30.28,35.84,25.24,0.36,66.53,19.62,2.5,278,2023,5.263399786356186,nasa_power,Kuruvai,Kuruvai-2023,0.0,1.8,1.8,3.6,openmeteo_archive,2019.7,1.1541,ripening,6,0.65,-24.91,0.0,3.085,0.5,0.0,43.26,112,-23.04,42.2
2023-10-06,30.38,36.7,25.54,0.35,64.01,10.78,2.43,279,2023,5.452881071377305,nasa_power,Kuruvai,Kuruvai-2023,1.8,1.8,9.7,13.3,openmeteo_archive,2037.4,1.1642,ripening,6,0.65,-28.13,0.0,3.15,0.5,0.0,43.03,113,-24.17,42.34
2023-10-07,30.2,36.21,26.01,0.47,67.14,17.41,1.95,280,2023,5.199823581167783,nasa_power,Kuruvai,Kuruvai-2023,1.8,9.7,11.9,23.4,openmeteo_archive,2055.4,1.1745,ripening,6,0.65,-31.43,0.0,2.961,0.5,0.0,42.8,114,-25.65,42.45
2023-10-08,29.82,34.8,26.45,0.73,72.67,19.24,2.35,281,2023,4.6469746139787,nasa_power,Kuruvai,Kuruvai-2023,9.7,11.9,21.6,43.2,openmeteo_archive,2073.7,1.1849,ripening,6,0.65,-34.42,0.0,2.613,0.5,0.0,42.59,115,-32.34,44.82
2023-10-09,29.45,34.21,25.78,1.49,74.6,19.98,2.15,282,2023,4.597312085135424,nasa_power,Kuruvai,Kuruvai-2023,11.9,21.6,18.9,52.4,openmeteo_archive,2091.5,1.1952,ripening,6,0.65,-36.81,0.0,2.566,0.5,0.0,42.42,116,-41.64,41.19
2023-10-10,29.84,34.85,25.76,2.85,72.63,20.48,2.28,283,2023,4.793077848924699,nasa_power,Kuruvai,Kuruvai-2023,21.6,18.9,1.7,42.2,openmeteo_archive,2109.4,1.2054,ripening,6,0.65,-38.38,0.0,2.673,0.5,0.0,42.31,117,-42.44,41.23
2023-10-11,29.37,34.16,25.74,5.23,74.57,17.38,2.63,284,2023,4.567633042777667,nasa_power,Kuruvai,Kuruvai-2023,18.9,1.7,17.8,38.4,openmeteo_archive,2127.3,1.2156,ripening,6,0.65,-38.71,0.0,2.571,0.5,0.0,42.29,118,-40.89,40.6
2023-10-12,29.5,34.81,25.44,3.52,72.79,17.72,2.2,285,2023,4.823903873611214,nasa_power,Kuruvai,Kuruvai-2023,1.7,17.8,29.1,48.6,openmeteo_archive,2145.0,1.2257,ripening,6,0.65,-36.55,0.0,2.721,0.5,0.0,42.44,119,-35.6,40.22
2024-06-15,31.0,37.06,26.05,0.54,65.21,21.26,3.12,167,2024,5.722068372807597,nasa_power,Kuruvai,Kuruvai-2024,0.2,0.0,4.2,4.4,openmeteo_archive,18.0,0.0103,establishment,0,1.05,40.0,0.0,6.008,1.0,0.0,45.0,0,48.3,44.19
2024-06-16,31.07,37.0,26.37,1.35,64.9,23.76,3.17,168,2024,5.636126165037981,nasa_power,Kuruvai,Kuruvai-2024,0.0,4.2,11.4,15.6,openmeteo_archive,36.2,0.0207,establishment,0,1.05,33.53,0.0,5.918,1.0,0.0,45.0,1,38.72,45.35
2024-06-17,30.36,35.29,26.35,2.19,66.71,23.61,2.63,169,2024,5.077450197276039,nasa_power,Kuruvai,Kuruvai-2024,4.2,11.4,0.6,16.2,openmeteo_archive,54.4,0.0311,establishment,0,1.05,27.96,0.0,5.331,1.0,0.0,45.0,2,33.97,45.33
2024-06-18,30.23,35.64,25.55,8.34,67.82,20.21,3.13,170,2024,5.3683246340676485,nasa_power,Kuruvai,Kuruvai-2024,11.4,0.6,1.4,13.4,openmeteo_archive,72.2,0.0412,establishment,0,1.05,23.82,0.0,5.637,1.0,0.0,45.0,3,24.08,46.74
2024-06-19,29.57,35.43,25.0,10.12,71.08,20.94,3.6,171,2024,5.414418985844578,nasa_power,Kuruvai,Kuruvai-2024,0.6,1.4,0.0,2.0,openmeteo_archive,89.7,0.0512,establishment,0,1.05,25.53,21.35,5.685,1.0,0.0,45.0,4,15.15,47.76
2024-06-20,29.09,34.29,24.71,0.5,68.66,18.01,3.86,172,2024,5.1112383993791894,nasa_power,Kuruvai,Kuruvai-2024,1.4,0.0,0.9,2.3,openmeteo_archive,107.0,0.0612,establishment,0,1.05,50.31,0.0,5.367,1.0,0.0,45.0,5,50.45,47.27
2024-06-21,29.12,34.85,24.5,0.09,64.63,23.71,3.95,173,2024,5.331829799274211,nasa_power,Kuruvai,Kuruvai-2024,0.0,0.9,0.6,1.5,openmeteo_archive,124.3,0.071,establishment,0,1.05,44.44,0.0,5.598,1.0,0.0,45.0,6,47.55,46.37
2024-06-22,29.21,34.13,25.3,2.91,67.92,20.93,3.74,174,2024,4.928565380395443,nasa_power,Kuruvai,Kuruvai-2024,0.9,0.6,0.5,2.0,openmeteo_archive,141.9,0.0811,establishment,0,1.05,37.93,0.0,5.175,1.0,0.0,45.0,7,37.25,44.78
2024-06-23,28.99,34.02,24.82,4.54,70.13,20.8,3.71,175,2024,4.999275198067156,nasa_power,Kuruvai,Kuruvai-2024,0.6,0.5,2.2,3.3,openmeteo_archive,159.3,0.091,establishment,0,1.05,34.67,0.0,5.249,1.0,0.0,45.0,8,33.77,44.07
2024-06-24,28.54,32.89,24.72,0.29,69.56,20.85,4.44,176,2024,4.6496232568024904,nasa_power,Kuruvai,Kuruvai-2024,0.5,2.2,0.0,2.7,openmeteo_archive,176.7,0.101,establishment,0,1.05,32.96,0.0,4.882,1.0,0.0,45.0,9,28.14,45.03
2024-06-25,28.29,32.53,25.04,4.04,66.65,19.2,4.9,177,2024,4.449975451903899,nasa_power,Kuruvai,Kuruvai-2024,2.2,0.0,0.0,2.2,openmeteo_archive,194.2,0.111,establishment,0,1.05,27.37,0.0,4.672,1.0,0.0,45.0,10,22.36,45.88
2024-06-26,29.14,33.87,24.35,1.81,67.11,13.91,4.28,178,2024,5.05196253218121,nasa_power,Kuruvai,Kuruvai-2024,0.0,0.0,0.2,0.2,openmeteo_archive,211.4,0.1208,establishment,0,1.05,25.73,0.0,5.305,1.0,0.0,45.0,11,34.92,46.23
2024-06-27,29.42,35.74,25.06,0.05,61.76,14.45,4.15,179,2024,5.498238936865118,nasa_power,Kuruvai,Kuruvai-2024,0.0,0.2,6.6,6.8,openmeteo_archive,228.9,0.1308,establishment,0,1.05,21.24,0.0,5.773,1.0,0.0,45.0,12,30.61,45.93
2024-06-28,29.49,35.05,24.29,0.01,62.89,22.61,3.17,180,2024,5.435506799398696,nasa_power,Kuruvai,Kuruvai-2024,0.2,6.6,0.5,7.3,openmeteo_archive,246.1,0.1406,establishment,0,1.05,14.52,0.0,5.707,1.0,0.0,45.0,13,14.51,44.82
2024-06-29,29.33,35.46,24.18,0.14,65.98,22.57,3.07,181,2024,5.583303114008976,nasa_power,Kuruvai,Kuruvai-2024,6.6,0.5,0.2,7.3,openmeteo_archive,263.1,0.1504,tillering,1,1.1,7.82,0.0,6.142,1.0,0.0,45.0,14,9.23,46.18
2024-06-30,29.5,33.9,26.03,1.33,71.84,18.15,2.27,182,2024,4.678274457896619,nasa_power,Kuruvai,Kuruvai-2024,0.5,0.2,0.5,1.2,openmeteo_archive,281.2,0.1607,tillering,1,1.1,0.82,0.0,5.146,1.0,0.0,45.0,15,-4.08,46.89
2024-07-01,28.64,32.51,25.88,1.21,70.91,13.39,3.15,183,2024,4.225195029979965,nasa_power,Kuruvai,Kuruvai-2024,0.2,0.5,5.0,5.7,openmeteo_archive,299.1,0.1709,tillering,1,1.1,-4.0,0.0,4.596,0.5,0.0,44.72,16,-0.79,46.04
2024-07-02,30.45,37.3,25.16,0.59,62.74,21.43,2.74,184,2024,5.965786114757274,nasa_power,Kuruvai,Kuruvai-2024,0.5,5.0,5.2,10.7,openmeteo_archive,316.7,0.181,tillering,1,1.1,-7.88,0.0,6.371,0.5,0.0,44.45,17,0.92,44.4
2024-07-03,29.92,35.46,25.48,0.94,64.98,21.99,3.44,185,2024,5.3260494622062335,nasa_power,Kuruvai,Kuruvai-2024,5.0,5.2,0.0,10.2,openmeteo_archive,334.4,0.1911,tillering,1,1.1,-14.17,0.0,5.549,0.5,0.0,44.01,18,-21.82,42.76
2024-07-04,30.63,37.11,25.15,0.57,62.49,15.63,3.54,186,2024,5.911224527828781,nasa_power,Kuruvai,Kuruvai-2024,5.2,0.0,0.4,5.6,openmeteo_archive,352.0,0.2011,tillering,1,1.1,-19.27,0.0,6.016,0.5,0.0,43.65,19,-16.95,42.36
2024-07-05,29.88,35.05,26.09,3.84,67.61,22.65,2.66,187,2024,5.058809731963081,nasa_power,Kuruvai,Kuruvai-2024,0.0,0.4,0.0,0.4,openmeteo_archive,370.0,0.2115,tillering,1,1.1,-25.22,0.0,5.089,0.5,0.0,43.23,20,-22.52,42.21
2024-07-06,28.7,34.01,24.5,0.58,65.12,13.12,4.0,188,2024,5.071111870127904,nasa_power,Kuruvai,Kuruvai-2024,0.4,0.0,0.6,1.0,openmeteo_archive,387.3,0.2213,tillering,1,1.1,-26.97,0.0,4.989,0.5,0.0,43.11,21,-24.33,43.5
2024-07-07,30.38,36.6,25.43,0.75,63.5,20.16,3.11,189,2024,5.702731675160861,nasa_power,Kuruvai,Kuruvai-2024,0.0,0.6,0.3,0.9,openmeteo_archive,405.0,0.2314,tillering,1,1.1,-31.88,0.0,5.492,0.5,0.0,42.77,22,-23.67,43.55
2024-07-08,29.04,32.87,25.57,0.5,67.6,13.33,3.88,190,2024,4.441704875370753,nasa_power,Kuruvai,Kuruvai-2024,0.6,0.3,0.3,1.2,openmeteo_archive,422.8,0.2416,tillering,1,1.1,-37.12,0.0,4.17,0.5,0.0,42.4,23,-26.94,40.28
2024-07-09,29.64,35.23,24.98,0.13,64.65,18.71,3.5,191,2024,5.363612060529477,nasa_power,Kuruvai,Kuruvai-2024,0.3,0.3,4.7,5.3,openmeteo_archive,440.3,0.2516,tillering,1,1.1,-41.29,0.0,4.929,0.5,0.0,42.11,24,-42.46,41.35
2024-07-10,27.62,30.3,25.57,3.1,74.86,22.07,2.9,192,2024,3.479435363036959,nasa_power,Kuruvai,Kuruvai-2024,0.3,4.7,0.9,5.9,openmeteo_archive,458.1,0.2618,tillering,1,1.1,-46.59,0.0,3.162,0.5,0.0,41.74,25,-43.22,42.1
2024-07-11,29.61,34.92,24.7,0.68,66.65,17.24,2.7,193,2024,5.325663475401388,nasa_power,Kuruvai,Kuruvai-2024,4.7,0.9,1.1,6.7,openmeteo_archive,475.4,0.2717,tillering,1,1.1,-47.15,0.0,4.769,0.5,0.0,41.7,26,-46.73,40.35
2024-07-12,29.7,34.3,25.83,10.1,68.09,22.08,2.95,194,2024,4.875685475133875,nasa_power,Kuruvai,Kuruvai-2024,0.9,1.1,3.1,5.1,openmeteo_archive,493.3,0.2819,tillering,1,1.1,-51.74,0.0,4.47,0.5,0.0,41.38,27,-54.9,42.03
2024-07-13,29.2,34.1,25.11,0.1,66.84,19.44,4.71,195,2024,4.97634620193715,nasa_power,Kuruvai,Kuruvai-2024,1.1,3.1,6.6,10.8,openmeteo_archive,510.9,0.2919,tillering,1,1.1,-46.61,0.0,4.456,0.5,0.0,41.74,28,-45.26,41.28
2024-07-14,30.38,38.23,24.78,0.25,59.79,13.65,4.55,196,2024,6.33277140497829,nasa_power,Kuruvai,Kuruvai-2024,3.1,6.6,0.5,10.2,openmeteo_archive,528.3,0.3019,tillering,1,1.1,-51.47,0.0,5.539,0.5,0.0,41.4,29,-48.11,40.31
2024-07-15,29.12,34.12,26.02,1.24,67.36,12.4,5.75,197,2024,4.772948775492748,nasa_power,Kuruvai,Kuruvai-2024,6.6,0.5,1.0,8.1,openmeteo_archive,546.3,0.3122,tillering,1,1.1,-57.25,0.0,4.074,0.5,0.0,40.99,30,-56.17,41.07
2024-07-16,29.16,35.1,25.59,1.3,65.99,9.29,5.95,198,2024,5.203133745529791,nasa_power,Kuruvai,Kuruvai-2024,0.5,1.0,0.0,1.5,openmeteo_archive,564.1,0.3223,tillering,1,1.1,-60.59,0.0,4.366,0.5,0.0,40.76,31,-65.0,41.35
2024-07-17,28.99,34.4,24.67,2.33,66.05,13.3,5.0,199,2024,5.176165629524254,nasa_power,Kuruvai,Kuruvai-2024,1.0,0.0,0.0,1.0,openmeteo_archive,581.4,0.3322,tillering,1,1.1,-64.15,0.0,4.286,0.5,0.0,40.51,32,-66.47,39.24
2024-07-18,29.33,34.32,25.59,0.5,63.98,13.81,6.36,200,2024,4.948160875347386,nasa_power,Kuruvai,Kuruvai-2024,0.0,0.0,0.0,0.0,openmeteo_archive,599.2,0.3424,tillering,1,1.1,-66.61,0.0,4.004,0.5,0.0,40.34,33,-68.89,39.98
2024-07-19,30.31,36.49,25.27,0.14,61.97,14.91,5.8,201,2024,5.7202563300563725,nasa_power,Kuruvai,Kuruvai-2024,0.0,0.0,0.0,0.0,openmeteo_archive,616.8,0.3525,stem_elongation,2,1.15,-70.61,0.0,4.724,0.5,0.0,40.06,34,-74.82,40.76
2024-07-20,30.69,36.91,25.8,0.08,62.03,18.2,5.45,202,2024,5.749704984873116,nasa_power,Kuruvai,Kuruvai-2024,0.0,0.0,0.4,0.4,openmeteo_archive,634.7,0.3627,stem_elongation,2,1.15,-75.7,0.0,4.612,0.5,0.0,39.7,35,-74.13,38.56
2024-07-21,30.64,37.12,25.75,0.02,61.88,22.27,5.27,203,2024,5.828120647922447,nasa_power,Kuruvai,Kuruvai-2024,0.0,0.4,0.6,1.0,openmeteo_archive,652.6,0.3729,stem_elongation,2,1.15,-80.73,0.0,4.539,0.5,0.0,39.35,36,-78.64,36.86
2024-07-22,30.63,37.15,25.53,0.01,59.98,14.0,5.2,204,2024,5.882565620109327,nasa_power,Kuruvai,Kuruvai-2024,0.4,0.6,0.9,1.9,openmeteo_archive,670.4,0.3831,stem_elongation,2,1.15,-85.75,0.0,4.445,0.5,0.0,39.0,37,-80.85,36.7
2024-07-23,30.92,37.87,25.49,0.1,57.34,18.02,4.74,205,2024,6.116076977069883,nasa_power,Kuruvai,Kuruvai-2024,0.6,0.9,0.8,2.3,openmeteo_archive,688.1,0.3932,stem_elongation,2,1.15,-90.68,0.0,4.485,0.5,0.0,38.65,38,-94.97,38.02
2024-07-24,30.32,36.31,25.56,0.27,59.74,21.65,4.57,206,2024,5.615418524518416,nasa_power,Kuruvai,Kuruvai-2024,0.9,0.8,0.2,1.9,openmeteo_archive,705.9,0.4034,stem_elongation,2,1.15,-95.57,0.0,3.996,0.5,0.0,38.31,39,-98.46,36.33
2024-07-25,31.02,37.6,25.67,0.56,57.04,17.49,5.29,207,2024,6.002674373584331,nasa_power,Kuruvai,Kuruvai-2024,0.8,0.2,0.0,1.0,openmeteo_archive,723.7,0.4136,stem_elongation,2,1.15,-99.79,0.0,4.163,0.5,0.0,38.01,40,-92.02,37.49
2024-07-26,30.27,35.22,26.26,0.02,60.49,17.93,5.6,208,2024,5.109700613964736,nasa_power,Kuruvai,Kuruvai-2024,0.2,0.0,0.1,0.3,openmeteo_archive,741.9,0.4239,stem_elongation,2,1.15,-103.9,0.0,3.435,0.5,0.0,37.73,41,-104.72,40.23
2024-07-27,31.14,36.78,26.32,0.01,55.9,20.17,6.33,209,2024,5.614929909823342,nasa_power,Kuruvai,Kuruvai-2024,0.0,0.1,5.4,5.5,openmeteo_archive,760.0,0.4343,stem_elongation,2,1.15,-107.81,0.0,3.673,0.5,0.0,37.45,42,-107.66,35.38
2024-07-28,31.21,37.66,26.06,0.0,55.04,17.84,5.51,210,2024,5.95215410833631,nasa_power,Kuruvai,Kuruvai-2024,0.1,5.4,4.1,9.6,openmeteo_archive,778.1,0.4446,stem_elongation,2,1.15,-111.97,0.0,3.779,0.5,0.0,37.16,43,-112.85,36.74
2024-07-29,31.37,37.3,26.55,0.16,58.89,17.04,5.25,211,2024,5.739333939503359,nasa_power,Kuruvai,Kuruvai-2024,5.4,4.1,5.0,14.5,openmeteo_archive,796.3,0.4551,stem_elongation,2,1.15,-116.25,0.0,3.535,0.5,0.0,36.86,44,-110.58,40.06
2024-07-30,30.02,33.71,27.23,0.01,62.82,18.82,4.36,212,2024,4.327007215724565,nasa_power,Kuruvai,Kuruvai-2024,4.1,5.0,0.8,9.9,openmeteo_archive,815.0,0.4657,stem_elongation,2,1.15,-120.13,0.0,2.585,0.5,0.0,36.59,45,-114.27,37.2
2024-07-31,30.71,35.6,26.21,0.13,60.47,19.59,3.67,213,2024,5.257330451854551,nasa_power,Kuruvai,Kuruvai-2024,5.0,0.8,0.4,6.2,openmeteo_archive,833.1,0.476,stem_elongation,2,1.15,-123.2,0.0,3.07,0.5,0.0,36.38,46,-117.63,35.83
2024-08-01,31.04,35.71,26.58,0.75,62.68,20.85,3.83,214,2024,5.211154697201719,nasa_power,Kuruvai,Kuruvai-2024,0.8,0.4,0.2,1.4,openmeteo_archive,851.4,0.4865,stem_elongation,2,1.15,-126.64,0.0,2.975,0.5,0.0,36.13,47,-126.51,35.89
2024-08-02,31.04,36.98,25.98,0.23,57.72,19.7,4.63,215,2024,5.760805667421127,nasa_power,Kuruvai,Kuruvai-2024,0.4,0.2,22.0,22.6,openmeteo_archive,869.3,0.4968,stem_elongation,2,1.15,-129.37,0.0,3.203,0.5,0.0,35.94,48,-133.73,36.58
2024-08-03,30.49,35.37,26.71,1.1,59.76,20.9,2.76,216,2024,5.067231883614831,nasa_power,Kuruvai,Kuruvai-2024,0.2,22.0,5.7,27.9,openmeteo_archive,887.7,0.5073,panicle_initiation,3,1.2,-132.84,193.5,6.081,1.0,0.0,35.7,49,-123.21,38.24
2024-08-04,29.94,34.16,26.1,11.17,67.57,20.38,2.29,217,2024,4.7987110814569425,nasa_power,Kuruvai,Kuruvai-2024,22.0,5.7,1.6,29.3,openmeteo_archive,905.7,0.5176,panicle_initiation,3,1.2,54.68,0.0,5.758,1.0,0.0,45.0,50,58.96,44.2
2024-08-05,29.39,34.25,25.76,11.07,70.4,16.69,1.9,218,2024,4.913412260631089,nasa_power,Kuruvai,Kuruvai-2024,5.7,1.6,5.0,12.3,openmeteo_archive,923.6,0.5278,panicle_initiation,3,1.2,59.09,0.0,5.896,1.0,0.0,45.0,51,56.81,43.86
2024-08-06,29.71,34.52,25.36,4.14,68.99,21.54,1.93,219,2024,5.097824856924643,nasa_power,Kuruvai,Kuruvai-2024,1.6,5.0,13.2,19.8,openmeteo_archive,941.3,0.5379,panicle_initiation,3,1.2,63.26,0.0,6.117,1.0,0.0,45.0,52,70.38,42.93
2024-08-07,27.6,30.27,25.55,16.3,81.42,20.07,1.59,220,2024,3.5045113259644474,nasa_power,Kuruvai,Kuruvai-2024,5.0,13.2,1.5,19.7,openmeteo_archive,959.1,0.548,panicle_initiation,3,1.2,60.28,0.0,4.205,1.0,0.0,45.0,53,57.6,45.15
2024-08-08,28.03,32.55,24.77,11.95,77.04,19.72,2.54,221,2024,4.573997660712035,nasa_power,Kuruvai,Kuruvai-2024,13.2,1.5,8.8,23.5,openmeteo_archive,976.5,0.558,panicle_initiation,3,1.2,71.38,0.0,5.489,1.0,0.0,45.0,54,78.43,42.89
2024-08-09,28.78,33.23,24.65,11.85,76.23,24.17,1.87,222,2024,4.8331648338680155,nasa_power,Kuruvai,Kuruvai-2024,1.5,8.8,4.4,14.7,openmeteo_archive,993.8,0.5679,panicle_initiation,3,1.2,76.84,0.0,5.8,1.0,0.0,45.0,55,84.23,44.3
2024-08-10,28.79,32.39,25.59,10.81,79.38,23.68,2.12,223,2024,4.3079350788619895,nasa_power,Kuruvai,Kuruvai-2024,8.8,4.4,2.3,15.5,openmeteo_archive,1011.6,0.578,panicle_initiation,3,1.2,81.89,0.0,5.17,1.0,0.0,45.0,56,77.28,43.64
2024-08-11,29.21,32.32,26.09,4.99,78.7,21.84,1.14,224,2024,4.142873168702565,nasa_power,Kuruvai,Kuruvai-2024,4.4,2.3,4.1,10.8,openmeteo_archive,1029.6,0.5884,panicle_initiation,3,1.2,86.53,0.0,4.971,1.0,0.0,45.0,57,89.44,46.61
2024-08-12,29.59,34.19,25.88,0.94,76.81,23.66,1.76,225,2024,4.869683339992508,nasa_power,Kuruvai,Kuruvai-2024,2.3,4.1,1.5,7.9,openmeteo_archive,1047.6,0.5986,panicle_initiation,3,1.2,85.55,0.0,5.844,1.0,0.0,45.0,58,89.46,44.24
2024-08-13,29.83,33.51,26.67,1.3,74.89,22.97,1.27,226,2024,4.423404051446067,nasa_power,Kuruvai,Kuruvai-2024,4.1,1.5,2.2,7.8,openmeteo_archive,1065.9,0.6091,panicle_initiation,3,1.2,79.65,0.0,5.308,1.0,0.0,45.0,59,92.72,45.6
2024-08-14,29.7,34.83,26.25,4.48,73.99,20.36,1.78,227,2024,5.000934718114438,nasa_power,Kuruvai,Kuruvai-2024,1.5,2.2,11.6,15.3,openmeteo_archive,1084.0,0.6194,panicle_initiation,3,1.2,74.64,0.0,6.001,1.0,0.0,45.0,60,70.93,42.59
2024-08-15,29.75,33.85,26.27,0.47,74.24,18.71,1.8,228,2024,4.653853543008788,nasa_power,Kuruvai,Kuruvai-2024,2.2,11.6,2.6,16.4,openmeteo_archive,1102.2,0.6298,flowering,4,1.2,72.12,0.0,5.585,1.0,0.0,45.0,61,79.28,45.2
2024-08-16,29.73,33.94,26.52,2.2,77.11,20.92,2.09,229,2024,4.620737497754222,nasa_power,Kuruvai,Kuruvai-2024,11.6,2.6,14.9,29.1,openmeteo_archive,1120.4,0.6402,flowering,4,1.2,66.0,0.0,5.545,1.0,0.0,45.0,62,66.09,43.2
2024-08-17,29.82,33.74,26.45,2.36,77.24,22.33,2.03,230,2024,4.566972018566075,nasa_power,Kuruvai,Kuruvai-2024,2.6,14.9,5.3,22.8,openmeteo_archive,1138.6,0.6507,flowering,4,1.2,61.66,0.0,5.48,1.0,0.0,45.0,63,55.45,44.36
2024-08-18,29.61,33.16,26.33,2.72,77.06,23.47,1.31,231,2024,4.38786306203873,nasa_power,Kuruvai,Kuruvai-2024,14.9,5.3,7.9,28.1,openmeteo_archive,1156.8,0.661,flowering,4,1.2,57.54,0.0,5.265,1.0,0.0,45.0,64,56.94,48.32
2024-08-19,29.69,33.97,26.35,3.91,76.2,18.09,2.87,232,2024,4.674587359527453,nasa_power,Kuruvai,Kuruvai-2024,5.3,7.9,0.0,13.2,openmeteo_archive,1175.0,0.6714,flowering,4,1.2,53.99,0.0,5.61,1.0,0.0,45.0,65,54.0,46.4
2024-08-20,29.31,33.74,26.21,2.65,77.72,22.55,3.28,233,2024,4.6282667537719755,nasa_power,Kuruvai,Kuruvai-2024,7.9,0.0,0.0,7.9,openmeteo_archive,1193.1,0.6818,flowering,4,1.2,51.29,0.0,5.554,1.0,0.0,45.0,66,46.0,44.81
2024-08-21,28.81,32.7,26.04,2.95,72.37,17.6,5.0,234,2024,4.29676014804947,nasa_power,Kuruvai,Kuruvai-2024,0.0,0.0,0.1,0.1,openmeteo_archive,1211.1,0.6921,flowering,4,1.2,47.39,0.0,5.156,1.0,0.0,45.0,67,48.95,49.8
2024-08-22,28.66,33.21,24.6,0.21,72.8,18.34,3.75,235,2024,4.836206948186706,nasa_power,Kuruvai,Kuruvai-2024,0.0,0.1,0.0,0.1,openmeteo_archive,1228.4,0.702,flowering,4,1.2,44.18,0.0,5.803,1.0,0.0,45.0,68,48.97,43.63
2024-08-23,29.84,35.65,25.39,0.26,67.69,22.79,3.46,236,2024,5.460416437118786,nasa_power,Kuruvai,Kuruvai-2024,0.1,0.0,0.1,0.2,openmeteo_archive,1246.1,0.7121,flowering,4,1.2,37.59,0.0,6.552,1.0,0.0,45.0,69,38.78,46.75
2024-08-24,29.8,35.01,25.64,0.43,68.12,20.62,3.47,237,2024,5.1955786681353535,nasa_power,Kuruvai,Kuruvai-2024,0.0,0.1,3.6,3.7,openmeteo_archive,1263.9,0.7222,flowering,4,1.2,30.3,0.0,6.235,1.0,0.0,45.0,70,27.59,42.7
2024-08-25,29.52,34.9,25.07,0.26,67.82,22.98,3.56,238,2024,5.282171926226624,nasa_power,Kuruvai,Kuruvai-2024,0.1,3.6,0.3,4.0,openmeteo_archive,1281.5,0.7323,flowering,4,1.2,23.49,0.0,6.339,1.0,0.0,45.0,71,22.75,44.63
2024-08-26,30.18,36.46,25.08,0.07,63.16,22.07,4.16,239,2024,5.774526419742671,nasa_power,Kuruvai,Kuruvai-2024,3.6,0.3,19.5,23.4,openmeteo_archive,1299.0,0.7423,flowering,4,1.2,16.41,37.68,6.929,1.0,0.0,45.0,72,16.39,42.98
2024-08-27,30.06,35.43,25.17,0.94,65.88,20.57,3.08,240,2024,5.42763472643996,nasa_power,Kuruvai,Kuruvai-2024,0.3,19.5,1.6,21.4,openmeteo_archive,1316.6,0.7523,grain_filling,5,0.95,46.23,0.0,5.156,1.0,0.0,45.0,73,47.32,45.39
2024-08-28,29.25,33.93,25.48,0.39,68.61,12.47,2.98,241,2024,4.862455417658063,nasa_power,Kuruvai,Kuruvai-2024,19.5,1.6,1.7,22.8,openmeteo_archive,1334.3,0.7625,grain_filling,5,0.95,41.01,0.0,4.619,1.0,0.0,45.0,74,46.56,45.08
2024-08-29,29.11,33.94,25.14,2.28,69.37,14.41,3.49,242,2024,4.942363261333036,nasa_power,Kuruvai,Kuruvai-2024,1.6,1.7,0.3,3.6,openmeteo_archive,1351.9,0.7725,grain_filling,5,0.95,35.78,0.0,4.695,1.0,0.0,45.0,75,37.14,44.54
2024-08-30,28.34,32.28,25.29,6.06,77.25,18.38,3.64,243,2024,4.3321905165708054,nasa_power,Kuruvai,Kuruvai-2024,1.7,0.3,0.3,2.3,openmeteo_archive,1369.5,0.7826,grain_filling,5,0.95,32.37,0.0,4.116,1.0,0.0,45.0,76,25.36,46.64
2024-08-31,28.97,33.69,25.4,1.39,70.76,20.68,3.77,244,2024,4.791951014377984,nasa_power,Kuruvai,Kuruvai-2024,0.3,0.3,1.1,1.7,openmeteo_archive,1387.2,0.7927,grain_filling,5,0.95,33.31,0.0,4.552,1.0,0.0,45.0,77,30.5,44.15
2024-09-01,28.86,33.53,25.05,0.75,68.37,22.88,3.77,245,2024,4.817322785322826,nasa_power,Kuruvai,Kuruvai-2024,0.3,1.1,0.9,2.3,openmeteo_archive,1404.8,0.8027,grain_filling,5,0.95,29.15,0.0,4.576,1.0,0.0,45.0,78,29.98,45.49
2024-09-02,29.67,35.7,24.55,0.21,64.15,21.78,3.51,246,2024,5.617933047437671,nasa_power,Kuruvai,Kuruvai-2024,1.1,0.9,0.5,2.5,openmeteo_archive,1422.0,0.8126,grain_filling,5,0.95,24.32,0.0,5.337,1.0,0.0,45.0,79,29.94,46.23
2024-09-03,29.98,35.66,25.13,1.93,66.64,21.2,3.33,247,2024,5.486185588302505,nasa_power,Kuruvai,Kuruvai-2024,0.9,0.5,1.6,3.0,openmeteo_archive,1439.6,0.8226,grain_filling,5,0.95,18.2,0.0,5.212,1.0,0.0,45.0,80,24.69,42.78
2024-09-04,29.2,33.58,25.61,3.25,72.2,13.97,2.83,248,2024,4.689996533476657,nasa_power,Kuruvai,Kuruvai-2024,0.5,1.6,0.7,2.8,openmeteo_archive,1457.4,0.8328,grain_filling,5,0.95,13.91,0.0,4.455,1.0,0.0,45.0,81,22.78,43.88
2024-09-05,30.76,37.19,24.96,2.01,65.93,23.76,2.93,249,2024,5.986131982949809,nasa_power,Kuruvai,Kuruvai-2024,1.6,0.7,0.9,3.2,openmeteo_archive,1474.9,0.8428,grain_filling,5,0.95,11.71,0.0,5.687,1.0,0.0,45.0,82,12.36,45.08
2024-09-06,29.93,34.15,25.97,1.19,68.55,15.73,3.0,250,2024,4.789716588097611,nasa_power,Kuruvai,Kuruvai-2024,0.7,0.9,0.8,2.4,openmeteo_archive,1492.9,0.8531,grain_filling,5,0.95,7.03,0.0,4.55,1.0,0.0,45.0,83,10.85,45.95
2024-09-07,30.18,35.52,25.81,1.75,66.92,16.83,2.83,251,2024,5.279478289909235,nasa_power,Kuruvai,Kuruvai-2024,0.9,0.8,0.0,1.7,openmeteo_archive,1510.8,0.8633,grain_filling,5,0.95,2.67,0.0,5.016,1.0,0.0,45.0,84,-4.6,47.13
2024-09-08,29.45,34.09,25.55,1.69,69.62,19.35,3.63,252,2024,4.860070308368002,nasa_power,Kuruvai,Kuruvai-2024,0.8,0.0,0.5,1.3,openmeteo_archive,1528.6,0.8735,grain_filling,5,0.95,-1.59,0.0,4.617,1.0,0.0,44.89,85,0.56,44.57
2024-09-09,29.56,35.0,25.53,0.36,67.99,19.32,4.03,253,2024,5.1603290375220165,nasa_power,Kuruvai,Kuruvai-2024,0.0,0.5,0.3,0.8,openmeteo_archive,1546.3,0.8836,grain_filling,5,0.95,-5.52,0.0,4.801,0.5,0.0,44.61,86,-10.9,44.14
2024-09-10,30.55,36.78,25.39,0.18,65.11,23.78,4.35,254,2024,5.749607741087886,nasa_power,Kuruvai,Kuruvai-2024,0.5,0.3,1.2,2.0,openmeteo_archive,1564.0,0.8937,grain_filling,5,0.95,-10.46,0.0,5.237,0.5,0.0,44.27,87,-10.77,42.96
2024-09-11,30.51,36.43,25.89,5.4,66.7,20.68,3.37,255,2024,5.533088961492196,nasa_power,Kuruvai,Kuruvai-2024,0.3,1.2,0.3,1.8,openmeteo_archive,1582.0,0.904,ripening,6,0.65,-16.02,0.0,3.444,0.5,0.0,43.88,88,-0.87,44.37
2024-09-12,30.14,35.95,25.18,0.26,64.95,23.3,3.05,256,2024,5.518588557251643,nasa_power,Kuruvai,Kuruvai-2024,1.2,0.3,0.5,2.0,openmeteo_archive,1599.6,0.914,ripening,6,0.65,-14.56,0.0,3.382,0.5,0.0,43.98,89,-13.04,43.53
2024-09-13,30.76,36.61,26.16,0.13,62.07,22.7,2.52,257,2024,5.521290327334705,nasa_power,Kuruvai,Kuruvai-2024,0.3,0.5,0.0,0.8,openmeteo_archive,1617.6,0.9244,ripening,6,0.65,-18.19,0.0,3.33,0.5,0.0,43.73,90,-22.51,43.32
2024-09-14,30.56,36.42,25.8,0.45,62.2,20.53,2.81,258,2024,5.527747304338082,nasa_power,Kuruvai,Kuruvai-2024,0.5,0.0,1.6,2.1,openmeteo_archive,1635.5,0.9346,ripening,6,0.65,-21.89,0.0,3.285,0.5,0.0,43.47,91,-19.85,43.33
2024-09-15,31.42,38.55,25.53,0.25,58.82,23.62,2.93,259,2024,6.228564415239387,nasa_power,Kuruvai,Kuruvai-2024,0.0,1.6,0.0,1.6,openmeteo_archive,1653.3,0.9447,ripening,6,0.65,-25.22,0.0,3.644,0.5,0.0,43.23,92,-27.81,44.06
2024-09-16,31.59,38.1,25.79,0.02,56.45,24.79,2.75,260,2024,6.036382373016199,nasa_power,Kuruvai,Kuruvai-2024,1.6,0.0,0.5,2.1,openmeteo_archive,1671.2,0.955,ripening,6,0.65,-29.11,0.0,3.467,0.5,0.0,42.96,93,-33.91,42.11
2024-09-17,32.04,38.83,26.21,0.03,56.09,23.63,3.01,261,2024,6.173623300000056,nasa_power,Kuruvai,Kuruvai-2024,0.0,0.5,0.0,0.5,openmeteo_archive,1689.3,0.9653,ripening,6,0.65,-33.06,0.0,3.483,0.5,0.0,42.69,94,-22.54,41.53
2024-09-18,31.45,38.02,26.86,0.06,57.04,24.36,2.71,262,2024,5.787630697823486,nasa_power,Kuruvai,Kuruvai-2024,0.5,0.0,0.0,0.5,openmeteo_archive,1707.7,0.9758,ripening,6,0.65,-37.01,0.0,3.206,0.5,0.0,42.41,95,-31.68,43.06
2024-09-19,30.19,35.27,25.65,0.09,60.04,23.28,2.21,263,2024,5.153722143967543,nasa_power,Kuruvai,Kuruvai-2024,0.0,0.0,0.0,0.0,openmeteo_archive,1725.6,0.986,ripening,6,0.65,-40.66,0.0,2.806,0.5,0.0,42.15,96,-38.93,37.61
2024-09-20,30.4,35.83,25.61,0.44,64.12,20.78,1.95,264,2024,5.332088338198088,nasa_power,Kuruvai,Kuruvai-2024,0.0,0.0,0.5,0.5,openmeteo_archive,1743.4,0.9962,ripening,6,0.65,-43.88,0.0,2.864,0.5,0.0,41.93,97,-45.84,41.02
2024-09-21,29.53,33.72,25.78,3.86,68.83,14.43,2.4,265,2024,4.598273681134421,nasa_power,Kuruvai,Kuruvai-2024,0.0,0.5,0.1,0.6,openmeteo_archive,1761.3,1.0064,ripening,6,0.65,-46.8,0.0,2.476,0.5,0.0,41.72,98,-48.35,39.99
2024-09-22,31.19,38.1,25.36,0.67,61.6,16.0,2.49,266,2024,6.056868853653452,nasa_power,Kuruvai,Kuruvai-2024,0.5,0.1,0.0,0.6,openmeteo_archive,1778.9,1.0165,ripening,6,0.65,-45.92,0.0,3.224,0.5,0.0,41.79,99,-38.21,43.59
2024-09-23,30.66,36.47,26.15,2.78,63.17,20.26,3.17,267,2024,5.395656510831659,nasa_power,Kuruvai,Kuruvai-2024,0.1,0.0,3.6,3.7,openmeteo_archive,1797.0,1.0269,ripening,6,0.65,-48.97,0.0,2.859,0.5,0.0,41.57,100,-47.44,40.91
2024-09-24,28.64,32.95,25.87,9.15,74.79,21.19,2.76,268,2024,4.288476263191237,nasa_power,Kuruvai,Kuruvai-2024,0.0,3.6,14.1,17.7,openmeteo_archive,1814.9,1.0371,ripening,6,0.65,-49.55,0.0,2.337,0.5,0.0,41.53,101,-64.96,40.69
2024-09-25,30.73,37.72,24.84,0.91,63.31,21.7,3.2,269,2024,6.002213429087669,nasa_power,Kuruvai,Kuruvai-2024,3.6,14.1,3.5,21.2,openmeteo_archive,1832.4,1.0471,ripening,6,0.65,-43.24,0.0,3.241,0.5,0.0,41.97,102,-31.14,41.9
2024-09-26,30.32,35.69,26.26,0.28,63.35,16.44,2.17,270,2024,5.0942185718822754,nasa_power,Kuruvai,Kuruvai-2024,14.1,3.5,5.2,22.8,openmeteo_archive,1850.5,1.0574,ripening,6,0.65,-46.07,0.0,2.705,0.5,0.0,41.78,103,-45.15,40.89
2024-09-27,29.94,35.26,25.6,1.37,63.88,15.04,2.1,271,2024,5.08844369663429,nasa_power,Kuruvai,Kuruvai-2024,3.5,5.2,1.6,10.3,openmeteo_archive,1868.3,1.0676,ripening,6,0.65,-48.99,0.0,2.677,0.5,0.0,41.57,104,-47.27,40.97
2024-09-28,30.04,35.49,26.13,2.73,67.57,18.48,1.8,272,2024,5.038217065403617,nasa_power,Kuruvai,Kuruvai-2024,5.2,1.6,2.3,9.1,openmeteo_archive,1886.4,1.0779,ripening,6,0.65,-50.8,0.0,2.645,0.5,0.0,41.44,105,-45.37,41.59
2024-09-29,28.89,32.57,26.08,1.8,76.13,21.65,2.08,273,2024,4.058831446167475,nasa_power,Kuruvai,Kuruvai-2024,1.6,2.3,0.8,4.7,openmeteo_archive,1904.4,1.0882,ripening,6,0.65,-51.21,0.0,2.117,0.5,0.0,41.41,106,-48.88,40.78
2024-09-30,29.44,34.26,26.36,1.55,72.2,17.58,1.75,274,2024,4.562157925086642,nasa_power,Kuruvai,Kuruvai-2024,2.3,0.8,4.2,7.3,openmeteo_archive,1922.6,1.0986,ripening,6,0.65,-52.03,0.0,2.367,0.5,0.0,41.36,107,-48.3,40.72
2024-10-01,29.91,35.25,25.9,0.61,69.91,22.22,1.87,275,2024,4.979924943940977,nasa_power,Kuruvai,Kuruvai-2024,0.8,4.2,17.6,22.6,openmeteo_archive,1940.5,1.1089,ripening,6,0.65,-53.35,0.0,2.554,0.5,0.0,41.27,108,-55.47,39.75
2024-10-02,29.94,35.27,25.92,1.6,70.58,23.86,3.36,276,2024,4.9711606257996825,nasa_power,Kuruvai,Kuruvai-2024,4.2,17.6,4.4,26.2,openmeteo_archive,1958.5,1.1191,ripening,6,0.65,-55.79,0.0,2.531,0.5,0.0,41.09,109,-61.94,39.36
2024-10-03,30.71,36.07,25.91,1.59,68.61,21.4,2.58,277,2024,5.2127385711261285,nasa_power,Kuruvai,Kuruvai-2024,17.6,4.4,2.1,24.1,openmeteo_archive,1976.4,1.1294,ripening,6,0.65,-57.22,0.0,2.634,0.5,0.0,40.99,110,-55.82,41.08
2024-10-04,28.87,32.05,26.53,16.55,78.76,20.27,1.89,278,2024,3.700027987233903,nasa_power,Kuruvai,Kuruvai-2024,4.4,2.1,7.8,14.3,openmeteo_archive,1994.7,1.1398,ripening,6,0.65,-58.77,0.0,1.999,0.5,0.0,40.89,111,-51.61,41.35
2024-10-05,28.25,32.17,25.27,8.98,77.59,15.84,2.16,279,2024,4.077291215283424,nasa_power,Kuruvai,Kuruvai-2024,2.1,7.8,5.0,14.9,openmeteo_archive,2012.3,1.1499,ripening,6,0.65,-44.72,0.0,2.271,0.5,0.0,41.87,112,-47.96,39.73
2024-10-06,26.65,28.59,25.35,8.48,84.07,9.91,1.8,280,2024,2.6825662726497588,nasa_power,Kuruvai,Kuruvai-2024,7.8,5.0,13.1,25.9,openmeteo_archive,2029.3,1.1596,ripening,6,0.65,-38.51,0.0,1.534,0.5,0.0,42.3,113,-42.15,43.44
2024-10-07,27.05,29.58,24.79,1.93,83.25,16.45,1.31,281,2024,3.26958712366107,nasa_power,Kuruvai,Kuruvai-2024,5.0,13.1,16.2,34.3,openmeteo_archive,2046.5,1.1694,ripening,6,0.65,-32.06,0.0,1.869,0.5,0.0,42.76,114,-25.95,43.91
2024-10-08,27.88,32.32,24.45,4.97,78.64,21.04,1.77,282,2024,4.292359093861314,nasa_power,Kuruvai,Kuruvai-2024,13.1,16.2,10.7,40.0,openmeteo_archive,2063.7,1.1793,ripening,6,0.65,-32.5,0.0,2.483,0.5,0.0,42.72,115,-34.79,44.18
2024-10-09,28.87,34.21,24.82,5.56,76.7,17.96,1.57,283,2024,4.791527254698791,nasa_power,Kuruvai,Kuruvai-2024,16.2,10.7,30.7,57.6,openmeteo_archive,2081.1,1.1892,ripening,6,0.65,-30.51,0.0,2.804,0.5,0.0,42.86,116,-32.56,43.31
2024-10-10,28.46,32.59,25.42,8.38,78.32,15.74,1.54,284,2024,4.131555696721754,nasa_power,Kuruvai,Kuruvai-2024,10.7,30.7,30.1,71.5,openmeteo_archive,2098.8,1.1993,ripening,6,0.65,-28.26,0.0,2.472,0.5,0.0,43.02,117,-30.13,43.98
2024-10-11,27.57,30.87,25.15,16.76,83.79,19.08,1.55,285,2024,3.6026745712022517,nasa_power,Kuruvai,Kuruvai-2024,30.7,30.1,21.4,82.2,openmeteo_archive,2116.4,1.2094,ripening,6,0.65,-22.85,0.0,2.285,0.5,0.0,43.4,118,-23.17,46.68
2024-10-12,27.91,31.44,25.1,11.37,82.64,14.87,1.37,286,2024,3.8047018210968258,nasa_power,Kuruvai,Kuruvai-2024,30.1,21.4,10.3,61.8,openmeteo_archive,2134.0,1.2194,ripening,6,0.65,-8.87,0.0,2.473,1.0,0.0,44.38,119,-16.74,43.93
2015-08-15,31.93,38.12,27.41,1.06,57.34,23.27,2.53,227,2015,5.8444768445939586,nasa_power,Samba,Samba-2015,19.57,7.19,2.77,29.53,synthetic_degraded,18.7,0.0089,establishment,0,1.05,40.0,0.0,6.137,1.0,0.0,45.0,0,35.51,47.86
2015-08-16,28.08,30.3,26.11,31.33,80.08,21.57,2.23,228,2015,3.3259633658124375,nasa_power,Samba,Samba-2015,1.42,1.28,2.46,5.16,synthetic_degraded,36.8,0.0175,establishment,0,1.05,33.92,0.0,3.492,1.0,0.0,45.0,1,39.62,45.6
2015-08-17,28.96,33.65,24.91,2.84,73.09,23.55,1.96,229,2015,4.915740270778423,nasa_power,Samba,Samba-2015,5.18,1.14,0.59,6.909999999999999,synthetic_degraded,54.2,0.0258,establishment,0,1.05,60.76,0.0,5.162,1.0,0.0,45.0,2,65.75,44.93
2015-08-18,29.35,34.0,25.79,2.35,72.29,23.31,2.0,230,2015,4.826350305951221,nasa_power,Samba,Samba-2015,3.06,12.79,7.63,23.48,synthetic_degraded,72.1,0.0343,establishment,0,1.05,57.44,0.0,5.068,1.0,0.0,45.0,3,55.01,42.75
2015-08-19,29.02,33.28,26.07,1.38,74.0,22.08,2.85,231,2015,4.501636958189422,nasa_power,Samba,Samba-2015,0.67,5.44,16.39,22.5,synthetic_degraded,90.1,0.0429,establishment,0,1.05,53.72,0.0,4.727,1.0,0.0,45.0,4,44.34,45.01
2015-08-20,29.52,33.98,25.8,1.01,68.39,24.59,3.64,232,2015,4.816045646773202,nasa_power,Samba,Samba-2015,4.49,33.03,5.98,43.5,synthetic_degraded,108.0,0.0514,establishment,0,1.05,49.38,0.0,5.057,1.0,0.0,45.0,5,43.74,47.84
2015-08-21,29.55,34.34,25.64,6.23,70.16,13.24,2.69,233,2015,4.976418030047264,nasa_power,Samba,Samba-2015,17.61,4.58,0.18,22.369999999999997,synthetic_degraded,125.9,0.0599,establishment,0,1.05,44.33,0.0,5.225,1.0,0.0,45.0,6,52.94,47.34
2015-08-22,28.2,31.75,25.58,20.37,78.28,15.06,2.04,234,2015,4.073865101335926,nasa_power,Samba,Samba-2015,9.13,0.23,0.84,10.200000000000001,synthetic_degraded,143.7,0.0684,establishment,0,1.05,44.33,0.0,4.278,1.0,0.0,45.0,7,47.77,45.41
2015-08-23,28.95,34.44,24.41,5.26,69.55,21.59,2.55,235,2015,5.277914585982235,nasa_power,Samba,Samba-2015,0.15,0.13,0.11,0.39,synthetic_degraded,160.9,0.0766,establishment,0,1.05,59.43,0.0,5.542,1.0,0.0,45.0,8,59.76,43.28
2015-08-24,30.28,37.05,24.28,0.26,61.41,24.5,2.8,236,2015,6.110107131652885,nasa_power,Samba,Samba-2015,4.12,0.29,2.42,6.83,synthetic_degraded,178.0,0.0848,establishment,0,1.05,58.14,0.0,6.416,1.0,0.0,45.0,9,67.48,43.56
2015-08-25,31.04,37.41,25.79,0.09,60.42,24.69,2.31,237,2015,5.939137774078893,nasa_power,Samba,Samba-2015,0.34,3.3,0.57,4.21,synthetic_degraded,195.9,0.0933,establishment,0,1.05,50.99,0.0,6.236,1.0,0.0,45.0,10,60.78,43.72
2015-08-26,30.34,36.07,26.18,0.13,62.26,22.69,2.76,238,2015,5.424667998404262,nasa_power,Samba,Samba-2015,2.01,0.47,0.1,2.5799999999999996,synthetic_degraded,214.0,0.1019,establishment,0,1.05,43.84,0.0,5.696,1.0,0.0,45.0,11,43.66,46.92
2015-08-27,29.83,34.76,25.61,1.75,64.9,15.95,2.89,239,2015,5.115560017830916,nasa_power,Samba,Samba-2015,0.61,0.08,0.62,1.31,synthetic_degraded,231.8,0.1104,establishment,0,1.05,37.28,0.0,5.371,1.0,0.0,45.0,12,37.19,47.45
2015-08-28,30.26,36.66,25.33,0.5,62.78,23.78,3.54,240,2015,5.786049343023486,nasa_power,Samba,Samba-2015,0.07,0.59,0.41,1.0699999999999998,synthetic_degraded,249.5,0.1188,establishment,0,1.05,32.65,0.0,6.075,1.0,0.0,45.0,13,29.74,45.29
2015-08-29,31.24,37.67,25.39,0.08,59.85,24.46,3.04,241,2015,6.086929257586892,nasa_power,Samba,Samba-2015,0.69,0.36,2.8,3.8499999999999996,synthetic_degraded,267.2,0.1272,establishment,0,1.05,26.08,0.0,6.391,1.0,0.0,45.0,14,24.66,44.55
2015-08-30,30.58,36.1,26.08,0.56,63.56,23.02,2.98,242,2015,5.4465183484148,nasa_power,Samba,Samba-2015,0.17,14.34,3.68,18.19,synthetic_degraded,285.2,0.1358,establishment,0,1.05,18.77,0.0,5.719,1.0,0.0,45.0,15,11.34,47.32
2015-08-31,30.78,35.86,26.36,0.34,63.76,22.62,2.34,243,2015,5.302520120049523,nasa_power,Samba,Samba-2015,1.51,6.34,5.03,12.879999999999999,synthetic_degraded,303.4,0.1445,establishment,0,1.05,12.61,0.0,5.568,1.0,0.0,45.0,16,5.16,43.53
2015-09-01,30.25,34.34,26.67,2.21,68.16,22.19,1.68,244,2015,4.702737655507595,nasa_power,Samba,Samba-2015,4.36,5.32,1.16,10.84,synthetic_degraded,321.7,0.1532,tillering,1,1.1,6.38,0.0,5.173,1.0,0.0,45.0,17,-2.23,45.08
2015-09-02,29.88,34.57,26.33,4.16,71.86,20.0,1.33,245,2015,4.865640908516151,nasa_power,Samba,Samba-2015,1.75,0.52,5.36,7.630000000000001,synthetic_degraded,339.9,0.1618,tillering,1,1.1,2.42,0.0,5.352,1.0,0.0,45.0,18,7.84,45.69
2015-09-03,28.85,32.08,26.17,4.85,75.57,15.13,0.93,246,2015,4.004746454996713,nasa_power,Samba,Samba-2015,0.46,2.84,8.03,11.329999999999998,synthetic_degraded,358.0,0.1705,tillering,1,1.1,0.23,0.0,4.405,1.0,0.0,45.0,19,-7.58,43.71
2015-09-04,29.2,33.35,25.78,0.53,74.33,22.22,1.49,247,2015,4.5715113899210476,nasa_power,Samba,Samba-2015,4.27,8.1,1.76,14.129999999999999,synthetic_degraded,375.8,0.179,tillering,1,1.1,-0.33,0.0,5.029,1.0,0.0,44.98,20,9.42,44.03
2015-09-05,29.04,33.62,25.9,5.03,72.76,20.84,3.16,248,2015,4.631922982483208,nasa_power,Samba,Samba-2015,6.88,0.72,0.21,7.81,synthetic_degraded,393.8,0.1875,tillering,1,1.1,-5.83,0.0,5.079,0.5,0.0,44.59,21,-9.48,43.52
2015-09-06,28.2,32.05,25.58,7.88,77.36,22.52,3.85,249,2015,4.15263842231166,nasa_power,Samba,Samba-2015,1.31,0.18,1.55,3.04,synthetic_degraded,411.6,0.196,tillering,1,1.1,-6.38,0.0,4.568,1.0,0.0,44.55,22,2.31,46.68
2015-09-07,27.32,30.6,25.13,1.68,77.9,13.06,3.55,250,2015,3.737124751850487,nasa_power,Samba,Samba-2015,0.15,1.46,0.37,1.98,synthetic_degraded,429.2,0.2044,tillering,1,1.1,-4.06,0.0,4.072,0.5,0.0,44.72,23,-5.89,47.59
2015-09-08,29.25,35.6,23.92,0.23,63.19,21.3,3.57,251,2015,5.68219905588676,nasa_power,Samba,Samba-2015,0.83,1.07,0.19,2.09,synthetic_degraded,446.1,0.2124,tillering,1,1.1,-6.96,0.0,6.082,0.5,0.0,44.51,24,-14.79,44.68
2015-09-09,29.38,35.94,24.5,1.88,63.15,22.53,3.58,252,2015,5.672302632700329,nasa_power,Samba,Samba-2015,0.36,0.56,0.61,1.53,synthetic_degraded,463.4,0.2206,tillering,1,1.1,-13.31,0.0,5.954,0.5,0.0,44.07,25,-6.89,43.67
2015-09-10,29.71,35.29,25.15,0.34,64.25,17.91,3.08,253,2015,5.334756379726415,nasa_power,Samba,Samba-2015,0.21,0.84,0.06,1.11,synthetic_degraded,480.9,0.229,tillering,1,1.1,-17.88,0.0,5.456,0.5,0.0,43.75,26,-10.87,42.85
2015-09-11,29.18,33.4,25.12,0.24,67.19,20.32,3.21,254,2015,4.719193948313674,nasa_power,Samba,Samba-2015,0.35,0.17,0.04,0.56,synthetic_degraded,498.5,0.2374,tillering,1,1.1,-23.5,0.0,4.708,0.5,0.0,43.36,27,-28.03,43.36
2015-09-12,30.01,35.68,24.99,0.65,63.62,20.31,2.89,255,2015,5.4784255874523184,nasa_power,Samba,Samba-2015,0.09,0.05,0.23,0.37,synthetic_degraded,516.0,0.2457,tillering,1,1.1,-28.47,0.0,5.356,0.5,0.0,43.01,28,-30.13,42.18
2015-09-13,29.75,35.46,24.97,0.09,63.79,24.22,2.78,256,2015,5.406966136706405,nasa_power,Samba,Samba-2015,0.04,0.3,0.17,0.51,synthetic_degraded,533.5,0.254,tillering,1,1.1,-33.67,0.0,5.149,0.5,0.0,42.64,29,-38.2,42.49
2015-09-14,30.81,37.68,25.15,0.04,54.58,22.61,4.29,257,2015,6.049546068873163,nasa_power,Samba,Samba-2015,0.15,0.44,0.4,0.99,synthetic_degraded,551.0,0.2624,tillering,1,1.1,-39.23,0.0,5.611,0.5,0.0,42.25,30,-39.83,42.87
2015-09-15,30.41,36.35,24.88,0.18,57.41,23.27,4.65,258,2015,5.686563660745087,nasa_power,Samba,Samba-2015,0.07,0.71,0.48,1.26,synthetic_degraded,568.5,0.2707,tillering,1,1.1,-45.3,0.0,5.126,0.5,0.0,41.83,31,-44.76,41.22
2015-09-16,30.93,37.52,25.63,0.19,58.75,20.66,4.3,259,2015,5.896610893338267,nasa_power,Samba,Samba-2015,1.35,0.26,0.97,2.58,synthetic_degraded,586.3,0.2792,tillering,1,1.1,-50.75,0.0,5.175,0.5,0.0,41.45,32,-52.51,41.17
2015-09-17,30.9,36.93,25.75,0.99,58.75,20.29,3.58,260,2015,5.682694831916419,nasa_power,Samba,Samba-2015,0.21,1.24,0.49,1.94,synthetic_degraded,604.2,0.2877,tillering,1,1.1,-56.23,0.0,4.87,0.5,0.0,41.06,33,-65.32,40.78
2015-09-18,30.52,35.76,26.09,0.37,60.63,19.21,2.97,261,2015,5.232809219164639,nasa_power,Samba,Samba-2015,0.95,1.3,2.01,4.26,synthetic_degraded,622.2,0.2963,tillering,1,1.1,-60.61,0.0,4.369,0.5,0.0,40.76,34,-63.51,40.28
2015-09-19,30.32,35.37,26.61,0.92,63.57,15.02,2.73,262,2015,4.979685953988495,nasa_power,Samba,Samba-2015,0.53,1.57,0.29,2.39,synthetic_degraded,640.5,0.305,tillering,1,1.1,-65.11,0.0,4.071,0.5,0.0,40.44,35,-61.59,39.78
2015-09-20,30.6,35.76,26.46,0.76,64.24,19.01,2.44,263,2015,5.13553015827718,nasa_power,Samba,Samba-2015,1.19,0.48,1.9,3.57,synthetic_degraded,658.8,0.3137,tillering,1,1.1,-68.76,0.0,4.112,0.5,0.0,40.19,36,-69.8,41.33
2015-09-21,29.67,34.64,25.89,1.42,64.69,22.37,1.93,264,2015,4.88746959818613,nasa_power,Samba,Samba-2015,0.91,0.91,22.91,24.73,synthetic_degraded,676.7,0.3222,tillering,1,1.1,-72.62,0.0,3.845,0.5,0.0,39.92,37,-74.26,37.26
2015-09-22,30.74,36.86,25.67,0.54,65.32,21.62,2.24,265,2015,5.6327553676953634,nasa_power,Samba,Samba-2015,1.51,1.45,0.38,3.34,synthetic_degraded,694.5,0.3307,tillering,1,1.1,-75.54,0.0,4.337,0.5,0.0,39.71,38,-80.19,42.07
2015-09-23,29.68,33.32,27.18,1.19,72.36,19.81,1.68,266,2015,4.079178461061461,nasa_power,Samba,Samba-2015,1.16,0.65,1.19,3.0,synthetic_degraded,713.1,0.3396,tillering,1,1.1,-79.84,0.0,3.075,0.5,0.0,39.41,39,-82.89,39.61
2015-09-24,29.46,35.27,26.23,0.7,68.69,21.66,3.13,267,2015,4.992383754061319,nasa_power,Samba,Samba-2015,1.23,1.5,8.18,10.91,synthetic_degraded,731.2,0.3482,tillering,1,1.1,-82.22,0.0,3.701,0.5,0.0,39.24,40,-75.18,40.16
2015-09-25,30.01,36.4,24.87,1.06,68.59,22.64,2.48,268,2015,5.614697190426276,nasa_power,Samba,Samba-2015,1.31,12.43,5.6,19.34,synthetic_degraded,748.7,0.3565,stem_elongation,2,1.15,-85.72,0.0,4.27,0.5,0.0,39.0,41,-91.42,40.09
2015-09-26,30.66,36.83,25.93,1.1,67.62,23.23,2.16,269,2015,5.532873258991161,nasa_power,Samba,Samba-2015,5.32,3.54,6.28,15.14,synthetic_degraded,766.6,0.3651,stem_elongation,2,1.15,-89.43,0.0,4.115,0.5,0.0,38.74,42,-85.83,37.68
2015-09-27,29.53,33.7,26.42,9.82,70.28,20.1,1.27,270,2015,4.392005085471953,nasa_power,Samba,Samba-2015,6.24,6.02,6.64,18.9,synthetic_degraded,784.9,0.3737,stem_elongation,2,1.15,-92.95,0.0,3.371,0.5,0.0,38.49,43,-92.71,37.12
2015-09-28,29.27,34.5,25.49,7.2,72.89,17.63,1.56,271,2015,4.869944476478186,nasa_power,Samba,Samba-2015,7.91,5.22,5.64,18.77,synthetic_degraded,802.6,0.3822,stem_elongation,2,1.15,-87.0,0.0,3.813,0.5,0.0,38.91,44,-85.78,37.36
2015-09-29,28.01,31.74,25.39,8.75,78.23,13.99,2.07,272,2015,3.95813366333979,nasa_power,Samba,Samba-2015,12.19,9.05,6.84,28.080000000000002,synthetic_degraded,820.3,0.3906,stem_elongation,2,1.15,-84.11,0.0,3.18,0.5,0.0,39.11,45,-87.77,38.74
2015-09-30,27.41,30.88,24.61,7.03,77.73,17.03,1.69,273,2015,3.8556870932409106,nasa_power,Samba,Samba-2015,5.59,13.38,6.86,25.83,synthetic_degraded,837.6,0.3989,stem_elongation,2,1.15,-79.04,0.0,3.157,0.5,0.0,39.47,46,-80.8,40.52
2015-10-01,27.58,31.06,24.87,7.02,80.04,13.22,2.61,274,2015,3.841494392128367,nasa_power,Samba,Samba-2015,17.78,3.72,7.9,29.4,synthetic_degraded,855.0,0.4072,stem_elongation,2,1.15,-75.67,0.0,3.205,0.5,0.0,39.7,47,-75.7,38.82
2015-10-02,28.51,33.45,25.21,15.78,77.94,21.27,3.24,275,2015,4.554671498911728,nasa_power,Samba,Samba-2015,4.28,4.58,14.79,23.65,synthetic_degraded,872.6,0.4155,stem_elongation,2,1.15,-72.35,0.0,4.053,0.5,0.0,39.94,48,-74.95,40.85
2015-10-03,29.38,34.93,24.43,3.87,72.56,14.8,1.79,276,2015,5.168408788196073,nasa_power,Samba,Samba-2015,14.85,58.56,5.1,78.50999999999999,synthetic_degraded,889.9,0.4237,stem_elongation,2,1.15,-61.13,0.0,4.582,0.5,0.0,40.72,49,-59.47,37.17
2015-10-04,27.69,30.12,25.84,8.82,83.54,17.01,1.1,277,2015,3.1745775854377003,nasa_power,Samba,Samba-2015,19.36,8.75,25.87,53.980000000000004,synthetic_degraded,907.8,0.4323,stem_elongation,2,1.15,-62.34,0.0,2.869,0.5,0.0,40.64,50,-60.05,40.06
2015-10-05,26.41,28.97,25.06,20.56,87.42,16.17,0.99,278,2015,2.96359299283236,nasa_power,Samba,Samba-2015,12.29,25.44,1.78,39.510000000000005,synthetic_degraded,924.8,0.4404,stem_elongation,2,1.15,-56.89,0.0,2.913,0.5,0.0,41.02,51,-46.03,42.77
2015-10-06,28.35,33.62,23.99,8.47,73.77,20.85,2.15,279,2015,4.825620179142562,nasa_power,Samba,Samba-2015,8.49,2.51,0.25,11.25,synthetic_degraded,941.8,0.4485,stem_elongation,2,1.15,-39.74,0.0,4.855,0.5,0.0,42.22,52,-38.35,41.96
2015-10-07,27.76,32.05,24.56,18.29,80.99,23.78,2.13,280,2015,4.200295022911197,nasa_power,Samba,Samba-2015,1.55,0.18,2.41,4.140000000000001,synthetic_degraded,959.1,0.4567,stem_elongation,2,1.15,-36.63,0.0,4.476,0.5,0.0,42.44,53,-46.19,41.2
2015-10-08,27.54,31.08,24.86,3.2,82.82,19.26,2.38,281,2015,3.7908232676485403,nasa_power,Samba,Samba-2015,0.09,7.43,7.78,15.3,synthetic_degraded,976.5,0.465,stem_elongation,2,1.15,-23.31,0.0,4.009,0.5,0.0,43.37,54,-17.49,42.38
2015-10-09,27.6,32.08,23.5,0.24,76.18,22.33,2.38,282,2015,4.4240596032829895,nasa_power,Samba,Samba-2015,4.47,4.16,5.27,13.899999999999999,synthetic_degraded,993.2,0.473,stem_elongation,2,1.15,-24.62,0.0,4.591,0.5,0.0,43.28,55,-25.64,38.74
2015-10-10,28.47,33.83,24.23,3.14,76.28,22.19,2.3,283,2015,4.7951488892056195,nasa_power,Samba,Samba-2015,13.35,12.78,0.53,26.66,synthetic_degraded,1010.4,0.4811,stem_elongation,2,1.15,-29.47,0.0,4.934,0.5,0.0,42.94,56,-19.41,41.42
2015-10-11,27.93,32.39,24.62,9.86,80.13,18.94,1.32,284,2015,4.255006053670394,nasa_power,Samba,Samba-2015,12.97,0.41,0.26,13.64,synthetic_degraded,1027.7,0.4894,stem_elongation,2,1.15,-31.77,0.0,4.464,0.5,0.0,42.78,57,-24.42,44.37
2015-10-12,27.8,31.39,25.66,8.66,81.36,13.45,0.86,285,2015,3.646359355619539,nasa_power,Samba,Samba-2015,0.52,0.22,0.08,0.82,synthetic_degraded,1045.5,0.4979,stem_elongation,2,1.15,-26.87,0.0,3.888,0.5,0.0,43.12,58,-29.4,42.25
2015-10-13,28.46,33.36,24.86,0.7,76.41,21.94,1.31,286,2015,4.485725366696553,nasa_power,Samba,Samba-2015,0.2,0.05,0.0,0.25,synthetic_degraded,1062.9,0.5062,panicle_initiation,3,1.2,-22.6,74.92,5.383,1.0,0.0,43.42,59,-18.99,42.72
2015-10-14,28.29,33.37,24.91,0.26,73.3,22.44,1.39,287,2015,4.466464408062137,nasa_power,Samba,Samba-2015,0.07,0.0,0.36,0.43,synthetic_degraded,1080.4,0.5145,panicle_initiation,3,1.2,46.63,0.0,5.36,1.0,0.0,45.0,60,43.66,41.5
2015-10-15,28.02,33.57,24.22,0.07,72.72,22.39,1.42,288,2015,4.658832198814985,nasa_power,Samba,Samba-2015,0.0,3.46,7.34,10.8,synthetic_degraded,1097.5,0.5226,panicle_initiation,3,1.2,40.53,0.0,5.591,1.0,0.0,45.0,61,40.54,42.55
2015-10-16,27.78,33.49,23.94,0.0,73.43,20.41,1.87,289,2015,4.677879323288973,nasa_power,Samba,Samba-2015,0.79,1.55,2.07,4.41,synthetic_degraded,1114.5,0.5307,panicle_initiation,3,1.2,34.01,0.0,5.613,1.0,0.0,45.0,62,37.39,46.79
2015-10-17,27.65,33.15,22.81,0.37,77.0,20.81,2.23,290,2015,4.77785153320247,nasa_power,Samba,Samba-2015,7.03,3.8,0.45,11.28,synthetic_degraded,1130.9,0.5385,panicle_initiation,3,1.2,27.4,0.0,5.733,1.0,0.0,45.0,63,32.97,45.93
2015-10-18,27.85,31.63,25.07,4.92,81.03,15.64,2.33,291,2015,3.8260630448943083,nasa_power,Samba,Samba-2015,5.08,2.97,0.2,8.25,synthetic_degraded,1148.4,0.5469,panicle_initiation,3,1.2,21.04,0.0,4.591,1.0,0.0,45.0,64,25.52,43.05
2015-10-19,27.74,30.98,25.69,4.38,84.23,21.9,1.83,292,2015,3.4253830335914057,nasa_power,Samba,Samba-2015,0.82,0.16,0.01,0.99,synthetic_degraded,1166.2,0.5554,panicle_initiation,3,1.2,20.37,0.0,4.11,1.0,0.0,45.0,65,20.74,44.05
2015-10-20,27.99,32.58,24.8,0.45,78.81,21.58,1.96,293,2015,4.174587583011623,nasa_power,Samba,Samba-2015,0.27,1.46,0.28,2.01,synthetic_degraded,1183.6,0.5636,panicle_initiation,3,1.2,19.64,21.6,5.01,1.0,0.0,45.0,66,32.06,44.96
2015-10-21,28.11,33.62,24.29,0.3,75.24,20.7,2.04,294,2015,4.584991551750286,nasa_power,Samba,Samba-2015,0.01,0.19,2.37,2.5700000000000003,synthetic_degraded,1200.8,0.5718,panicle_initiation,3,1.2,35.68,0.0,5.502,1.0,0.0,45.0,67,33.85,43.21
2015-10-22,27.95,33.71,23.59,0.01,71.36,22.12,2.19,295,2015,4.730900944915459,nasa_power,Samba,Samba-2015,0.24,2.72,0.35,3.31,synthetic_degraded,1217.6,0.5798,panicle_initiation,3,1.2,29.48,0.0,5.677,1.0,0.0,45.0,68,21.44,41.99
2015-10-23,28.04,33.58,23.26,0.25,72.14,20.5,2.48,296,2015,4.740558811068066,nasa_power,Samba,Samba-2015,1.95,0.46,1.31,3.72,synthetic_degraded,1234.2,0.5877,panicle_initiation,3,1.2,22.81,21.99,5.689,1.0,0.0,45.0,69,15.74,44.76
2015-10-24,27.81,32.49,24.47,3.03,76.5,19.74,2.88,297,2015,4.172791265469836,nasa_power,Samba,Samba-2015,0.55,3.2,13.3,17.05,synthetic_degraded,1251.5,0.5959,panicle_initiation,3,1.2,38.36,0.0,5.007,1.0,0.0,45.0,70,45.73,45.86
2015-10-25,27.42,32.93,23.07,0.6,71.21,17.46,3.27,298,2015,4.565957124454012,nasa_power,Samba,Samba-2015,0.44,21.08,5.75,27.27,synthetic_degraded,1268.0,0.6038,panicle_initiation,3,1.2,35.39,0.0,5.479,1.0,0.0,45.0,71,35.01,45.89
2015-10-26,27.68,33.3,23.12,0.72,68.39,14.9,2.9,299,2015,4.647635622698645,nasa_power,Samba,Samba-2015,30.32,41.78,1.27,73.36999999999999,synthetic_degraded,1284.6,0.6117,panicle_initiation,3,1.2,29.51,0.0,5.577,1.0,0.0,45.0,72,30.31,46.31
2015-10-27,27.36,31.89,23.89,8.79,77.13,14.83,2.99,300,2015,4.079879726955079,nasa_power,Samba,Samba-2015,17.54,3.44,14.12,35.1,synthetic_degraded,1301.5,0.6198,panicle_initiation,3,1.2,23.65,0.0,4.896,1.0,0.0,45.0,73,20.94,42.67
2015-10-28,26.61,29.89,24.35,13.73,82.45,15.28,1.85,301,2015,3.328505140938355,nasa_power,Samba,Samba-2015,4.68,17.64,8.91,31.23,synthetic_degraded,1318.6,0.6279,flowering,4,1.2,26.54,0.0,3.994,1.0,0.0,45.0,74,24.28,45.09
2015-10-29,26.86,31.37,23.32,2.46,78.88,15.12,2.52,302,2015,4.0210055420581945,nasa_power,Samba,Samba-2015,5.64,21.93,30.84,58.41,synthetic_degraded,1335.3,0.6358,flowering,4,1.2,35.28,0.0,4.825,1.0,0.0,45.0,75,31.34,44.6
2015-10-30,26.7,30.35,24.03,10.81,82.69,16.19,1.98,303,2015,3.5405775902605714,nasa_power,Samba,Samba-2015,23.84,17.56,31.17,72.57,synthetic_degraded,1352.3,0.6439,flowering,4,1.2,31.91,0.0,4.249,1.0,0.0,45.0,76,34.27,44.87
2015-10-31,26.57,29.18,24.88,10.13,87.78,8.87,1.65,304,2015,2.9018574195820115,nasa_power,Samba,Samba-2015,7.74,47.88,8.26,63.88,synthetic_degraded,1369.3,0.6521,flowering,4,1.2,37.47,0.0,3.482,1.0,0.0,45.0,77,36.98,44.68
2015-11-01,26.39,29.34,24.49,15.7,86.96,14.0,1.81,305,2015,3.0652981318262777,nasa_power,Samba,Samba-2015,13.77,10.31,9.21,33.29,synthetic_degraded,1386.2,0.6601,flowering,4,1.2,43.12,0.0,3.678,1.0,0.0,45.0,78,45.3,44.01
2015-11-02,26.53,29.6,24.04,23.62,83.81,14.56,0.94,306,2015,3.2658337981441203,nasa_power,Samba,Samba-2015,7.86,15.56,19.26,42.68000000000001,synthetic_degraded,1403.1,0.6681,flowering,4,1.2,54.14,0.0,3.919,1.0,0.0,45.0,79,55.84,40.47
2015-11-03,26.59,29.84,24.01,7.22,84.15,15.63,1.11,307,2015,3.342675660411392,nasa_power,Samba,Samba-2015,26.93,18.08,8.42,53.43,synthetic_degraded,1420.0,0.6762,flowering,4,1.2,72.85,0.0,4.011,1.0,0.0,45.0,80,70.72,46.74
2015-11-04,26.83,30.69,23.61,14.58,84.2,17.45,1.56,308,2015,3.691844837718071,nasa_power,Samba,Samba-2015,17.09,6.59,62.42,86.1,synthetic_degraded,1436.8,0.6842,flowering,4,1.2,75.05,0.0,4.43,1.0,0.0,45.0,81,67.76,45.49
2015-11-05,26.61,29.89,24.64,15.44,86.03,15.59,1.64,309,2015,3.1784082166262806,nasa_power,Samba,Samba-2015,13.4,39.56,47.64,100.6,synthetic_degraded,1454.1,0.6924,flowering,4,1.2,84.2,0.0,3.814,1.0,0.0,45.0,82,76.47,42.77
2015-11-06,26.1,28.93,24.24,14.95,87.86,17.13,2.53,310,2015,2.950624095481792,nasa_power,Samba,Samba-2015,24.28,19.67,47.03,90.98,synthetic_degraded,1470.6,0.7003,flowering,4,1.2,94.83,0.0,3.541,1.0,9.78,45.0,83,109.96,45.71
2015-11-07,26.1,28.8,24.29,34.69,89.78,12.8,2.66,311,2015,2.8829217477933544,nasa_power,Samba,Samba-2015,21.21,32.81,14.68,68.7,synthetic_degraded,1487.2,0.7082,flowering,4,1.2,95.46,0.0,3.46,1.0,30.15,45.0,84,102.85,44.33
2015-11-08,25.69,27.72,24.26,39.4,92.68,3.07,2.53,312,2015,2.486742042665944,nasa_power,Samba,Samba-2015,113.49,11.15,18.68,143.32,synthetic_degraded,1503.2,0.7158,flowering,4,1.2,95.54,0.0,2.984,1.0,34.94,45.0,85,102.24,44.37
2015-11-09,25.32,27.04,24.2,68.17,94.32,1.32,3.2,313,2015,2.2278950343203143,nasa_power,Samba,Samba-2015,14.64,2.41,2.77,19.82,synthetic_degraded,1518.8,0.7232,flowering,4,1.2,96.02,0.0,2.673,1.0,64.19,45.0,86,92.65,43.85
2015-11-10,26.81,30.31,24.08,10.22,84.78,9.73,3.36,314,2015,3.4103050704327287,nasa_power,Samba,Samba-2015,7.31,3.05,21.43,31.79,synthetic_degraded,1535.8,0.7313,flowering,4,1.2,96.33,0.0,4.092,1.0,6.55,45.0,87,96.38,45.81
2015-11-11,26.61,29.73,24.35,3.98,86.64,7.69,1.19,315,2015,3.1498739493607015,nasa_power,Samba,Samba-2015,4.51,13.58,13.77,31.86,synthetic_degraded,1552.9,0.7395,flowering,4,1.2,94.91,0.0,3.78,1.0,0.0,45.0,88,90.83,43.8
2015-11-12,26.65,30.07,24.27,3.06,86.44,15.95,1.61,316,2015,3.271433610298814,nasa_power,Samba,Samba-2015,3.89,18.16,54.93,76.98,synthetic_degraded,1570.0,0.7476,flowering,4,1.2,94.11,0.0,3.926,1.0,0.0,45.0,89,87.55,43.35
2015-11-13,25.31,27.14,24.25,12.76,94.32,9.67,2.44,317,2015,2.227761189290575,nasa_power,Samba,Samba-2015,9.55,35.19,6.04,50.779999999999994,synthetic_degraded,1585.7,0.7551,grain_filling,5,0.95,92.24,0.0,2.116,1.0,5.0,45.0,90,89.3,46.7
2015-11-14,24.73,26.67,22.79,16.72,92.84,3.83,2.99,318,2015,2.517596753872616,nasa_power,Samba,Samba-2015,65.16,17.83,1.92,84.91,synthetic_degraded,1600.4,0.7621,grain_filling,5,0.95,96.88,0.0,2.392,1.0,13.6,45.0,91,103.51,44.73
2015-11-15,25.33,26.87,23.9,52.86,94.43,4.43,2.89,319,2015,2.2309870739239908,nasa_power,Samba,Samba-2015,25.52,4.71,4.54,34.77,synthetic_degraded,1615.8,0.7694,grain_filling,5,0.95,96.61,0.0,2.119,1.0,49.47,45.0,92,100.81,44.78
2015-11-16,25.39,27.24,24.19,11.9,93.34,10.1,3.49,320,2015,2.2724966860118627,nasa_power,Samba,Samba-2015,5.54,5.43,14.67,25.64,synthetic_degraded,1631.5,0.7769,grain_filling,5,0.95,96.88,0.0,2.159,1.0,8.78,45.0,93,92.03,46.04
2015-11-17,25.97,29.38,23.26,1.92,87.2,11.38,1.2,321,2015,3.2559108110382,nasa_power,Samba,Samba-2015,2.71,3.81,6.73,13.25,synthetic_degraded,1647.8,0.7847,grain_filling,5,0.95,96.84,0.0,3.093,1.0,0.0,45.0,94,95.27,44.0
2015-11-18,25.66,27.62,24.12,4.45,92.58,11.49,1.89,322,2015,2.4313357533599533,nasa_power,Samba,Samba-2015,10.0,14.31,7.31,31.62,synthetic_degraded,1663.7,0.7922,grain_filling,5,0.95,94.67,0.0,2.31,1.0,0.0,45.0,95,98.42,44.3
2015-11-19,25.75,27.92,24.46,6.53,93.58,12.86,2.18,323,2015,2.429442811044206,nasa_power,Samba,Samba-2015,18.53,13.6,101.61,133.74,synthetic_degraded,1679.9,0.8,grain_filling,5,0.95,95.81,0.0,2.308,1.0,2.34,45.0,96,92.96,45.46
2015-11-20,25.92,28.44,23.98,15.09,91.49,12.67,2.2,324,2015,2.7532263426041896,nasa_power,Samba,Samba-2015,10.4,88.06,18.76,117.22000000000001,synthetic_degraded,1696.1,0.8077,grain_filling,5,0.95,96.69,0.0,2.616,1.0,11.78,45.0,97,97.09,42.69
2015-11-21,25.63,27.84,24.25,8.3,90.63,17.16,2.53,325,2015,2.4553949062488316,nasa_power,Samba,Samba-2015,42.79,18.18,2.75,63.72,synthetic_degraded,1712.2,0.8153,grain_filling,5,0.95,96.38,0.0,2.333,1.0,4.68,45.0,98,98.39,45.33
2015-11-22,25.91,27.74,24.81,56.91,93.06,3.05,2.75,326,2015,2.2250233236967283,nasa_power,Samba,Samba-2015,22.65,2.32,0.05,25.02,synthetic_degraded,1728.4,0.8231,grain_filling,5,0.95,96.67,0.0,2.114,1.0,53.58,45.0,99,98.62,43.87
2015-11-23,26.22,29.0,24.15,20.92,91.34,12.08,2.02,327,2015,2.876050181952087,nasa_power,Samba,Samba-2015,1.63,0.05,2.16,3.84,synthetic_degraded,1745.0,0.831,grain_filling,5,0.95,96.89,0.0,2.732,1.0,17.81,45.0,100,98.16,46.28
2015-11-24,26.06,29.08,24.24,2.97,90.44,16.61,2.98,328,2015,2.8726551081240097,nasa_power,Samba,Samba-2015,0.26,2.44,1.9,4.6,synthetic_degraded,1761.7,0.8389,grain_filling,5,0.95,96.27,0.0,2.729,1.0,0.0,45.0,101,93.0,45.82
2015-11-25,24.82,28.02,22.42,0.08,87.45,21.23,2.75,329,2015,2.9839129206162127,nasa_power,Samba,Samba-2015,1.05,2.3,0.8,4.1499999999999995,synthetic_degraded,1776.9,0.8461,grain_filling,5,0.95,95.51,0.0,2.835,1.0,0.0,45.0,102,92.76,45.62
2015-11-26,24.5,27.88,21.22,3.28,90.25,14.34,2.69,330,2015,3.197199823236026,nasa_power,Samba,Samba-2015,2.13,1.0,18.45,21.58,synthetic_degraded,1791.4,0.8531,grain_filling,5,0.95,91.75,0.0,3.037,1.0,0.0,45.0,103,86.08,42.59
2015-11-27,25.22,28.29,23.26,4.32,90.19,16.05,2.69,331,2015,2.8535546082860606,nasa_power,Samba,Samba-2015,0.92,28.23,38.21,67.36,synthetic_degraded,1807.2,0.8606,grain_filling,5,0.95,91.0,0.0,2.711,1.0,0.0,45.0,104,83.19,44.84
2015-11-28,24.4,26.83,22.42,1.06,90.31,19.55,2.95,332,2015,2.5966915757508433,nasa_power,Samba,Samba-2015,61.82,25.45,18.27,105.53999999999999,synthetic_degraded,1821.8,0.8675,grain_filling,5,0.95,91.61,0.0,2.467,1.0,0.0,45.0,105,91.04,43.23
2015-11-29,24.8,27.18,23.02,21.23,93.62,10.42,2.88,333,2015,2.545817730703075,nasa_power,Samba,Samba-2015,16.11,25.0,28.31,69.42,synthetic_degraded,1836.9,0.8747,grain_filling,5,0.95,89.2,0.0,2.419,1.0,10.43,45.0,106,93.28,44.94
2015-11-30,24.91,26.66,23.5,36.23,94.16,11.47,3.08,334,2015,2.2140952397354035,nasa_power,Samba,Samba-2015,14.88,31.81,28.94,75.63,synthetic_degraded,1852.0,0.8819,grain_filling,5,0.95,96.58,0.0,2.103,1.0,32.81,45.0,107,89.68,41.53
2015-12-01,25.05,26.45,23.85,26.04,95.25,2.74,2.86,335,2015,2.008416281469635,nasa_power,Samba,Samba-2015,38.73,57.03,18.52,114.27999999999999,synthetic_degraded,1867.2,0.8891,grain_filling,5,0.95,96.9,0.0,1.908,1.0,22.94,45.0,108,98.26,42.69
2015-12-02,25.27,26.85,23.8,35.13,95.42,5.65,2.43,336,2015,2.1808252029485327,nasa_power,Samba,Samba-2015,78.64,14.38,15.86,108.88,synthetic_degraded,1882.5,0.8964,grain_filling,5,0.95,97.09,0.0,2.072,1.0,32.22,45.0,109,101.01,46.78
2015-12-03,24.29,25.96,22.51,35.47,95.29,6.22,4.23,337,2015,2.25752783090333,nasa_power,Samba,Samba-2015,20.73,15.53,15.97,52.23,synthetic_degraded,1896.7,0.9032,ripening,6,0.65,96.93,0.0,1.467,1.0,32.4,45.0,110,87.75,45.55
2015-12-04,25.32,27.56,23.9,18.93,93.74,11.08,3.83,338,2015,2.404616597657428,nasa_power,Samba,Samba-2015,27.6,17.6,14.27,59.47,synthetic_degraded,1912.5,0.9107,ripening,6,0.65,97.53,0.0,1.563,1.0,16.46,45.0,111,96.18,44.47
2015-12-05,25.49,27.34,24.36,20.12,93.56,6.68,3.61,339,2015,2.1729374057392055,nasa_power,Samba,Samba-2015,22.12,8.23,66.56,96.91,synthetic_degraded,1928.3,0.9182,ripening,6,0.65,97.44,0.0,1.412,1.0,17.56,45.0,112,105.67,43.64
2015-12-06,25.65,26.87,24.92,25.75,94.85,10.47,3.44,340,2015,1.757425007808368,nasa_power,Samba,Samba-2015,10.91,52.24,3.92,67.07000000000001,synthetic_degraded,1944.2,0.9258,ripening,6,0.65,97.59,0.0,1.142,1.0,23.34,45.0,113,100.35,43.37
2015-12-07,25.43,27.48,24.3,13.73,93.66,7.11,4.06,341,2015,2.241462998411896,nasa_power,Samba,Samba-2015,42.72,3.48,5.24,51.44,synthetic_degraded,1960.1,0.9334,ripening,6,0.65,97.86,0.0,1.457,1.0,11.59,45.0,114,88.51,45.3
2015-12-08,24.44,26.02,23.14,41.17,93.49,8.09,4.41,342,2015,2.066984576013097,nasa_power,Samba,Samba-2015,2.75,7.06,1.63,11.439999999999998,synthetic_degraded,1974.7,0.9403,ripening,6,0.65,97.54,0.0,1.344,1.0,38.71,45.0,115,100.83,44.48
2015-12-09,25.21,28.38,22.9,3.7,92.91,8.94,2.87,343,2015,2.9197157803980973,nasa_power,Samba,Samba-2015,9.54,3.05,1.0,13.59,synthetic_degraded,1990.3,0.9478,ripening,6,0.65,97.66,0.0,1.898,1.0,1.36,45.0,116,93.92,47.32
2015-12-10,25.76,28.25,23.97,6.89,93.39,12.91,2.81,344,2015,2.605932106051277,nasa_power,Samba,Samba-2015,0.83,14.8,1.13,16.76,synthetic_degraded,2006.4,0.9554,ripening,6,0.65,97.1,0.0,1.694,1.0,3.99,45.0,117,100.56,44.72
2015-12-11,25.73,28.93,23.36,1.72,91.42,12.85,2.3,345,2015,2.9728255841997973,nasa_power,Samba,Samba-2015,3.76,0.25,0.99,5.0,synthetic_degraded,2022.6,0.9631,ripening,6,0.65,97.31,0.0,1.932,1.0,0.0,45.0,118,93.86,45.09
2015-12-12,25.73,28.88,23.45,2.52,88.21,15.3,1.82,346,2015,2.9344833067195477,nasa_power,Samba,Samba-2015,4.18,1.58,0.09,5.85,synthetic_degraded,2038.7,0.9708,ripening,6,0.65,96.09,0.0,1.907,1.0,0.0,45.0,119,95.82,42.92
2015-12-13,25.74,29.31,23.05,0.53,85.45,17.34,1.38,347,2015,3.1499045514228694,nasa_power,Samba,Samba-2015,1.07,0.14,0.01,1.22,synthetic_degraded,2054.9,0.9785,ripening,6,0.65,95.71,0.0,2.047,1.0,0.0,45.0,120,93.02,44.46
2015-12-14,25.4,28.64,23.19,1.18,90.29,13.97,2.24,348,2015,2.9197957765422053,nasa_power,Samba,Samba-2015,0.06,0.61,0.14,0.8099999999999999,synthetic_degraded,2070.8,0.9861,ripening,6,0.65,93.19,0.0,1.898,1.0,0.0,45.0,121,93.21,45.27
2015-12-15,24.87,28.66,22.02,0.13,86.84,14.98,1.98,349,2015,3.17903518720167,nasa_power,Samba,Samba-2015,0.01,0.2,2.88,3.09,synthetic_degraded,2086.2,0.9934,ripening,6,0.65,91.47,0.0,2.066,1.0,0.0,45.0,122,88.63,44.44
2015-12-16,23.82,27.51,20.93,0.02,85.43,17.24,1.96,350,2015,3.0813886386677245,nasa_power,Samba,Samba-2015,0.29,0.85,2.11,3.25,synthetic_degraded,2100.4,1.0002,ripening,6,0.65,88.53,0.0,2.003,1.0,0.0,45.0,123,87.41,44.27
2015-12-17,24.89,28.9,21.8,0.17,85.98,16.99,1.95,351,2015,3.2860404144034527,nasa_power,Samba,Samba-2015,1.68,2.49,0.11,4.28,synthetic_degraded,2115.7,1.0075,ripening,6,0.65,85.55,0.0,2.136,1.0,0.0,45.0,124,79.67,45.49
2015-12-18,25.12,28.54,22.69,1.84,89.27,15.28,2.3,352,2015,3.000581198999265,nasa_power,Samba,Samba-2015,1.46,0.21,0.0,1.67,synthetic_degraded,2131.4,1.0149,ripening,6,0.65,82.59,0.0,1.95,1.0,0.0,45.0,125,85.04,47.27
2015-12-19,25.07,28.62,22.39,1.29,89.24,16.37,2.32,353,2015,3.0884019849237667,nasa_power,Samba,Samba-2015,0.11,0.0,0.0,0.11,synthetic_degraded,2146.9,1.0223,ripening,6,0.65,81.48,0.0,2.007,1.0,0.0,45.0,126,82.36,45.22
2015-12-20,24.79,28.53,21.63,0.17,87.64,15.96,2.46,354,2015,3.2183602524970976,nasa_power,Samba,Samba-2015,0.0,0.0,9.52,9.52,synthetic_degraded,2161.9,1.0295,ripening,6,0.65,79.76,0.0,2.092,1.0,0.0,45.0,127,71.68,46.72
2015-12-21,23.56,28.12,19.94,0.0,84.37,21.21,1.76,355,2015,3.4187152146779205,nasa_power,Samba,Samba-2015,0.0,0.01,0.02,0.03,synthetic_degraded,2176.0,1.0362,ripening,6,0.65,76.84,0.0,2.222,1.0,0.0,45.0,128,81.8,45.93
2015-12-22,23.96,28.58,20.09,0.0,86.42,19.71,1.74,356,2015,3.5089551049884786,nasa_power,Samba,Samba-2015,0.02,0.02,0.02,0.06,synthetic_degraded,2190.3,1.043,ripening,6,0.65,73.61,0.0,2.281,1.0,0.0,45.0,129,72.73,46.63
2015-12-23,24.61,28.45,21.84,0.02,86.14,17.52,2.26,357,2015,3.156576334216436,nasa_power,Samba,Samba-2015,4.94,0.53,0.15,5.620000000000001,synthetic_degraded,2205.5,1.0502,ripening,6,0.65,70.33,0.0,2.052,1.0,0.0,45.0,130,71.14,44.09
2015-12-24,24.24,28.38,21.19,0.02,86.2,18.54,2.19,358,2015,3.2657683882963733,nasa_power,Samba,Samba-2015,0.02,0.07,0.89,0.98,synthetic_degraded,2220.2,1.0573,ripening,6,0.65,67.3,0.0,2.123,1.0,0.0,45.0,131,71.12,44.69
2015-12-25,24.27,28.17,20.96,0.02,85.32,17.97,2.58,359,2015,3.2549149557639776,nasa_power,Samba,Samba-2015,0.08,9.57,1.81,11.46,synthetic_degraded,2234.8,1.0642,ripening,6,0.65,64.2,0.0,2.116,1.0,0.0,45.0,132,65.84,44.7
2015-12-26,24.35,27.77,21.78,0.12,87.0,16.79,3.31,360,2015,2.983131519086765,nasa_power,Samba,Samba-2015,11.29,1.74,0.92,13.95,synthetic_degraded,2249.6,1.0712,ripening,6,0.65,61.1,0.0,1.939,1.0,0.0,45.0,133,66.93,45.82
2015-12-27,24.77,28.02,22.77,1.17,87.21,12.21,3.92,361,2015,2.8352788647314977,nasa_power,Samba,Samba-2015,1.25,0.29,0.03,1.57,synthetic_degraded,2265.0,1.0786,ripening,6,0.65,58.28,0.0,1.843,1.0,0.0,45.0,134,56.81,46.19
2015-12-28,24.19,27.73,21.57,0.98,88.73,14.24,4.08,362,2015,3.0204214088839696,nasa_power,Samba,Samba-2015,0.26,0.04,6.46,6.76,synthetic_degraded,2279.6,1.0855,ripening,6,0.65,56.61,0.0,1.963,1.0,0.0,45.0,135,61.78,45.19
2015-12-29,24.08,28.03,20.68,0.29,88.45,16.62,3.74,363,2015,3.2790444606170692,nasa_power,Samba,Samba-2015,4.16,0.04,0.0,4.2,synthetic_degraded,2294.0,1.0924,ripening,6,0.65,54.63,0.0,2.131,1.0,0.0,45.0,136,55.24,46.32
2015-12-30,23.73,27.65,20.51,0.05,86.16,20.77,3.09,364,2015,3.213684515204093,nasa_power,Samba,Samba-2015,0.07,0.0,0.0,0.07,synthetic_degraded,2308.1,1.0991,ripening,6,0.65,51.79,0.0,2.089,1.0,0.0,45.0,137,54.33,44.16
2015-12-31,23.84,27.82,21.17,0.03,82.54,17.46,3.05,365,2015,3.13528995298307,nasa_power,Samba,Samba-2015,0.0,0.0,0.03,0.03,synthetic_degraded,2322.6,1.106,ripening,6,0.65,48.75,0.0,2.038,1.0,0.0,45.0,138,50.77,46.33
2016-01-01,23.37,27.74,19.8,0.0,82.61,17.63,3.02,1,2015,3.370820164249196,nasa_power,Samba,Samba-2015,0.0,3.26,0.03,3.2899999999999996,synthetic_degraded,2336.3,1.1125,ripening,6,0.65,45.74,0.0,2.191,1.0,0.0,45.0,139,51.94,46.52
2016-01-02,23.0,27.61,19.9,0.0,83.56,18.11,3.06,2,2015,3.324296995740638,nasa_power,Samba,Samba-2015,0.01,0.04,0.04,0.09,synthetic_degraded,2350.1,1.1191,ripening,6,0.65,42.55,0.0,2.161,1.0,0.0,45.0,140,46.16,46.02
2016-01-03,22.27,27.43,18.06,0.02,85.15,20.73,2.51,3,2015,3.5801115378660056,nasa_power,Samba,Samba-2015,0.05,0.07,0.35,0.47,synthetic_degraded,2362.8,1.1252,ripening,6,0.65,39.39,0.0,2.327,1.0,0.0,45.0,141,37.18,45.2
2016-01-04,22.65,27.57,18.83,0.04,84.24,19.76,2.38,4,2015,3.5011013810188056,nasa_power,Samba,Samba-2015,0.08,0.26,0.11,0.45,synthetic_degraded,2376.0,1.1314,ripening,6,0.65,36.08,0.0,2.276,1.0,0.0,45.0,142,32.87,46.07
2016-01-05,23.39,27.91,19.78,0.06,85.15,16.74,2.78,5,2015,3.4346609638056367,nasa_power,Samba,Samba-2015,4.48,0.19,0.16,4.830000000000001,synthetic_degraded,2389.9,1.138,ripening,6,0.65,32.84,0.0,2.233,1.0,0.0,45.0,143,32.59,43.66
2016-01-06,23.78,27.61,20.87,0.26,85.05,15.43,3.13,6,2015,3.1616468972308605,nasa_power,Samba,Samba-2015,11.88,0.06,0.02,11.96,synthetic_degraded,2404.1,1.1448,ripening,6,0.65,29.67,0.0,2.055,1.0,0.0,45.0,144,25.87,45.3
2016-01-07,23.43,27.84,20.2,0.17,84.57,16.16,2.67,7,2015,3.3537454694487048,nasa_power,Samba,Samba-2015,0.05,0.03,0.03,0.11,synthetic_degraded,2418.1,1.1515,ripening,6,0.65,26.88,0.0,2.18,1.0,0.0,45.0,145,21.62,45.45
2016-01-08,23.14,27.37,19.65,0.11,85.67,17.54,2.64,8,2015,3.3356075460568766,nasa_power,Samba,Samba-2015,0.02,0.04,0.07,0.13,synthetic_degraded,2431.6,1.1579,ripening,6,0.65,23.87,0.0,2.168,1.0,0.0,45.0,146,13.23,43.01
2016-01-09,23.01,27.5,19.91,0.02,84.72,18.11,2.39,9,2015,3.328713668682381,nasa_power,Samba,Samba-2015,0.05,0.22,0.0,0.27,synthetic_degraded,2445.3,1.1644,ripening,6,0.65,20.81,0.0,2.164,1.0,0.0,45.0,147,13.06,45.71
2016-01-10,22.86,27.57,19.56,0.04,83.75,19.0,2.48,10,2015,3.414129810060763,nasa_power,Samba,Samba-2015,3.52,0.0,0.0,3.52,synthetic_degraded,2458.9,1.1709,ripening,6,0.65,17.67,0.0,2.219,1.0,0.0,45.0,148,27.6,43.13
2016-01-11,22.67,27.53,18.89,0.07,83.15,19.24,2.56,11,2015,3.5219549972176347,nasa_power,Samba,Samba-2015,0.0,0.0,0.0,0.0,synthetic_degraded,2472.1,1.1772,ripening,6,0.65,14.49,0.0,2.289,1.0,0.0,45.0,149,11.21,44.36
2016-08-15,30.89,37.02,25.66,0.7,58.18,23.88,4.41,228,2016,5.849647989861804,nasa_power,Samba,Samba-2016,0.03,0.11,0.96,1.1,synthetic_degraded,17.8,0.0085,establishment,0,1.05,40.0,0.0,6.142,1.0,0.0,45.0,0,45.78,45.58
2016-08-16,30.74,37.4,25.24,0.03,58.17,22.07,4.68,229,2016,6.04953374265973,nasa_power,Samba,Samba-2016,0.1,0.67,0.23,1.0,synthetic_degraded,35.4,0.0169,establishment,0,1.05,33.56,0.0,6.352,1.0,0.0,45.0,1,35.83,45.21
2016-08-17,30.45,36.36,25.22,0.14,58.94,21.86,4.02,230,2016,5.727484248175219,nasa_power,Samba,Samba-2016,0.78,0.18,0.58,1.54,synthetic_degraded,53.1,0.0253,establishment,0,1.05,26.24,0.0,6.014,1.0,0.0,45.0,2,30.47,44.33
2016-08-18,31.56,38.23,26.39,0.75,56.16,23.59,3.7,231,2016,6.0888898256653174,nasa_power,Samba,Samba-2016,0.15,1.01,4.11,5.2700000000000005,synthetic_degraded,71.3,0.0339,establishment,0,1.05,19.36,0.0,6.393,1.0,0.0,45.0,3,22.31,43.47
2016-08-19,31.78,38.3,26.08,0.15,54.54,23.55,3.05,232,2016,6.170286929407942,nasa_power,Samba,Samba-2016,0.39,0.87,23.05,24.310000000000002,synthetic_degraded,89.3,0.0425,establishment,0,1.05,12.72,0.0,6.479,1.0,0.0,45.0,4,17.19,43.4
2016-08-20,31.76,37.97,26.78,0.57,57.7,24.27,2.49,233,2016,5.925467527992178,nasa_power,Samba,Samba-2016,1.65,0.26,15.22,17.13,synthetic_degraded,107.7,0.0513,establishment,0,1.05,5.39,0.0,6.222,1.0,0.0,45.0,5,13.31,46.63
2016-08-21,30.68,34.75,27.01,1.28,63.13,18.17,2.0,234,2016,4.780344223123442,nasa_power,Samba,Samba-2016,0.21,0.76,0.56,1.53,synthetic_degraded,126.2,0.0601,establishment,0,1.05,-1.26,0.0,5.019,1.0,0.0,44.91,6,5.4,45.28
2016-08-22,31.17,35.74,26.96,0.3,60.0,22.29,2.05,235,2016,5.1393796985324425,nasa_power,Samba,Samba-2016,3.0,0.59,14.84,18.43,synthetic_degraded,144.7,0.0689,establishment,0,1.05,-6.0,0.0,5.273,0.5,0.0,44.58,7,5.62,45.3
2016-08-23,30.14,33.56,27.02,1.07,63.33,16.1,2.59,236,2016,4.338791798483749,nasa_power,Samba,Samba-2016,0.82,3.4,14.1,18.32,synthetic_degraded,163.2,0.0777,establishment,0,1.05,-11.47,51.59,4.556,1.0,0.0,44.2,8,-5.38,44.57
2016-08-24,30.68,35.86,26.0,0.86,60.48,23.81,2.79,237,2016,5.3966997439900535,nasa_power,Samba,Samba-2016,2.62,9.0,6.28,17.900000000000002,synthetic_degraded,181.2,0.0863,establishment,0,1.05,35.63,0.0,5.667,1.0,0.0,45.0,9,32.28,45.49
2016-08-25,28.65,32.31,25.49,4.44,71.6,17.83,2.78,238,2016,4.299849463533316,nasa_power,Samba,Samba-2016,6.31,10.44,7.96,24.71,synthetic_degraded,198.9,0.0947,establishment,0,1.05,29.82,0.0,4.515,1.0,0.0,45.0,10,34.06,44.3
2016-08-26,28.5,32.49,25.39,9.83,73.77,12.79,2.09,239,2016,4.389297529541967,nasa_power,Samba,Samba-2016,13.44,13.56,23.89,50.89,synthetic_degraded,216.6,0.1032,establishment,0,1.05,28.74,0.0,4.609,1.0,0.0,45.0,11,32.29,44.69
2016-08-27,28.54,32.81,25.39,8.02,74.93,16.09,2.51,240,2016,4.500560985490441,nasa_power,Samba,Samba-2016,12.35,7.96,24.96,45.269999999999996,synthetic_degraded,234.3,0.1116,establishment,0,1.05,32.97,0.0,4.726,1.0,0.0,45.0,12,42.57,46.75
2016-08-28,29.48,35.74,25.04,11.74,68.4,22.24,2.7,241,2016,5.550559604641033,nasa_power,Samba,Samba-2016,6.93,37.97,26.99,71.89,synthetic_degraded,251.8,0.1199,establishment,0,1.05,35.26,0.0,5.828,1.0,0.0,45.0,13,30.42,47.12
2016-08-29,28.96,33.9,24.89,12.81,70.69,22.43,2.16,242,2016,4.985669192101013,nasa_power,Samba,Samba-2016,31.14,21.89,1.18,54.21,synthetic_degraded,269.3,0.1282,establishment,0,1.05,40.17,0.0,5.235,1.0,0.0,45.0,14,42.96,43.17
2016-08-30,27.89,32.19,24.61,21.21,77.22,16.2,2.64,243,2016,4.474035626101903,nasa_power,Samba,Samba-2016,11.87,0.81,1.75,14.43,synthetic_degraded,286.6,0.1365,establishment,0,1.05,46.75,0.0,4.698,1.0,0.0,45.0,15,43.34,44.69
2016-08-31,27.67,32.99,23.7,14.31,73.69,15.86,2.86,244,2016,4.944171091818869,nasa_power,Samba,Samba-2016,1.62,2.41,0.27,4.300000000000001,synthetic_degraded,303.4,0.1445,establishment,0,1.05,62.26,0.0,5.191,1.0,0.0,45.0,16,64.82,46.26
2016-09-01,27.24,32.05,23.76,1.21,70.21,19.34,2.96,245,2016,4.622959717829096,nasa_power,Samba,Samba-2016,2.12,0.28,0.15,2.5500000000000003,synthetic_degraded,320.3,0.1525,tillering,1,1.1,70.38,0.0,5.085,1.0,0.0,45.0,17,69.31,47.82
2016-09-02,27.95,33.49,23.72,1.39,68.22,18.33,3.16,246,2016,5.092007829451895,nasa_power,Samba,Samba-2016,0.27,0.19,0.06,0.52,synthetic_degraded,337.2,0.1606,tillering,1,1.1,65.5,0.0,5.601,1.0,0.0,45.0,18,67.9,47.67
2016-09-03,28.78,34.34,23.84,0.24,66.68,22.45,2.68,247,2016,5.3300245211416435,nasa_power,Samba,Samba-2016,0.59,0.07,7.7,8.36,synthetic_degraded,354.1,0.1686,tillering,1,1.1,60.29,0.0,5.863,1.0,0.0,45.0,19,53.24,43.81
2016-09-04,29.22,34.36,25.15,0.2,66.74,16.26,2.49,248,2016,5.05867565149607,nasa_power,Samba,Samba-2016,0.03,0.43,0.07,0.53,synthetic_degraded,371.7,0.177,tillering,1,1.1,53.67,0.0,5.565,1.0,0.0,45.0,20,57.64,46.91
2016-09-05,29.17,34.58,24.66,0.06,65.4,21.4,2.38,249,2016,5.230746519909132,nasa_power,Samba,Samba-2016,0.3,1.34,0.03,1.6700000000000002,synthetic_degraded,389.0,0.1852,tillering,1,1.1,47.3,0.0,5.754,1.0,0.0,45.0,21,48.33,45.09
2016-09-06,29.31,35.24,24.34,0.44,63.88,22.0,2.91,250,2016,5.497806168570901,nasa_power,Samba,Samba-2016,0.05,0.02,1.23,1.3,synthetic_degraded,406.2,0.1934,tillering,1,1.1,40.61,0.0,6.048,1.0,0.0,45.0,22,41.37,46.57
2016-09-07,29.7,36.24,24.16,0.06,61.23,24.82,2.95,251,2016,5.832139196720711,nasa_power,Samba,Samba-2016,0.06,0.68,2.69,3.4299999999999997,synthetic_degraded,423.2,0.2015,tillering,1,1.1,34.0,0.0,6.415,1.0,0.0,45.0,23,43.75,46.18
2016-09-08,29.39,35.26,24.31,0.02,61.92,24.22,2.66,252,2016,5.499223350385929,nasa_power,Samba,Samba-2016,1.77,0.8,1.45,4.0200000000000005,synthetic_degraded,440.4,0.2097,tillering,1,1.1,26.65,0.0,6.049,1.0,0.0,45.0,24,24.74,43.1
2016-09-09,30.22,36.99,24.51,0.79,62.79,22.42,2.34,253,2016,5.9837023922100006,nasa_power,Samba,Samba-2016,3.55,1.95,2.47,7.970000000000001,synthetic_degraded,457.7,0.2179,tillering,1,1.1,19.62,0.0,6.582,1.0,0.0,45.0,25,21.33,45.82
2016-09-10,30.14,35.48,25.95,1.99,66.39,14.36,1.94,254,2016,5.219431725722064,nasa_power,Samba,Samba-2016,1.08,1.04,5.71,7.83,synthetic_degraded,475.6,0.2265,tillering,1,1.1,12.83,0.0,5.741,1.0,0.0,45.0,26,13.33,46.51
2016-09-11,29.41,34.17,25.53,1.54,66.29,15.52,2.04,255,2016,4.875573574716343,nasa_power,Samba,Samba-2016,0.91,5.42,6.45,12.780000000000001,synthetic_degraded,493.4,0.235,tillering,1,1.1,8.07,0.0,5.363,1.0,0.0,45.0,27,9.06,44.97
2016-09-12,30.05,35.11,25.42,1.23,64.06,14.38,1.65,256,2016,5.2021133094662995,nasa_power,Samba,Samba-2016,2.63,2.62,2.17,7.42,synthetic_degraded,511.1,0.2434,tillering,1,1.1,3.25,0.0,5.722,1.0,0.0,45.0,28,14.36,44.63
2016-09-13,29.81,34.55,25.18,3.82,65.6,16.12,1.71,257,2016,5.066629602316463,nasa_power,Samba,Samba-2016,1.48,0.97,0.71,3.16,synthetic_degraded,528.7,0.2518,tillering,1,1.1,-2.24,0.0,5.573,1.0,0.0,44.84,29,-1.92,42.48
2016-09-14,29.66,35.05,25.13,2.11,67.53,12.08,2.27,258,2016,5.231050749453868,nasa_power,Samba,Samba-2016,2.21,1.19,0.52,3.92,synthetic_degraded,546.3,0.2601,tillering,1,1.1,-4.99,0.0,5.688,0.5,0.0,44.65,30,-7.83,45.68
2016-09-15,30.31,36.41,25.87,1.13,64.4,21.88,2.44,259,2016,5.5028630536578955,nasa_power,Samba,Samba-2016,6.14,0.48,0.27,6.889999999999999,synthetic_degraded,564.2,0.2687,tillering,1,1.1,-9.07,0.0,5.861,0.5,0.0,44.36,31,0.28,44.67
2016-09-16,30.01,36.02,25.34,0.75,64.49,23.21,2.89,260,2016,5.479570489338639,nasa_power,Samba,Samba-2016,0.42,0.2,0.16,0.78,synthetic_degraded,581.9,0.2771,tillering,1,1.1,-14.3,0.0,5.701,0.5,0.0,44.0,32,-15.84,42.62
2016-09-17,29.41,34.32,25.08,0.44,64.82,14.14,3.02,261,2016,4.986541200368796,nasa_power,Samba,Samba-2016,0.27,0.25,0.7,1.22,synthetic_degraded,599.4,0.2854,tillering,1,1.1,-19.75,0.0,5.061,0.5,0.0,43.62,33,-27.78,43.13
2016-09-18,29.9,36.19,24.52,0.19,61.43,22.67,2.76,262,2016,5.672779444377131,nasa_power,Samba,Samba-2016,0.13,2.5,0.9,3.53,synthetic_degraded,616.7,0.2937,tillering,1,1.1,-24.88,0.0,5.624,0.5,0.0,43.26,34,-28.58,43.49
2016-09-19,30.43,37.22,25.27,0.27,59.26,23.24,2.41,263,2016,5.837472375240971,nasa_power,Samba,Samba-2016,1.2,4.99,0.67,6.86,synthetic_degraded,634.3,0.302,tillering,1,1.1,-30.81,0.0,5.637,0.5,0.0,42.84,35,-37.04,42.0
2016-09-20,29.89,34.81,25.85,1.17,63.09,19.11,2.16,264,2016,4.952459837802153,nasa_power,Samba,Samba-2016,0.99,0.61,0.04,1.6400000000000001,synthetic_degraded,652.2,0.3106,tillering,1,1.1,-36.68,0.0,4.674,0.5,0.0,42.43,36,-45.68,42.43
2016-09-21,30.15,35.96,25.4,1.62,63.15,14.62,2.21,265,2016,5.406654450898342,nasa_power,Samba,Samba-2016,0.61,0.03,0.07,0.71,synthetic_degraded,669.9,0.319,tillering,1,1.1,-40.68,0.0,5.018,0.5,0.0,42.15,37,-42.5,39.53
2016-09-22,30.94,37.96,25.33,0.7,59.26,21.26,2.83,266,2016,6.020314575158864,nasa_power,Samba,Samba-2016,0.04,0.19,0.04,0.27,synthetic_degraded,687.6,0.3274,tillering,1,1.1,-44.58,0.0,5.46,0.5,0.0,41.88,38,-44.93,43.9
2016-09-23,31.0,37.76,25.08,0.05,55.44,20.33,3.37,267,2016,5.994262366457273,nasa_power,Samba,Samba-2016,1.03,0.03,0.11,1.1700000000000002,synthetic_degraded,705.1,0.3358,tillering,1,1.1,-49.84,0.0,5.281,0.5,0.0,41.51,39,-43.94,41.53
2016-09-24,31.16,38.31,25.89,0.14,55.15,18.95,4.01,268,2016,6.003627314888171,nasa_power,Samba,Samba-2016,0.04,0.39,2.93,3.3600000000000003,synthetic_degraded,723.1,0.3443,tillering,1,1.1,-55.57,0.0,5.14,0.5,0.0,41.11,40,-52.42,39.46
2016-09-25,30.83,37.99,24.96,0.04,57.5,20.76,3.43,269,2016,6.061048921586423,nasa_power,Samba,Samba-2016,1.17,1.36,4.21,6.74,synthetic_degraded,740.6,0.3526,stem_elongation,2,1.15,-61.07,0.0,5.269,0.5,0.0,40.73,41,-58.15,37.04
2016-09-26,31.33,38.11,26.07,0.12,57.84,18.86,2.62,270,2016,5.887774899604311,nasa_power,Samba,Samba-2016,1.56,1.75,12.34,15.65,synthetic_degraded,758.6,0.3612,stem_elongation,2,1.15,-66.8,0.0,4.965,0.5,0.0,40.32,42,-71.27,41.86
2016-09-27,29.72,33.17,26.46,1.72,67.05,14.5,2.26,271,2016,4.186819103193731,nasa_power,Samba,Samba-2016,2.01,5.72,3.88,11.61,synthetic_degraded,776.8,0.3699,stem_elongation,2,1.15,-72.14,0.0,3.459,0.5,0.0,39.95,43,-67.72,40.79
2016-09-28,29.56,34.02,25.98,1.7,69.55,14.17,2.06,272,2016,4.591655008678842,nasa_power,Samba,Samba-2016,6.8,1.94,1.0,9.74,synthetic_degraded,794.8,0.3785,stem_elongation,2,1.15,-74.38,0.0,3.745,0.5,0.0,39.79,44,-67.42,40.11
2016-09-29,28.79,32.48,26.06,10.05,74.21,14.76,1.76,273,2016,4.032171699976632,nasa_power,Samba,Samba-2016,8.34,0.92,1.87,11.129999999999999,synthetic_degraded,812.8,0.3871,stem_elongation,2,1.15,-76.93,0.0,3.397,0.5,0.0,39.62,45,-74.96,40.92
2016-09-30,28.81,33.32,25.23,5.31,72.93,19.43,2.1,274,2016,4.517373520447199,nasa_power,Samba,Samba-2016,0.68,0.05,0.08,0.81,synthetic_degraded,830.5,0.3955,stem_elongation,2,1.15,-70.77,0.0,3.835,0.5,0.0,40.05,46,-68.66,41.34
2016-10-01,29.61,35.59,24.88,0.75,65.72,21.37,2.33,275,2016,5.292349835326532,nasa_power,Samba,Samba-2016,0.1,0.13,3.19,3.42,synthetic_degraded,847.9,0.4038,stem_elongation,2,1.15,-69.8,0.0,4.405,0.5,0.0,40.11,47,-76.12,40.4
2016-10-02,30.17,37.32,24.72,0.13,63.23,22.33,2.17,276,2016,5.821495205185216,nasa_power,Samba,Samba-2016,0.06,9.48,5.6,15.14,synthetic_degraded,865.3,0.412,stem_elongation,2,1.15,-73.95,0.0,4.718,0.5,0.0,39.82,48,-68.68,39.44
2016-10-03,29.98,36.49,25.5,0.09,64.5,22.19,2.22,277,2016,5.422036554923722,nasa_power,Samba,Samba-2016,4.22,6.41,1.16,11.79,synthetic_degraded,883.0,0.4205,stem_elongation,2,1.15,-79.04,0.0,4.266,0.5,0.0,39.47,49,-70.14,38.84
2016-10-04,30.44,37.07,25.26,4.7,64.67,20.73,1.82,278,2016,5.627525705451803,nasa_power,Samba,Samba-2016,16.01,2.26,0.53,18.800000000000004,synthetic_degraded,900.6,0.4289,stem_elongation,2,1.15,-83.72,0.0,4.426,0.5,0.0,39.14,50,-82.11,39.77
2016-10-05,27.68,30.75,25.59,6.9,77.95,20.55,1.54,279,2016,3.4842301509730014,nasa_power,Samba,Samba-2016,1.22,0.37,0.3,1.89,synthetic_degraded,918.4,0.4373,stem_elongation,2,1.15,-83.94,0.0,2.772,0.5,0.0,39.12,51,-86.91,41.22
2016-10-06,28.88,33.62,24.69,1.26,70.47,22.85,1.82,280,2016,4.67087704126986,nasa_power,Samba,Samba-2016,0.22,0.49,1.05,1.76,synthetic_degraded,935.8,0.4456,stem_elongation,2,1.15,-80.31,0.0,3.673,0.5,0.0,39.38,52,-81.12,39.23
2016-10-07,28.9,33.59,24.83,0.37,66.04,18.43,2.01,281,2016,4.62061450500421,nasa_power,Samba,Samba-2016,0.36,0.87,0.35,1.58,synthetic_degraded,953.2,0.4539,stem_elongation,2,1.15,-83.23,0.0,3.553,0.5,0.0,39.17,53,-85.33,41.38
2016-10-08,29.26,35.28,25.17,0.24,63.35,23.57,2.47,282,2016,5.058836980035359,nasa_power,Samba,Samba-2016,0.81,0.09,3.61,4.51,synthetic_degraded,970.8,0.4623,stem_elongation,2,1.15,-86.91,0.0,3.801,0.5,0.0,38.92,54,-88.71,39.48
2016-10-09,30.48,36.27,25.01,0.46,61.14,22.78,2.4,283,2016,5.371748261783477,nasa_power,Samba,Samba-2016,0.3,2.87,8.14,11.31,synthetic_degraded,988.3,0.4706,stem_elongation,2,1.15,-90.97,0.0,3.941,0.5,0.0,38.63,55,-87.73,39.2
2016-10-10,30.79,38.17,25.25,0.26,57.65,23.32,2.59,284,2016,5.86659310561712,nasa_power,Samba,Samba-2016,2.27,20.14,1.96,24.37,synthetic_degraded,1005.9,0.479,stem_elongation,2,1.15,-94.95,0.0,4.191,0.5,0.0,38.35,56,-93.55,41.96
2016-10-11,29.37,33.92,25.75,2.98,66.4,13.82,2.39,285,2016,4.477173513113963,nasa_power,Samba,Samba-2016,16.62,3.98,0.9,21.5,synthetic_degraded,1023.8,0.4875,stem_elongation,2,1.15,-99.38,0.0,3.163,0.5,0.0,38.04,57,-94.36,40.52
2016-10-12,28.59,32.6,25.03,9.34,71.78,18.93,1.87,286,2016,4.206601897448388,nasa_power,Samba,Samba-2016,3.93,0.92,0.07,4.920000000000001,synthetic_degraded,1041.3,0.4959,stem_elongation,2,1.15,-100.07,0.0,3.082,0.5,0.0,38.0,58,-98.22,40.52
2016-10-13,29.28,34.39,25.18,3.13,70.12,20.03,1.16,287,2016,4.724278585220907,nasa_power,Samba,Samba-2016,2.18,0.1,0.0,2.2800000000000002,synthetic_degraded,1058.9,0.5042,panicle_initiation,3,1.2,-94.31,0.0,3.602,0.5,0.0,38.4,59,-98.63,37.2
2016-10-14,28.96,34.13,24.78,1.16,67.29,18.93,1.53,288,2016,4.714704262876157,nasa_power,Samba,Samba-2016,0.06,0.02,0.0,0.08,synthetic_degraded,1076.3,0.5125,panicle_initiation,3,1.2,-95.28,0.0,3.528,0.5,0.0,38.33,60,-97.78,41.62
2016-10-15,29.12,34.74,25.31,0.09,63.98,20.45,1.89,289,2016,4.77930919586171,nasa_power,Samba,Samba-2016,0.01,0.0,0.06,0.06999999999999999,synthetic_degraded,1093.9,0.5209,panicle_initiation,3,1.2,-98.15,157.89,5.735,1.0,0.0,38.13,61,-100.96,38.01
2016-10-16,28.72,34.87,24.03,0.01,64.26,20.17,2.0,290,2016,5.049089238956731,nasa_power,Samba,Samba-2016,0.0,0.1,0.54,0.64,synthetic_degraded,1110.9,0.529,panicle_initiation,3,1.2,53.09,0.0,6.059,1.0,0.0,45.0,62,52.16,44.66
2016-10-17,29.11,35.32,24.46,0.0,62.13,19.65,1.6,291,2016,5.087105353853779,nasa_power,Samba,Samba-2016,0.03,0.36,1.75,2.14,synthetic_degraded,1128.2,0.5372,panicle_initiation,3,1.2,46.04,0.0,6.105,1.0,0.0,45.0,63,55.01,41.76
2016-10-18,29.3,34.85,25.43,0.03,62.91,18.92,1.42,292,2016,4.74978839874262,nasa_power,Samba,Samba-2016,1.28,3.25,10.15,14.68,synthetic_degraded,1145.9,0.5457,panicle_initiation,3,1.2,38.94,0.0,5.7,1.0,0.0,45.0,64,48.71,45.49
2016-10-19,29.54,34.55,25.75,0.46,62.56,20.07,0.98,293,2016,4.5792481633868976,nasa_power,Samba,Samba-2016,1.83,5.31,0.99,8.129999999999999,synthetic_degraded,1163.8,0.5542,panicle_initiation,3,1.2,32.27,0.0,5.495,1.0,0.0,45.0,65,36.45,43.37
2016-10-20,28.69,32.79,26.16,2.07,70.96,17.29,1.54,294,2016,3.908030624255774,nasa_power,Samba,Samba-2016,4.81,1.74,7.86,14.41,synthetic_degraded,1181.8,0.5628,panicle_initiation,3,1.2,26.23,0.0,4.69,1.0,0.0,45.0,66,26.82,45.61
2016-10-21,27.09,30.5,25.11,3.77,77.56,8.98,1.59,295,2016,3.389805055142184,nasa_power,Samba,Samba-2016,5.61,2.46,1.87,9.940000000000001,synthetic_degraded,1199.4,0.5711,panicle_initiation,3,1.2,22.61,0.0,4.068,1.0,0.0,45.0,67,15.8,43.26
2016-10-22,27.7,32.09,24.34,2.38,72.69,16.17,0.81,296,2016,4.089874923309161,nasa_power,Samba,Samba-2016,1.51,1.66,0.13,3.3,synthetic_degraded,1216.6,0.5793,panicle_initiation,3,1.2,21.32,0.0,4.908,1.0,0.0,45.0,68,22.42,47.7
2016-10-23,28.19,33.34,24.41,2.98,71.95,15.03,1.27,297,2016,4.440748546149115,nasa_power,Samba,Samba-2016,1.52,0.15,0.0,1.67,synthetic_degraded,1233.8,0.5875,panicle_initiation,3,1.2,17.79,0.0,5.329,1.0,0.0,45.0,69,13.84,45.83
2016-10-24,28.2,32.97,24.63,1.05,71.67,17.18,1.71,298,2016,4.27264524939156,nasa_power,Samba,Samba-2016,0.1,0.01,0.02,0.13,synthetic_degraded,1251.1,0.5958,panicle_initiation,3,1.2,14.44,0.0,5.127,1.0,0.0,45.0,70,22.59,48.42
2016-10-25,28.66,34.38,24.94,0.14,63.48,20.5,1.4,299,2016,4.616572715875829,nasa_power,Samba,Samba-2016,0.01,0.01,3.12,3.14,synthetic_degraded,1268.6,0.6041,panicle_initiation,3,1.2,9.36,0.0,5.54,1.0,0.0,45.0,71,1.33,43.47
2016-10-26,28.73,34.77,23.92,0.01,62.78,20.51,1.69,300,2016,4.902659347083683,nasa_power,Samba,Samba-2016,0.01,0.15,4.58,4.74,synthetic_degraded,1285.5,0.6122,panicle_initiation,3,1.2,2.96,0.0,5.883,1.0,0.0,45.0,72,4.88,47.32
2016-10-27,29.46,34.92,25.38,0.02,58.43,17.5,1.22,301,2016,4.662484499163418,nasa_power,Samba,Samba-2016,0.14,4.64,5.39,10.169999999999998,synthetic_degraded,1303.2,0.6206,flowering,4,1.2,-3.91,0.0,5.508,0.5,0.0,44.73,73,-8.28,42.03
2016-10-28,29.98,36.13,24.66,0.11,60.47,19.3,1.65,302,2016,5.124019427632502,nasa_power,Samba,Samba-2016,14.33,9.92,15.64,39.89,synthetic_degraded,1320.5,0.6288,flowering,4,1.2,-9.9,0.0,5.908,0.5,0.0,44.31,74,-9.95,44.62
2016-10-29,30.48,37.4,25.48,4.08,63.59,17.44,1.85,303,2016,5.321765771022347,nasa_power,Samba,Samba-2016,26.19,6.34,0.64,33.17,synthetic_degraded,1338.3,0.6373,flowering,4,1.2,-16.2,0.0,6.077,0.5,0.0,43.87,75,-12.87,42.92
2016-10-30,28.58,33.24,25.87,10.21,76.19,13.02,1.46,304,2016,4.0130326035679555,nasa_power,Samba,Samba-2016,8.63,0.93,17.31,26.869999999999997,synthetic_degraded,1356.2,0.6458,flowering,4,1.2,-18.69,0.0,4.652,0.5,0.0,43.69,76,-13.58,43.02
2016-10-31,27.69,31.43,25.41,5.39,78.13,11.29,2.67,305,2016,3.5300170489182006,nasa_power,Samba,Samba-2016,1.32,14.79,3.59,19.7,synthetic_degraded,1373.9,0.6542,flowering,4,1.2,-13.63,55.88,4.236,1.0,0.0,44.05,77,-13.93,43.28
2016-11-01,28.13,33.6,24.05,1.12,70.58,20.28,2.95,306,2016,4.472472183027403,nasa_power,Samba,Samba-2016,35.6,5.13,0.4,41.13,synthetic_degraded,1390.9,0.6624,flowering,4,1.2,42.4,0.0,5.367,1.0,0.0,45.0,78,46.21,43.63
2016-11-02,26.24,28.65,24.45,19.31,85.67,9.07,2.55,307,2016,2.8133766705311625,nasa_power,Samba,Samba-2016,7.29,0.52,0.17,7.98,synthetic_degraded,1407.5,0.6702,flowering,4,1.2,37.15,0.0,3.376,1.0,0.0,45.0,79,33.84,43.11
2016-11-03,26.73,30.19,24.03,5.72,82.58,13.19,1.85,308,2016,3.4405710146440494,nasa_power,Samba,Samba-2016,0.52,0.56,1.03,2.1100000000000003,synthetic_degraded,1424.5,0.6783,flowering,4,1.2,52.09,0.0,4.129,1.0,0.0,45.0,80,53.32,44.34
2016-11-04,28.54,33.94,24.22,0.64,72.3,19.63,2.11,309,2016,4.498952243350976,nasa_power,Samba,Samba-2016,0.13,1.16,0.7,1.99,synthetic_degraded,1441.6,0.6865,flowering,4,1.2,52.68,0.0,5.399,1.0,0.0,45.0,81,57.69,45.17
2016-11-05,28.59,33.98,25.19,0.21,71.66,19.84,2.33,310,2016,4.31247471343204,nasa_power,Samba,Samba-2016,0.6,0.25,0.15,1.0,synthetic_degraded,1459.2,0.6949,flowering,4,1.2,46.92,0.0,5.175,1.0,0.0,45.0,82,48.58,46.75
2016-11-06,28.22,33.88,24.01,0.77,72.86,17.76,1.43,311,2016,4.495662130856167,nasa_power,Samba,Samba-2016,0.38,0.15,0.0,0.53,synthetic_degraded,1476.2,0.703,flowering,4,1.2,40.95,0.0,5.395,1.0,0.0,45.0,83,38.3,45.44
2016-11-07,27.9,33.39,24.06,0.39,67.62,12.37,1.64,312,2016,4.3385533877863125,nasa_power,Samba,Samba-2016,0.06,0.0,0.0,0.06,synthetic_degraded,1493.3,0.7111,flowering,4,1.2,35.33,0.0,5.206,1.0,0.0,45.0,84,33.93,46.75
2016-11-08,27.42,32.53,23.45,0.06,69.01,17.06,2.53,313,2016,4.201064062135649,nasa_power,Samba,Samba-2016,7.77,0.0,0.03,7.8,synthetic_degraded,1510.0,0.719,flowering,4,1.2,29.51,0.0,5.041,1.0,0.0,45.0,85,34.59,42.78
2016-11-09,26.55,32.65,22.69,0.0,60.62,20.46,2.78,314,2016,4.357521862074005,nasa_power,Samba,Samba-2016,0.0,0.03,0.55,0.5800000000000001,synthetic_degraded,1526.3,0.7268,flowering,4,1.2,23.53,0.0,5.229,1.0,0.0,45.0,86,18.07,44.35
2016-11-10,26.24,32.61,21.11,0.0,64.61,19.97,2.58,315,2016,4.5867394619082305,nasa_power,Samba,Samba-2016,0.02,0.2,7.45,7.67,synthetic_degraded,1541.9,0.7342,flowering,4,1.2,17.3,0.0,5.504,1.0,0.0,45.0,87,12.58,46.07
2016-11-11,26.9,32.92,22.16,0.02,69.17,18.88,2.26,316,2016,4.492508198737004,nasa_power,Samba,Samba-2016,0.63,5.91,2.35,8.89,synthetic_degraded,1558.0,0.7419,flowering,4,1.2,10.8,0.0,5.391,1.0,0.0,45.0,88,13.81,45.51
2016-11-12,27.43,33.02,23.15,0.49,72.91,19.04,2.59,317,2016,4.343198608212213,nasa_power,Samba,Samba-2016,13.68,1.91,0.89,16.48,synthetic_degraded,1574.5,0.7498,flowering,4,1.2,4.43,46.13,5.212,1.0,0.0,45.0,89,2.23,43.71
2016-11-13,27.37,32.34,24.25,6.58,79.73,16.0,2.75,318,2016,3.940061534558334,nasa_power,Samba,Samba-2016,2.69,0.93,2.25,5.87,synthetic_degraded,1591.7,0.7579,grain_filling,5,0.95,44.83,0.0,3.743,1.0,0.0,45.0,90,37.56,46.4
2016-11-14,27.73,32.58,24.26,2.47,76.55,18.55,2.6,319,2016,3.9964787651508744,nasa_power,Samba,Samba-2016,0.56,2.88,11.67,15.11,synthetic_degraded,1608.8,0.7661,grain_filling,5,0.95,46.67,0.0,3.797,1.0,0.0,45.0,91,53.42,44.2
2016-11-15,27.36,32.51,24.2,0.85,74.31,19.64,2.51,320,2016,3.9786305974285185,nasa_power,Samba,Samba-2016,1.08,6.96,7.61,15.649999999999999,synthetic_degraded,1625.9,0.7742,grain_filling,5,0.95,44.34,0.0,3.78,1.0,0.0,45.0,92,38.84,43.83
2016-11-16,27.45,32.03,24.24,2.44,77.6,18.84,3.44,321,2016,3.8244918033992494,nasa_power,Samba,Samba-2016,9.82,2.64,3.43,15.89,synthetic_degraded,1643.0,0.7824,grain_filling,5,0.95,40.41,0.0,3.633,1.0,0.0,45.0,93,39.41,45.73
2016-11-17,27.42,32.41,24.65,7.21,76.55,17.18,3.67,322,2016,3.840792839272312,nasa_power,Samba,Samba-2016,1.89,4.18,0.83,6.8999999999999995,synthetic_degraded,1660.3,0.7906,grain_filling,5,0.95,38.22,0.0,3.649,1.0,0.0,45.0,94,35.12,45.01
2016-11-18,27.02,32.51,23.41,2.79,75.14,16.91,3.94,323,2016,4.09846641711101,nasa_power,Samba,Samba-2016,3.83,0.95,0.67,5.45,synthetic_degraded,1677.0,0.7986,grain_filling,5,0.95,40.78,0.0,3.894,1.0,0.0,45.0,95,39.29,44.22
2016-11-19,26.61,31.81,23.13,2.59,74.03,12.3,3.48,324,2016,3.950876691242628,nasa_power,Samba,Samba-2016,1.56,0.61,0.07,2.2399999999999998,synthetic_degraded,1693.6,0.8065,grain_filling,5,0.95,38.68,0.0,3.753,1.0,0.0,45.0,96,34.26,44.16
2016-11-20,26.77,32.35,22.98,0.83,73.25,10.79,3.31,325,2016,4.113400937613179,nasa_power,Samba,Samba-2016,0.3,0.1,0.07,0.47000000000000003,synthetic_degraded,1710.1,0.8143,grain_filling,5,0.95,36.52,0.0,3.908,1.0,0.0,45.0,97,40.09,43.4
2016-11-21,26.33,31.24,22.62,0.6,75.62,18.09,3.03,326,2016,3.873120132931506,nasa_power,Samba,Samba-2016,0.12,4.45,0.01,4.58,synthetic_degraded,1726.4,0.8221,grain_filling,5,0.95,32.44,0.0,3.679,1.0,0.0,45.0,98,32.99,44.41
2016-11-22,26.68,32.76,21.99,0.09,73.41,18.8,3.22,327,2016,4.363080611010198,nasa_power,Samba,Samba-2016,0.09,0.01,0.0,0.09999999999999999,synthetic_degraded,1742.4,0.8297,grain_filling,5,0.95,28.36,0.0,4.145,1.0,0.0,45.0,99,33.28,46.65
2016-11-23,26.2,32.19,22.24,0.05,70.52,19.85,3.25,328,2016,4.170231296815018,nasa_power,Samba,Samba-2016,0.02,0.0,3.21,3.23,synthetic_degraded,1758.5,0.8374,grain_filling,5,0.95,23.3,0.0,3.962,1.0,0.0,45.0,100,20.25,45.37
2016-11-24,25.29,31.86,20.45,0.01,68.68,19.5,3.06,329,2016,4.351839121688511,nasa_power,Samba,Samba-2016,0.0,0.0,0.0,0.0,synthetic_degraded,1773.7,0.8446,grain_filling,5,0.95,18.39,0.0,4.134,1.0,0.0,45.0,101,29.06,46.44
2016-11-25,25.54,32.33,20.49,0.0,71.99,19.37,3.24,330,2016,4.4501599113818076,nasa_power,Samba,Samba-2016,0.01,0.0,0.0,0.01,synthetic_degraded,1789.0,0.8519,grain_filling,5,0.95,13.27,0.0,4.228,1.0,0.0,45.0,102,3.75,45.77
2016-11-26,25.36,32.13,19.79,0.01,70.2,19.89,2.92,331,2016,4.488484118761384,nasa_power,Samba,Samba-2016,0.0,0.0,0.0,0.0,synthetic_degraded,1803.9,0.859,grain_filling,5,0.95,8.04,0.0,4.264,1.0,0.0,45.0,103,0.11,44.08
2016-11-27,24.65,32.11,18.97,0.0,67.85,19.47,2.74,332,2016,4.578949068046576,nasa_power,Samba,Samba-2016,2.63,9.18,0.91,12.719999999999999,synthetic_degraded,1818.4,0.8659,grain_filling,5,0.95,2.79,0.0,4.35,1.0,0.0,45.0,104,11.56,42.53
2016-11-28,24.56,31.23,19.27,0.0,69.28,17.65,1.92,333,2016,4.331737142404777,nasa_power,Samba,Samba-2016,0.0,0.64,32.12,32.76,synthetic_degraded,1833.0,0.8729,grain_filling,5,0.95,-2.56,0.0,4.073,0.5,0.0,44.82,105,-0.19,43.43
2016-11-29,24.59,31.53,19.11,0.0,70.52,15.46,2.18,334,2016,4.414052866186069,nasa_power,Samba,Samba-2016,0.24,24.42,13.94,38.6,synthetic_degraded,1847.6,0.8798,grain_filling,5,0.95,-7.14,0.0,4.074,0.5,0.0,44.5,106,-5.43,43.49
2016-11-30,24.5,29.2,20.37,0.82,72.86,15.14,2.56,335,2016,3.669787310296,nasa_power,Samba,Samba-2016,18.21,7.43,1.34,26.98,synthetic_degraded,1862.3,0.8868,grain_filling,5,0.95,-11.71,0.0,3.334,0.5,0.0,44.18,107,-9.55,43.06
2016-12-01,23.83,27.4,21.05,20.85,79.97,6.79,4.82,336,2016,3.066453719626702,nasa_power,Samba,Samba-2016,13.75,4.31,1.61,19.669999999999998,synthetic_degraded,1876.6,0.8936,grain_filling,5,0.95,-14.73,0.0,2.913,1.0,0.0,43.97,108,-11.87,45.44
2016-12-02,25.42,29.45,23.06,9.59,83.75,10.41,3.96,337,2016,3.220016880178107,nasa_power,Samba,Samba-2016,1.51,2.62,1.25,5.38,synthetic_degraded,1892.8,0.9013,ripening,6,0.65,2.21,0.0,2.093,1.0,0.0,45.0,109,3.71,46.46
2016-12-03,26.51,31.36,23.55,1.41,79.76,16.32,2.58,338,2016,3.651814567823652,nasa_power,Samba,Samba-2016,2.13,2.31,1.21,5.6499999999999995,synthetic_degraded,1909.6,0.9093,ripening,6,0.65,8.71,0.0,2.374,1.0,0.0,45.0,110,3.88,48.32
2016-12-04,26.88,32.19,23.06,1.99,78.03,16.73,2.04,339,2016,3.9580854037250974,nasa_power,Samba,Samba-2016,1.06,0.04,7.85,8.95,synthetic_degraded,1926.1,0.9172,ripening,6,0.65,6.74,0.0,2.573,1.0,0.0,45.0,111,10.83,43.85
2016-12-05,26.81,32.25,23.24,1.25,76.91,16.65,2.97,340,2016,3.937593274454572,nasa_power,Samba,Samba-2016,0.04,0.8,0.37,1.21,synthetic_degraded,1942.7,0.9251,ripening,6,0.65,5.16,0.0,2.559,1.0,0.0,45.0,112,8.46,47.4
2016-12-06,25.64,31.31,21.58,0.06,69.78,17.85,3.5,341,2016,3.9706041200681015,nasa_power,Samba,Samba-2016,0.71,0.14,0.0,0.85,synthetic_degraded,1958.5,0.9326,ripening,6,0.65,2.85,0.0,2.581,1.0,0.0,45.0,113,9.99,47.39
2016-12-07,25.57,31.25,20.46,0.72,76.9,11.66,3.17,342,2016,4.121210090979947,nasa_power,Samba,Samba-2016,0.33,0.0,0.0,0.33,synthetic_degraded,1973.8,0.9399,ripening,6,0.65,-0.67,0.0,2.679,1.0,0.0,44.95,114,8.15,44.6
2016-12-08,26.47,31.73,22.83,0.32,75.15,15.87,3.04,343,2016,3.8613519856355873,nasa_power,Samba,Samba-2016,1.74,0.0,0.04,1.78,synthetic_degraded,1990.2,0.9477,ripening,6,0.65,-3.63,0.0,2.477,0.5,0.0,44.75,115,-1.98,45.46
2016-12-09,26.21,32.63,21.86,0.0,69.14,18.08,2.46,344,2016,4.240647932107639,nasa_power,Samba,Samba-2016,0.0,0.08,20.94,21.02,synthetic_degraded,2006.1,0.9553,ripening,6,0.65,-6.28,0.0,2.687,0.5,0.0,44.56,116,-12.42,46.42
2016-12-10,24.81,32.64,19.24,0.0,61.24,15.44,2.15,345,2016,4.589480631246577,nasa_power,Samba,Samba-2016,0.05,4.83,2.0,6.88,synthetic_degraded,2020.7,0.9623,ripening,6,0.65,-9.47,0.0,2.87,0.5,0.0,44.34,117,-0.61,44.25
2016-12-11,25.11,33.33,17.85,0.05,48.74,13.25,2.22,346,2016,4.889897765701366,nasa_power,Samba,Samba-2016,11.23,0.98,0.11,12.32,synthetic_degraded,2034.7,0.9689,ripening,6,0.65,-12.84,0.0,3.016,0.5,0.0,44.1,118,-17.93,43.9
2016-12-12,26.34,34.22,20.66,6.86,59.79,6.57,2.55,347,2016,4.768781712358044,nasa_power,Samba,Samba-2016,1.2,0.18,0.03,1.41,synthetic_degraded,2050.0,0.9762,ripening,6,0.65,-16.31,0.0,2.983,0.5,0.0,43.86,119,-14.62,42.92
2016-12-13,26.94,33.08,22.36,1.42,71.51,16.59,2.08,348,2016,4.264060796969245,nasa_power,Samba,Samba-2016,9.06,0.03,4.96,14.05,synthetic_degraded,2066.2,0.9839,ripening,6,0.65,-12.93,0.0,2.644,0.5,0.0,44.09,120,-14.21,40.55
2016-12-14,26.73,32.37,23.07,0.18,75.88,15.01,2.39,349,2016,3.969857173876345,nasa_power,Samba,Samba-2016,0.04,2.46,0.1,2.6,synthetic_degraded,2082.7,0.9918,ripening,6,0.65,-14.65,0.0,2.431,0.5,0.0,43.97,121,-16.8,44.08
2016-12-15,26.29,31.95,22.7,0.03,74.18,18.72,2.5,350,2016,3.9234268816871185,nasa_power,Samba,Samba-2016,3.7,0.29,0.0,3.99,synthetic_degraded,2099.1,0.9995,ripening,6,0.65,-17.4,0.0,2.373,0.5,0.0,43.78,122,-13.58,42.72
2016-12-16,25.75,31.39,21.96,3.5,79.19,10.62,2.75,351,2016,3.9033251437028174,nasa_power,Samba,Samba-2016,0.15,0.0,0.01,0.16,synthetic_degraded,2115.0,1.0072,ripening,6,0.65,-20.25,0.0,2.367,0.5,0.0,43.58,123,-19.03,41.97
2016-12-17,25.76,31.79,21.85,0.12,73.77,18.04,3.08,352,2016,4.019855143828503,nasa_power,Samba,Samba-2016,0.0,0.01,9.07,9.08,synthetic_degraded,2131.0,1.0147,ripening,6,0.65,-19.61,0.0,2.409,0.5,0.0,43.63,124,-17.04,44.26
2016-12-18,25.48,31.71,20.88,0.0,73.31,17.83,2.91,353,2016,4.146248542759392,nasa_power,Samba,Samba-2016,0.02,2.59,0.27,2.88,synthetic_degraded,2146.4,1.0221,ripening,6,0.65,-22.4,0.0,2.454,0.5,0.0,43.43,125,-26.48,41.25
2016-12-19,25.6,31.42,20.63,0.01,71.67,18.95,3.65,354,2016,4.11327722605808,nasa_power,Samba,Samba-2016,4.27,0.73,0.0,5.0,synthetic_degraded,2161.7,1.0294,ripening,6,0.65,-25.36,0.0,2.403,0.5,0.0,43.22,126,-26.23,44.43
2016-12-20,25.76,31.09,21.7,3.1,81.08,11.47,3.79,355,2016,3.8699409891054226,nasa_power,Samba,Samba-2016,0.53,0.0,0.0,0.53,synthetic_degraded,2177.6,1.0369,ripening,6,0.65,-28.25,0.0,2.262,0.5,0.0,43.02,127,-32.1,43.75
2016-12-21,26.11,31.9,22.24,0.6,78.21,15.73,3.26,356,2016,3.9858926791765814,nasa_power,Samba,Samba-2016,0.0,0.0,0.0,0.0,synthetic_degraded,2193.7,1.0446,ripening,6,0.65,-27.91,0.0,2.308,0.5,0.0,43.05,128,-28.91,42.45
2016-12-22,25.37,32.54,20.37,0.0,68.48,19.31,2.52,357,2016,4.413779096533524,nasa_power,Samba,Samba-2016,0.0,0.0,0.0,0.0,synthetic_degraded,2208.9,1.0518,ripening,6,0.65,-30.12,0.0,2.523,0.5,0.0,42.89,129,-30.71,42.8
2016-12-23,23.85,30.91,18.57,0.0,66.68,20.61,2.24,358,2016,4.273850727486325,nasa_power,Samba,Samba-2016,1.35,1.53,0.0,2.88,synthetic_degraded,2223.2,1.0586,ripening,6,0.65,-33.14,0.0,2.41,0.5,0.0,42.68,130,-23.92,40.89
2016-12-24,23.45,30.53,17.91,0.0,69.4,19.92,2.24,359,2016,4.271206101535077,nasa_power,Samba,Samba-2016,0.0,0.0,0.63,0.63,synthetic_degraded,2237.1,1.0653,ripening,6,0.65,-36.05,0.0,2.376,0.5,0.0,42.48,131,-37.35,43.61
2016-12-25,23.94,31.66,18.27,0.0,65.75,20.18,2.02,360,2016,4.480052442926888,nasa_power,Samba,Samba-2016,0.38,1.89,16.45,18.72,synthetic_degraded,2251.2,1.072,ripening,6,0.65,-38.93,0.0,2.459,0.5,0.0,42.27,132,-49.56,42.55
2016-12-26,25.35,32.93,19.2,0.0,66.57,18.88,2.93,361,2016,4.656247455540702,nasa_power,Samba,Samba-2016,2.65,12.69,0.22,15.56,synthetic_degraded,2265.8,1.079,ripening,6,0.65,-41.89,0.0,2.519,0.5,0.0,42.07,133,-34.91,42.46
2016-12-27,26.37,32.35,21.47,1.22,70.85,17.4,3.8,362,2016,4.227840617717732,nasa_power,Samba,Samba-2016,12.18,0.29,0.0,12.469999999999999,synthetic_degraded,2281.6,1.0865,ripening,6,0.65,-44.91,0.0,2.268,0.5,0.0,41.86,134,-42.66,42.61
2016-12-28,25.68,30.93,22.75,13.23,81.73,13.45,3.98,363,2016,3.6631557121917764,nasa_power,Samba,Samba-2016,0.65,1.57,0.0,2.22,synthetic_degraded,2298.0,1.0943,ripening,6,0.65,-46.45,0.0,2.065,0.5,0.0,41.75,135,-47.11,40.79
2016-12-29,25.48,31.09,21.59,0.32,74.44,18.9,3.95,364,2016,3.9069836407512613,nasa_power,Samba,Samba-2016,0.0,0.1,0.19,0.29000000000000004,synthetic_degraded,2313.7,1.1018,ripening,6,0.65,-35.79,0.0,2.179,0.5,0.0,42.49,136,-37.98,40.21
2016-12-30,24.96,30.83,20.44,0.0,67.15,18.44,3.13,365,2016,4.024625350734676,nasa_power,Samba,Samba-2016,0.0,0.42,1.56,1.98,synthetic_degraded,2329.0,1.109,ripening,6,0.65,-38.15,0.0,2.217,0.5,0.0,42.33,137,-42.88,43.77
2016-12-31,24.82,31.2,19.93,0.0,64.2,20.22,2.81,366,2016,4.1893497216931035,nasa_power,Samba,Samba-2016,8.16,0.12,0.0,8.28,synthetic_degraded,2343.9,1.1162,ripening,6,0.65,-40.87,0.0,2.278,0.5,0.0,42.14,138,-31.18,43.17
2017-01-01,25.23,31.08,20.84,0.21,72.55,18.07,3.4,1,2016,4.0296989218935915,nasa_power,Samba,Samba-2016,0.15,0.0,0.0,0.15,synthetic_degraded,2359.4,1.1235,ripening,6,0.65,-43.64,0.0,2.164,0.5,0.0,41.94,139,-43.38,41.14
2017-01-02,25.74,31.78,21.02,0.11,72.69,20.08,3.32,2,2016,4.177127642899036,nasa_power,Samba,Samba-2016,0.0,0.0,0.17,0.17,synthetic_degraded,2374.9,1.1309,ripening,6,0.65,-46.1,0.0,2.216,0.5,0.0,41.77,140,-54.79,42.38
2017-01-03,25.49,32.56,20.18,0.0,65.77,21.16,3.25,3,2016,4.483087120318943,nasa_power,Samba,Samba-2016,0.0,0.0,1.99,1.99,synthetic_degraded,2390.0,1.1381,ripening,6,0.65,-48.7,0.0,2.346,0.5,0.0,41.59,141,-47.06,43.48
2017-01-04,24.61,31.44,18.1,0.0,67.65,20.13,3.0,4,2016,4.491037471826047,nasa_power,Samba,Samba-2016,0.0,0.0,1.53,1.53,synthetic_degraded,2404.0,1.1448,ripening,6,0.65,-51.55,0.0,2.317,0.5,0.0,41.39,142,-45.52,43.1
2017-01-05,24.94,31.59,19.52,0.0,68.1,17.7,2.84,5,2016,4.356809395837768,nasa_power,Samba,Samba-2016,0.0,1.99,0.0,1.99,synthetic_degraded,2418.8,1.1518,ripening,6,0.65,-54.37,0.0,2.216,0.5,0.0,41.19,143,-53.59,40.34
2017-01-06,25.09,32.0,19.41,0.0,68.34,19.3,2.85,6,2016,4.471700902827709,nasa_power,Samba,Samba-2016,0.0,0.0,3.27,3.27,synthetic_degraded,2433.5,1.1588,ripening,6,0.65,-57.08,0.0,2.243,0.5,0.0,41.0,144,-61.59,38.77
2017-01-07,24.91,31.55,19.67,0.0,67.59,17.3,2.48,7,2016,4.341076082062386,nasa_power,Samba,Samba-2016,0.0,0.0,0.0,0.0,synthetic_degraded,2448.3,1.1659,ripening,6,0.65,-59.83,0.0,2.146,0.5,0.0,40.81,145,-64.79,38.83
2017-01-08,24.52,31.54,19.16,0.0,62.25,20.13,2.58,8,2016,4.412169873415801,nasa_power,Samba,Samba-2016,0.0,0.0,0.0,0.0,synthetic_degraded,2462.9,1.1728,ripening,6,0.65,-62.47,0.0,2.151,0.5,0.0,40.63,146,-67.06,40.16
2017-01-09,24.33,31.73,18.36,0.0,60.38,21.41,2.56,9,2016,4.5605895103273255,nasa_power,Samba,Samba-2016,3.86,0.0,0.0,3.86,synthetic_degraded,2477.1,1.1796,ripening,6,0.65,-65.12,0.0,2.192,0.5,0.0,40.44,147,-57.51,42.63
2017-01-10,24.91,32.28,18.45,0.0,63.48,20.25,2.22,10,2016,4.681376580719199,nasa_power,Samba,Samba-2016,0.0,0.0,0.0,0.0,synthetic_degraded,2491.3,1.1863,ripening,6,0.65,-67.82,0.0,2.217,0.5,0.0,40.25,148,-68.18,39.16
2017-01-11,25.57,32.18,20.47,0.0,63.45,18.16,2.17,11,2016,4.411642661117244,nasa_power,Samba,Samba-2016,0.0,0.1,1.13,1.23,synthetic_degraded,2506.5,1.1936,ripening,6,0.65,-70.53,0.0,2.059,0.5,0.0,40.06,149,-78.92,39.17
2017-08-15,27.81,32.4,23.76,3.02,75.21,18.23,1.84,227,2017,4.763006517743016,nasa_power,Samba,Samba-2017,3.7,6.96,5.1,15.76,synthetic_degraded,16.9,0.008,establishment,0,1.05,40.0,0.0,5.001,1.0,0.0,45.0,0,37.93,47.63
2017-08-16,28.06,32.26,24.82,4.88,76.35,24.06,2.35,228,2017,4.4642438810898355,nasa_power,Samba,Samba-2017,2.5,10.86,1.83,15.19,synthetic_degraded,34.3,0.0163,establishment,0,1.05,37.02,0.0,4.687,1.0,0.0,45.0,1,32.8,46.6
2017-08-17,28.01,32.47,24.24,3.18,77.22,15.29,2.83,229,2017,4.6764406908059755,nasa_power,Samba,Samba-2017,6.42,1.08,1.27,8.77,synthetic_degraded,51.4,0.0245,establishment,0,1.05,36.21,0.0,4.91,1.0,0.0,45.0,2,41.37,46.34
2017-08-18,27.76,31.41,24.83,6.45,77.65,17.45,2.83,230,2017,4.159960770850931,nasa_power,Samba,Samba-2017,1.75,3.22,1.82,6.790000000000001,synthetic_degraded,68.8,0.0328,establishment,0,1.05,33.48,0.0,4.368,1.0,0.0,45.0,3,33.59,48.95
2017-08-19,28.49,33.94,24.35,3.12,73.08,18.57,4.09,231,2017,5.133771195438429,nasa_power,Samba,Samba-2017,13.51,2.89,1.65,18.049999999999997,synthetic_degraded,86.0,0.041,establishment,0,1.05,34.56,0.0,5.39,1.0,0.0,45.0,4,39.3,45.14
2017-08-20,28.9,35.04,24.1,2.68,69.36,19.67,3.92,232,2017,5.5322101100403165,nasa_power,Samba,Samba-2017,2.06,1.65,1.56,5.27,synthetic_degraded,103.0,0.0491,establishment,0,1.05,31.29,0.0,5.809,1.0,0.0,45.0,5,39.52,44.57
2017-08-21,28.7,34.55,24.24,2.2,71.78,20.06,3.49,233,2017,5.349898236612987,nasa_power,Samba,Samba-2017,10.66,3.91,10.25,24.82,synthetic_degraded,120.2,0.0572,establishment,0,1.05,27.16,0.0,5.617,1.0,0.0,45.0,6,29.76,45.27
2017-08-22,28.95,33.98,24.27,1.86,71.14,16.7,2.44,234,2017,5.161215784133818,nasa_power,Samba,Samba-2017,0.88,6.12,6.24,13.24,synthetic_degraded,137.3,0.0654,establishment,0,1.05,22.75,0.0,5.419,1.0,0.0,45.0,7,24.54,43.63
2017-08-23,29.21,34.14,25.42,1.49,71.9,21.83,1.88,235,2017,4.958183601960615,nasa_power,Samba,Samba-2017,16.32,0.71,2.24,19.270000000000003,synthetic_degraded,155.0,0.0738,establishment,0,1.05,18.19,0.0,5.206,1.0,0.0,45.0,8,34.19,45.1
2017-08-24,27.85,30.44,25.92,7.98,80.42,13.3,1.4,236,2017,3.44876294522752,nasa_power,Samba,Samba-2017,1.53,2.19,0.78,4.5,synthetic_degraded,173.0,0.0824,establishment,0,1.05,13.47,0.0,3.621,1.0,0.0,45.0,9,14.51,42.41
2017-08-25,29.17,33.85,25.0,0.82,72.73,11.53,1.91,237,2017,4.954923902532867,nasa_power,Samba,Samba-2017,2.09,1.74,0.43,4.26,synthetic_degraded,190.5,0.0907,establishment,0,1.05,16.83,0.0,5.203,1.0,0.0,45.0,10,11.38,44.21
2017-08-26,29.34,34.37,25.2,2.51,70.65,24.14,2.77,238,2017,5.080411903462321,nasa_power,Samba,Samba-2017,0.99,0.25,0.14,1.38,synthetic_degraded,208.1,0.0991,establishment,0,1.05,11.45,0.0,5.334,1.0,0.0,45.0,11,10.04,44.83
2017-08-27,29.18,34.52,25.25,1.18,71.32,14.12,3.76,239,2017,5.116804125479959,nasa_power,Samba,Samba-2017,0.19,0.26,2.19,2.64,synthetic_degraded,225.7,0.1075,establishment,0,1.05,7.62,0.0,5.373,1.0,0.0,45.0,12,15.38,46.42
2017-08-28,29.15,34.43,25.27,0.29,69.72,16.64,3.97,240,2017,5.080453696057998,nasa_power,Samba,Samba-2017,0.1,1.54,2.19,3.83,synthetic_degraded,243.3,0.1159,establishment,0,1.05,2.43,0.0,5.334,1.0,0.0,45.0,13,-4.04,46.67
2017-08-29,29.38,34.87,25.37,0.15,67.26,17.13,4.33,241,2017,5.200757063186743,nasa_power,Samba,Samba-2017,2.66,1.08,10.01,13.75,synthetic_degraded,261.0,0.1243,establishment,0,1.05,-3.61,0.0,5.385,0.5,0.0,44.75,14,-7.37,43.3
2017-08-30,29.98,36.16,25.05,2.66,67.64,23.67,2.85,242,2017,5.678221462829834,nasa_power,Samba,Samba-2017,2.4,15.3,7.17,24.869999999999997,synthetic_degraded,278.5,0.1326,establishment,0,1.05,-9.35,0.0,5.803,0.5,0.0,44.35,15,-3.82,47.46
2017-08-31,28.82,32.55,25.27,2.38,75.74,18.74,1.74,243,2017,4.433006994819867,nasa_power,Samba,Samba-2017,4.32,8.36,1.01,13.69,synthetic_degraded,296.2,0.141,establishment,0,1.05,-12.99,0.0,4.457,0.5,0.0,44.09,16,-14.35,44.31
2017-09-01,27.35,29.31,26.06,8.89,85.22,16.54,1.06,244,2017,2.8825102693868776,nasa_power,Samba,Samba-2017,25.57,1.09,2.11,28.77,synthetic_degraded,313.9,0.1495,establishment,0,1.05,-15.57,0.0,2.946,0.5,0.0,43.91,17,-16.12,44.27
2017-09-02,28.48,31.94,25.57,9.11,80.2,21.26,1.11,245,2017,4.127767029748525,nasa_power,Samba,Samba-2017,1.16,2.28,5.35,8.79,synthetic_degraded,331.6,0.1579,tillering,1,1.1,-10.12,0.0,4.522,0.5,0.0,44.29,18,-4.75,41.86
2017-09-03,28.71,34.03,24.05,1.3,74.25,22.07,1.81,246,2017,5.1946843227295965,nasa_power,Samba,Samba-2017,2.47,4.37,3.47,10.31,synthetic_degraded,348.7,0.166,tillering,1,1.1,-6.04,0.0,5.606,0.5,0.0,44.58,19,-9.62,43.65
2017-09-04,28.73,32.24,25.24,2.4,77.52,20.18,1.14,247,2017,4.319462656608227,nasa_power,Samba,Samba-2017,3.0,2.28,7.94,13.219999999999999,synthetic_degraded,366.3,0.1744,tillering,1,1.1,-10.84,0.0,4.591,0.5,0.0,44.24,20,-18.18,45.81
2017-09-05,28.99,32.74,25.8,3.98,79.81,21.96,1.65,248,2017,4.3464507898857905,nasa_power,Samba,Samba-2017,4.45,14.08,11.89,30.42,synthetic_degraded,384.2,0.1829,tillering,1,1.1,-13.53,0.0,4.598,0.5,0.0,44.05,21,-20.47,44.3
2017-09-06,28.18,31.4,25.61,2.89,81.38,20.55,2.21,249,2017,3.9022353556469587,nasa_power,Samba,Samba-2017,3.37,4.47,7.86,15.7,synthetic_degraded,402.0,0.1914,tillering,1,1.1,-14.65,0.0,4.091,0.5,0.0,43.97,22,-11.74,44.13
2017-09-07,28.3,32.32,25.74,3.96,81.02,18.49,1.98,250,2017,4.203369562138757,nasa_power,Samba,Samba-2017,6.88,2.85,3.42,13.15,synthetic_degraded,419.9,0.1999,tillering,1,1.1,-16.35,0.0,4.395,0.5,0.0,43.86,23,-15.05,44.2
2017-09-08,27.78,31.55,25.0,6.89,82.42,19.35,1.94,251,2017,4.122295974025821,nasa_power,Samba,Samba-2017,3.24,0.49,1.23,4.960000000000001,synthetic_degraded,437.4,0.2083,tillering,1,1.1,-17.29,0.0,4.346,0.5,0.0,43.79,24,-20.75,41.63
2017-09-09,27.76,31.13,25.15,3.26,81.55,13.89,1.43,252,2017,3.9234290961217977,nasa_power,Samba,Samba-2017,1.9,1.63,1.13,4.66,synthetic_degraded,454.9,0.2166,tillering,1,1.1,-15.24,0.0,4.109,0.5,0.0,43.93,25,-21.03,43.79
2017-09-10,28.45,32.76,24.89,1.32,75.03,19.68,1.09,253,2017,4.563306810640293,nasa_power,Samba,Samba-2017,1.06,5.71,9.67,16.439999999999998,synthetic_degraded,472.4,0.2249,tillering,1,1.1,-16.59,0.0,4.713,0.5,0.0,43.84,26,-17.94,45.95
2017-09-11,28.57,32.77,25.15,0.96,78.76,17.63,2.08,254,2017,4.498344612941301,nasa_power,Samba,Samba-2017,8.6,9.02,3.43,21.049999999999997,synthetic_degraded,490.0,0.2333,tillering,1,1.1,-20.49,0.0,4.562,0.5,0.0,43.57,27,-14.91,45.2
2017-09-12,28.15,31.89,24.99,1.41,79.74,20.31,1.91,255,2017,4.228129778466517,nasa_power,Samba,Samba-2017,6.64,5.71,0.28,12.629999999999999,synthetic_degraded,507.5,0.2416,tillering,1,1.1,-24.59,0.0,4.22,0.5,0.0,43.28,28,-28.77,43.09
2017-09-13,27.75,30.85,25.31,6.67,83.14,21.39,2.21,256,2017,3.754631020472226,nasa_power,Samba,Samba-2017,5.12,0.7,15.2,21.02,synthetic_degraded,525.1,0.2501,tillering,1,1.1,-27.9,0.0,3.779,0.5,0.0,43.05,29,-31.21,45.4
2017-09-14,27.17,30.24,24.71,4.61,85.42,15.22,2.38,257,2017,3.697181643013127,nasa_power,Samba,Samba-2017,0.49,7.62,0.5,8.61,synthetic_degraded,542.5,0.2583,tillering,1,1.1,-25.51,0.0,3.727,0.5,0.0,43.21,30,-31.46,41.32
2017-09-15,27.52,30.9,24.53,0.55,81.08,20.74,2.05,258,2017,3.9839375633962315,nasa_power,Samba,Samba-2017,12.01,1.04,2.83,15.88,synthetic_degraded,559.7,0.2665,tillering,1,1.1,-25.12,0.0,3.952,0.5,0.0,43.24,31,-26.96,41.78
2017-09-16,27.51,30.87,24.71,7.65,83.51,18.14,2.69,259,2017,3.9189018154525175,nasa_power,Samba,Samba-2017,1.01,1.51,0.11,2.63,synthetic_degraded,577.1,0.2748,tillering,1,1.1,-29.02,0.0,3.942,0.5,0.0,42.97,32,-27.33,45.77
2017-09-17,27.78,32.65,24.63,0.87,76.49,11.21,4.0,260,2017,4.54859925386568,nasa_power,Samba,Samba-2017,2.16,0.09,0.07,2.32,synthetic_degraded,594.4,0.283,tillering,1,1.1,-25.82,0.0,4.504,0.5,0.0,43.19,33,-15.24,44.06
2017-09-18,28.19,33.96,24.05,2.32,75.06,17.74,4.19,261,2017,5.088606791868539,nasa_power,Samba,Samba-2017,0.4,0.04,0.02,0.46,synthetic_degraded,611.4,0.2912,tillering,1,1.1,-29.95,0.0,4.979,0.5,0.0,42.9,34,-28.86,42.47
2017-09-19,28.53,34.22,23.67,0.16,73.65,19.74,3.99,262,2017,5.235768999869368,nasa_power,Samba,Samba-2017,0.04,2.0,0.22,2.2600000000000002,synthetic_degraded,628.3,0.2992,tillering,1,1.1,-33.11,0.0,5.0,0.5,0.0,42.68,35,-33.38,42.6
2017-09-20,28.86,34.56,24.03,0.04,71.39,20.65,3.92,263,2017,5.261809656989399,nasa_power,Samba,Samba-2017,0.01,0.32,1.02,1.35,synthetic_degraded,645.3,0.3073,tillering,1,1.1,-38.45,0.0,4.899,0.5,0.0,42.31,36,-34.14,41.1
2017-09-21,28.8,34.75,23.42,0.01,67.76,23.9,3.45,264,2017,5.425002854823707,nasa_power,Samba,Samba-2017,0.17,0.69,9.08,9.94,synthetic_degraded,662.0,0.3152,tillering,1,1.1,-43.81,0.0,4.922,0.5,0.0,41.93,37,-40.33,42.34
2017-09-22,29.24,34.7,23.89,0.17,68.43,21.56,2.06,265,2017,5.31400173496419,nasa_power,Samba,Samba-2017,0.45,6.56,18.45,25.46,synthetic_degraded,678.9,0.3233,tillering,1,1.1,-49.22,0.0,4.699,0.5,0.0,41.55,38,-52.11,41.85
2017-09-23,29.24,33.85,24.97,0.58,71.94,21.74,1.73,266,2017,4.819873182936746,nasa_power,Samba,Samba-2017,12.77,5.97,4.32,23.06,synthetic_degraded,696.4,0.3316,tillering,1,1.1,-54.25,0.0,4.164,0.5,0.0,41.2,39,-42.74,41.23
2017-09-24,28.17,31.17,25.45,9.05,79.49,19.51,1.75,267,2017,3.771617554155557,nasa_power,Samba,Samba-2017,9.8,3.28,3.69,16.77,synthetic_degraded,714.1,0.3401,tillering,1,1.1,-58.33,0.0,3.331,0.5,0.0,40.92,40,-58.45,39.18
2017-09-25,27.52,30.77,25.06,6.75,80.7,19.08,2.05,268,2017,3.729315786151924,nasa_power,Samba,Samba-2017,6.9,5.36,9.48,21.740000000000002,synthetic_degraded,731.7,0.3484,tillering,1,1.1,-53.11,0.0,3.341,0.5,0.0,41.28,41,-51.93,41.68
2017-09-26,27.54,31.65,24.55,3.09,79.6,14.69,2.47,269,2017,4.16764586219297,nasa_power,Samba,Samba-2017,4.21,10.39,0.07,14.670000000000002,synthetic_degraded,749.0,0.3566,stem_elongation,2,1.15,-50.21,0.0,3.89,0.5,0.0,41.49,42,-47.45,40.7
2017-09-27,27.65,31.59,24.7,5.53,78.58,13.82,2.42,270,2017,4.10177956580421,nasa_power,Samba,Samba-2017,12.4,0.08,0.24,12.72,synthetic_degraded,766.3,0.3649,stem_elongation,2,1.15,-51.5,0.0,3.85,0.5,0.0,41.39,43,-49.77,39.91
2017-09-28,27.1,30.86,24.41,9.19,80.67,17.8,3.29,271,2017,3.916963620785723,nasa_power,Samba,Samba-2017,0.03,0.14,0.18,0.35,synthetic_degraded,783.5,0.3731,stem_elongation,2,1.15,-50.32,0.0,3.763,0.5,0.0,41.48,44,-42.69,43.38
2017-09-29,27.88,33.67,22.89,0.08,74.07,17.16,2.92,272,2017,5.12548751540853,nasa_power,Samba,Samba-2017,0.39,0.14,0.37,0.9,synthetic_degraded,800.0,0.3809,stem_elongation,2,1.15,-45.4,0.0,4.826,0.5,0.0,41.82,45,-48.35,45.07
2017-09-30,29.26,34.77,24.24,0.27,73.45,17.52,2.75,273,2017,5.189775090875332,nasa_power,Samba,Samba-2017,0.2,0.26,1.4,1.8599999999999999,synthetic_degraded,817.1,0.3891,stem_elongation,2,1.15,-50.64,0.0,4.766,0.5,0.0,41.45,46,-46.72,44.36
2017-10-01,29.47,34.14,25.47,0.38,73.02,15.83,2.51,274,2017,4.729154805396495,nasa_power,Samba,Samba-2017,0.2,3.37,1.53,5.1000000000000005,synthetic_degraded,834.8,0.3975,stem_elongation,2,1.15,-55.64,0.0,4.236,0.5,0.0,41.11,47,-54.82,42.09
2017-10-02,29.65,34.8,24.99,0.31,71.0,22.55,2.3,275,2017,5.029251690754717,nasa_power,Samba,Samba-2017,3.04,4.06,5.29,12.39,synthetic_degraded,852.3,0.4059,stem_elongation,2,1.15,-60.0,0.0,4.403,0.5,0.0,40.8,48,-55.09,40.4
2017-10-03,29.17,33.17,25.91,2.62,75.48,21.92,2.47,276,2017,4.284972710492146,nasa_power,Samba,Samba-2017,3.61,13.7,8.68,25.99,synthetic_degraded,870.3,0.4144,stem_elongation,2,1.15,-64.59,0.0,3.706,0.5,0.0,40.48,49,-65.66,40.37
2017-10-04,28.75,32.5,25.38,4.78,78.39,17.39,1.45,277,2017,4.180391707349004,nasa_power,Samba,Samba-2017,4.39,4.33,0.45,9.169999999999998,synthetic_degraded,887.9,0.4228,stem_elongation,2,1.15,-66.17,0.0,3.627,0.5,0.0,40.37,50,-67.92,40.98
2017-10-05,28.19,31.59,25.43,6.17,81.49,21.04,1.34,278,2017,3.8438985485542005,nasa_power,Samba,Samba-2017,3.55,1.22,0.3,5.069999999999999,synthetic_degraded,905.7,0.4313,stem_elongation,2,1.15,-65.52,0.0,3.371,0.5,0.0,40.41,51,-61.86,39.78
2017-10-06,27.37,29.88,25.55,4.42,84.09,16.3,2.18,279,2017,3.1601374693603344,nasa_power,Samba,Samba-2017,0.92,2.03,1.94,4.89,synthetic_degraded,923.4,0.4397,stem_elongation,2,1.15,-63.22,0.0,2.779,0.5,0.0,40.57,52,-61.43,42.55
2017-10-07,28.24,32.81,24.13,0.66,74.45,18.39,2.12,280,2017,4.537850904255505,nasa_power,Samba,Samba-2017,0.8,4.57,2.3,7.67,synthetic_degraded,940.4,0.4478,stem_elongation,2,1.15,-62.08,0.0,3.936,0.5,0.0,40.65,53,-66.18,37.6
2017-10-08,29.08,33.74,25.15,1.21,76.2,20.79,2.01,281,2017,4.5984330525430055,nasa_power,Samba,Samba-2017,2.78,1.45,6.22,10.45,synthetic_degraded,958.0,0.4562,stem_elongation,2,1.15,-65.86,0.0,3.921,0.5,0.0,40.39,54,-59.13,39.95
2017-10-09,28.64,31.94,25.71,2.85,80.44,20.59,1.35,282,2017,3.855410283327251,nasa_power,Samba,Samba-2017,2.1,8.33,5.99,16.42,synthetic_degraded,975.9,0.4647,stem_elongation,2,1.15,-69.07,0.0,3.259,0.5,0.0,40.17,55,-65.41,41.37
2017-10-10,28.5,32.17,25.51,2.49,80.59,21.62,1.41,283,2017,3.9777545261361884,nasa_power,Samba,Samba-2017,11.96,8.72,3.61,24.29,synthetic_degraded,993.6,0.4732,stem_elongation,2,1.15,-69.98,0.0,3.34,0.5,0.0,40.1,56,-70.35,38.83
2017-10-11,27.27,30.35,24.73,8.27,78.49,19.85,2.52,284,2017,3.5433288307445654,nasa_power,Samba,Samba-2017,7.37,4.44,8.54,20.35,synthetic_degraded,1011.0,0.4814,stem_elongation,2,1.15,-71.33,0.0,3.047,0.5,0.0,40.01,57,-73.67,39.65
2017-10-12,28.22,33.33,23.42,5.03,73.78,8.45,1.54,285,2017,4.77980808314761,nasa_power,Samba,Samba-2017,0.85,8.69,2.25,11.79,synthetic_degraded,1027.7,0.4894,stem_elongation,2,1.15,-66.61,0.0,4.143,0.5,0.0,40.34,58,-64.79,41.23
2017-10-13,27.48,30.38,24.98,1.93,78.65,8.9,1.54,286,2017,3.466371625115179,nasa_power,Samba,Samba-2017,10.84,5.84,3.41,20.09,synthetic_degraded,1045.2,0.4977,stem_elongation,2,1.15,-66.22,0.0,2.961,0.5,0.0,40.36,59,-62.92,42.64
2017-10-14,27.19,31.42,24.02,6.77,80.45,14.13,2.14,287,2017,4.050920536189244,nasa_power,Samba,Samba-2017,1.08,4.91,0.8,6.79,synthetic_degraded,1062.2,0.5058,panicle_initiation,3,1.2,-67.75,113.46,4.861,1.0,0.0,40.26,60,-75.72,38.32
2017-10-15,27.3,32.23,23.66,1.42,74.52,10.56,3.07,288,2017,4.369532018756271,nasa_power,Samba,Samba-2017,2.3,0.89,0.12,3.31,synthetic_degraded,1079.0,0.5138,panicle_initiation,3,1.2,46.61,0.0,5.243,1.0,0.0,45.0,61,48.49,42.95
2017-10-16,27.4,31.5,24.04,2.07,76.51,5.73,2.51,289,2017,4.050445054576255,nasa_power,Samba,Samba-2017,0.83,0.04,0.3,1.17,synthetic_degraded,1096.1,0.5219,panicle_initiation,3,1.2,41.79,0.0,4.861,1.0,0.0,45.0,62,45.05,43.58
2017-10-17,27.35,31.84,23.95,1.27,74.83,5.85,2.55,290,2017,4.165851416718184,nasa_power,Samba,Samba-2017,0.12,0.16,0.66,0.9400000000000001,synthetic_degraded,1113.0,0.53,panicle_initiation,3,1.2,38.0,0.0,4.999,1.0,0.0,45.0,63,26.24,42.69
2017-10-18,28.54,34.52,23.46,0.1,72.64,14.49,2.17,291,2017,5.036851021013075,nasa_power,Samba,Samba-2017,0.6,22.93,8.53,32.06,synthetic_degraded,1129.8,0.538,panicle_initiation,3,1.2,33.27,0.0,6.044,1.0,0.0,45.0,64,34.25,42.8
2017-10-19,29.1,33.51,25.55,0.19,72.67,20.35,1.88,292,2017,4.31066049712422,nasa_power,Samba,Samba-2017,0.85,4.46,5.83,11.14,synthetic_degraded,1147.5,0.5464,panicle_initiation,3,1.2,26.33,0.0,5.173,1.0,0.0,45.0,65,29.8,43.54
2017-10-20,28.87,33.22,25.52,0.8,76.0,19.33,2.35,293,2017,4.21381506195488,nasa_power,Samba,Samba-2017,5.9,14.52,0.32,20.740000000000002,synthetic_degraded,1165.3,0.5549,panicle_initiation,3,1.2,20.34,0.0,5.057,1.0,0.0,45.0,66,23.24,46.85
2017-10-21,28.43,32.78,25.27,7.26,79.87,16.93,3.16,294,2017,4.11971726094943,nasa_power,Samba,Samba-2017,4.13,0.52,0.43,5.08,synthetic_degraded,1182.9,0.5633,panicle_initiation,3,1.2,15.09,0.0,4.944,1.0,0.0,45.0,67,19.1,44.53
2017-10-22,28.85,33.8,25.2,4.59,75.82,19.12,2.21,295,2017,4.440974165029054,nasa_power,Samba,Samba-2017,0.32,0.37,1.46,2.15,synthetic_degraded,1200.5,0.5717,panicle_initiation,3,1.2,16.4,0.0,5.329,1.0,0.0,45.0,68,14.76,45.05
2017-10-23,27.74,32.46,23.65,0.62,77.03,16.75,2.06,296,2017,4.34544643598161,nasa_power,Samba,Samba-2017,1.62,1.99,4.16,7.7700000000000005,synthetic_degraded,1217.4,0.5797,panicle_initiation,3,1.2,14.67,65.31,5.215,1.0,0.0,45.0,69,9.47,43.57
2017-10-24,28.18,32.05,25.07,0.7,77.86,18.33,1.13,297,2017,3.899574886356347,nasa_power,Samba,Samba-2017,2.27,2.27,7.0,11.54,synthetic_degraded,1234.9,0.588,panicle_initiation,3,1.2,74.38,0.0,4.679,1.0,0.0,45.0,70,65.38,45.95
2017-10-25,27.98,32.14,25.18,1.97,78.38,15.4,1.72,298,2017,3.891452366610342,nasa_power,Samba,Samba-2017,2.12,9.36,14.83,26.310000000000002,synthetic_degraded,1252.5,0.5964,panicle_initiation,3,1.2,69.4,0.0,4.67,1.0,0.0,45.0,71,74.86,47.81
2017-10-26,27.75,32.33,24.4,3.4,77.28,20.32,1.81,299,2017,4.115810616479825,nasa_power,Samba,Samba-2017,4.01,6.65,1.51,12.17,synthetic_degraded,1269.7,0.6046,panicle_initiation,3,1.2,65.7,0.0,4.939,1.0,0.0,45.0,72,69.22,43.67
2017-10-27,27.59,32.29,24.13,6.34,77.46,16.74,2.27,300,2017,4.149335212012664,nasa_power,Samba,Samba-2017,18.46,2.59,34.49,55.540000000000006,synthetic_degraded,1286.7,0.6127,panicle_initiation,3,1.2,63.17,0.0,4.979,1.0,0.0,45.0,73,69.01,47.59
2017-10-28,27.14,30.57,24.74,7.57,80.77,15.7,2.75,301,2017,3.45517892133793,nasa_power,Samba,Samba-2017,3.48,31.92,32.3,67.69999999999999,synthetic_degraded,1304.1,0.621,flowering,4,1.2,63.53,0.0,4.146,1.0,0.0,45.0,74,59.9,45.55
2017-10-29,27.47,31.71,24.09,2.29,78.97,18.27,3.5,302,2017,3.9602331962224757,nasa_power,Samba,Samba-2017,31.87,81.55,7.6,121.02,synthetic_degraded,1321.2,0.6291,flowering,4,1.2,65.95,0.0,4.752,1.0,0.0,45.0,75,69.97,45.03
2017-10-30,25.9,28.14,24.46,53.49,89.17,3.31,3.55,303,2017,2.6482689139834585,nasa_power,Samba,Samba-2017,41.79,13.65,16.73,72.17,synthetic_degraded,1337.5,0.6369,flowering,4,1.2,62.49,0.0,3.178,1.0,15.98,45.0,76,54.98,45.6
2017-10-31,25.45,27.6,23.92,25.32,90.73,10.06,3.02,304,2017,2.6084642184997575,nasa_power,Samba,Samba-2017,10.44,20.56,12.26,43.26,synthetic_degraded,1353.2,0.6444,flowering,4,1.2,95.82,0.0,3.13,1.0,21.14,45.0,77,91.47,45.59
2017-11-01,25.29,27.49,23.91,10.88,92.13,9.17,2.91,305,2017,2.5620015396989584,nasa_power,Samba,Samba-2017,17.37,24.79,49.6,91.75999999999999,synthetic_degraded,1368.9,0.6519,flowering,4,1.2,95.87,0.0,3.074,1.0,6.75,45.0,78,96.5,47.79
2017-11-02,25.51,27.89,24.03,21.95,91.76,7.23,3.0,306,2017,2.668689722880176,nasa_power,Samba,Samba-2017,22.91,32.96,41.12,96.99000000000001,synthetic_degraded,1384.9,0.6595,flowering,4,1.2,95.93,0.0,3.202,1.0,17.88,45.0,79,99.25,45.78
2017-11-03,25.42,27.9,23.63,28.28,91.48,14.32,2.74,307,2017,2.7865142499582527,nasa_power,Samba,Samba-2017,90.14,14.59,10.11,114.84,synthetic_degraded,1400.6,0.667,flowering,4,1.2,95.8,0.0,3.344,1.0,24.08,45.0,80,104.2,45.81
2017-11-04,25.13,26.95,23.6,41.04,91.63,5.73,2.73,308,2017,2.433575389556849,nasa_power,Samba,Samba-2017,11.0,10.18,16.39,37.57,synthetic_degraded,1415.9,0.6742,flowering,4,1.2,95.66,0.0,2.92,1.0,36.7,45.0,81,94.46,44.37
2017-11-05,26.05,28.73,24.05,20.55,90.25,13.85,3.03,309,2017,2.94264299221776,nasa_power,Samba,Samba-2017,9.22,22.03,9.64,40.89,synthetic_degraded,1432.3,0.6821,flowering,4,1.2,96.08,0.0,3.531,1.0,16.63,45.0,82,91.75,46.26
2017-11-06,25.69,27.33,24.54,12.81,91.52,9.11,2.41,310,2017,2.2424484676174816,nasa_power,Samba,Samba-2017,15.89,7.72,0.1,23.71,synthetic_degraded,1448.2,0.6896,flowering,4,1.2,95.47,0.0,2.691,1.0,8.28,45.0,83,90.88,43.56
2017-11-07,25.59,27.84,24.19,10.35,92.09,14.94,2.31,311,2017,2.5625312624630574,nasa_power,Samba,Samba-2017,10.91,0.09,15.85,26.85,synthetic_degraded,1464.3,0.6973,flowering,4,1.2,96.31,0.0,3.075,1.0,6.66,45.0,84,92.87,45.16
2017-11-08,25.47,27.73,23.92,9.9,91.43,16.09,2.46,312,2017,2.599654721786608,nasa_power,Samba,Samba-2017,0.16,14.03,11.3,25.490000000000002,synthetic_degraded,1480.1,0.7048,flowering,4,1.2,95.92,0.0,3.12,1.0,5.82,45.0,85,107.03,49.32
2017-11-09,25.55,29.64,22.28,0.23,85.85,21.64,3.18,313,2017,3.6146142539095276,nasa_power,Samba,Samba-2017,36.6,12.57,0.9,50.07,synthetic_degraded,1496.0,0.7124,flowering,4,1.2,95.88,0.0,4.338,1.0,0.0,45.0,86,99.66,41.24
2017-11-10,24.84,27.3,22.55,23.71,89.68,6.59,4.27,314,2017,2.827573009523235,nasa_power,Samba,Samba-2017,13.06,0.93,1.64,15.63,synthetic_degraded,1511.0,0.7195,flowering,4,1.2,90.77,0.0,3.393,1.0,14.48,45.0,87,96.33,45.35
2017-11-11,24.91,27.68,22.86,8.28,89.61,13.91,3.31,315,2017,2.863748164284744,nasa_power,Samba,Samba-2017,1.21,1.28,17.95,20.439999999999998,synthetic_degraded,1526.2,0.7268,flowering,4,1.2,95.61,0.0,3.436,1.0,3.89,45.0,88,94.42,45.41
2017-11-12,24.09,27.09,21.59,1.04,86.14,11.21,3.27,316,2017,2.985225226333401,nasa_power,Samba,Samba-2017,1.03,13.22,4.08,18.33,synthetic_degraded,1540.6,0.7336,flowering,4,1.2,95.56,0.0,3.582,1.0,0.0,45.0,89,95.55,44.66
2017-11-13,25.34,29.49,21.89,1.36,86.51,12.43,2.6,317,2017,3.612239862333341,nasa_power,Samba,Samba-2017,6.35,5.65,1.47,13.47,synthetic_degraded,1556.3,0.7411,flowering,4,1.2,92.02,0.0,4.335,1.0,0.0,45.0,90,95.52,44.69
2017-11-14,25.98,29.44,23.44,7.81,87.26,15.94,1.9,318,2017,3.256609368569278,nasa_power,Samba,Samba-2017,8.83,2.43,0.06,11.32,synthetic_degraded,1572.7,0.7489,flowering,4,1.2,88.05,0.0,3.908,1.0,0.0,45.0,91,85.52,45.14
2017-11-15,26.55,30.82,23.08,7.77,86.7,14.56,1.57,319,2017,3.732066945149775,nasa_power,Samba,Samba-2017,1.01,0.07,0.02,1.1,synthetic_degraded,1589.2,0.7568,grain_filling,5,0.95,90.95,0.0,3.545,1.0,0.0,45.0,92,89.49,44.62
2017-11-16,26.74,30.65,23.98,1.83,85.37,16.42,1.61,320,2017,3.484161116555403,nasa_power,Samba,Samba-2017,0.16,0.04,1.11,1.31,synthetic_degraded,1606.2,0.7649,grain_filling,5,0.95,94.17,0.0,3.31,1.0,0.0,45.0,93,90.8,45.33
2017-11-17,26.8,30.98,23.36,0.09,82.91,17.05,1.21,321,2017,3.7030677530438068,nasa_power,Samba,Samba-2017,0.06,0.89,1.98,2.9299999999999997,synthetic_degraded,1622.9,0.7728,grain_filling,5,0.95,91.69,0.0,3.518,1.0,0.0,45.0,94,89.45,44.27
2017-11-18,26.64,30.86,22.85,0.03,83.21,18.24,1.08,322,2017,3.7610930163596867,nasa_power,Samba,Samba-2017,0.95,1.78,1.28,4.01,synthetic_degraded,1639.3,0.7806,grain_filling,5,0.95,87.27,0.0,3.573,1.0,0.0,45.0,95,87.51,48.03
2017-11-19,26.24,29.25,23.86,1.06,89.56,15.14,1.71,323,2017,3.0573955916797377,nasa_power,Samba,Samba-2017,2.32,4.18,1.18,7.68,synthetic_degraded,1655.9,0.7885,grain_filling,5,0.95,82.72,0.0,2.905,1.0,0.0,45.0,96,78.61,44.62
2017-11-20,26.25,29.15,24.06,1.98,90.25,19.26,1.94,324,2017,2.9676582287734607,nasa_power,Samba,Samba-2017,4.93,2.22,0.03,7.180000000000001,synthetic_degraded,1672.5,0.7964,grain_filling,5,0.95,79.88,0.0,2.819,1.0,0.0,45.0,97,81.31,45.85
2017-11-21,25.94,28.1,24.47,2.89,92.15,16.23,2.21,325,2017,2.4825511735697234,nasa_power,Samba,Samba-2017,2.82,0.06,0.29,3.17,synthetic_degraded,1688.8,0.8042,grain_filling,5,0.95,78.04,0.0,2.358,1.0,0.0,45.0,98,79.46,44.0
2017-11-22,25.96,28.75,24.27,1.17,89.78,16.79,2.69,326,2017,2.765981007346802,nasa_power,Samba,Samba-2017,0.12,0.23,2.58,2.93,synthetic_degraded,1705.3,0.812,grain_filling,5,0.95,77.57,0.0,2.628,1.0,0.0,45.0,99,76.67,46.4
2017-11-23,26.03,30.09,23.04,0.06,85.87,18.35,2.41,327,2017,3.4667479581085385,nasa_power,Samba,Samba-2017,0.13,3.0,27.11,30.24,synthetic_degraded,1721.8,0.8199,grain_filling,5,0.95,75.11,0.0,3.293,1.0,0.0,45.0,100,70.97,46.1
2017-11-24,25.89,29.79,22.79,0.29,87.2,15.2,2.2,328,2017,3.425945636610147,nasa_power,Samba,Samba-2017,1.27,24.38,12.39,38.04,synthetic_degraded,1738.1,0.8277,grain_filling,5,0.95,70.88,0.0,3.255,1.0,0.0,45.0,101,71.4,45.63
2017-11-25,25.37,28.14,23.47,1.46,86.99,15.3,3.03,329,2017,2.7619540977055257,nasa_power,Samba,Samba-2017,23.43,9.59,6.42,39.44,synthetic_degraded,1753.9,0.8352,grain_filling,5,0.95,66.91,0.0,2.624,1.0,0.0,45.0,102,64.39,43.46
2017-11-26,25.01,27.08,22.88,18.7,92.44,8.91,3.22,330,2017,2.564747862080768,nasa_power,Samba,Samba-2017,11.29,6.07,25.57,42.93,synthetic_degraded,1768.9,0.8423,grain_filling,5,0.95,64.75,0.0,2.437,1.0,0.0,45.0,103,64.98,43.87
2017-11-27,26.28,28.85,25.01,11.44,91.11,11.78,2.75,331,2017,2.559347812761314,nasa_power,Samba,Samba-2017,18.16,39.35,30.95,88.46000000000001,synthetic_degraded,1785.8,0.8504,grain_filling,5,0.95,80.01,0.0,2.431,1.0,0.0,45.0,104,85.5,47.53
2017-11-28,25.8,28.99,24.04,8.14,89.93,11.38,3.74,332,2017,2.873641430108065,nasa_power,Samba,Samba-2017,51.65,25.3,50.91,127.86,synthetic_degraded,1802.3,0.8583,grain_filling,5,0.95,88.02,0.0,2.73,1.0,0.0,45.0,105,81.76,43.85
2017-11-29,25.75,27.98,23.78,24.81,92.19,8.68,4.08,333,2017,2.6045375569673506,nasa_power,Samba,Samba-2017,16.64,38.38,31.61,86.63,synthetic_degraded,1818.2,0.8658,grain_filling,5,0.95,92.43,0.0,2.474,1.0,17.24,45.0,106,103.3,45.96
2017-11-30,26.01,27.4,25.07,24.02,92.55,11.09,3.44,334,2017,1.9524231182292935,nasa_power,Samba,Samba-2017,38.4,37.07,6.84,82.31,synthetic_degraded,1834.5,0.8735,grain_filling,5,0.95,96.53,0.0,1.855,1.0,20.55,45.0,107,96.17,43.58
2017-12-01,26.0,27.31,25.04,41.31,94.21,7.72,2.73,335,2017,1.921421597166707,nasa_power,Samba,Samba-2017,23.59,7.22,0.02,30.83,synthetic_degraded,1850.6,0.8813,grain_filling,5,0.95,97.15,0.0,1.825,1.0,38.46,45.0,108,99.21,46.51
2017-12-02,25.7,28.2,24.05,33.05,89.74,5.95,1.1,336,2017,2.591061064348412,nasa_power,Samba,Samba-2017,5.68,0.04,1.06,6.779999999999999,synthetic_degraded,1866.8,0.8889,grain_filling,5,0.95,97.17,0.0,2.462,1.0,30.22,45.0,109,93.41,43.97
2017-12-03,24.97,27.18,23.62,6.2,90.19,10.74,2.67,337,2017,2.356792022896694,nasa_power,Samba,Samba-2017,0.04,2.53,0.4,2.9699999999999998,synthetic_degraded,1882.2,0.8963,grain_filling,5,0.95,96.54,0.0,2.239,1.0,2.74,45.0,110,102.25,43.56
2017-12-04,25.11,28.68,22.67,0.04,87.37,15.27,2.15,338,2017,3.0774673730174857,nasa_power,Samba,Samba-2017,2.26,0.51,0.01,2.7799999999999994,synthetic_degraded,1897.8,0.9037,ripening,6,0.65,96.76,0.0,2.0,1.0,0.0,45.0,111,96.13,43.93
2017-12-05,25.08,28.57,22.23,1.47,89.61,14.25,2.37,339,2017,3.1367738716173066,nasa_power,Samba,Samba-2017,0.19,0.19,0.05,0.43,synthetic_degraded,1913.2,0.9111,ripening,6,0.65,93.8,0.0,2.039,1.0,0.0,45.0,112,91.83,44.17
2017-12-06,24.95,28.14,22.62,0.29,88.86,15.96,2.5,340,2017,2.9219981022121786,nasa_power,Samba,Samba-2017,0.37,0.09,10.97,11.43,synthetic_degraded,1928.6,0.9184,ripening,6,0.65,92.23,0.0,1.899,1.0,0.0,45.0,113,89.35,45.61
2017-12-07,23.96,28.02,20.73,0.01,88.24,14.51,2.24,341,2017,3.2760824614213067,nasa_power,Samba,Samba-2017,0.02,2.65,0.06,2.73,synthetic_degraded,1943.0,0.9252,ripening,6,0.65,89.62,0.0,2.129,1.0,0.0,45.0,114,88.28,45.1
2017-12-08,23.01,28.35,18.63,0.05,82.67,19.97,1.63,342,2017,3.6996279771395018,nasa_power,Samba,Samba-2017,1.18,0.07,0.19,1.44,synthetic_degraded,1956.5,0.9317,ripening,6,0.65,86.5,0.0,2.405,1.0,0.0,45.0,115,88.59,43.36
2017-12-09,24.15,29.14,19.34,0.01,76.54,19.08,0.94,343,2017,3.778646167772192,nasa_power,Samba,Samba-2017,0.04,0.33,0.02,0.39,synthetic_degraded,1970.7,0.9384,ripening,6,0.65,83.15,0.0,2.456,1.0,0.0,45.0,116,84.01,44.96
2017-12-10,25.01,29.16,22.17,0.05,83.77,17.88,1.45,344,2017,3.2965225189313,nasa_power,Samba,Samba-2017,3.57,0.05,0.0,3.6199999999999997,synthetic_degraded,1986.4,0.9459,ripening,6,0.65,79.7,0.0,2.143,1.0,0.0,45.0,117,79.5,43.28
2017-12-11,25.3,29.48,21.92,0.21,86.81,19.28,1.46,345,2017,3.428329203781092,nasa_power,Samba,Samba-2017,0.02,0.0,6.03,6.05,synthetic_degraded,2002.1,0.9534,ripening,6,0.65,76.61,0.0,2.228,1.0,0.0,45.0,118,73.05,45.97
2017-12-12,25.48,29.41,22.73,0.03,86.14,17.64,1.32,346,2017,3.2477344843217533,nasa_power,Samba,Samba-2017,0.0,0.21,0.76,0.97,synthetic_degraded,2018.1,0.961,ripening,6,0.65,73.59,0.0,2.111,1.0,0.0,45.0,119,69.74,46.24
2017-12-13,25.2,29.17,22.43,0.0,87.22,16.56,1.72,347,2017,3.2401971812966592,nasa_power,Samba,Samba-2017,0.11,0.82,0.19,1.1199999999999999,synthetic_degraded,2033.9,0.9685,ripening,6,0.65,70.51,0.0,2.106,1.0,0.0,45.0,120,68.21,44.96
2017-12-14,25.1,29.0,22.21,0.16,88.62,18.33,2.35,348,2017,3.235924572166679,nasa_power,Samba,Samba-2017,0.21,0.05,0.02,0.28,synthetic_degraded,2049.6,0.976,ripening,6,0.65,67.4,0.0,2.103,1.0,0.0,45.0,121,69.7,45.41
2017-12-15,25.09,28.63,22.78,0.34,88.99,9.61,3.06,349,2017,3.0091806501136773,nasa_power,Samba,Samba-2017,0.05,0.04,0.01,0.09999999999999999,synthetic_degraded,2065.3,0.9835,ripening,6,0.65,64.46,0.0,1.956,1.0,0.0,45.0,122,67.77,47.63
2017-12-16,24.83,28.45,22.56,0.07,85.08,17.66,3.33,350,2017,3.0045066694802625,nasa_power,Samba,Samba-2017,0.03,0.02,0.75,0.8,synthetic_degraded,2080.8,0.9908,ripening,6,0.65,61.84,0.0,1.953,1.0,0.0,45.0,123,65.83,44.76
2017-12-17,24.32,27.75,21.92,0.04,83.74,12.7,3.54,351,2017,2.942140922670483,nasa_power,Samba,Samba-2017,0.03,9.61,2.31,11.95,synthetic_degraded,2095.6,0.9979,ripening,6,0.65,58.96,0.0,1.912,1.0,0.0,45.0,124,58.95,43.58
2017-12-18,23.68,27.97,20.87,0.02,81.47,18.16,3.43,352,2017,3.214660017336633,nasa_power,Samba,Samba-2017,1.74,0.63,8.87,11.239999999999998,synthetic_degraded,2110.0,1.0048,ripening,6,0.65,56.09,0.0,2.09,1.0,0.0,45.0,125,58.01,45.87
2017-12-19,23.96,27.21,21.05,2.72,87.02,11.58,3.77,353,2017,2.973493374345984,nasa_power,Samba,Samba-2017,1.3,12.25,0.89,14.440000000000001,synthetic_degraded,2124.1,1.0115,ripening,6,0.65,53.02,0.0,1.933,1.0,0.0,45.0,126,52.18,43.3
2017-12-20,24.07,27.84,21.5,1.53,86.76,19.27,4.14,354,2017,3.055499548177906,nasa_power,Samba,Samba-2017,5.16,10.01,0.06,15.23,synthetic_degraded,2138.8,1.0185,ripening,6,0.65,52.81,0.0,1.986,1.0,0.0,45.0,127,44.1,44.68
2017-12-21,23.22,27.72,19.67,6.6,88.78,9.05,3.72,355,2017,3.36427987344602,nasa_power,Samba,Samba-2017,1.78,0.12,0.13,2.03,synthetic_degraded,2152.5,1.025,ripening,6,0.65,51.35,0.0,2.187,1.0,0.0,45.0,128,50.27,44.1
2017-12-22,24.54,28.3,21.97,0.85,86.41,14.02,3.41,356,2017,3.087409886869452,nasa_power,Samba,Samba-2017,0.1,0.07,2.23,2.4,synthetic_degraded,2167.6,1.0322,ripening,6,0.65,54.76,0.0,2.007,1.0,0.0,45.0,129,52.88,43.95
2017-12-23,23.97,27.75,21.05,0.11,82.68,17.44,3.12,357,2017,3.122862133540582,nasa_power,Samba,Samba-2017,3.29,0.81,0.04,4.14,synthetic_degraded,2182.0,1.0391,ripening,6,0.65,52.61,0.0,2.03,1.0,0.0,45.0,130,47.41,44.62
2017-12-24,23.45,27.63,19.9,0.14,86.48,13.18,2.94,358,2017,3.3050787806989224,nasa_power,Samba,Samba-2017,0.36,0.02,0.01,0.39,synthetic_degraded,2195.8,1.0456,ripening,6,0.65,49.69,0.0,2.148,1.0,0.0,45.0,131,46.85,46.35
2017-12-25,24.28,28.36,21.23,0.61,87.21,11.47,3.52,359,2017,3.2543794602274234,nasa_power,Samba,Samba-2017,0.03,0.01,0.0,0.04,synthetic_degraded,2210.6,1.0527,ripening,6,0.65,46.68,0.0,2.115,1.0,0.0,45.0,132,47.36,46.66
2017-12-26,23.92,27.7,21.16,0.03,85.56,18.46,3.68,360,2017,3.0918206149076233,nasa_power,Samba,Samba-2017,0.01,0.0,0.0,0.01,synthetic_degraded,2225.0,1.0595,ripening,6,0.65,44.17,0.0,2.01,1.0,0.0,45.0,133,38.5,46.39
2017-12-27,23.5,27.21,20.83,0.01,85.0,16.86,3.17,361,2017,3.0260564007080464,nasa_power,Samba,Samba-2017,2.6,0.0,0.0,2.6,synthetic_degraded,2239.1,1.0662,ripening,6,0.65,41.19,0.0,1.967,1.0,0.0,45.0,134,37.64,45.5
2017-12-28,22.69,26.77,20.0,0.0,80.34,18.93,3.01,362,2017,3.0720826380878954,nasa_power,Samba,Samba-2017,0.0,0.0,0.01,0.01,synthetic_degraded,2252.4,1.0726,ripening,6,0.65,38.24,0.0,1.997,1.0,0.0,45.0,135,45.98,44.61
2017-12-29,23.25,27.7,20.03,0.0,80.84,15.09,2.83,363,2017,3.3107288267702,nasa_power,Samba,Samba-2017,0.34,0.01,0.01,0.36000000000000004,synthetic_degraded,2266.3,1.0792,ripening,6,0.65,35.24,0.0,2.152,1.0,0.0,45.0,136,27.23,41.46
2017-12-30,23.44,28.07,20.32,0.0,83.25,18.65,2.64,364,2017,3.3573444325441626,nasa_power,Samba,Samba-2017,0.01,0.01,0.02,0.04,synthetic_degraded,2280.5,1.086,ripening,6,0.65,32.09,0.0,2.182,1.0,0.0,45.0,137,31.17,45.55
2017-12-31,23.62,28.39,19.71,0.01,87.9,19.33,2.33,365,2017,3.5443221083722,nasa_power,Samba,Samba-2017,0.01,1.76,0.0,1.77,synthetic_degraded,2294.6,1.0926,ripening,6,0.65,28.91,0.0,2.304,1.0,0.0,45.0,138,23.08,41.58
2018-01-01,24.2,29.61,19.55,0.01,82.93,19.94,1.82,1,2017,3.868167308642415,nasa_power,Samba,Samba-2017,0.01,0.0,0.0,0.01,synthetic_degraded,2309.1,1.0996,ripening,6,0.65,25.61,0.0,2.514,1.0,0.0,45.0,139,21.85,42.11
2018-01-02,24.32,29.37,20.18,0.01,84.53,18.52,1.85,2,2017,3.7184483529209844,nasa_power,Samba,Samba-2017,0.0,0.0,0.0,0.0,synthetic_degraded,2323.9,1.1066,ripening,6,0.65,22.11,0.0,2.417,1.0,0.0,45.0,140,21.12,44.76
2018-01-03,24.4,28.82,21.22,0.0,85.18,17.86,2.7,3,2017,3.405202284937632,nasa_power,Samba,Samba-2017,0.78,0.0,0.0,0.78,synthetic_degraded,2338.9,1.1138,ripening,6,0.65,18.7,0.0,2.213,1.0,0.0,45.0,141,13.76,45.4
2018-01-04,23.6,28.26,20.18,0.0,80.95,17.52,2.85,4,2017,3.4500615429842516,nasa_power,Samba,Samba-2017,0.0,0.0,0.0,0.0,synthetic_degraded,2353.1,1.1205,ripening,6,0.65,15.49,0.0,2.243,1.0,0.0,45.0,142,18.36,44.32
2018-01-05,22.34,27.38,18.62,0.0,80.01,18.02,2.65,5,2017,3.492914468662628,nasa_power,Samba,Samba-2017,0.0,0.0,0.07,0.07,synthetic_degraded,2366.1,1.1267,ripening,6,0.65,12.24,0.0,2.27,1.0,0.0,45.0,143,19.0,47.3
2018-01-06,22.11,27.51,17.79,0.0,75.95,17.25,2.34,6,2017,3.6531909045702187,nasa_power,Samba,Samba-2017,0.0,0.03,11.76,11.79,synthetic_degraded,2378.8,1.1328,ripening,6,0.65,8.97,0.0,2.375,1.0,0.0,45.0,144,13.18,45.69
2018-01-07,21.95,27.15,17.76,0.0,77.56,19.13,2.53,7,2017,3.5789202280356474,nasa_power,Samba,Samba-2017,0.02,24.73,10.25,35.0,synthetic_degraded,2391.3,1.1387,ripening,6,0.65,5.6,0.0,2.326,1.0,0.0,45.0,145,10.72,44.63
2018-01-08,22.43,27.74,17.29,0.04,81.6,18.92,2.93,8,2017,3.7873541029573743,nasa_power,Samba,Samba-2017,10.99,15.21,1.58,27.78,synthetic_degraded,2403.8,1.1447,ripening,6,0.65,2.27,0.0,2.462,1.0,0.0,45.0,146,-4.63,47.08
2018-01-09,23.82,27.47,20.59,14.57,86.83,7.4,3.34,9,2017,3.1940169528611406,nasa_power,Samba,Samba-2017,7.85,0.96,0.0,8.809999999999999,synthetic_degraded,2417.8,1.1513,ripening,6,0.65,-1.15,0.0,2.076,1.0,0.0,44.92,147,-2.37,47.27
2018-01-10,24.8,28.55,22.75,6.26,88.65,12.39,3.29,10,2017,3.05164858364596,nasa_power,Samba,Samba-2017,0.81,0.0,0.0,0.81,synthetic_degraded,2433.4,1.1588,ripening,6,0.65,10.35,0.0,1.984,1.0,0.0,45.0,148,12.69,45.77
2018-01-11,25.07,28.95,22.68,1.5,88.45,14.69,2.51,11,2017,3.190853088052592,nasa_power,Samba,Samba-2017,0.0,0.0,0.0,0.0,synthetic_degraded,2449.3,1.1663,ripening,6,0.65,13.62,0.0,2.074,1.0,0.0,45.0,149,17.98,43.84
2018-08-15,28.86,31.47,26.6,2.49,65.04,16.25,6.17,227,2018,3.650361711656113,nasa_power,Samba,Samba-2018,1.05,0.24,0.16,1.45,synthetic_degraded,18.3,0.0087,establishment,0,1.05,40.0,0.0,3.833,1.0,0.0,45.0,0,44.27,43.9
2018-08-16,29.62,35.48,25.86,1.34,61.13,19.08,6.31,228,2018,5.309650931876629,nasa_power,Samba,Samba-2018,0.08,1.99,0.01,2.0799999999999996,synthetic_degraded,36.2,0.0173,establishment,0,1.05,37.66,0.0,5.575,1.0,0.0,45.0,1,40.28,47.72
2018-08-17,31.16,37.81,26.29,0.16,57.11,17.64,5.39,229,2018,5.975691382512361,nasa_power,Samba,Samba-2018,3.4,0.02,0.0,3.42,synthetic_degraded,54.4,0.0259,establishment,0,1.05,32.42,0.0,6.274,1.0,0.0,45.0,2,31.6,43.15
2018-08-18,30.44,35.66,26.25,0.19,58.22,18.25,5.41,230,2018,5.28187819148937,nasa_power,Samba,Samba-2018,0.01,0.0,0.04,0.05,synthetic_degraded,72.5,0.0345,establishment,0,1.05,25.31,0.0,5.546,1.0,0.0,45.0,3,26.42,45.46
2018-08-19,30.5,36.3,25.93,0.02,57.63,13.42,4.97,231,2018,5.562490701210289,nasa_power,Samba,Samba-2018,0.0,0.02,0.03,0.05,synthetic_degraded,90.5,0.0431,establishment,0,1.05,18.95,0.0,5.841,1.0,0.0,45.0,4,27.71,42.99
2018-08-20,31.09,37.37,26.07,0.0,54.58,18.49,5.0,232,2018,5.8776873089068165,nasa_power,Samba,Samba-2018,0.02,0.02,1.68,1.72,synthetic_degraded,108.5,0.0517,establishment,0,1.05,12.13,0.0,6.172,1.0,0.0,45.0,5,14.9,44.85
2018-08-21,31.75,39.02,25.7,0.02,51.9,23.68,4.72,233,2018,6.462935747382845,nasa_power,Samba,Samba-2018,0.01,1.13,8.03,9.17,synthetic_degraded,126.4,0.0602,establishment,0,1.05,4.96,0.0,6.786,1.0,0.0,45.0,6,8.51,44.14
2018-08-22,31.34,37.38,26.21,0.03,51.17,22.59,3.77,234,2018,5.850629568115808,nasa_power,Samba,Samba-2018,0.78,6.83,1.47,9.08,synthetic_degraded,144.5,0.0688,establishment,0,1.05,-2.81,0.0,6.075,0.5,0.0,44.8,7,5.19,45.0
2018-08-23,31.19,36.47,27.1,1.37,54.98,21.32,3.03,235,2018,5.356240112091779,nasa_power,Samba,Samba-2018,2.34,13.28,4.73,20.35,synthetic_degraded,163.0,0.0776,establishment,0,1.05,-9.35,0.0,5.444,0.5,0.0,44.35,8,-10.8,44.86
2018-08-24,30.28,34.92,26.55,2.94,59.93,16.17,2.71,236,2018,4.9538507988280225,nasa_power,Samba,Samba-2018,1.8,5.57,4.77,12.14,synthetic_degraded,181.3,0.0863,establishment,0,1.05,-13.93,0.0,4.973,0.5,0.0,44.03,9,-19.16,42.6
2018-08-25,30.67,35.08,26.37,1.84,60.1,16.64,1.81,237,2018,5.0508911422991085,nasa_power,Samba,Samba-2018,2.82,3.51,2.51,8.84,synthetic_degraded,199.5,0.095,establishment,0,1.05,-16.46,0.0,4.993,0.5,0.0,43.85,10,-7.62,43.81
2018-08-26,30.78,36.89,26.23,3.52,59.19,18.67,2.42,238,2018,5.681956922293539,nasa_power,Samba,Samba-2018,4.43,1.09,1.26,6.779999999999999,synthetic_degraded,217.6,0.1036,establishment,0,1.05,-20.11,0.0,5.57,0.5,0.0,43.59,11,-19.43,45.68
2018-08-27,30.67,36.63,26.66,5.0,59.01,18.64,2.98,239,2018,5.502335892527855,nasa_power,Samba,Samba-2018,1.52,1.64,7.62,10.780000000000001,synthetic_degraded,235.9,0.1123,establishment,0,1.05,-22.66,0.0,5.369,0.5,0.0,43.41,12,-18.19,41.44
2018-08-28,30.3,37.23,24.55,2.09,61.9,17.49,3.25,240,2018,6.107890702896686,nasa_power,Samba,Samba-2018,0.52,9.8,4.58,14.9,synthetic_degraded,253.2,0.1206,establishment,0,1.05,-23.53,72.47,6.413,1.0,0.0,43.35,13,-27.34,42.07
2018-08-29,30.35,36.62,25.15,1.0,60.85,21.17,2.93,241,2018,5.805837000888613,nasa_power,Samba,Samba-2018,5.13,3.79,3.3,12.219999999999999,synthetic_degraded,270.8,0.1289,establishment,0,1.05,43.61,0.0,6.096,1.0,0.0,45.0,14,45.55,46.29
2018-08-30,30.08,36.09,25.74,6.52,64.53,22.0,2.69,242,2018,5.515665937783854,nasa_power,Samba,Samba-2018,3.6,4.11,0.42,8.13,synthetic_degraded,288.6,0.1374,establishment,0,1.05,37.52,0.0,5.791,1.0,0.0,45.0,15,32.04,45.12
2018-08-31,28.78,33.52,25.11,3.56,69.87,15.44,2.47,243,2018,4.805958905885327,nasa_power,Samba,Samba-2018,4.22,0.33,0.2,4.75,synthetic_degraded,306.2,0.1458,establishment,0,1.05,37.25,0.0,5.046,1.0,0.0,45.0,16,37.57,45.23
2018-09-01,27.84,30.98,25.03,4.85,70.65,15.26,2.71,244,2018,3.927646146859346,nasa_power,Samba,Samba-2018,0.66,0.3,0.2,1.16,synthetic_degraded,323.7,0.1541,tillering,1,1.1,34.76,0.0,4.32,1.0,0.0,45.0,17,31.52,46.53
2018-09-02,28.96,33.33,25.19,0.63,69.47,13.44,1.91,245,2018,4.716754320823531,nasa_power,Samba,Samba-2018,0.24,0.34,0.02,0.6000000000000001,synthetic_degraded,341.3,0.1625,tillering,1,1.1,34.29,0.0,5.188,1.0,0.0,45.0,18,29.9,43.81
2018-09-03,30.36,35.86,25.73,0.2,61.85,24.21,2.36,246,2018,5.429668472553537,nasa_power,Samba,Samba-2018,0.27,0.01,0.01,0.29000000000000004,synthetic_degraded,359.2,0.171,tillering,1,1.1,28.73,0.0,5.973,1.0,0.0,45.0,19,27.21,44.22
2018-09-04,30.67,37.14,25.73,0.2,61.91,24.24,2.62,247,2018,5.83406265904011,nasa_power,Samba,Samba-2018,0.02,0.01,0.0,0.03,synthetic_degraded,377.0,0.1795,tillering,1,1.1,21.96,0.0,6.417,1.0,0.0,45.0,20,10.49,44.04
2018-09-05,30.8,37.27,25.7,0.02,58.99,23.39,2.61,248,2018,5.876141886133554,nasa_power,Samba,Samba-2018,6.43,0.0,0.03,6.46,synthetic_degraded,394.9,0.188,tillering,1,1.1,14.74,0.0,6.464,1.0,0.0,45.0,21,8.94,44.48
2018-09-06,31.05,38.28,25.67,0.01,56.4,22.43,3.22,249,2018,6.190348524636016,nasa_power,Samba,Samba-2018,0.0,0.01,4.05,4.06,synthetic_degraded,412.7,0.1965,tillering,1,1.1,7.3,0.0,6.809,1.0,0.0,45.0,22,11.21,47.01
2018-09-07,31.66,39.01,25.39,0.0,50.07,24.22,3.77,250,2018,6.456825189535792,nasa_power,Samba,Samba-2018,0.02,1.22,0.7,1.94,synthetic_degraded,430.4,0.205,tillering,1,1.1,-0.5,0.0,7.088,0.5,0.0,44.96,23,1.24,42.41
2018-09-08,32.07,39.25,26.36,0.02,50.33,25.07,2.96,251,2018,6.351452641142864,nasa_power,Samba,Samba-2018,0.36,1.21,0.08,1.65,synthetic_degraded,448.6,0.2136,tillering,1,1.1,-8.09,0.0,6.761,0.5,0.0,44.43,24,-13.46,42.64
2018-09-09,31.48,36.67,26.98,0.55,54.7,20.18,2.2,252,2018,5.39494018510223,nasa_power,Samba,Samba-2018,1.44,0.11,0.32,1.87,synthetic_degraded,467.1,0.2224,tillering,1,1.1,-15.33,0.0,5.584,0.5,0.0,43.93,25,-12.59,41.88
2018-09-10,29.82,34.47,26.6,1.27,59.87,18.6,1.84,253,2018,4.730668840585492,nasa_power,Samba,Samba-2018,0.21,0.38,1.79,2.38,synthetic_degraded,485.4,0.2311,tillering,1,1.1,-20.86,0.0,4.796,0.5,0.0,43.54,26,-25.25,45.64
2018-09-11,31.0,38.04,24.97,0.13,57.9,22.55,2.28,254,2018,6.211972034693379,nasa_power,Samba,Samba-2018,0.81,1.45,5.78,8.04,synthetic_degraded,502.9,0.2395,tillering,1,1.1,-24.89,0.0,6.156,0.5,0.0,43.26,27,-21.28,42.34
2018-09-12,31.83,39.08,25.96,0.37,55.58,22.7,2.07,255,2018,6.344735008870833,nasa_power,Samba,Samba-2018,1.94,10.69,1.9,14.53,synthetic_degraded,520.8,0.248,tillering,1,1.1,-31.42,0.0,6.112,0.5,0.0,42.8,28,-32.0,42.31
2018-09-13,31.72,38.61,26.78,1.73,57.14,20.73,2.39,256,2018,6.038509045467347,nasa_power,Samba,Samba-2018,10.37,3.64,22.64,36.65,synthetic_degraded,539.2,0.2568,tillering,1,1.1,-37.66,0.0,5.688,0.5,0.0,42.36,29,-39.29,39.94
2018-09-14,30.26,36.32,25.75,6.44,66.03,22.0,2.77,257,2018,5.513386634664234,nasa_power,Samba,Samba-2018,1.42,42.36,3.36,47.14,synthetic_degraded,557.1,0.2653,tillering,1,1.1,-42.12,0.0,5.199,0.5,0.0,42.05,30,-42.58,41.66
2018-09-15,29.65,34.07,26.0,2.44,66.06,22.14,2.73,258,2018,4.712710976320677,nasa_power,Samba,Samba-2018,25.54,2.93,1.39,29.86,synthetic_degraded,575.1,0.2739,tillering,1,1.1,-41.38,0.0,4.377,0.5,0.0,42.1,31,-28.58,43.4
2018-09-16,27.58,33.01,23.65,25.96,74.84,20.53,2.68,259,2018,4.887939405702601,nasa_power,Samba,Samba-2018,8.51,2.05,10.68,21.24,synthetic_degraded,591.9,0.2819,tillering,1,1.1,-43.81,0.0,4.993,0.5,0.0,41.93,32,-47.6,42.31
2018-09-17,28.23,32.72,24.51,2.7,71.07,14.44,2.25,260,2018,4.599686302621091,nasa_power,Samba,Samba-2018,2.94,3.7,0.32,6.960000000000001,synthetic_degraded,609.2,0.2901,tillering,1,1.1,-23.35,0.0,4.642,0.5,0.0,43.37,33,-22.22,43.21
2018-09-18,29.74,34.64,25.31,2.52,63.99,17.13,2.17,261,2018,5.039777160384697,nasa_power,Samba,Samba-2018,7.68,0.26,1.98,9.92,synthetic_degraded,626.8,0.2985,tillering,1,1.1,-25.79,0.0,5.028,0.5,0.0,43.19,34,-21.88,40.84
2018-09-19,29.57,35.97,25.05,3.72,65.18,11.71,2.28,262,2018,5.505128239632817,nasa_power,Samba,Samba-2018,0.36,0.44,0.24,1.04,synthetic_degraded,644.4,0.3068,tillering,1,1.1,-28.8,0.0,5.448,0.5,0.0,42.98,35,-33.61,42.49
2018-09-20,30.1,36.86,25.25,0.32,59.11,20.28,2.62,263,2018,5.7315392962403475,nasa_power,Samba,Samba-2018,0.15,0.49,1.63,2.27,synthetic_degraded,662.0,0.3152,tillering,1,1.1,-31.02,0.0,5.53,0.5,0.0,42.83,36,-38.99,43.05
2018-09-21,29.68,36.09,24.09,0.23,62.92,15.35,3.12,264,2018,5.702779186075297,nasa_power,Samba,Samba-2018,0.18,1.21,1.28,2.67,synthetic_degraded,679.0,0.3234,tillering,1,1.1,-36.73,0.0,5.357,0.5,0.0,42.43,37,-39.74,40.94
2018-09-22,29.65,36.16,24.38,0.31,62.23,23.44,1.95,265,2018,5.66214270715452,nasa_power,Samba,Samba-2018,2.64,0.8,1.38,4.82,synthetic_degraded,696.2,0.3315,tillering,1,1.1,-42.36,0.0,5.181,0.5,0.0,42.03,38,-38.56,43.01
2018-09-23,29.18,33.81,25.85,1.26,72.18,21.59,1.62,266,2018,4.603967440366485,nasa_power,Samba,Samba-2018,1.54,8.81,0.32,10.670000000000002,synthetic_degraded,714.2,0.3401,tillering,1,1.1,-47.73,0.0,4.123,0.5,0.0,41.66,39,-49.44,42.99
2018-09-24,29.12,33.8,25.6,1.22,72.91,21.81,1.68,267,2018,4.6519501006024235,nasa_power,Samba,Samba-2018,1.15,2.46,29.03,32.64,synthetic_degraded,732.0,0.3485,tillering,1,1.1,-51.09,0.0,4.096,0.5,0.0,41.42,40,-52.25,40.63
2018-09-25,29.13,33.56,25.66,0.94,71.39,19.79,1.34,268,2018,4.549208922597668,nasa_power,Samba,Samba-2018,0.3,13.62,2.03,15.95,synthetic_degraded,749.8,0.357,stem_elongation,2,1.15,-54.47,0.0,4.111,0.5,0.0,41.19,41,-49.92,42.28
2018-09-26,28.96,33.57,25.66,0.35,71.26,22.69,1.61,269,2018,4.544152997570442,nasa_power,Samba,Samba-2018,16.29,7.99,4.23,28.51,synthetic_degraded,767.6,0.3655,stem_elongation,2,1.15,-58.14,0.0,4.018,0.5,0.0,40.93,42,-62.17,40.77
2018-09-27,28.88,34.38,25.47,14.44,74.18,19.36,1.79,270,2018,4.845172453706533,nasa_power,Samba,Samba-2018,2.55,2.19,4.31,9.05,synthetic_degraded,785.3,0.374,stem_elongation,2,1.15,-62.31,0.0,4.505,0.5,0.0,40.64,43,-62.75,42.36
2018-09-28,28.06,31.88,25.34,3.98,76.11,16.0,1.54,271,2018,4.028836016382287,nasa_power,Samba,Samba-2018,3.29,2.58,0.58,6.45,synthetic_degraded,803.0,0.3824,stem_elongation,2,1.15,-52.88,0.0,3.727,0.5,0.0,41.3,44,-60.45,44.35
2018-09-29,29.06,34.54,24.88,2.76,72.53,19.85,2.01,272,2018,5.002497989822681,nasa_power,Samba,Samba-2018,1.76,0.83,3.27,5.859999999999999,synthetic_degraded,820.5,0.3907,stem_elongation,2,1.15,-53.12,0.0,4.594,0.5,0.0,41.28,45,-51.52,39.64
2018-09-30,28.71,32.99,25.51,2.98,74.53,22.48,1.85,273,2018,4.35048556036049,nasa_power,Samba,Samba-2018,0.78,0.75,51.03,52.56,synthetic_degraded,838.2,0.3991,stem_elongation,2,1.15,-55.46,0.0,3.953,0.5,0.0,41.12,46,-54.31,42.27
2018-10-01,28.78,33.01,25.7,0.92,75.63,21.24,2.1,274,2018,4.3013803817827725,nasa_power,Samba,Samba-2018,1.02,25.6,11.12,37.74,synthetic_degraded,856.1,0.4076,stem_elongation,2,1.15,-56.93,0.0,3.838,0.5,0.0,41.01,47,-52.95,42.97
2018-10-02,28.17,31.46,25.54,1.36,77.97,18.37,2.0,275,2018,3.7926071385936333,nasa_power,Samba,Samba-2018,5.13,20.06,28.87,54.06,synthetic_degraded,873.8,0.4161,stem_elongation,2,1.15,-60.35,0.0,3.332,0.5,0.0,40.78,48,-66.08,39.32
2018-10-03,27.37,30.36,25.55,22.21,84.56,13.37,1.91,276,2018,3.3710298202886695,nasa_power,Samba,Samba-2018,24.88,20.62,25.81,71.31,synthetic_degraded,891.6,0.4246,stem_elongation,2,1.15,-62.82,0.0,3.247,0.5,0.0,40.6,49,-63.78,39.74
2018-10-04,26.42,28.91,25.04,28.27,87.26,2.92,2.62,277,2018,2.952428233255607,nasa_power,Samba,Samba-2018,17.79,13.69,5.9,37.379999999999995,synthetic_degraded,908.6,0.4327,stem_elongation,2,1.15,-44.36,0.0,3.177,0.5,0.0,41.9,50,-50.75,41.02
2018-10-05,26.91,29.78,25.0,26.66,88.1,4.03,2.55,278,2018,3.3041752169388405,nasa_power,Samba,Samba-2018,17.09,3.72,19.11,39.92,synthetic_degraded,926.0,0.4409,stem_elongation,2,1.15,-19.76,0.0,3.8,1.0,0.0,43.62,51,-20.99,43.42
2018-10-06,27.11,30.86,24.51,18.79,84.25,13.67,2.04,279,2018,3.824393239030667,nasa_power,Samba,Samba-2018,4.84,8.6,4.52,17.96,synthetic_degraded,943.2,0.4492,stem_elongation,2,1.15,2.1,0.0,4.398,1.0,0.0,45.0,52,9.51,44.47
2018-10-07,27.27,30.76,24.55,4.84,83.12,20.31,1.27,280,2018,3.7706682378185183,nasa_power,Samba,Samba-2018,26.21,2.81,0.18,29.2,synthetic_degraded,960.5,0.4574,stem_elongation,2,1.15,15.49,0.0,4.336,1.0,0.0,45.0,53,13.89,44.7
2018-10-08,26.85,29.3,24.89,9.66,85.58,11.51,1.07,281,2018,3.130939700142871,nasa_power,Samba,Samba-2018,2.88,0.15,0.56,3.59,synthetic_degraded,977.6,0.4655,stem_elongation,2,1.15,14.99,0.0,3.601,1.0,0.0,45.0,54,8.16,46.26
2018-10-09,26.84,30.1,24.25,2.51,81.74,18.01,1.29,282,2018,3.6037681137728943,nasa_power,Samba,Samba-2018,0.19,0.2,0.32,0.71,synthetic_degraded,994.7,0.4737,stem_elongation,2,1.15,20.05,0.0,4.144,1.0,0.0,45.0,55,16.65,42.16
2018-10-10,27.8,32.8,23.39,0.16,75.86,19.29,2.06,283,2018,4.652672761166417,nasa_power,Samba,Samba-2018,9.71,0.61,2.46,12.780000000000001,synthetic_degraded,1011.4,0.4816,stem_elongation,2,1.15,17.42,0.0,5.351,1.0,0.0,45.0,56,9.37,43.54
2018-10-11,28.67,34.79,23.62,0.2,71.62,20.01,2.23,284,2018,5.17883921557714,nasa_power,Samba,Samba-2018,0.31,1.34,2.1,3.75,synthetic_degraded,1028.2,0.4896,stem_elongation,2,1.15,11.23,0.0,5.956,1.0,0.0,45.0,57,4.75,46.0
2018-10-12,28.45,33.79,24.79,0.21,78.75,20.92,3.1,285,2018,4.645331089421857,nasa_power,Samba,Samba-2018,1.77,3.53,5.3,10.6,synthetic_degraded,1045.6,0.4979,stem_elongation,2,1.15,4.47,0.0,5.342,1.0,0.0,45.0,58,7.82,45.83
2018-10-13,27.56,31.24,24.94,1.44,82.07,18.72,2.89,286,2018,3.7778622418074255,nasa_power,Samba,Samba-2018,3.05,4.19,3.43,10.67,synthetic_degraded,1063.1,0.5062,panicle_initiation,3,1.2,-1.66,0.0,4.529,0.5,0.0,44.88,59,-8.89,43.29
2018-10-14,28.16,33.09,24.25,2.69,79.3,18.24,2.28,287,2018,4.519958171353967,nasa_power,Samba,Samba-2018,12.4,4.76,4.04,21.2,synthetic_degraded,1080.2,0.5144,panicle_initiation,3,1.2,-5.25,0.0,5.368,0.5,0.0,44.63,60,-3.69,45.47
2018-10-15,27.69,31.78,24.95,3.03,81.68,14.79,1.43,288,2018,3.9366252605598393,nasa_power,Samba,Samba-2018,1.64,5.5,0.9,8.04,synthetic_degraded,1097.7,0.5227,panicle_initiation,3,1.2,-8.43,0.0,4.622,0.5,0.0,44.41,61,-8.3,46.4
2018-10-16,27.2,30.28,25.06,4.9,84.24,15.15,1.51,289,2018,3.3807613023024135,nasa_power,Samba,Samba-2018,12.44,1.01,1.4,14.85,synthetic_degraded,1115.2,0.5311,panicle_initiation,3,1.2,-10.52,50.57,4.057,1.0,0.0,44.26,62,-13.18,44.19
2018-10-17,26.95,30.62,24.08,4.86,78.78,16.27,1.32,290,2018,3.747513633274179,nasa_power,Samba,Samba-2018,2.04,1.3,1.54,4.88,synthetic_degraded,1132.3,0.5392,panicle_initiation,3,1.2,39.89,0.0,4.497,1.0,0.0,45.0,63,41.03,43.49
2018-10-18,26.97,31.08,23.32,1.0,79.35,10.87,1.25,291,2018,4.057624660219843,nasa_power,Samba,Samba-2018,1.31,1.29,6.43,9.03,synthetic_degraded,1148.9,0.5471,panicle_initiation,3,1.2,39.25,0.0,4.869,1.0,0.0,45.0,64,34.56,46.31
2018-10-19,26.37,28.92,24.38,1.19,82.52,15.68,1.33,292,2018,3.0573874112502497,nasa_power,Samba,Samba-2018,0.89,9.31,2.68,12.88,synthetic_degraded,1165.6,0.555,panicle_initiation,3,1.2,34.39,0.0,3.669,1.0,0.0,45.0,65,38.59,47.58
2018-10-20,27.2,31.5,23.67,1.68,79.02,19.23,1.97,293,2018,4.088438347821678,nasa_power,Samba,Samba-2018,20.05,1.6,1.72,23.37,synthetic_degraded,1182.4,0.5631,panicle_initiation,3,1.2,30.91,0.0,4.906,1.0,0.0,45.0,66,27.42,43.67
2018-10-21,26.26,28.51,24.23,11.63,89.12,8.08,2.54,294,2018,2.9337218831552203,nasa_power,Samba,Samba-2018,1.16,0.0,5.89,7.05,synthetic_degraded,1198.8,0.5708,panicle_initiation,3,1.2,26.68,0.0,3.52,1.0,0.0,45.0,67,24.75,45.06
2018-10-22,26.62,30.19,24.11,1.59,83.03,15.38,2.57,295,2018,3.5485372300362683,nasa_power,Samba,Samba-2018,0.01,2.14,0.91,3.06,synthetic_degraded,1215.8,0.579,panicle_initiation,3,1.2,33.79,0.0,4.258,1.0,0.0,45.0,68,31.26,46.64
2018-10-23,26.25,31.57,22.08,0.01,78.47,18.16,2.2,296,2018,4.389055618727173,nasa_power,Samba,Samba-2018,0.61,2.09,0.23,2.9299999999999997,synthetic_degraded,1231.9,0.5866,panicle_initiation,3,1.2,30.12,0.0,5.267,1.0,0.0,45.0,69,33.57,45.17
2018-10-24,26.6,31.76,22.05,1.09,81.71,20.02,1.98,297,2018,4.435186027380036,nasa_power,Samba,Samba-2018,2.15,1.66,0.53,4.34,synthetic_degraded,1247.9,0.5942,panicle_initiation,3,1.2,23.86,0.0,5.322,1.0,0.0,45.0,70,26.58,42.38
2018-10-25,26.76,30.97,23.84,0.79,80.51,18.06,2.97,298,2018,3.8322967606254257,nasa_power,Samba,Samba-2018,0.07,0.54,0.04,0.6500000000000001,synthetic_degraded,1264.8,0.6023,panicle_initiation,3,1.2,18.63,0.0,4.599,1.0,0.0,45.0,71,5.52,45.67
2018-10-26,27.48,31.63,24.61,0.13,75.63,17.32,3.65,299,2018,3.851912250183499,nasa_power,Samba,Samba-2018,0.41,0.03,0.56,1.0,synthetic_degraded,1282.1,0.6105,panicle_initiation,3,1.2,13.82,0.0,4.622,1.0,0.0,45.0,72,15.09,43.53
2018-10-27,27.08,31.46,24.06,0.4,76.16,18.41,3.49,300,2018,3.912738144285904,nasa_power,Samba,Samba-2018,0.01,0.24,2.68,2.93,synthetic_degraded,1299.2,0.6186,panicle_initiation,3,1.2,8.33,0.0,4.695,1.0,0.0,45.0,73,-0.39,43.09
2018-10-28,26.84,32.41,22.56,0.02,74.42,20.58,3.34,301,2018,4.4743204960875,nasa_power,Samba,Samba-2018,0.42,3.66,13.21,17.29,synthetic_degraded,1315.4,0.6264,flowering,4,1.2,3.04,44.53,5.369,1.0,0.0,45.0,74,1.33,42.41
2018-10-29,27.5,34.05,21.7,0.43,73.81,19.58,3.18,302,2018,5.038939093071589,nasa_power,Samba,Samba-2018,1.99,6.67,90.63,99.28999999999999,synthetic_degraded,1331.3,0.6339,flowering,4,1.2,41.22,0.0,6.047,1.0,0.0,45.0,75,40.68,46.79
2018-10-30,27.93,33.39,24.01,2.41,79.16,17.22,3.15,303,2018,4.458142600920281,nasa_power,Samba,Samba-2018,15.05,83.01,28.54,126.6,synthetic_degraded,1348.3,0.642,flowering,4,1.2,34.6,0.0,5.35,1.0,0.0,45.0,76,32.84,43.75
2018-10-31,26.61,29.61,24.86,8.08,87.13,15.17,2.69,304,2018,3.06386817221723,nasa_power,Samba,Samba-2018,24.45,29.6,17.3,71.35,synthetic_degraded,1365.5,0.6502,flowering,4,1.2,30.66,0.0,3.677,1.0,0.0,45.0,77,33.16,45.5
2018-11-01,26.55,29.9,24.45,29.61,87.55,7.27,2.69,305,2018,3.2682708412494517,nasa_power,Samba,Samba-2018,53.78,18.21,1.01,73.00000000000001,synthetic_degraded,1382.7,0.6584,flowering,4,1.2,34.07,0.0,3.922,1.0,0.0,45.0,78,37.67,45.87
2018-11-02,26.06,28.58,24.45,32.22,89.16,4.69,2.34,306,2018,2.7954575193610207,nasa_power,Samba,Samba-2018,7.63,0.93,1.34,9.9,synthetic_degraded,1399.2,0.6663,flowering,4,1.2,58.76,0.0,3.355,1.0,0.0,45.0,79,54.89,45.24
2018-11-03,25.96,28.63,24.03,12.1,89.78,17.34,2.16,307,2018,2.929695309433125,nasa_power,Samba,Samba-2018,1.37,2.9,0.49,4.76,synthetic_degraded,1415.5,0.6741,flowering,4,1.2,86.62,0.0,3.516,1.0,0.0,45.0,80,82.57,45.44
2018-11-04,26.74,31.0,23.74,1.01,83.81,20.0,2.49,308,2018,3.756777862144676,nasa_power,Samba,Samba-2018,0.95,0.38,0.32,1.6500000000000001,synthetic_degraded,1432.4,0.6821,flowering,4,1.2,94.21,0.0,4.508,1.0,0.0,45.0,81,94.03,45.57
2018-11-05,26.43,29.76,23.94,1.07,83.8,22.18,2.16,309,2018,3.3156875854136767,nasa_power,Samba,Samba-2018,0.6,1.44,20.36,22.4,synthetic_degraded,1449.3,0.6901,flowering,4,1.2,89.71,0.0,3.979,1.0,0.0,45.0,82,81.99,45.21
2018-11-06,26.37,30.25,23.79,0.48,83.59,15.7,2.6,310,2018,3.496868897152347,nasa_power,Samba,Samba-2018,1.0,26.46,0.83,28.29,synthetic_degraded,1466.2,0.6982,flowering,4,1.2,85.8,0.0,4.196,1.0,0.0,45.0,83,83.42,43.86
2018-11-07,25.93,29.39,23.48,0.85,83.04,18.37,2.66,311,2018,3.291999012071628,nasa_power,Samba,Samba-2018,29.12,0.64,0.05,29.810000000000002,synthetic_degraded,1482.6,0.706,flowering,4,1.2,81.08,0.0,3.95,1.0,0.0,45.0,84,87.82,43.73
2018-11-08,25.27,28.25,22.7,19.96,90.53,5.59,2.63,312,2018,3.1124423102061676,nasa_power,Samba,Samba-2018,0.6,0.08,0.05,0.73,synthetic_degraded,1498.1,0.7134,flowering,4,1.2,76.98,0.0,3.735,1.0,0.0,45.0,85,69.45,44.84
2018-11-09,26.04,29.93,23.72,0.53,85.34,18.87,2.66,313,2018,3.3858659939667985,nasa_power,Samba,Samba-2018,0.09,0.02,0.01,0.12,synthetic_degraded,1514.9,0.7214,flowering,4,1.2,92.21,0.0,4.063,1.0,0.0,45.0,86,90.51,44.81
2018-11-10,25.76,30.26,22.55,0.07,82.95,19.58,2.56,314,2018,3.727207189787513,nasa_power,Samba,Samba-2018,0.02,0.0,1.0,1.02,synthetic_degraded,1531.2,0.7291,flowering,4,1.2,87.67,0.0,4.473,1.0,0.0,45.0,87,84.71,45.64
2018-11-11,25.48,30.27,21.78,0.03,81.67,18.26,2.36,315,2018,3.8673386442037874,nasa_power,Samba,Samba-2018,0.01,0.02,3.61,3.6399999999999997,synthetic_degraded,1547.1,0.7367,flowering,4,1.2,82.27,0.0,4.641,1.0,0.0,45.0,88,92.3,46.65
2018-11-12,25.21,30.67,20.7,0.01,79.59,19.39,1.93,316,2018,4.14751800913544,nasa_power,Samba,Samba-2018,0.02,0.01,16.15,16.18,synthetic_degraded,1562.4,0.744,flowering,4,1.2,76.66,0.0,4.977,1.0,0.0,45.0,89,73.97,45.52
2018-11-13,25.46,31.38,20.13,0.01,73.56,19.03,1.48,317,2018,4.401438686829904,nasa_power,Samba,Samba-2018,0.0,20.13,66.07,86.19999999999999,synthetic_degraded,1577.5,0.7512,grain_filling,5,0.95,70.69,0.0,4.181,1.0,0.0,45.0,90,68.29,43.78
2018-11-14,25.37,31.32,20.21,0.01,73.42,20.64,1.61,318,2018,4.363848575530142,nasa_power,Samba,Samba-2018,14.82,40.9,2.07,57.79,synthetic_degraded,1592.6,0.7584,grain_filling,5,0.95,65.52,0.0,4.146,1.0,0.0,45.0,91,60.37,41.73
2018-11-15,25.69,29.87,21.35,11.89,85.14,12.74,3.26,319,2018,3.798354445091323,nasa_power,Samba,Samba-2018,47.34,2.25,3.74,53.330000000000005,synthetic_degraded,1608.2,0.7658,grain_filling,5,0.95,60.39,0.0,3.608,1.0,0.0,45.0,92,60.44,43.85
2018-11-16,25.58,26.91,24.12,34.91,92.47,8.96,3.61,320,2018,2.1634893984273185,nasa_power,Samba,Samba-2018,2.78,4.89,2.63,10.3,synthetic_degraded,1623.7,0.7732,grain_filling,5,0.95,67.67,0.0,2.055,1.0,2.58,45.0,93,69.02,42.98
2018-11-17,26.5,30.11,23.62,1.31,85.33,16.52,1.19,321,2018,3.394305842470161,nasa_power,Samba,Samba-2018,7.18,1.82,16.16,25.16,synthetic_degraded,1640.5,0.7812,grain_filling,5,0.95,96.94,0.0,3.225,1.0,0.0,45.0,94,92.51,43.9
2018-11-18,26.11,29.38,23.83,3.41,88.55,17.2,1.63,322,2018,3.1131933091453208,nasa_power,Samba,Samba-2018,5.76,25.18,4.81,35.75,synthetic_degraded,1657.1,0.7891,grain_filling,5,0.95,94.03,0.0,2.958,1.0,0.0,45.0,95,98.97,45.36
2018-11-19,26.13,29.36,23.61,5.51,89.38,17.4,2.06,323,2018,3.1528640184608734,nasa_power,Samba,Samba-2018,23.17,9.09,15.85,48.11000000000001,synthetic_degraded,1673.6,0.797,grain_filling,5,0.95,93.48,0.0,2.995,1.0,0.0,45.0,96,94.84,45.13
2018-11-20,25.23,26.82,24.24,19.09,92.5,8.75,3.32,324,2018,2.0616819100568873,nasa_power,Samba,Samba-2018,10.55,19.92,67.8,98.27,synthetic_degraded,1689.1,0.8043,grain_filling,5,0.95,95.0,0.0,1.959,1.0,14.09,45.0,97,99.26,47.79
2018-11-21,25.08,26.83,24.0,10.61,91.3,7.15,4.54,325,2018,2.1487297010449455,nasa_power,Samba,Samba-2018,9.9,59.11,4.17,73.18,synthetic_degraded,1704.5,0.8117,grain_filling,5,0.95,97.04,0.0,2.041,1.0,7.65,45.0,98,95.4,45.72
2018-11-22,25.25,26.35,24.29,11.79,93.41,10.44,3.91,326,2018,1.8252434516948277,nasa_power,Samba,Samba-2018,24.83,3.58,1.59,29.999999999999996,synthetic_degraded,1719.9,0.819,grain_filling,5,0.95,96.96,0.0,1.734,1.0,8.75,45.0,99,98.18,47.86
2018-11-23,26.34,29.11,24.54,45.3,89.32,8.14,2.14,327,2018,2.8075244895971214,nasa_power,Samba,Samba-2018,5.33,0.26,3.48,9.07,synthetic_degraded,1736.7,0.827,grain_filling,5,0.95,97.27,0.0,2.667,1.0,42.57,45.0,100,96.2,46.07
2018-11-24,25.93,29.33,23.13,2.73,86.39,14.95,2.86,328,2018,3.219851768218997,nasa_power,Samba,Samba-2018,0.36,0.01,0.01,0.38,synthetic_degraded,1752.9,0.8347,grain_filling,5,0.95,96.33,0.0,3.059,1.0,0.0,45.0,101,103.62,46.63
2018-11-25,24.92,28.99,21.76,0.29,87.14,15.03,2.46,329,2018,3.402696546601323,nasa_power,Samba,Samba-2018,0.01,0.02,4.39,4.42,synthetic_degraded,1768.3,0.842,grain_filling,5,0.95,95.0,0.0,3.233,1.0,0.0,45.0,102,95.58,44.46
2018-11-26,24.03,28.32,21.11,0.01,83.24,17.64,2.63,330,2018,3.339558586735026,nasa_power,Samba,Samba-2018,0.02,2.05,13.57,15.64,synthetic_degraded,1783.0,0.8491,grain_filling,5,0.95,91.06,0.0,3.173,1.0,0.0,45.0,103,91.1,43.39
2018-11-27,23.81,28.48,20.03,0.02,80.95,18.68,2.55,331,2018,3.569527987803718,nasa_power,Samba,Samba-2018,7.77,19.67,2.59,30.03,synthetic_degraded,1797.3,0.8558,grain_filling,5,0.95,86.9,0.0,3.391,1.0,0.0,45.0,104,84.61,44.33
2018-11-28,24.56,28.78,20.63,4.61,86.16,16.01,3.16,332,2018,3.536698580884796,nasa_power,Samba,Samba-2018,40.1,1.57,0.41,42.08,synthetic_degraded,1812.0,0.8628,grain_filling,5,0.95,82.53,0.0,3.36,1.0,0.0,45.0,105,79.95,44.98
2018-11-29,25.28,28.6,23.39,25.65,90.07,5.42,3.3,333,2018,2.9084844197206987,nasa_power,Samba,Samba-2018,2.0,0.1,0.13,2.23,synthetic_degraded,1828.0,0.8705,grain_filling,5,0.95,82.78,0.0,2.763,1.0,8.43,45.0,106,83.97,44.06
2018-11-30,25.26,28.93,22.97,3.04,87.69,18.51,3.02,334,2018,3.1024098274237586,nasa_power,Samba,Samba-2018,0.05,0.08,9.08,9.21,synthetic_degraded,1843.9,0.8781,grain_filling,5,0.95,96.24,0.0,2.947,1.0,0.0,45.0,107,100.34,43.5
2018-12-01,24.5,28.37,21.73,0.2,85.05,18.77,2.75,335,2018,3.2021285087704907,nasa_power,Samba,Samba-2018,10.77,10.02,10.99,31.78,synthetic_degraded,1859.0,0.8852,grain_filling,5,0.95,95.33,0.0,3.042,1.0,0.0,45.0,108,91.91,45.63
2018-12-02,24.46,28.92,20.5,0.08,84.51,18.84,2.48,336,2018,3.5718151947169776,nasa_power,Samba,Samba-2018,4.52,11.76,2.16,18.44,synthetic_degraded,1873.7,0.8922,grain_filling,5,0.95,91.49,0.0,3.393,1.0,0.0,45.0,109,92.12,43.49
2018-12-03,25.27,29.26,21.69,6.74,89.06,15.32,2.99,337,2018,3.442686924172943,nasa_power,Samba,Samba-2018,15.79,2.69,1.39,19.87,synthetic_degraded,1889.1,0.8996,grain_filling,5,0.95,87.17,0.0,3.271,1.0,0.0,45.0,110,88.09,42.7
2018-12-04,25.54,28.77,23.49,11.93,90.62,12.86,2.17,338,2018,2.9147062695771138,nasa_power,Samba,Samba-2018,5.17,0.84,2.74,8.75,synthetic_degraded,1905.3,0.9073,ripening,6,0.65,89.64,0.0,1.895,1.0,1.57,45.0,111,91.43,43.32
2018-12-05,25.86,29.36,23.69,3.37,89.34,10.5,2.17,339,2018,3.043652801947061,nasa_power,Samba,Samba-2018,2.11,1.44,0.17,3.7199999999999998,synthetic_degraded,1921.8,0.9151,ripening,6,0.65,97.11,0.0,1.978,1.0,0.48,45.0,112,88.57,44.65
2018-12-06,25.78,29.41,23.4,1.28,86.1,16.92,2.2,340,2018,3.1213062614569567,nasa_power,Samba,Samba-2018,3.91,0.1,0.0,4.01,synthetic_degraded,1938.2,0.923,ripening,6,0.65,97.02,0.0,2.029,1.0,0.0,45.0,113,92.4,43.51
2018-12-07,25.81,29.54,23.17,1.66,86.43,17.06,2.77,341,2018,3.206162827677301,nasa_power,Samba,Samba-2018,0.24,0.01,0.0,0.25,synthetic_degraded,1954.6,0.9307,ripening,6,0.65,95.27,0.0,2.084,1.0,0.0,45.0,114,88.44,44.66
2018-12-08,25.34,29.16,22.98,0.14,85.84,13.97,2.73,342,2018,3.1343097351139,nasa_power,Samba,Samba-2018,0.02,0.0,0.0,0.02,synthetic_degraded,1970.6,0.9384,ripening,6,0.65,93.85,0.0,2.037,1.0,0.0,45.0,115,94.01,45.9
2018-12-09,24.93,29.19,21.87,0.01,86.76,15.42,2.77,343,2018,3.3659271401063564,nasa_power,Samba,Samba-2018,0.0,0.0,0.0,0.0,synthetic_degraded,1986.2,0.9458,ripening,6,0.65,90.95,0.0,2.188,1.0,0.0,45.0,116,86.45,45.86
2018-12-10,24.32,28.81,21.13,0.0,86.02,14.0,2.2,344,2018,3.400146544022433,nasa_power,Samba,Samba-2018,0.0,0.0,5.89,5.89,synthetic_degraded,2001.1,0.9529,ripening,6,0.65,87.77,0.0,2.21,1.0,0.0,45.0,117,85.29,44.01
2018-12-11,23.84,28.45,20.31,0.0,87.7,17.86,2.1,345,2018,3.4494602232278853,nasa_power,Samba,Samba-2018,0.0,0.01,0.5,0.51,synthetic_degraded,2015.5,0.9598,ripening,6,0.65,84.56,0.0,2.242,1.0,0.0,45.0,118,78.59,43.04
2018-12-12,24.2,29.26,20.14,0.0,86.87,17.24,2.0,346,2018,3.6763004739909353,nasa_power,Samba,Samba-2018,0.01,1.28,2.3,3.59,synthetic_degraded,2030.2,0.9668,ripening,6,0.65,81.32,0.0,2.39,1.0,0.0,45.0,119,79.3,44.14
2018-12-13,24.44,29.47,20.89,0.01,85.53,14.16,2.13,347,2018,3.603836316446654,nasa_power,Samba,Samba-2018,2.63,0.72,0.06,3.4099999999999997,synthetic_degraded,2045.4,0.974,ripening,6,0.65,77.93,0.0,2.342,1.0,0.0,45.0,120,72.31,45.98
2018-12-14,24.63,29.11,21.0,0.86,87.36,19.18,3.33,348,2018,3.491689916348582,nasa_power,Samba,Samba-2018,0.64,0.07,1.27,1.98,synthetic_degraded,2060.4,0.9812,ripening,6,0.65,74.6,0.0,2.27,1.0,0.0,45.0,121,78.39,46.33
2018-12-15,24.66,28.59,21.95,0.62,84.48,15.16,4.28,349,2018,3.1738768083629094,nasa_power,Samba,Samba-2018,0.09,0.0,0.0,0.09,synthetic_degraded,2075.7,0.9884,ripening,6,0.65,72.19,0.0,2.063,1.0,0.0,45.0,122,74.59,45.53
2018-12-16,22.76,27.04,19.4,0.05,84.64,9.26,3.09,350,2018,3.241304389823082,nasa_power,Samba,Samba-2018,0.0,0.0,0.01,0.01,synthetic_degraded,2088.9,0.9947,ripening,6,0.65,69.75,0.0,2.107,1.0,0.0,45.0,123,70.5,46.8
2018-12-17,23.76,30.25,18.5,0.0,77.77,15.7,1.72,351,2018,4.131777730915962,nasa_power,Samba,Samba-2018,0.0,0.02,0.01,0.03,synthetic_degraded,2103.2,1.0015,ripening,6,0.65,66.69,0.0,2.686,1.0,0.0,45.0,124,65.18,47.59
2018-12-18,24.48,29.22,20.62,0.0,85.48,14.93,1.71,352,2018,3.5798770815164995,nasa_power,Samba,Samba-2018,0.0,0.01,1.12,1.1300000000000001,synthetic_degraded,2118.1,1.0086,ripening,6,0.65,63.0,0.0,2.327,1.0,0.0,45.0,125,52.81,44.28
2018-12-19,23.97,27.79,21.34,0.01,84.39,17.62,2.79,353,2018,3.074247472833558,nasa_power,Samba,Samba-2018,0.01,2.04,10.46,12.510000000000002,synthetic_degraded,2132.7,1.0156,ripening,6,0.65,59.68,0.0,1.998,1.0,0.0,45.0,126,57.39,47.23
2018-12-20,23.9,28.68,20.16,0.01,85.77,18.62,2.59,354,2018,3.5212216243454364,nasa_power,Samba,Samba-2018,0.85,27.12,8.47,36.440000000000005,synthetic_degraded,2147.1,1.0224,ripening,6,0.65,56.69,0.0,2.289,1.0,0.0,45.0,127,52.88,44.61
2018-12-21,25.04,29.12,22.38,0.89,87.06,13.82,3.11,355,2018,3.230847921790483,nasa_power,Samba,Samba-2018,14.65,5.48,0.58,20.71,synthetic_degraded,2162.8,1.0299,ripening,6,0.65,53.41,0.0,2.1,1.0,0.0,45.0,128,54.65,46.53
2018-12-22,24.07,26.58,22.09,11.9,93.23,6.56,3.71,356,2018,2.5518029613210156,nasa_power,Samba,Samba-2018,7.76,0.46,0.01,8.23,synthetic_degraded,2177.2,1.0368,ripening,6,0.65,51.2,0.0,1.659,1.0,0.0,45.0,129,54.3,46.06
2018-12-23,25.2,28.19,23.48,4.79,90.47,8.25,3.23,357,2018,2.707374868475296,nasa_power,Samba,Samba-2018,0.31,0.01,8.1,8.42,synthetic_degraded,2193.0,1.0443,ripening,6,0.65,60.44,0.0,1.76,1.0,0.0,45.0,130,62.06,42.03
2018-12-24,25.05,28.8,22.75,0.51,87.15,13.98,2.92,358,2018,3.065345045240744,nasa_power,Samba,Samba-2018,0.01,0.01,0.0,0.02,synthetic_degraded,2208.8,1.0518,ripening,6,0.65,62.47,0.0,1.992,1.0,0.0,45.0,131,68.79,43.55
2018-12-25,24.51,28.85,21.45,0.01,85.57,16.14,2.6,359,2018,3.343057379263925,nasa_power,Samba,Samba-2018,0.02,0.0,4.69,4.71,synthetic_degraded,2223.9,1.059,ripening,6,0.65,59.99,0.0,2.173,1.0,0.0,45.0,132,57.15,43.17
2018-12-26,24.02,29.1,20.42,0.01,85.83,18.9,1.89,360,2018,3.589763313193128,nasa_power,Samba,Samba-2018,0.0,0.01,0.35,0.36,synthetic_degraded,2238.7,1.066,ripening,6,0.65,56.83,0.0,2.333,1.0,0.0,45.0,133,53.78,42.33
2018-12-27,24.06,29.33,19.98,0.0,83.91,17.78,1.57,361,2018,3.718923982084858,nasa_power,Samba,Samba-2018,8.66,0.37,0.04,9.069999999999999,synthetic_degraded,2253.4,1.073,ripening,6,0.65,53.5,0.0,2.417,1.0,0.0,45.0,134,58.69,46.32
2018-12-28,24.61,28.74,21.24,0.01,84.61,13.51,1.69,362,2018,3.3594826879005804,nasa_power,Samba,Samba-2018,0.46,0.05,0.04,0.55,synthetic_degraded,2268.3,1.0802,ripening,6,0.65,50.09,0.0,2.184,1.0,0.0,45.0,135,50.92,48.1
2018-12-29,24.69,28.49,22.13,0.56,83.98,12.1,2.91,363,2018,3.119328569000747,nasa_power,Samba,Samba-2018,0.02,0.06,0.0,0.08,synthetic_degraded,2283.7,1.0875,ripening,6,0.65,46.91,0.0,2.028,1.0,0.0,45.0,136,45.68,44.61
2018-12-30,23.88,28.3,20.4,0.04,83.09,16.59,3.31,364,2018,3.402190173642685,nasa_power,Samba,Samba-2018,11.31,0.0,0.0,11.31,synthetic_degraded,2298.0,1.0943,ripening,6,0.65,44.44,0.0,2.211,1.0,0.0,45.0,137,53.67,46.28
2018-12-31,23.37,27.91,19.88,0.03,79.02,16.61,3.43,365,2018,3.396406079844055,nasa_power,Samba,Samba-2018,0.0,0.06,0.0,0.06,synthetic_degraded,2311.9,1.1009,ripening,6,0.65,41.27,0.0,2.208,1.0,0.0,45.0,138,44.16,47.23
2019-01-01,22.1,27.53,18.12,0.0,77.71,20.21,2.93,1,2018,3.586191634886927,nasa_power,Samba,Samba-2018,0.0,0.0,0.0,0.0,synthetic_degraded,2324.7,1.107,ripening,6,0.65,38.1,0.0,2.331,1.0,0.0,45.0,139,37.15,45.31
2019-01-02,22.08,27.59,17.94,0.0,77.9,19.46,2.85,2,2018,3.6304835930547448,nasa_power,Samba,Samba-2018,0.0,1.79,0.0,1.79,synthetic_degraded,2337.5,1.1131,ripening,6,0.65,34.76,0.0,2.36,1.0,0.0,45.0,140,31.33,44.96
2019-01-03,22.77,28.32,18.86,0.0,76.85,20.79,2.93,3,2018,3.672234882469372,nasa_power,Samba,Samba-2018,0.0,0.0,0.0,0.0,synthetic_degraded,2351.1,1.1196,ripening,6,0.65,31.4,0.0,2.387,1.0,0.0,45.0,141,38.03,44.63
2019-01-04,22.86,28.21,18.76,0.0,77.32,20.63,3.18,4,2018,3.6658383217901034,nasa_power,Samba,Samba-2018,0.59,0.0,0.0,0.59,synthetic_degraded,2364.6,1.126,ripening,6,0.65,28.02,0.0,2.383,1.0,0.0,45.0,142,29.05,45.81
2019-01-05,22.97,28.73,18.5,0.0,77.71,19.14,2.88,5,2018,3.8315210646730207,nasa_power,Samba,Samba-2018,0.0,0.0,0.0,0.0,synthetic_degraded,2378.2,1.1325,ripening,6,0.65,24.63,0.0,2.49,1.0,0.0,45.0,143,24.75,46.31
2019-01-06,23.11,28.65,18.74,0.0,78.21,17.32,2.65,6,2018,3.784018974565685,nasa_power,Samba,Samba-2018,0.0,0.0,0.0,0.0,synthetic_degraded,2391.9,1.139,ripening,6,0.65,21.14,0.0,2.46,1.0,0.0,45.0,144,24.52,45.69
2019-01-07,23.74,29.47,19.34,0.0,78.39,19.93,2.54,7,2018,3.897337520088753,nasa_power,Samba,Samba-2018,0.0,0.0,0.0,0.0,synthetic_degraded,2406.3,1.1458,ripening,6,0.65,17.68,0.0,2.533,1.0,0.0,45.0,145,22.08,45.64
2019-01-08,23.24,29.43,19.03,0.0,78.9,20.48,2.72,8,2018,3.9390107148104936,nasa_power,Samba,Samba-2018,0.0,0.0,0.07,0.07,synthetic_degraded,2420.5,1.1526,ripening,6,0.65,14.15,0.0,2.56,1.0,0.0,45.0,146,16.9,44.92
2019-01-09,22.78,29.4,17.55,0.0,78.21,20.86,2.49,9,2018,4.136198667041136,nasa_power,Samba,Samba-2018,0.0,5.38,0.0,5.38,synthetic_degraded,2434.0,1.159,ripening,6,0.65,10.59,0.0,2.689,1.0,0.0,45.0,147,15.01,42.61
2019-01-10,22.95,29.21,17.71,0.0,78.65,20.77,2.75,10,2018,4.080457761871836,nasa_power,Samba,Samba-2018,3.79,0.0,0.0,3.79,synthetic_degraded,2447.4,1.1655,ripening,6,0.65,6.9,0.0,2.652,1.0,0.0,45.0,148,9.16,46.35
2019-01-11,23.45,29.36,19.15,0.06,77.47,19.33,2.79,11,2018,3.9261570714386442,nasa_power,Samba,Samba-2018,0.0,0.0,0.0,0.0,synthetic_degraded,2461.7,1.1722,ripening,6,0.65,3.25,0.0,2.552,1.0,0.0,45.0,149,6.02,43.07
2019-08-15,31.37,37.89,26.0,0.84,57.38,21.7,2.91,227,2019,6.058167235503786,nasa_power,Samba,Samba-2019,22.85,30.66,16.37,69.88000000000001,synthetic_degraded,18.0,0.0086,establishment,0,1.05,40.0,0.0,6.361,1.0,0.0,45.0,0,49.2,45.33
2019-08-16,29.67,34.02,26.28,16.51,66.7,15.5,2.85,228,2019,4.71155761957645,nasa_power,Samba,Samba-2019,47.67,8.14,27.2,83.01,synthetic_degraded,36.1,0.0172,establishment,0,1.05,33.48,0.0,4.947,1.0,0.0,45.0,1,28.63,45.4
2019-08-17,26.38,28.8,24.46,33.93,82.75,10.43,3.18,229,2019,3.269022696412167,nasa_power,Samba,Samba-2019,6.66,21.52,8.44,36.62,synthetic_degraded,52.8,0.0251,establishment,0,1.05,44.04,0.0,3.432,1.0,0.0,45.0,2,43.13,44.28
2019-08-18,26.51,29.51,24.57,11.12,81.29,12.22,2.95,230,2019,3.5196824879997877,nasa_power,Samba,Samba-2019,15.67,7.25,13.62,36.54,synthetic_degraded,69.8,0.0332,establishment,0,1.05,73.54,0.0,3.696,1.0,0.0,45.0,3,64.0,48.05
2019-08-19,28.32,32.33,24.82,20.6,77.83,23.36,2.09,231,2019,4.487885343672193,nasa_power,Samba,Samba-2019,16.39,13.63,4.15,34.17,synthetic_degraded,87.2,0.0415,establishment,0,1.05,79.96,0.0,4.712,1.0,0.56,45.0,4,82.75,45.64
2019-08-20,28.7,33.38,25.52,6.31,77.38,14.5,2.7,232,2019,4.677348247938649,nasa_power,Samba,Samba-2019,15.33,4.4,5.14,24.87,synthetic_degraded,105.0,0.05,establishment,0,1.05,94.29,0.0,4.911,1.0,0.6,45.0,5,98.53,46.69
2019-08-21,27.89,32.14,25.26,15.89,79.66,19.63,3.1,233,2019,4.305934012629888,nasa_power,Samba,Samba-2019,4.89,8.43,1.53,14.85,synthetic_degraded,122.6,0.0584,establishment,0,1.05,94.09,0.0,4.521,1.0,9.98,45.0,6,89.11,42.82
2019-08-22,27.45,32.08,24.68,8.46,79.39,15.4,2.9,234,2019,4.434124765795536,nasa_power,Samba,Samba-2019,4.63,0.91,4.2,9.74,synthetic_degraded,140.0,0.0666,establishment,0,1.05,94.48,0.0,4.656,1.0,2.94,45.0,7,101.66,42.8
2019-08-23,27.66,33.2,23.89,3.23,72.69,18.47,3.73,235,2019,4.990196548779752,nasa_power,Samba,Samba-2019,0.58,3.97,0.82,5.37,synthetic_degraded,156.9,0.0747,establishment,0,1.05,94.34,0.0,5.24,1.0,0.0,45.0,8,90.75,45.69
2019-08-24,27.65,33.11,23.83,0.82,71.04,21.14,3.17,236,2019,4.972773139254132,nasa_power,Samba,Samba-2019,7.94,1.09,0.28,9.31,synthetic_degraded,173.8,0.0828,establishment,0,1.05,91.33,0.0,5.221,1.0,0.0,45.0,9,89.62,47.78
2019-08-25,28.19,33.34,24.09,3.23,69.75,17.94,3.53,237,2019,4.989502892384773,nasa_power,Samba,Samba-2019,1.67,0.08,0.43,2.18,synthetic_degraded,190.9,0.0909,establishment,0,1.05,85.93,0.0,5.239,1.0,0.0,45.0,10,86.53,43.49
2019-08-26,28.25,33.53,23.99,1.32,71.86,21.59,3.99,238,2019,5.0702729840263,nasa_power,Samba,Samba-2019,0.11,8.92,1.1,10.129999999999999,synthetic_degraded,207.8,0.099,establishment,0,1.05,82.92,0.0,5.324,1.0,0.0,45.0,11,90.89,45.22
2019-08-27,29.45,35.19,24.43,0.17,65.88,22.06,3.67,239,2019,5.504038401769486,nasa_power,Samba,Samba-2019,0.57,2.45,0.21,3.23,synthetic_degraded,225.1,0.1072,establishment,0,1.05,77.92,0.0,5.779,1.0,0.0,45.0,12,73.63,43.15
2019-08-28,29.65,36.09,25.0,0.49,64.17,22.59,3.31,240,2019,5.671647007222431,nasa_power,Samba,Samba-2019,1.96,0.18,1.13,3.27,synthetic_degraded,242.6,0.1155,establishment,0,1.05,71.31,0.0,5.955,1.0,0.0,45.0,13,72.77,43.92
2019-08-29,28.0,32.13,24.95,2.83,73.27,22.9,3.25,241,2019,4.372262289281299,nasa_power,Samba,Samba-2019,0.18,2.6,2.39,5.17,synthetic_degraded,260.0,0.1238,establishment,0,1.05,64.85,0.0,4.591,1.0,0.0,45.0,14,68.72,45.29
2019-08-30,29.09,35.3,23.99,0.13,65.4,24.32,3.37,242,2019,5.615479245316856,nasa_power,Samba,Samba-2019,1.88,1.31,7.53,10.72,synthetic_degraded,277.0,0.1319,establishment,0,1.05,62.08,0.0,5.896,1.0,0.0,45.0,15,64.92,44.26
2019-08-31,28.66,34.0,24.82,1.73,65.76,18.54,4.13,243,2019,5.031276679433931,nasa_power,Samba,Samba-2019,0.29,8.73,12.9,21.92,synthetic_degraded,294.4,0.1402,establishment,0,1.05,55.32,0.0,5.283,1.0,0.0,45.0,16,58.35,43.04
2019-09-01,28.99,34.44,24.39,0.93,69.47,13.18,3.11,244,2019,5.261674869623769,nasa_power,Samba,Samba-2019,5.33,7.48,5.1,17.91,synthetic_degraded,311.6,0.1484,establishment,0,1.05,50.77,0.0,5.525,1.0,0.0,45.0,17,54.58,43.01
2019-09-02,28.37,32.64,25.26,4.49,74.48,19.8,3.18,245,2019,4.461582487406132,nasa_power,Samba,Samba-2019,2.91,4.95,2.26,10.120000000000001,synthetic_degraded,329.3,0.1568,tillering,1,1.1,45.17,0.0,4.908,1.0,0.0,45.0,18,42.4,42.17
2019-09-03,28.74,33.77,24.54,3.32,72.67,17.97,3.35,246,2019,5.007946714832959,nasa_power,Samba,Samba-2019,7.85,1.25,0.91,10.01,synthetic_degraded,346.5,0.165,tillering,1,1.1,43.75,0.0,5.509,1.0,0.0,45.0,19,52.19,45.71
2019-09-04,29.16,35.1,24.69,4.15,69.36,17.38,3.87,247,2019,5.398244396679703,nasa_power,Samba,Samba-2019,0.91,0.72,0.11,1.74,synthetic_degraded,363.9,0.1733,tillering,1,1.1,40.56,0.0,5.938,1.0,0.0,45.0,20,40.0,45.9
2019-09-05,29.29,34.99,24.99,0.76,66.83,19.15,3.95,248,2019,5.297218217300713,nasa_power,Samba,Samba-2019,0.82,0.04,0.51,1.37,synthetic_degraded,381.4,0.1816,tillering,1,1.1,37.78,0.0,5.827,1.0,0.0,45.0,21,36.56,45.89
2019-09-06,29.68,34.93,24.94,0.58,66.71,21.7,4.04,249,2019,5.284038339562066,nasa_power,Samba,Samba-2019,0.07,0.13,1.33,1.53,synthetic_degraded,398.8,0.1899,tillering,1,1.1,31.71,0.0,5.812,1.0,0.0,45.0,22,38.45,43.64
2019-09-07,30.46,37.16,25.38,0.1,62.73,19.57,4.21,250,2019,5.893172772509502,nasa_power,Samba,Samba-2019,0.1,0.85,1.94,2.8899999999999997,synthetic_degraded,416.5,0.1984,tillering,1,1.1,25.48,0.0,6.482,1.0,0.0,45.0,23,22.33,46.51
2019-09-08,30.29,35.93,25.39,0.14,62.23,21.77,3.85,251,2019,5.499926573935438,nasa_power,Samba,Samba-2019,1.25,1.65,8.94,11.84,synthetic_degraded,434.2,0.2068,tillering,1,1.1,18.09,0.0,6.05,1.0,0.0,45.0,24,19.69,46.06
2019-09-09,29.39,35.27,24.31,1.26,63.48,19.62,2.84,252,2019,5.502311933627797,nasa_power,Samba,Samba-2019,1.27,9.55,4.64,15.46,synthetic_degraded,451.4,0.2149,tillering,1,1.1,11.18,0.0,6.053,1.0,0.0,45.0,25,7.57,45.01
2019-09-10,30.17,35.35,25.78,1.49,66.52,16.82,2.54,253,2019,5.219881203431387,nasa_power,Samba,Samba-2019,24.92,9.97,12.63,47.52,synthetic_degraded,469.3,0.2235,tillering,1,1.1,5.39,0.0,5.742,1.0,0.0,45.0,26,17.99,44.76
2019-09-11,28.5,31.63,26.2,13.63,78.21,16.79,2.08,254,2019,3.793647749367463,nasa_power,Samba,Samba-2019,7.08,22.36,5.31,34.75,synthetic_degraded,487.4,0.2321,tillering,1,1.1,0.14,0.0,4.173,1.0,0.0,45.0,27,11.68,44.03
2019-09-12,28.01,31.69,25.6,7.59,77.3,19.85,2.54,255,2019,3.989822286051426,nasa_power,Samba,Samba-2019,8.29,8.97,6.7,23.959999999999997,synthetic_degraded,505.2,0.2406,tillering,1,1.1,8.6,0.0,4.389,1.0,0.0,45.0,28,8.05,45.29
2019-09-13,27.36,30.72,24.77,14.38,81.57,19.75,2.42,256,2019,3.8626749364941864,nasa_power,Samba,Samba-2019,3.6,11.98,10.6,26.18,synthetic_degraded,522.6,0.2488,tillering,1,1.1,10.8,0.0,4.249,1.0,0.0,45.0,29,13.4,47.43
2019-09-14,28.38,33.45,24.36,5.22,76.34,20.45,2.22,257,2019,4.889844870570645,nasa_power,Samba,Samba-2019,8.92,9.45,26.04,44.41,synthetic_degraded,539.7,0.257,tillering,1,1.1,19.93,0.0,5.379,1.0,0.0,45.0,30,19.96,46.71
2019-09-15,28.51,33.23,24.62,5.78,75.77,18.22,2.5,258,2019,4.754875456655201,nasa_power,Samba,Samba-2019,18.63,12.91,12.46,44.0,synthetic_degraded,557.1,0.2653,tillering,1,1.1,18.77,0.0,5.23,1.0,0.0,45.0,31,17.03,44.62
2019-09-16,28.0,32.37,24.85,20.09,79.76,20.13,2.93,259,2019,4.407830880711814,nasa_power,Samba,Samba-2019,17.51,67.59,24.42,109.52000000000001,synthetic_degraded,574.5,0.2736,tillering,1,1.1,18.32,0.0,4.849,1.0,0.0,45.0,32,18.92,45.81
2019-09-17,27.96,32.72,24.34,19.34,78.32,16.26,2.37,260,2019,4.638553714454509,nasa_power,Samba,Samba-2019,29.17,29.25,2.54,60.96,synthetic_degraded,591.6,0.2817,tillering,1,1.1,32.56,0.0,5.102,1.0,0.0,45.0,33,32.36,43.35
2019-09-18,27.74,31.28,25.39,18.1,84.01,13.42,2.2,261,2019,3.8668559050301705,nasa_power,Samba,Samba-2019,12.3,1.85,2.91,17.060000000000002,synthetic_degraded,609.3,0.2902,tillering,1,1.1,45.8,0.0,4.254,1.0,0.0,45.0,34,38.2,46.1
2019-09-19,27.63,31.63,24.82,18.57,83.39,15.2,2.53,262,2019,4.141774372868308,nasa_power,Samba,Samba-2019,0.61,3.53,1.32,5.46,synthetic_degraded,626.8,0.2985,tillering,1,1.1,58.65,0.0,4.556,1.0,0.0,45.0,35,59.97,43.75
2019-09-20,25.76,28.89,23.54,1.67,83.3,15.88,2.81,263,2019,3.5052883064006117,nasa_power,Samba,Samba-2019,2.37,1.99,36.69,41.05,synthetic_degraded,643.0,0.3062,tillering,1,1.1,71.66,0.0,3.856,1.0,0.0,45.0,36,71.45,46.04
2019-09-21,27.4,30.81,24.43,3.48,84.43,20.79,1.97,264,2019,3.9437426303922436,nasa_power,Samba,Samba-2019,2.27,8.24,13.57,24.08,synthetic_degraded,660.2,0.3144,tillering,1,1.1,68.47,0.0,4.338,1.0,0.0,45.0,37,70.03,49.45
2019-09-22,27.15,29.77,25.08,2.04,86.45,18.07,1.42,265,2019,3.361236264737251,nasa_power,Samba,Samba-2019,16.37,6.47,14.22,37.06,synthetic_degraded,677.6,0.3227,tillering,1,1.1,66.62,0.0,3.697,1.0,0.0,45.0,38,66.23,44.14
2019-09-23,27.2,29.78,25.65,18.32,89.19,18.77,1.24,266,2019,3.1690179644687624,nasa_power,Samba,Samba-2019,4.54,12.63,3.68,20.85,synthetic_degraded,695.3,0.3311,tillering,1,1.1,63.96,0.0,3.486,1.0,0.0,45.0,39,62.16,49.38
2019-09-24,26.75,29.46,24.72,9.16,88.13,20.17,2.21,267,2019,3.3425144083347016,nasa_power,Samba,Samba-2019,20.98,1.38,0.4,22.759999999999998,synthetic_degraded,712.4,0.3392,tillering,1,1.1,77.79,0.0,3.677,1.0,0.0,45.0,40,82.16,45.74
2019-09-25,26.52,28.83,24.71,13.28,89.45,16.21,3.41,268,2019,3.0884716801797683,nasa_power,Samba,Samba-2019,2.05,0.3,0.33,2.6799999999999997,synthetic_degraded,729.2,0.3472,tillering,1,1.1,82.28,0.0,3.397,1.0,0.0,45.0,41,84.95,43.88
2019-09-26,27.12,30.85,24.8,1.9,84.58,20.31,2.66,269,2019,3.824102402742841,nasa_power,Samba,Samba-2019,0.46,1.39,3.48,5.33,synthetic_degraded,746.6,0.3555,stem_elongation,2,1.15,91.16,0.0,4.398,1.0,0.0,45.0,42,98.14,43.81
2019-09-27,27.23,31.57,23.7,0.39,82.67,20.22,1.65,270,2019,4.335132230986396,nasa_power,Samba,Samba-2019,0.53,4.88,14.87,20.28,synthetic_degraded,763.4,0.3635,stem_elongation,2,1.15,87.66,0.0,4.985,1.0,0.0,45.0,43,90.13,48.55
2019-09-28,27.66,31.88,24.89,0.44,81.07,19.7,1.44,271,2019,4.144944159557836,nasa_power,Samba,Samba-2019,3.04,17.69,1.09,21.82,synthetic_degraded,780.9,0.3718,stem_elongation,2,1.15,82.07,0.0,4.767,1.0,0.0,45.0,44,81.08,45.74
2019-09-29,26.82,30.26,24.63,5.46,84.43,19.33,1.58,272,2019,3.6369566043172976,nasa_power,Samba,Samba-2019,17.89,0.86,0.88,19.63,synthetic_degraded,798.2,0.3801,stem_elongation,2,1.15,76.74,0.0,4.183,1.0,0.0,45.0,45,79.82,44.15
2019-09-30,26.57,30.13,24.48,15.61,84.2,17.83,1.59,273,2019,3.6247346209237787,nasa_power,Samba,Samba-2019,1.16,0.61,0.16,1.93,synthetic_degraded,815.4,0.3883,stem_elongation,2,1.15,77.02,0.0,4.168,1.0,0.0,45.0,46,67.12,44.69
2019-10-01,27.37,31.47,23.58,0.77,80.84,22.92,1.64,274,2019,4.295341783756912,nasa_power,Samba,Samba-2019,9.12,0.13,0.62,9.87,synthetic_degraded,832.2,0.3963,stem_elongation,2,1.15,87.46,0.0,4.94,1.0,0.0,45.0,47,97.98,45.65
2019-10-02,27.07,30.24,24.33,0.47,85.66,22.91,1.59,275,2019,3.6899614435146226,nasa_power,Samba,Samba-2019,0.22,0.63,1.99,2.84,synthetic_degraded,849.4,0.4045,stem_elongation,2,1.15,82.29,0.0,4.243,1.0,0.0,45.0,48,83.66,44.99
2019-10-03,27.03,30.2,24.36,0.16,85.1,23.06,1.34,276,2019,3.6596691695836845,nasa_power,Samba,Samba-2019,0.45,2.67,1.43,4.55,synthetic_degraded,866.6,0.4127,stem_elongation,2,1.15,77.51,0.0,4.209,1.0,0.0,45.0,49,88.43,45.52
2019-10-04,27.6,31.84,24.25,0.36,82.11,22.56,1.33,277,2019,4.2335153393574885,nasa_power,Samba,Samba-2019,4.49,1.09,0.91,6.49,synthetic_degraded,883.7,0.4208,stem_elongation,2,1.15,72.47,0.0,4.869,1.0,0.0,45.0,50,68.12,47.66
2019-10-05,27.4,30.61,25.09,2.19,84.31,20.8,1.86,278,2019,3.5868820899814766,nasa_power,Samba,Samba-2019,1.93,1.55,0.29,3.77,synthetic_degraded,901.2,0.4292,stem_elongation,2,1.15,66.96,0.0,4.125,1.0,0.0,45.0,51,61.37,43.31
2019-10-06,26.86,29.91,24.62,1.94,85.65,20.11,1.79,279,2019,3.4583957711487634,nasa_power,Samba,Samba-2019,1.06,0.33,0.2,1.59,synthetic_degraded,918.5,0.4374,stem_elongation,2,1.15,64.02,0.0,3.977,1.0,0.0,45.0,52,65.85,45.97
2019-10-07,27.53,31.36,24.05,1.63,82.66,22.53,1.8,280,2019,4.0955163843001205,nasa_power,Samba,Samba-2019,0.64,1.43,0.67,2.7399999999999998,synthetic_degraded,935.5,0.4455,stem_elongation,2,1.15,60.99,0.0,4.71,1.0,0.0,45.0,53,62.8,44.89
2019-10-08,27.56,31.11,24.77,0.36,83.56,21.09,1.6,281,2019,3.824707452315767,nasa_power,Samba,Samba-2019,0.6,0.34,1.47,2.41,synthetic_degraded,952.9,0.4538,stem_elongation,2,1.15,56.91,0.0,4.398,1.0,0.0,45.0,54,58.6,44.25
2019-10-09,27.84,31.56,24.7,0.36,82.69,18.62,1.99,282,2019,3.9853478771171584,nasa_power,Samba,Samba-2019,0.18,6.84,1.0,8.02,synthetic_degraded,970.3,0.462,stem_elongation,2,1.15,51.87,0.0,4.583,1.0,0.0,45.0,55,52.8,46.61
2019-10-10,27.8,31.34,25.16,0.27,82.46,21.0,2.01,283,2019,3.7832600490870085,nasa_power,Samba,Samba-2019,1.19,1.31,4.08,6.58,synthetic_degraded,987.8,0.4704,stem_elongation,2,1.15,46.64,0.0,4.351,1.0,0.0,45.0,56,43.5,42.81
2019-10-11,27.07,30.29,24.63,1.21,84.51,19.48,1.44,284,2019,3.549641960644419,nasa_power,Samba,Samba-2019,1.16,2.19,2.3,5.6499999999999995,synthetic_degraded,1005.2,0.4786,stem_elongation,2,1.15,41.56,0.0,4.082,1.0,0.0,45.0,57,34.13,41.45
2019-10-12,26.99,29.99,24.53,1.04,83.63,18.19,1.09,285,2019,3.462216619271468,nasa_power,Samba,Samba-2019,2.82,4.3,8.85,15.969999999999999,synthetic_degraded,1022.4,0.4869,stem_elongation,2,1.15,37.69,0.0,3.982,1.0,0.0,45.0,58,39.11,45.34
2019-10-13,27.46,31.1,24.6,1.88,83.65,18.89,1.58,286,2019,3.8172907969258434,nasa_power,Samba,Samba-2019,1.95,3.57,46.53,52.05,synthetic_degraded,1039.7,0.4951,stem_elongation,2,1.15,33.75,0.0,4.39,1.0,0.0,45.0,59,27.34,44.79
2019-10-14,27.52,30.75,25.24,4.14,84.3,19.39,1.5,287,2019,3.5166526472842974,nasa_power,Samba,Samba-2019,3.48,26.85,18.28,48.61,synthetic_degraded,1057.3,0.5035,panicle_initiation,3,1.2,30.24,0.0,4.22,1.0,0.0,45.0,60,23.35,42.97
2019-10-15,27.09,29.66,25.37,9.41,88.0,11.19,1.61,288,2019,3.062467677054346,nasa_power,Samba,Samba-2019,19.25,21.68,6.17,47.1,synthetic_degraded,1074.9,0.5118,panicle_initiation,3,1.2,29.16,0.0,3.675,1.0,0.0,45.0,61,27.26,42.43
2019-10-16,26.31,28.57,24.54,18.92,88.57,13.57,1.91,289,2019,2.897673236377608,nasa_power,Samba,Samba-2019,5.57,1.32,9.47,16.36,synthetic_degraded,1091.4,0.5197,panicle_initiation,3,1.2,33.89,0.0,3.477,1.0,0.0,45.0,62,36.04,47.9
2019-10-17,26.53,29.81,24.35,17.4,85.56,10.76,1.6,290,2019,3.4036567978961623,nasa_power,Samba,Samba-2019,2.2,7.54,29.57,39.31,synthetic_degraded,1108.5,0.5279,panicle_initiation,3,1.2,48.34,0.0,4.084,1.0,0.0,45.0,63,58.28,45.69
2019-10-18,26.94,30.32,24.62,2.05,84.77,16.53,1.26,291,2019,3.4984560246109435,nasa_power,Samba,Samba-2019,11.32,23.21,39.42,73.95,synthetic_degraded,1125.8,0.5361,panicle_initiation,3,1.2,60.65,0.0,4.198,1.0,0.0,45.0,64,65.55,45.03
2019-10-19,26.17,28.33,24.57,6.65,89.82,12.77,1.66,292,2019,2.7698610217180906,nasa_power,Samba,Samba-2019,28.66,36.62,12.49,77.77,synthetic_degraded,1142.2,0.5439,panicle_initiation,3,1.2,57.51,0.0,3.324,1.0,0.0,45.0,65,64.68,48.29
2019-10-20,26.14,28.31,24.39,16.43,91.89,14.22,2.16,293,2019,2.8140899407398967,nasa_power,Samba,Samba-2019,16.34,15.97,16.67,48.980000000000004,synthetic_degraded,1158.6,0.5517,panicle_initiation,3,1.2,59.83,0.0,3.377,1.0,0.0,45.0,66,63.1,46.53
2019-10-21,26.11,28.67,24.4,21.62,89.23,10.77,1.84,294,2019,2.941238938562048,nasa_power,Samba,Samba-2019,13.42,23.99,11.2,48.61,synthetic_degraded,1175.1,0.5596,panicle_initiation,3,1.2,71.88,0.0,3.529,1.0,0.0,45.0,67,73.71,47.65
2019-10-22,26.34,29.19,24.01,12.48,87.65,8.67,1.44,295,2019,3.2353087353410466,nasa_power,Samba,Samba-2019,27.83,7.07,1.15,36.05,synthetic_degraded,1191.7,0.5675,panicle_initiation,3,1.2,88.97,0.0,3.882,1.0,1.45,45.0,68,101.5,43.23
2019-10-23,26.0,28.71,23.94,20.76,88.29,19.04,2.0,296,2019,3.076831101580328,nasa_power,Samba,Samba-2019,2.72,1.56,1.07,5.3500000000000005,synthetic_degraded,1208.1,0.5753,panicle_initiation,3,1.2,95.12,0.0,3.692,1.0,15.88,45.0,69,88.51,43.17
2019-10-24,25.75,28.25,23.65,4.62,89.08,12.64,2.63,297,2019,2.9874668811491705,nasa_power,Samba,Samba-2019,5.14,1.32,4.35,10.809999999999999,synthetic_degraded,1224.0,0.5829,panicle_initiation,3,1.2,95.31,0.0,3.585,1.0,0.0,45.0,70,93.24,45.93
2019-10-25,25.62,28.62,22.79,1.79,85.54,17.85,2.1,298,2019,3.335042279034097,nasa_power,Samba,Samba-2019,1.24,10.54,43.54,55.32,synthetic_degraded,1239.7,0.5903,panicle_initiation,3,1.2,95.34,0.0,4.002,1.0,0.0,45.0,71,93.66,45.62
2019-10-26,25.63,27.78,24.06,1.1,88.06,12.42,1.83,299,2019,2.6696699479492247,nasa_power,Samba,Samba-2019,10.63,33.56,33.29,77.48,synthetic_degraded,1255.6,0.5979,panicle_initiation,3,1.2,92.13,0.0,3.204,1.0,0.0,45.0,72,96.6,46.87
2019-10-27,26.15,28.97,23.71,4.36,84.9,16.0,1.05,300,2019,3.1959973446951353,nasa_power,Samba,Samba-2019,21.7,11.99,81.92,115.61,synthetic_degraded,1272.0,0.6057,panicle_initiation,3,1.2,89.03,0.0,3.835,1.0,0.0,45.0,73,84.14,42.55
2019-10-28,25.98,28.13,24.29,20.36,88.51,10.51,1.59,301,2019,2.7150109335050403,nasa_power,Samba,Samba-2019,23.25,40.88,2.86,66.99,synthetic_degraded,1288.2,0.6134,panicle_initiation,3,1.2,88.55,0.0,3.258,1.0,8.91,45.0,74,92.37,46.06
2019-10-29,25.67,27.39,24.49,24.75,90.54,13.59,2.56,302,2019,2.338324886298578,nasa_power,Samba,Samba-2019,40.19,13.97,0.78,54.94,synthetic_degraded,1304.1,0.621,flowering,4,1.2,95.74,0.0,2.806,1.0,20.49,45.0,75,98.64,46.48
2019-10-30,25.88,28.15,24.67,28.29,91.07,6.25,2.27,303,2019,2.581723457568526,nasa_power,Samba,Samba-2019,7.33,2.08,0.55,9.96,synthetic_degraded,1320.5,0.6288,flowering,4,1.2,96.19,0.0,3.098,1.0,24.48,45.0,76,100.26,46.4
2019-10-31,25.95,28.54,23.98,7.55,90.97,12.07,2.2,304,2019,2.9369734287327356,nasa_power,Samba,Samba-2019,10.31,1.99,6.75,19.05,synthetic_degraded,1336.8,0.6366,flowering,4,1.2,95.9,0.0,3.524,1.0,3.45,45.0,77,99.88,44.39
2019-11-01,26.16,29.22,24.29,1.35,88.45,20.0,1.54,305,2019,3.0794171474621965,nasa_power,Samba,Samba-2019,0.49,3.59,0.34,4.42,synthetic_degraded,1353.6,0.6445,flowering,4,1.2,95.48,0.0,3.695,1.0,0.0,45.0,78,103.17,45.78
2019-11-02,26.14,28.87,24.04,0.65,87.84,19.85,1.25,306,2019,3.0189994087035497,nasa_power,Samba,Samba-2019,2.26,3.37,0.01,5.64,synthetic_degraded,1370.0,0.6524,flowering,4,1.2,92.13,0.0,3.623,1.0,0.0,45.0,79,91.88,43.84
2019-11-03,26.01,28.48,24.02,3.45,90.82,16.97,1.55,307,2019,2.879538931309595,nasa_power,Samba,Samba-2019,0.39,0.01,0.11,0.51,synthetic_degraded,1386.3,0.6601,flowering,4,1.2,88.16,0.0,3.455,1.0,0.0,45.0,80,90.81,44.56
2019-11-04,26.11,28.89,24.0,0.36,86.66,19.06,1.65,308,2019,3.0200612022571094,nasa_power,Samba,Samba-2019,0.01,0.07,4.76,4.84,synthetic_degraded,1402.7,0.668,flowering,4,1.2,87.15,0.0,3.624,1.0,0.0,45.0,81,83.47,43.44
2019-11-05,26.71,31.52,22.02,0.01,82.62,20.2,1.29,309,2019,4.228585189791236,nasa_power,Samba,Samba-2019,0.17,1.25,2.32,3.7399999999999998,synthetic_degraded,1418.7,0.6756,flowering,4,1.2,82.89,0.0,5.074,1.0,0.0,45.0,82,78.07,43.86
2019-11-06,27.29,30.99,23.7,0.12,82.57,17.24,0.98,310,2019,3.7416629243549866,nasa_power,Samba,Samba-2019,1.23,1.9,10.69,13.82,synthetic_degraded,1435.6,0.6836,flowering,4,1.2,76.82,0.0,4.49,1.0,0.0,45.0,83,85.64,44.64
2019-11-07,27.61,30.81,25.33,0.94,80.91,16.14,0.72,311,2019,3.287145618895464,nasa_power,Samba,Samba-2019,3.08,3.22,0.15,6.450000000000001,synthetic_degraded,1453.2,0.692,flowering,4,1.2,71.45,0.0,3.945,1.0,0.0,45.0,84,67.39,44.26
2019-11-08,26.67,28.77,25.33,4.35,88.69,16.84,1.13,312,2019,2.5395654558018337,nasa_power,Samba,Samba-2019,4.79,0.09,0.28,5.16,synthetic_degraded,1470.3,0.7001,flowering,4,1.2,67.45,0.0,3.047,1.0,0.0,45.0,85,70.66,43.86
2019-11-09,26.84,29.68,24.47,4.35,88.41,16.97,1.27,313,2019,3.118667393288932,nasa_power,Samba,Samba-2019,2.71,0.38,0.17,3.26,synthetic_degraded,1487.4,0.7083,flowering,4,1.2,67.75,0.0,3.742,1.0,0.0,45.0,86,70.41,43.05
2019-11-10,27.43,31.24,24.32,0.18,84.24,17.17,0.94,314,2019,3.640929916220635,nasa_power,Samba,Samba-2019,0.78,0.22,1.09,2.09,synthetic_degraded,1504.5,0.7164,flowering,4,1.2,67.36,0.0,4.369,1.0,0.0,45.0,87,73.23,47.94
2019-11-11,26.93,30.21,24.21,0.26,82.74,17.8,1.36,315,2019,3.3390357663156296,nasa_power,Samba,Samba-2019,0.14,1.5,2.6,4.24,synthetic_degraded,1521.6,0.7246,flowering,4,1.2,62.17,0.0,4.007,1.0,0.0,45.0,88,53.88,44.25
2019-11-12,25.97,29.56,23.05,0.18,86.16,17.75,2.23,316,2019,3.3992221465855645,nasa_power,Samba,Samba-2019,1.19,7.35,3.76,12.299999999999999,synthetic_degraded,1537.9,0.7323,flowering,4,1.2,57.42,0.0,4.079,1.0,0.0,45.0,89,61.88,45.49
2019-11-13,26.07,29.54,23.64,1.22,86.81,16.85,2.74,317,2019,3.248564753407001,nasa_power,Samba,Samba-2019,4.79,3.83,4.85,13.47,synthetic_degraded,1554.5,0.7402,flowering,4,1.2,52.52,0.0,3.898,1.0,0.0,45.0,90,52.23,42.36
2019-11-14,26.46,29.98,23.97,3.79,87.56,16.78,2.37,318,2019,3.2987374802622793,nasa_power,Samba,Samba-2019,4.62,5.49,6.99,17.1,synthetic_degraded,1571.5,0.7483,flowering,4,1.2,48.85,0.0,3.958,1.0,0.0,45.0,91,45.85,47.04
2019-11-15,26.43,29.88,24.37,4.32,88.04,16.33,2.33,319,2019,3.1611841129516827,nasa_power,Samba,Samba-2019,6.27,3.8,22.91,32.980000000000004,synthetic_degraded,1588.6,0.7565,grain_filling,5,0.95,47.68,0.0,3.003,1.0,0.0,45.0,92,46.43,45.25
2019-11-16,26.45,29.96,23.98,4.17,87.68,12.84,2.37,320,2019,3.2737991937375193,nasa_power,Samba,Samba-2019,2.37,15.67,3.36,21.4,synthetic_degraded,1605.6,0.7646,grain_filling,5,0.95,47.99,0.0,3.11,1.0,0.0,45.0,93,53.17,44.33
2019-11-17,26.45,29.9,23.72,3.69,88.65,19.6,2.68,321,2019,3.308169442229604,nasa_power,Samba,Samba-2019,12.63,10.46,10.14,33.230000000000004,synthetic_degraded,1622.4,0.7726,grain_filling,5,0.95,48.05,0.0,3.143,1.0,0.0,45.0,94,51.71,44.35
2019-11-18,26.57,30.0,24.25,14.96,88.77,14.77,2.39,322,2019,3.205898221404288,nasa_power,Samba,Samba-2019,12.23,16.59,8.73,37.55,synthetic_degraded,1639.5,0.7807,grain_filling,5,0.95,47.6,0.0,3.046,1.0,0.0,45.0,95,46.96,46.3
2019-11-19,26.65,30.56,23.97,5.81,85.93,17.82,1.77,323,2019,3.4347628073196863,nasa_power,Samba,Samba-2019,2.73,5.81,12.95,21.49,synthetic_degraded,1656.5,0.7888,grain_filling,5,0.95,58.52,0.0,3.263,1.0,0.0,45.0,96,52.82,40.57
2019-11-20,26.31,29.44,23.96,6.5,88.59,15.36,2.03,324,2019,3.0858400301145053,nasa_power,Samba,Samba-2019,5.75,24.96,12.37,43.08,synthetic_degraded,1673.2,0.7968,grain_filling,5,0.95,60.06,0.0,2.932,1.0,0.0,45.0,97,54.72,43.76
2019-11-21,26.5,29.91,24.08,7.05,87.57,12.99,2.52,325,2019,3.196817692834344,nasa_power,Samba,Samba-2019,10.59,13.16,4.74,28.490000000000002,synthetic_degraded,1690.2,0.8049,grain_filling,5,0.95,62.63,0.0,3.037,1.0,0.0,45.0,98,66.4,44.82
2019-11-22,25.83,28.05,24.21,17.15,90.64,9.18,3.12,326,2019,2.5388395323751247,nasa_power,Samba,Samba-2019,10.44,4.25,7.11,21.8,synthetic_degraded,1706.3,0.8125,grain_filling,5,0.95,65.64,0.0,2.412,1.0,0.0,45.0,99,59.25,44.8
2019-11-23,25.47,28.82,23.0,11.4,88.26,15.39,3.83,327,2019,3.1033411695246387,nasa_power,Samba,Samba-2019,3.01,4.87,9.27,17.15,synthetic_degraded,1722.2,0.8201,grain_filling,5,0.95,79.38,0.0,2.948,1.0,0.0,45.0,100,78.79,48.76
2019-11-24,25.9,29.73,23.54,3.66,87.08,12.35,3.05,328,2019,3.2468472497992242,nasa_power,Samba,Samba-2019,5.72,6.43,13.84,25.99,synthetic_degraded,1738.9,0.828,grain_filling,5,0.95,86.83,0.0,3.085,1.0,0.0,45.0,101,100.24,44.49
2019-11-25,25.65,29.1,23.1,4.36,87.77,16.37,3.65,329,2019,3.1518233662577564,nasa_power,Samba,Samba-2019,8.38,2.24,69.73,80.35000000000001,synthetic_degraded,1755.0,0.8357,grain_filling,5,0.95,86.41,0.0,2.994,1.0,0.0,45.0,102,88.71,46.49
2019-11-26,26.03,29.58,23.4,7.47,85.68,16.78,3.2,330,2019,3.2209142949338307,nasa_power,Samba,Samba-2019,6.25,56.74,10.99,73.98,synthetic_degraded,1771.5,0.8436,grain_filling,5,0.95,86.78,0.0,3.06,1.0,0.0,45.0,103,90.49,47.72
2019-11-27,26.64,30.21,24.21,11.24,86.77,14.36,3.08,331,2019,3.21921096166965,nasa_power,Samba,Samba-2019,21.83,19.16,79.82,120.80999999999999,synthetic_degraded,1788.6,0.8517,grain_filling,5,0.95,90.19,0.0,3.058,1.0,1.43,45.0,104,84.88,46.01
2019-11-28,26.76,29.52,25.17,28.44,89.67,12.86,2.9,332,2019,2.744312154559824,nasa_power,Samba,Samba-2019,26.19,60.78,29.17,116.14,synthetic_degraded,1805.9,0.86,grain_filling,5,0.95,95.94,0.0,2.607,1.0,24.38,45.0,105,89.8,43.99
2019-11-29,26.74,29.75,25.05,26.19,89.28,13.73,3.67,333,2019,2.851088597094479,nasa_power,Samba,Samba-2019,85.83,22.4,15.95,124.17999999999999,synthetic_degraded,1823.3,0.8682,grain_filling,5,0.95,96.39,0.0,2.709,1.0,22.58,45.0,106,100.37,43.07
2019-11-30,25.92,27.51,24.7,61.54,94.36,3.68,3.13,334,2019,2.1377903958916966,nasa_power,Samba,Samba-2019,73.91,8.39,3.16,85.46,synthetic_degraded,1839.4,0.8759,grain_filling,5,0.95,96.29,0.0,2.031,1.0,57.83,45.0,107,94.88,46.12
2019-12-01,25.68,27.85,24.04,24.73,93.08,6.85,1.84,335,2019,2.4762517754352755,nasa_power,Samba,Samba-2019,16.38,4.85,1.02,22.249999999999996,synthetic_degraded,1855.4,0.8835,grain_filling,5,0.95,96.97,0.0,2.352,1.0,21.7,45.0,108,102.84,47.47
2019-12-02,25.86,28.55,23.8,11.94,90.53,12.0,2.33,336,2019,2.7752012514773345,nasa_power,Samba,Samba-2019,2.76,0.59,1.07,4.42,synthetic_degraded,1871.5,0.8912,grain_filling,5,0.95,96.65,0.0,2.636,1.0,8.59,45.0,109,97.37,45.82
2019-12-03,25.78,28.38,23.61,4.35,88.58,13.73,2.98,337,2019,2.7656437321159197,nasa_power,Samba,Samba-2019,0.98,0.81,2.62,4.41,synthetic_degraded,1887.5,0.8988,grain_filling,5,0.95,96.36,0.0,2.627,1.0,0.71,45.0,110,114.14,46.85
2019-12-04,25.49,28.78,23.15,0.6,86.69,14.44,3.53,338,2019,2.998456556123658,nasa_power,Samba,Samba-2019,1.22,4.77,16.41,22.4,synthetic_degraded,1903.5,0.9064,ripening,6,0.65,96.37,0.0,1.949,1.0,0.0,45.0,111,94.01,48.89
2019-12-05,25.09,28.46,23.01,1.12,86.18,14.29,3.79,339,2019,2.9308367998580684,nasa_power,Samba,Samba-2019,3.53,9.76,1.04,14.329999999999998,synthetic_degraded,1919.2,0.9139,ripening,6,0.65,94.02,0.0,1.905,1.0,0.0,45.0,112,95.97,46.26
2019-12-06,24.79,27.76,22.64,4.46,87.7,14.58,4.11,340,2019,2.8024068685024375,nasa_power,Samba,Samba-2019,12.25,1.49,7.5,21.240000000000002,synthetic_degraded,1934.4,0.9212,ripening,6,0.65,92.24,0.0,1.822,1.0,0.0,45.0,113,88.27,43.35
2019-12-07,25.39,28.52,23.47,9.91,87.26,13.81,3.47,341,2019,2.8314323457760473,nasa_power,Samba,Samba-2019,0.35,0.03,0.02,0.4,synthetic_degraded,1950.4,0.9288,ripening,6,0.65,93.88,0.0,1.84,1.0,3.79,45.0,114,99.54,45.08
2019-12-08,24.74,28.41,22.28,0.98,84.05,16.27,2.85,342,2019,3.070016787042338,nasa_power,Samba,Samba-2019,0.06,0.01,0.11,0.18,synthetic_degraded,1965.8,0.9361,ripening,6,0.65,97.16,0.0,1.996,1.0,0.0,45.0,115,99.86,47.06
2019-12-09,24.51,28.55,21.69,0.05,85.84,19.72,2.86,343,2019,3.227618918943406,nasa_power,Samba,Samba-2019,0.01,0.1,4.91,5.0200000000000005,synthetic_degraded,1980.9,0.9433,ripening,6,0.65,95.14,0.0,2.098,1.0,0.0,45.0,116,90.83,44.63
2019-12-10,24.25,28.41,21.1,0.01,85.63,17.39,2.86,344,2019,3.300555639376565,nasa_power,Samba,Samba-2019,0.07,1.62,43.74,45.43,synthetic_degraded,1995.6,0.9503,ripening,6,0.65,92.1,0.0,2.145,1.0,0.0,45.0,117,91.01,47.26
2019-12-11,24.51,28.7,20.94,0.07,86.94,20.23,2.63,345,2019,3.403115346498961,nasa_power,Samba,Samba-2019,4.18,13.43,9.0,26.61,synthetic_degraded,2010.5,0.9574,ripening,6,0.65,88.96,0.0,2.212,1.0,0.0,45.0,118,96.32,44.9
2019-12-12,25.11,28.86,22.31,2.16,87.75,18.53,3.21,346,2019,3.1804231266536456,nasa_power,Samba,Samba-2019,11.43,8.9,9.9,30.229999999999997,synthetic_degraded,2026.0,0.9648,ripening,6,0.65,85.82,0.0,2.067,1.0,0.0,45.0,119,92.58,45.5
2019-12-13,25.65,28.93,23.31,20.16,89.41,10.33,2.79,347,2019,2.98047505640857,nasa_power,Samba,Samba-2019,11.92,1.76,1.07,14.75,synthetic_degraded,2042.2,0.9725,ripening,6,0.65,84.91,0.0,1.937,1.0,5.07,45.0,120,78.34,44.47
2019-12-14,25.76,28.8,23.6,10.54,88.14,11.69,3.24,348,2019,2.8706357589434384,nasa_power,Samba,Samba-2019,2.63,2.17,4.7,9.5,synthetic_degraded,2058.4,0.9802,ripening,6,0.65,97.06,0.0,1.866,1.0,7.6,45.0,121,95.23,45.24
2019-12-15,24.9,28.26,22.96,1.84,87.45,15.34,2.76,349,2019,2.8579779588561878,nasa_power,Samba,Samba-2019,2.45,2.16,3.17,7.78,synthetic_degraded,2074.0,0.9876,ripening,6,0.65,97.13,0.0,1.858,1.0,0.0,45.0,122,106.74,45.32
2019-12-16,24.84,28.12,22.12,2.27,89.65,18.18,2.53,350,2019,3.0054729292360194,nasa_power,Samba,Samba-2019,1.15,0.9,0.7,2.75,synthetic_degraded,2089.1,0.9948,ripening,6,0.65,96.12,0.0,1.954,1.0,0.0,45.0,123,95.78,42.59
2019-12-17,25.19,28.47,23.16,2.37,87.8,15.02,3.55,351,2019,2.872407575134322,nasa_power,Samba,Samba-2019,2.63,1.43,0.57,4.63,synthetic_degraded,2104.9,1.0023,ripening,6,0.65,95.43,0.0,1.867,1.0,0.0,45.0,124,96.85,44.34
2019-12-18,25.17,28.95,22.69,1.43,88.36,14.36,3.43,352,2019,3.1186057348936123,nasa_power,Samba,Samba-2019,0.92,1.14,0.02,2.08,synthetic_degraded,2120.7,1.0099,ripening,6,0.65,94.94,0.0,2.027,1.0,0.0,45.0,125,100.57,43.15
2019-12-19,25.27,28.74,23.25,1.01,87.46,14.5,3.38,353,2019,2.9319898298594214,nasa_power,Samba,Samba-2019,0.5,0.01,0.14,0.65,synthetic_degraded,2136.7,1.0175,ripening,6,0.65,93.34,0.0,1.906,1.0,0.0,45.0,126,87.18,44.39
2019-12-20,25.07,29.12,22.77,0.63,87.34,12.48,3.21,354,2019,3.1497103490965244,nasa_power,Samba,Samba-2019,0.03,0.06,0.17,0.26,synthetic_degraded,2152.7,1.0251,ripening,6,0.65,91.44,0.0,2.047,1.0,0.0,45.0,127,87.24,43.81
2019-12-21,24.41,28.33,21.5,0.03,86.1,14.19,2.53,355,2019,3.1899888927820785,nasa_power,Samba,Samba-2019,0.1,0.11,11.9,12.110000000000001,synthetic_degraded,2167.6,1.0322,ripening,6,0.65,89.03,0.0,2.073,1.0,0.0,45.0,128,87.91,46.52
2019-12-22,24.56,28.33,21.92,0.12,85.51,18.21,2.6,356,2019,3.106134711414564,nasa_power,Samba,Samba-2019,0.04,48.19,2.0,50.23,synthetic_degraded,2182.7,1.0394,ripening,6,0.65,85.98,0.0,2.019,1.0,0.0,45.0,129,92.5,46.54
2019-12-23,24.5,28.52,21.4,0.07,85.26,13.82,2.86,357,2019,3.261975183567876,nasa_power,Samba,Samba-2019,35.46,1.4,0.12,36.98,synthetic_degraded,2197.7,1.0465,ripening,6,0.65,83.08,0.0,2.12,1.0,0.0,45.0,130,88.68,45.84
2019-12-24,24.7,27.74,22.25,23.78,90.74,8.14,2.95,358,2019,2.8677645179481743,nasa_power,Samba,Samba-2019,2.8,0.09,0.03,2.9199999999999995,synthetic_degraded,2212.7,1.0537,ripening,6,0.65,80.03,0.0,1.864,1.0,3.81,45.0,131,84.13,43.1
2019-12-25,25.2,28.42,22.76,3.66,89.16,7.62,3.09,359,2019,2.953674736921023,nasa_power,Samba,Samba-2019,0.08,0.04,0.04,0.16,synthetic_degraded,2228.3,1.0611,ripening,6,0.65,97.14,0.0,1.92,1.0,0.8,45.0,132,96.94,44.85
2019-12-26,24.64,28.68,21.64,0.06,86.28,18.83,2.11,360,2019,3.263284477995785,nasa_power,Samba,Samba-2019,0.03,0.03,0.37,0.43,synthetic_degraded,2243.4,1.0683,ripening,6,0.65,97.08,0.0,2.121,1.0,0.0,45.0,133,103.23,42.98
2019-12-27,24.03,28.24,20.88,0.02,84.52,19.39,2.01,361,2019,3.292134038164619,nasa_power,Samba,Samba-2019,0.08,0.35,1.09,1.52,synthetic_degraded,2258.0,1.0752,ripening,6,0.65,94.02,0.0,2.14,1.0,0.0,45.0,134,93.76,44.78
2019-12-28,24.28,28.65,20.5,0.04,84.68,18.81,2.12,362,2019,3.4680711984110517,nasa_power,Samba,Samba-2019,1.79,1.86,0.85,4.5,synthetic_degraded,2272.6,1.0822,ripening,6,0.65,90.9,0.0,2.254,1.0,0.0,45.0,135,94.29,45.97
2019-12-29,24.53,28.47,21.52,0.17,87.25,17.29,2.44,363,2019,3.236979694885372,nasa_power,Samba,Samba-2019,1.4,0.65,3.95,6.0,synthetic_degraded,2287.5,1.0893,ripening,6,0.65,87.68,0.0,2.104,1.0,0.0,45.0,136,92.74,46.49
2019-12-30,24.64,28.23,22.21,2.01,87.37,12.44,2.33,364,2019,3.031210613905674,nasa_power,Samba,Samba-2019,0.29,1.06,0.57,1.92,synthetic_degraded,2302.8,1.0966,ripening,6,0.65,84.75,0.0,1.97,1.0,0.0,45.0,137,93.73,45.71
2019-12-31,25.15,29.07,22.42,0.56,86.37,13.95,2.26,365,2019,3.227951318185313,nasa_power,Samba,Samba-2019,3.92,1.93,0.03,5.88,synthetic_degraded,2318.5,1.1041,ripening,6,0.65,83.79,0.0,2.098,1.0,0.0,45.0,138,84.01,46.89
2020-01-01,25.59,29.42,23.01,1.46,88.47,11.58,2.13,1,2019,3.2068232854073804,nasa_power,Samba,Samba-2019,0.38,3.46,0.08,3.92,synthetic_degraded,2334.7,1.1118,ripening,6,0.65,81.25,0.0,2.084,1.0,0.0,45.0,139,79.94,45.39
2020-01-02,25.88,29.73,23.19,0.28,88.65,15.66,2.11,2,2019,3.2609911876766087,nasa_power,Samba,Samba-2019,0.06,3.7,0.2,3.9600000000000004,synthetic_degraded,2351.2,1.1196,ripening,6,0.65,79.63,0.0,2.12,1.0,0.0,45.0,140,86.61,44.65
2020-01-03,25.96,29.81,23.15,0.08,88.58,16.49,1.79,3,2019,3.2963565716782814,nasa_power,Samba,Samba-2019,0.19,0.27,1.77,2.23,synthetic_degraded,2367.7,1.1275,ripening,6,0.65,76.79,0.0,2.143,1.0,0.0,45.0,141,84.15,46.31
2020-01-04,26.1,29.94,23.33,0.09,87.8,18.28,1.63,4,2019,3.2998259078016337,nasa_power,Samba,Samba-2019,0.26,1.81,2.6,4.67,synthetic_degraded,2384.3,1.1354,ripening,6,0.65,73.73,0.0,2.145,1.0,0.0,45.0,142,71.51,46.36
2020-01-05,25.89,29.69,23.05,0.14,87.53,16.75,2.08,5,2019,3.292207302714878,nasa_power,Samba,Samba-2019,0.99,5.99,0.38,7.36,synthetic_degraded,2400.7,1.1432,ripening,6,0.65,70.67,0.0,2.14,1.0,0.0,45.0,143,65.64,44.21
2020-01-06,25.44,28.99,23.15,1.82,86.99,13.45,2.67,6,2019,3.071105722577291,nasa_power,Samba,Samba-2019,1.05,0.4,0.0,1.4500000000000002,synthetic_degraded,2416.7,1.1508,ripening,6,0.65,67.67,0.0,1.996,1.0,0.0,45.0,144,74.27,45.57
2020-01-07,25.18,28.95,22.77,1.48,86.57,15.9,2.6,7,2019,3.1490340755562296,nasa_power,Samba,Samba-2019,0.21,0.0,0.03,0.24,synthetic_degraded,2432.6,1.1584,ripening,6,0.65,66.49,0.0,2.047,1.0,0.0,45.0,145,58.78,44.56
2020-01-08,24.63,28.68,21.47,0.22,83.93,19.23,2.45,8,2019,3.3456681958066805,nasa_power,Samba,Samba-2019,0.0,0.01,0.03,0.04,synthetic_degraded,2447.7,1.1656,ripening,6,0.65,64.93,0.0,2.175,1.0,0.0,45.0,146,56.97,41.99
2020-01-09,23.73,28.74,19.91,0.0,80.39,20.47,2.01,9,2019,3.6439750848030337,nasa_power,Samba,Samba-2019,0.02,0.02,0.0,0.04,synthetic_degraded,2462.0,1.1724,ripening,6,0.65,61.97,0.0,2.369,1.0,0.0,45.0,147,61.13,45.66
2020-01-10,23.72,28.35,19.78,0.02,82.65,19.55,2.38,10,2019,3.574145674047925,nasa_power,Samba,Samba-2019,0.06,0.0,0.0,0.06,synthetic_degraded,2476.1,1.1791,ripening,6,0.65,58.6,0.0,2.323,1.0,0.0,45.0,148,59.11,43.06
2020-01-11,23.52,28.13,20.63,0.04,82.22,20.62,2.81,11,2019,3.375004598630834,nasa_power,Samba,Samba-2019,0.0,0.0,0.0,0.0,synthetic_degraded,2490.4,1.1859,ripening,6,0.65,55.3,0.0,2.194,1.0,0.0,45.0,149,50.0,45.49
2020-08-15,28.86,33.85,24.14,0.05,68.54,17.64,3.09,228,2020,5.150086001112822,nasa_power,Samba,Samba-2020,0.04,0.44,2.22,2.7,synthetic_degraded,17.1,0.0081,establishment,0,1.05,40.0,0.0,5.408,1.0,0.0,45.0,0,41.43,44.77
2020-08-16,29.61,35.87,24.64,0.07,66.83,16.81,3.24,229,2020,5.687549868272072,nasa_power,Samba,Samba-2020,0.23,2.32,1.1,3.65,synthetic_degraded,34.4,0.0164,establishment,0,1.05,33.64,0.0,5.972,1.0,0.0,45.0,1,30.22,46.6
2020-08-17,30.29,36.32,25.33,0.32,65.93,20.03,3.09,230,2020,5.692891012214892,nasa_power,Samba,Samba-2020,15.13,0.85,0.27,16.25,synthetic_degraded,52.1,0.0248,establishment,0,1.05,26.74,0.0,5.978,1.0,0.0,45.0,2,30.2,45.34
2020-08-18,30.58,36.52,25.79,1.82,66.61,19.27,2.88,231,2020,5.66284634656904,nasa_power,Samba,Samba-2020,3.28,0.32,0.49,4.09,synthetic_degraded,70.0,0.0333,establishment,0,1.05,20.08,0.0,5.946,1.0,0.0,45.0,3,29.13,44.34
2020-08-19,29.16,33.44,25.77,0.86,71.21,19.11,2.57,232,2020,4.635626673672047,nasa_power,Samba,Samba-2020,0.3,0.28,2.05,2.63,synthetic_degraded,87.8,0.0418,establishment,0,1.05,14.96,0.0,4.867,1.0,0.0,45.0,4,13.19,45.16
2020-08-20,28.82,33.35,25.52,0.38,71.55,14.66,2.91,233,2020,4.6662177223427825,nasa_power,Samba,Samba-2020,0.28,2.29,8.08,10.65,synthetic_degraded,105.6,0.0503,establishment,0,1.05,9.95,0.0,4.9,1.0,0.0,45.0,5,6.63,45.16
2020-08-21,29.51,35.09,25.06,0.45,68.84,21.39,2.32,234,2020,5.351769177809311,nasa_power,Samba,Samba-2020,4.49,14.73,12.77,31.99,synthetic_degraded,123.1,0.0586,establishment,0,1.05,4.43,0.0,5.619,1.0,0.0,45.0,6,1.0,45.1
2020-08-22,29.67,34.25,25.99,3.81,72.18,21.7,1.73,235,2020,4.8601173714363455,nasa_power,Samba,Samba-2020,37.64,12.28,3.83,53.75,synthetic_degraded,141.1,0.0672,establishment,0,1.05,-1.74,0.0,5.103,1.0,0.0,44.88,7,-1.31,45.15
2020-08-23,29.35,33.44,26.16,12.6,75.53,21.32,1.99,236,2020,4.53103901453259,nasa_power,Samba,Samba-2020,17.95,2.82,1.19,21.96,synthetic_degraded,159.2,0.0758,establishment,0,1.05,-4.03,42.28,4.758,1.0,0.0,44.72,8,-6.66,43.16
2020-08-24,28.61,32.12,25.66,12.58,79.65,21.39,1.49,237,2020,4.185366751772151,nasa_power,Samba,Samba-2020,2.16,3.34,2.28,7.779999999999999,synthetic_degraded,177.0,0.0843,establishment,0,1.05,45.09,0.0,4.395,1.0,0.0,45.0,9,36.44,45.16
2020-08-25,29.18,32.97,25.5,3.4,77.2,20.09,1.42,238,2020,4.532372884887278,nasa_power,Samba,Samba-2020,2.73,3.35,0.5,6.58,synthetic_degraded,194.8,0.0928,establishment,0,1.05,52.28,0.0,4.759,1.0,0.0,45.0,10,45.0,42.37
2020-08-26,28.7,31.84,25.97,2.48,78.5,16.78,1.66,239,2020,3.9880405471766176,nasa_power,Samba,Samba-2020,11.15,0.39,0.62,12.16,synthetic_degraded,212.8,0.1013,establishment,0,1.05,49.92,0.0,4.187,1.0,0.0,45.0,11,55.02,45.86
2020-08-27,28.6,32.06,25.38,3.67,77.13,21.08,1.88,240,2020,4.235647334184955,nasa_power,Samba,Samba-2020,0.53,0.35,2.03,2.9099999999999997,synthetic_degraded,230.5,0.1097,establishment,0,1.05,47.21,0.0,4.447,1.0,0.0,45.0,12,53.62,43.35
2020-08-28,29.82,35.84,24.61,0.59,69.08,23.91,2.12,241,2020,5.666895539998919,nasa_power,Samba,Samba-2020,0.44,4.22,6.6,11.26,synthetic_degraded,247.8,0.118,establishment,0,1.05,45.44,0.0,5.95,1.0,0.0,45.0,13,53.44,46.77
2020-08-29,29.58,34.34,25.57,0.4,71.64,24.01,2.13,242,2020,4.9771842607262435,nasa_power,Samba,Samba-2020,1.38,4.95,10.77,17.1,synthetic_degraded,265.5,0.1264,establishment,0,1.05,39.08,0.0,5.226,1.0,0.0,45.0,14,40.21,41.33
2020-08-30,29.37,33.82,25.39,2.92,72.9,23.08,1.91,243,2020,4.841286651165075,nasa_power,Samba,Samba-2020,4.22,10.59,8.28,23.089999999999996,synthetic_degraded,283.2,0.1349,establishment,0,1.05,33.25,0.0,5.083,1.0,0.0,45.0,15,28.3,47.51
2020-08-31,29.14,33.29,25.82,6.2,77.13,23.51,1.83,244,2020,4.549745724277404,nasa_power,Samba,Samba-2020,11.86,9.03,3.32,24.21,synthetic_degraded,301.2,0.1434,establishment,0,1.05,30.09,0.0,4.777,1.0,0.0,45.0,16,27.9,42.54
2020-09-01,27.53,29.92,25.93,9.64,82.26,20.56,2.19,245,2020,3.2086274357495013,nasa_power,Samba,Samba-2020,7.98,2.09,0.69,10.76,synthetic_degraded,319.1,0.1519,tillering,1,1.1,30.51,0.0,3.529,1.0,0.0,45.0,17,23.05,43.2
2020-09-02,27.14,30.43,24.64,9.26,80.75,14.29,1.75,246,2020,3.82956906083311,nasa_power,Samba,Samba-2020,3.88,1.1,1.09,6.07,synthetic_degraded,336.4,0.1602,tillering,1,1.1,35.62,0.0,4.213,1.0,0.0,45.0,18,27.97,45.45
2020-09-03,27.85,31.57,24.76,2.94,79.44,19.57,1.7,247,2020,4.207800541463984,nasa_power,Samba,Samba-2020,1.53,0.72,4.67,6.92,synthetic_degraded,353.8,0.1685,tillering,1,1.1,39.67,0.0,4.629,1.0,0.0,45.0,19,40.95,45.93
2020-09-04,28.6,32.38,25.54,1.26,79.47,20.11,1.22,248,2020,4.286604215964366,nasa_power,Samba,Samba-2020,0.81,2.57,1.85,5.23,synthetic_degraded,371.5,0.1769,tillering,1,1.1,36.98,0.0,4.715,1.0,0.0,45.0,20,39.68,44.57
2020-09-05,28.31,31.51,25.83,1.47,80.26,15.83,2.13,249,2020,3.878761974962413,nasa_power,Samba,Samba-2020,3.87,0.51,2.18,6.5600000000000005,synthetic_degraded,389.5,0.1855,tillering,1,1.1,32.52,0.0,4.267,1.0,0.0,45.0,21,42.31,46.34
2020-09-06,28.7,33.92,24.24,2.45,75.28,19.92,2.95,250,2020,5.103707214087475,nasa_power,Samba,Samba-2020,0.54,2.41,38.39,41.34,synthetic_degraded,406.6,0.1936,tillering,1,1.1,28.73,0.0,5.614,1.0,0.0,45.0,22,28.31,43.81
2020-09-07,28.41,32.77,24.63,0.94,76.08,17.35,2.51,251,2020,4.637867442186527,nasa_power,Samba,Samba-2020,1.45,22.45,3.45,27.349999999999998,synthetic_degraded,423.9,0.2019,tillering,1,1.1,24.56,0.0,5.102,1.0,0.0,45.0,23,17.77,44.4
2020-09-08,28.4,32.37,25.02,1.49,77.38,21.35,1.97,252,2020,4.402244375138598,nasa_power,Samba,Samba-2020,25.95,6.06,0.58,32.589999999999996,synthetic_degraded,441.4,0.2102,tillering,1,1.1,19.4,0.0,4.842,1.0,0.0,45.0,24,18.79,44.55
2020-09-09,27.76,31.48,25.5,23.4,83.22,15.5,2.76,253,2020,3.9492191203926788,nasa_power,Samba,Samba-2020,15.87,1.5,0.8,18.169999999999998,synthetic_degraded,459.2,0.2186,tillering,1,1.1,15.05,0.0,4.344,1.0,0.0,45.0,25,13.64,44.19
2020-09-10,27.4,32.3,23.92,7.84,79.42,16.12,3.68,254,2020,4.631589248243887,nasa_power,Samba,Samba-2020,0.57,0.58,13.4,14.55,synthetic_degraded,476.1,0.2267,tillering,1,1.1,33.1,0.0,5.095,1.0,0.0,45.0,26,30.64,42.1
2020-09-11,27.24,31.95,24.21,0.89,76.89,17.99,3.89,255,2020,4.443240570441529,nasa_power,Samba,Samba-2020,0.98,3.23,0.53,4.74,synthetic_degraded,493.2,0.2349,tillering,1,1.1,34.85,0.0,4.888,1.0,0.0,45.0,27,36.57,44.96
2020-09-12,27.66,32.39,23.97,0.92,74.84,11.33,2.78,256,2020,4.638889045339846,nasa_power,Samba,Samba-2020,4.85,0.27,1.24,6.359999999999999,synthetic_degraded,510.2,0.243,tillering,1,1.1,29.85,0.0,5.103,1.0,0.0,45.0,28,23.78,44.83
2020-09-13,26.46,30.74,23.55,4.52,78.4,9.19,2.71,257,2020,4.1850012626347,nasa_power,Samba,Samba-2020,0.82,1.6,4.65,7.07,synthetic_degraded,527.0,0.2509,tillering,1,1.1,24.67,0.0,4.604,1.0,0.0,45.0,29,25.32,46.62
2020-09-14,28.02,33.73,23.47,0.61,71.39,15.16,3.59,258,2020,5.154421397366941,nasa_power,Samba,Samba-2020,1.52,0.65,0.75,2.92,synthetic_degraded,543.7,0.2589,tillering,1,1.1,23.59,0.0,5.67,1.0,0.0,45.0,30,26.85,43.07
2020-09-15,28.23,33.98,23.56,0.89,71.1,16.35,3.26,259,2020,5.206483925502946,nasa_power,Samba,Samba-2020,0.23,0.3,0.71,1.24,synthetic_degraded,560.5,0.2669,tillering,1,1.1,17.53,0.0,5.727,1.0,0.0,45.0,31,24.63,44.04
2020-09-16,28.97,34.56,24.59,0.28,72.2,19.35,2.53,260,2020,5.173626622081589,nasa_power,Samba,Samba-2020,5.5,0.5,0.3,6.3,synthetic_degraded,577.8,0.2751,tillering,1,1.1,11.69,0.0,5.691,1.0,0.0,45.0,32,13.24,46.81
2020-09-17,28.77,33.74,24.73,0.64,74.14,17.94,2.7,261,2020,4.875883947487935,nasa_power,Samba,Samba-2020,1.31,11.82,0.14,13.270000000000001,synthetic_degraded,595.2,0.2834,tillering,1,1.1,5.28,0.0,5.363,1.0,0.0,45.0,33,10.5,45.44
2020-09-18,29.42,35.4,25.04,0.72,68.67,14.03,3.74,262,2020,5.329925233038711,nasa_power,Samba,Samba-2020,1.14,0.37,12.51,14.02,synthetic_degraded,612.7,0.2917,tillering,1,1.1,-0.45,0.0,5.863,1.0,0.0,44.97,34,-2.67,45.79
2020-09-19,28.56,33.99,24.53,0.51,68.87,10.4,4.18,263,2020,4.983605286977217,nasa_power,Samba,Samba-2020,0.59,0.16,0.02,0.77,synthetic_degraded,629.9,0.3,tillering,1,1.1,-6.59,0.0,5.349,0.5,0.0,44.54,35,-8.11,45.22
2020-09-20,27.58,32.02,24.56,0.47,68.74,11.55,5.31,264,2020,4.327401762717777,nasa_power,Samba,Samba-2020,0.17,0.02,0.03,0.22,synthetic_degraded,647.2,0.3082,tillering,1,1.1,-11.93,0.0,4.542,0.5,0.0,44.17,36,-5.19,44.86
2020-09-21,28.49,34.3,23.93,0.16,66.96,15.71,4.38,265,2020,5.184837416025927,nasa_power,Samba,Samba-2020,0.02,5.06,0.33,5.409999999999999,synthetic_degraded,664.2,0.3163,tillering,1,1.1,-16.5,0.0,5.331,0.5,0.0,43.85,37,-23.36,46.58
2020-09-22,28.91,35.22,24.23,0.02,63.62,20.3,3.97,266,2020,5.397791436367351,nasa_power,Samba,Samba-2020,0.03,2.95,3.02,6.0,synthetic_degraded,681.3,0.3244,tillering,1,1.1,-22.17,0.0,5.412,0.5,0.0,43.45,38,-24.19,43.59
2020-09-23,29.01,35.08,23.76,0.06,64.2,24.43,3.01,267,2020,5.4335505019416654,nasa_power,Samba,Samba-2020,3.51,2.73,1.79,8.030000000000001,synthetic_degraded,698.2,0.3325,tillering,1,1.1,-28.06,0.0,5.307,0.5,0.0,43.04,39,-22.42,41.52
2020-09-24,28.89,34.09,24.47,0.27,69.86,22.61,2.4,268,2020,4.985128661260733,nasa_power,Samba,Samba-2020,2.63,0.77,19.63,23.029999999999998,synthetic_degraded,715.4,0.3407,tillering,1,1.1,-33.81,0.0,4.748,0.5,0.0,42.63,40,-34.87,43.59
2020-09-25,28.16,31.27,25.75,2.5,75.79,14.55,2.13,269,2020,3.7076033720049466,nasa_power,Samba,Samba-2020,1.21,25.37,10.87,37.45,synthetic_degraded,733.3,0.3492,tillering,1,1.1,-38.79,0.0,3.486,0.5,0.0,42.28,41,-40.22,41.43
2020-09-26,27.86,32.22,24.85,1.27,72.32,16.95,2.84,270,2020,4.2782618472617235,nasa_power,Samba,Samba-2020,22.54,9.05,15.7,47.29,synthetic_degraded,750.7,0.3575,stem_elongation,2,1.15,-40.27,0.0,4.152,0.5,0.0,42.18,42,-41.6,42.02
2020-09-27,28.28,32.47,23.75,11.88,72.33,17.24,1.9,271,2020,4.601979540373619,nasa_power,Samba,Samba-2020,8.54,19.4,22.45,50.39,synthetic_degraded,767.6,0.3655,stem_elongation,2,1.15,-43.66,0.0,4.62,0.5,0.0,41.94,43,-43.07,42.5
2020-09-28,27.42,31.3,24.82,16.43,83.82,18.19,2.13,272,2020,3.954894314803831,nasa_power,Samba,Samba-2020,21.44,18.49,0.78,40.71,synthetic_degraded,785.0,0.3738,stem_elongation,2,1.15,-36.9,0.0,4.176,0.5,0.0,42.42,44,-31.47,41.19
2020-09-29,26.48,29.61,24.85,23.27,88.43,17.17,2.6,273,2020,3.3214883091044616,nasa_power,Samba,Samba-2020,59.58,0.83,0.26,60.669999999999995,synthetic_degraded,802.2,0.382,stem_elongation,2,1.15,-25.14,0.0,3.791,0.5,0.0,43.24,45,-20.52,42.47
2020-09-30,26.8,30.48,23.99,23.92,83.37,18.02,2.75,274,2020,3.870739352376409,nasa_power,Samba,Samba-2020,0.85,0.64,4.34,5.83,synthetic_degraded,819.2,0.3901,stem_elongation,2,1.15,-6.16,0.0,4.451,1.0,0.0,44.57,46,-6.1,45.28
2020-10-01,26.82,31.08,23.73,0.54,80.36,20.36,2.45,275,2020,4.125970864673997,nasa_power,Samba,Samba-2020,0.87,4.33,0.41,5.61,synthetic_degraded,836.1,0.3981,stem_elongation,2,1.15,12.31,0.0,4.745,1.0,0.0,45.0,47,17.77,44.18
2020-10-02,27.78,32.63,23.14,0.66,77.03,21.18,2.54,276,2020,4.727790590027262,nasa_power,Samba,Samba-2020,4.89,0.27,0.78,5.94,synthetic_degraded,852.7,0.406,stem_elongation,2,1.15,7.1,0.0,5.437,1.0,0.0,45.0,48,8.81,46.46
2020-10-03,26.53,29.7,23.98,4.1,81.04,21.44,2.8,277,2020,3.5785778789843325,nasa_power,Samba,Samba-2020,0.23,0.2,3.55,3.98,synthetic_degraded,869.5,0.414,stem_elongation,2,1.15,1.32,0.0,4.115,1.0,0.0,45.0,49,5.62,43.52
2020-10-04,27.4,31.95,24.17,0.27,75.89,17.43,2.68,278,2020,4.277900003789579,nasa_power,Samba,Samba-2020,3.74,0.88,7.53,12.15,synthetic_degraded,886.6,0.4222,stem_elongation,2,1.15,0.31,0.0,4.92,1.0,0.0,45.0,50,-4.83,43.52
2020-10-05,28.53,33.75,24.01,0.52,70.79,22.7,2.38,279,2020,4.860912526277998,nasa_power,Samba,Samba-2020,2.65,3.86,2.76,9.27,synthetic_degraded,903.6,0.4303,stem_elongation,2,1.15,-5.34,0.0,5.482,0.5,0.0,44.63,51,3.35,47.49
2020-10-06,29.16,35.1,24.01,2.16,73.35,22.14,1.82,280,2020,5.249554810333065,nasa_power,Samba,Samba-2020,1.48,10.77,5.95,18.2,synthetic_degraded,920.6,0.4384,stem_elongation,2,1.15,-10.8,0.0,5.828,0.5,0.0,44.24,52,-9.7,41.94
2020-10-07,29.15,34.07,24.98,4.46,77.73,21.41,2.07,281,2020,4.738381206069606,nasa_power,Samba,Samba-2020,8.21,2.59,3.27,14.07,synthetic_degraded,938.1,0.4467,stem_elongation,2,1.15,-14.97,0.0,5.22,0.5,0.0,43.95,53,-28.71,43.91
2020-10-08,28.44,31.49,26.07,9.5,82.91,20.06,1.09,282,2020,3.5925834155063945,nasa_power,Samba,Samba-2020,2.88,0.73,1.0,4.609999999999999,synthetic_degraded,956.1,0.4553,stem_elongation,2,1.15,-16.23,0.0,4.02,0.5,0.0,43.86,54,-7.93,46.64
2020-10-09,27.66,30.79,25.36,2.88,82.52,18.19,1.89,283,2020,3.532794001442395,nasa_power,Samba,Samba-2020,0.87,0.49,0.18,1.5399999999999998,synthetic_degraded,973.8,0.4637,stem_elongation,2,1.15,-11.25,0.0,3.927,0.5,0.0,44.21,55,-11.22,44.17
2020-10-10,27.12,30.94,24.37,1.07,81.56,15.51,1.75,284,2020,3.8408392513293275,nasa_power,Samba,Samba-2020,1.46,0.26,0.1,1.82,synthetic_degraded,991.0,0.4719,stem_elongation,2,1.15,-12.8,0.0,4.21,0.5,0.0,44.1,56,-14.78,46.12
2020-10-11,26.7,30.5,24.32,0.55,79.21,14.52,3.1,285,2020,3.69568947044599,nasa_power,Samba,Samba-2020,9.29,0.3,0.2,9.79,synthetic_degraded,1008.1,0.4801,stem_elongation,2,1.15,-16.44,0.0,3.98,0.5,0.0,43.85,57,-19.47,44.83
2020-10-12,27.83,34.2,22.34,0.3,72.74,17.8,3.55,286,2020,5.203772981140718,nasa_power,Samba,Samba-2020,0.33,0.12,0.04,0.49,synthetic_degraded,1024.3,0.4878,stem_elongation,2,1.15,-20.37,0.0,5.504,0.5,0.0,43.57,58,-18.17,43.56
2020-10-13,27.7,33.09,23.82,0.21,74.99,19.59,4.08,287,2020,4.607169210444517,nasa_power,Samba,Samba-2020,0.06,0.05,3.92,4.03,synthetic_degraded,1041.2,0.4958,stem_elongation,2,1.15,-26.07,0.0,4.75,0.5,0.0,43.17,59,-30.51,42.97
2020-10-14,27.55,32.34,23.32,0.09,71.36,20.22,3.46,288,2020,4.471514266699818,nasa_power,Samba,Samba-2020,0.14,4.41,13.17,17.72,synthetic_degraded,1057.9,0.5038,panicle_initiation,3,1.2,-31.11,0.0,4.7,0.5,0.0,42.82,60,-33.99,39.64
2020-10-15,28.42,34.07,23.64,0.06,70.91,22.04,2.68,289,2020,4.903369833702441,nasa_power,Samba,Samba-2020,7.2,11.77,16.55,35.519999999999996,synthetic_degraded,1074.7,0.5118,panicle_initiation,3,1.2,-36.22,77.6,5.884,1.0,0.0,42.46,61,-38.98,41.98
2020-10-16,28.09,32.55,23.67,4.51,75.93,20.98,2.07,290,2020,4.440280113670751,nasa_power,Samba,Samba-2020,6.8,14.15,12.07,33.019999999999996,synthetic_degraded,1091.5,0.5198,panicle_initiation,3,1.2,34.55,0.0,5.328,1.0,0.0,45.0,62,33.09,45.35
2020-10-17,27.87,32.1,23.95,10.39,78.86,16.09,1.55,291,2020,4.234574470457917,nasa_power,Samba,Samba-2020,11.86,15.63,5.42,32.910000000000004,synthetic_degraded,1108.5,0.5279,panicle_initiation,3,1.2,32.74,0.0,5.081,1.0,0.0,45.0,63,30.16,45.35
2020-10-18,27.27,30.25,24.94,11.69,83.76,7.99,1.18,292,2020,3.3768056226645866,nasa_power,Samba,Samba-2020,11.44,4.84,2.85,19.130000000000003,synthetic_degraded,1126.0,0.5362,panicle_initiation,3,1.2,37.04,0.0,4.052,1.0,0.0,45.0,64,41.3,48.7
2020-10-19,27.08,30.22,24.71,7.43,85.45,12.48,1.44,293,2020,3.4206020877297676,nasa_power,Samba,Samba-2020,3.74,7.75,3.63,15.120000000000001,synthetic_degraded,1143.3,0.5444,panicle_initiation,3,1.2,43.68,0.0,4.105,1.0,0.0,45.0,65,45.04,45.42
2020-10-20,26.74,29.93,24.5,4.9,86.63,11.31,2.24,294,2020,3.3676490456027617,nasa_power,Samba,Samba-2020,4.88,1.57,4.15,10.600000000000001,synthetic_degraded,1160.6,0.5526,panicle_initiation,3,1.2,46.01,0.0,4.041,1.0,0.0,45.0,66,47.98,45.95
2020-10-21,27.42,31.43,23.76,4.58,81.86,15.13,1.87,295,2020,4.025071345493184,nasa_power,Samba,Samba-2020,3.04,2.25,0.23,5.5200000000000005,synthetic_degraded,1177.4,0.5607,panicle_initiation,3,1.2,45.87,0.0,4.83,1.0,0.0,45.0,67,48.92,46.75
2020-10-22,27.24,31.38,24.07,2.64,82.16,17.77,2.36,296,2020,3.929781392477219,nasa_power,Samba,Samba-2020,1.83,0.2,12.02,14.05,synthetic_degraded,1194.5,0.5688,panicle_initiation,3,1.2,44.62,0.0,4.716,1.0,0.0,45.0,68,44.15,45.81
2020-10-23,27.5,31.3,24.2,3.0,80.8,15.2,2.01,297,2020,3.864236353489117,nasa_power,Samba,Samba-2020,2.41,6.8,1.71,10.920000000000002,synthetic_degraded,1211.6,0.5769,panicle_initiation,3,1.2,41.54,0.0,4.637,1.0,0.0,45.0,69,36.44,44.87
2020-10-24,25.55,28.29,23.73,0.52,82.92,12.46,2.79,298,2020,2.9701854621951442,nasa_power,Samba,Samba-2020,4.0,0.23,0.27,4.5,synthetic_degraded,1227.6,0.5846,panicle_initiation,3,1.2,38.9,0.0,3.564,1.0,0.0,45.0,70,47.93,44.88
2020-10-25,27.43,32.24,23.16,6.35,73.78,13.16,1.15,299,2020,4.340704988137959,nasa_power,Samba,Samba-2020,0.25,0.05,0.29,0.59,synthetic_degraded,1244.2,0.5925,panicle_initiation,3,1.2,34.86,0.0,5.209,1.0,0.0,45.0,71,39.5,44.47
2020-10-26,27.83,31.8,24.47,0.17,77.97,17.85,1.45,300,2020,3.9262406660622826,nasa_power,Samba,Samba-2020,0.11,0.42,1.76,2.29,synthetic_degraded,1261.4,0.6007,panicle_initiation,3,1.2,35.0,0.0,4.711,1.0,0.0,45.0,72,43.06,45.67
2020-10-27,27.36,31.95,23.95,0.17,80.4,18.16,2.04,301,2020,4.073715486197455,nasa_power,Samba,Samba-2020,0.44,1.68,2.48,4.6,synthetic_degraded,1278.4,0.6087,panicle_initiation,3,1.2,29.46,0.0,4.888,1.0,0.0,45.0,73,34.63,44.74
2020-10-28,27.39,32.63,22.99,0.39,78.1,19.31,2.29,302,2020,4.445551680010852,nasa_power,Samba,Samba-2020,0.68,2.52,0.22,3.4200000000000004,synthetic_degraded,1294.9,0.6166,panicle_initiation,3,1.2,23.74,0.0,5.335,1.0,0.0,45.0,74,21.44,45.94
2020-10-29,27.08,31.75,23.34,1.28,79.92,16.47,2.77,303,2020,4.116489272950404,nasa_power,Samba,Samba-2020,1.18,0.13,0.0,1.31,synthetic_degraded,1311.5,0.6245,flowering,4,1.2,17.8,0.0,4.94,1.0,0.0,45.0,75,6.06,43.49
2020-10-30,27.03,31.53,23.2,1.97,79.67,18.21,2.39,304,2020,4.069093025044458,nasa_power,Samba,Samba-2020,0.13,0.0,0.02,0.15,synthetic_degraded,1328.1,0.6324,flowering,4,1.2,13.14,0.0,4.883,1.0,0.0,45.0,76,6.99,45.22
2020-10-31,27.63,32.81,23.76,0.22,73.89,20.58,1.63,305,2020,4.3155136791761235,nasa_power,Samba,Samba-2020,0.0,0.02,0.61,0.63,synthetic_degraded,1345.0,0.6405,flowering,4,1.2,9.22,0.0,5.179,1.0,0.0,45.0,77,12.4,47.33
2020-11-01,27.9,33.36,23.38,0.0,72.77,19.76,1.65,306,2020,4.527435404437746,nasa_power,Samba,Samba-2020,0.02,0.57,7.73,8.32,synthetic_degraded,1361.7,0.6484,flowering,4,1.2,3.26,0.0,5.433,1.0,0.0,45.0,78,2.75,44.66
2020-11-02,28.15,32.78,24.5,0.02,74.96,19.08,1.47,307,2020,4.136347258496677,nasa_power,Samba,Samba-2020,0.52,5.29,3.57,9.38,synthetic_degraded,1379.0,0.6566,flowering,4,1.2,-3.17,45.01,4.964,1.0,0.0,44.78,79,-5.27,47.54
2020-11-03,28.18,32.93,24.35,0.44,77.98,18.02,1.97,308,2020,4.198875233793663,nasa_power,Samba,Samba-2020,1.3,7.74,1.24,10.280000000000001,synthetic_degraded,1396.1,0.6648,flowering,4,1.2,35.9,0.0,5.039,1.0,0.0,45.0,80,23.42,45.25
2020-11-04,27.7,31.2,25.28,2.89,81.78,15.86,1.61,309,2020,3.4481552871089254,nasa_power,Samba,Samba-2020,6.04,8.55,1.98,16.57,synthetic_degraded,1413.8,0.6732,flowering,4,1.2,30.3,0.0,4.138,1.0,0.0,45.0,81,30.23,44.92
2020-11-05,27.57,32.12,24.61,6.52,78.55,14.7,1.77,310,2020,3.8835065990532476,nasa_power,Samba,Samba-2020,3.7,12.6,3.95,20.25,synthetic_degraded,1431.1,0.6815,flowering,4,1.2,28.05,15.66,4.66,1.0,0.0,45.0,82,22.64,45.17
2020-11-06,26.78,29.72,24.91,5.19,86.8,16.57,2.08,311,2020,3.0289592042817506,nasa_power,Samba,Samba-2020,3.04,5.58,0.07,8.690000000000001,synthetic_degraded,1448.4,0.6897,flowering,4,1.2,44.57,0.0,3.635,1.0,0.0,45.0,83,40.95,44.53
2020-11-07,27.11,30.27,25.08,2.39,84.72,20.3,2.56,312,2020,3.1628174700350984,nasa_power,Samba,Samba-2020,4.35,0.14,0.15,4.64,synthetic_degraded,1465.9,0.6981,flowering,4,1.2,45.12,0.0,3.795,1.0,0.0,45.0,84,49.37,42.03
2020-11-08,26.9,29.8,24.97,4.91,84.21,14.7,3.17,313,2020,3.0235251701649757,nasa_power,Samba,Samba-2020,0.08,0.22,6.1,6.3999999999999995,synthetic_degraded,1483.3,0.7063,flowering,4,1.2,42.72,0.0,3.628,1.0,0.0,45.0,85,37.57,46.32
2020-11-09,26.96,31.96,23.57,0.08,75.67,20.15,3.85,314,2020,4.007719394846715,nasa_power,Samba,Samba-2020,0.16,2.48,6.06,8.7,synthetic_degraded,1500.1,0.7143,flowering,4,1.2,43.0,0.0,4.809,1.0,0.0,45.0,86,38.33,48.29
2020-11-10,26.23,31.45,20.9,0.23,75.87,16.33,3.42,315,2020,4.325820663866905,nasa_power,Samba,Samba-2020,8.95,17.97,26.63,53.55,synthetic_degraded,1515.6,0.7217,flowering,4,1.2,37.27,0.0,5.191,1.0,0.0,45.0,87,38.2,45.72
2020-11-11,26.4,30.92,22.16,4.12,80.69,11.86,3.47,316,2020,3.9641398619226353,nasa_power,Samba,Samba-2020,8.54,42.01,12.09,62.64,synthetic_degraded,1531.6,0.7293,flowering,4,1.2,31.31,0.0,4.757,1.0,0.0,45.0,88,35.67,45.81
2020-11-12,26.71,29.51,24.86,11.28,88.08,15.5,2.17,317,2020,2.922634983069485,nasa_power,Samba,Samba-2020,26.81,16.2,16.9,59.91,synthetic_degraded,1548.8,0.7375,flowering,4,1.2,29.67,0.0,3.507,1.0,0.0,45.0,89,27.66,44.73
2020-11-13,26.77,29.88,24.57,21.74,87.7,5.52,2.42,318,2020,3.1179985325563355,nasa_power,Samba,Samba-2020,9.52,20.22,31.71,61.45,synthetic_degraded,1566.0,0.7457,flowering,4,1.2,36.45,0.0,3.742,1.0,0.0,45.0,90,43.79,46.74
2020-11-14,27.03,30.64,24.73,9.07,85.43,17.72,3.52,319,2020,3.314727603688491,nasa_power,Samba,Samba-2020,13.09,8.87,25.34,47.3,synthetic_degraded,1583.4,0.754,grain_filling,5,0.95,53.44,0.0,3.149,1.0,0.0,45.0,91,47.05,44.94
2020-11-15,26.69,29.17,24.97,14.66,91.68,8.92,2.88,320,2020,2.749761745291152,nasa_power,Samba,Samba-2020,18.06,12.42,7.14,37.62,synthetic_degraded,1600.5,0.7621,grain_filling,5,0.95,58.36,0.0,2.612,1.0,0.0,45.0,92,51.09,45.4
2020-11-16,25.99,27.81,24.67,25.47,92.47,8.98,2.26,321,2020,2.3279487726344628,nasa_power,Samba,Samba-2020,9.85,5.36,1.17,16.380000000000003,synthetic_degraded,1616.7,0.7699,grain_filling,5,0.95,69.41,0.0,2.212,1.0,0.0,45.0,93,61.71,42.65
2020-11-17,26.25,29.82,24.04,16.53,88.09,11.41,2.24,322,2020,3.2002988821283282,nasa_power,Samba,Samba-2020,5.11,1.4,1.24,7.75,synthetic_degraded,1633.6,0.7779,grain_filling,5,0.95,91.67,0.0,3.04,1.0,8.2,45.0,94,83.41,44.21
2020-11-18,26.49,30.12,24.02,6.97,87.0,16.7,1.89,323,2020,3.2903012004502514,nasa_power,Samba,Samba-2020,0.89,2.14,0.12,3.1500000000000004,synthetic_degraded,1650.7,0.786,grain_filling,5,0.95,95.96,0.0,3.126,1.0,2.93,45.0,95,97.64,45.55
2020-11-19,26.32,29.94,23.81,1.37,86.33,15.58,2.11,324,2020,3.2765584276409525,nasa_power,Samba,Samba-2020,3.83,0.06,0.1,3.99,synthetic_degraded,1667.5,0.7941,grain_filling,5,0.95,95.87,0.0,3.113,1.0,0.0,45.0,96,90.98,46.36
2020-11-20,26.24,30.19,23.68,1.0,83.05,20.61,2.65,325,2020,3.3735875697605926,nasa_power,Samba,Samba-2020,0.25,0.19,0.3,0.74,synthetic_degraded,1684.4,0.8021,grain_filling,5,0.95,93.13,0.0,3.205,1.0,0.0,45.0,97,86.08,46.4
2020-11-21,25.45,29.72,22.27,0.09,81.03,21.56,2.78,326,2020,3.5254219461494984,nasa_power,Samba,Samba-2020,0.07,0.54,6.72,7.33,synthetic_degraded,1700.4,0.8097,grain_filling,5,0.95,89.93,0.0,3.349,1.0,0.0,45.0,98,91.83,42.63
2020-11-22,25.12,29.22,21.8,0.07,79.96,17.64,2.3,327,2020,3.47198116437247,nasa_power,Samba,Samba-2020,0.34,5.17,6.54,12.05,synthetic_degraded,1715.9,0.8171,grain_filling,5,0.95,85.67,0.0,3.298,1.0,0.0,45.0,99,89.79,42.78
2020-11-23,25.15,28.91,21.97,0.64,84.89,12.29,3.58,328,2020,3.345467143264932,nasa_power,Samba,Samba-2020,10.18,15.46,104.32,129.95999999999998,synthetic_degraded,1731.3,0.8244,grain_filling,5,0.95,81.44,0.0,3.178,1.0,0.0,45.0,100,86.69,45.88
2020-11-24,25.02,28.36,22.69,7.3,91.12,5.67,4.08,329,2020,3.023791391295943,nasa_power,Samba,Samba-2020,6.8,122.85,18.36,148.01,synthetic_degraded,1746.8,0.8318,grain_filling,5,0.95,77.9,0.0,2.873,1.0,0.0,45.0,101,82.28,43.88
2020-11-25,25.44,28.04,23.16,10.57,88.59,2.29,5.01,330,2020,2.8046514167455885,nasa_power,Samba,Samba-2020,63.3,17.74,1.62,82.66,synthetic_degraded,1762.4,0.8393,grain_filling,5,0.95,81.33,0.0,2.664,1.0,0.0,45.0,102,76.74,46.34
2020-11-26,25.42,28.72,22.76,81.05,88.29,11.8,5.22,331,2020,3.103675831052207,nasa_power,Samba,Samba-2020,10.58,1.29,1.2,13.07,synthetic_degraded,1778.2,0.8468,grain_filling,5,0.95,88.23,0.0,2.948,1.0,69.28,45.0,103,89.61,42.55
2020-11-27,26.03,29.21,23.58,13.24,87.28,16.8,1.98,332,2020,3.056374438919144,nasa_power,Samba,Samba-2020,1.46,2.08,4.3,7.84,synthetic_degraded,1794.6,0.8546,grain_filling,5,0.95,96.05,0.0,2.904,1.0,9.29,45.0,104,98.53,44.85
2020-11-28,26.01,29.32,23.88,1.83,88.1,15.05,2.03,333,2020,3.0130460503553502,nasa_power,Samba,Samba-2020,1.42,2.07,1.37,4.859999999999999,synthetic_degraded,1811.2,0.8625,grain_filling,5,0.95,96.1,0.0,2.862,1.0,0.0,45.0,105,93.73,44.95
2020-11-29,25.9,28.72,24.07,1.66,89.33,15.58,2.69,334,2020,2.7682008323296436,nasa_power,Samba,Samba-2020,1.82,1.01,76.99,79.82,synthetic_degraded,1827.6,0.8703,grain_filling,5,0.95,94.06,0.0,2.63,1.0,0.0,45.0,106,94.88,45.72
2020-11-30,25.99,29.38,23.86,3.29,86.93,12.8,3.7,335,2020,3.02657879035249,nasa_power,Samba,Samba-2020,1.06,38.83,187.16,227.05,synthetic_degraded,1844.2,0.8782,grain_filling,5,0.95,92.09,0.0,2.875,1.0,0.0,45.0,107,85.83,43.45
2020-12-01,25.15,28.83,21.9,1.45,84.0,15.21,3.72,336,2020,3.290335569107293,nasa_power,Samba,Samba-2020,64.12,58.27,89.42,211.81,synthetic_degraded,1859.6,0.8855,grain_filling,5,0.95,91.51,0.0,3.126,1.0,0.0,45.0,108,88.37,42.05
2020-12-02,24.97,28.32,22.01,40.52,89.02,4.73,5.23,337,2020,3.1206280616139517,nasa_power,Samba,Samba-2020,85.6,92.23,24.94,202.76999999999998,synthetic_degraded,1874.7,0.8927,grain_filling,5,0.95,88.83,0.0,2.965,1.0,29.35,45.0,109,90.69,45.26
2020-12-03,24.98,26.89,24.1,84.28,93.4,3.62,4.57,338,2020,2.0881249194242733,nasa_power,Samba,Samba-2020,60.31,17.31,47.0,124.62,synthetic_degraded,1890.2,0.9001,ripening,6,0.65,96.04,0.0,1.357,1.0,80.32,45.0,110,103.58,45.79
2020-12-04,25.58,27.01,24.51,57.0,94.38,1.68,4.47,339,2020,1.9861530495111923,nasa_power,Samba,Samba-2020,8.23,18.72,14.58,41.53,synthetic_degraded,1906.0,0.9076,ripening,6,0.65,97.64,0.0,1.291,1.0,54.64,45.0,111,103.4,46.51
2020-12-05,25.48,26.96,24.21,22.46,94.79,3.43,3.58,340,2020,2.072209695564305,nasa_power,Samba,Samba-2020,31.66,9.25,7.09,48.0,synthetic_degraded,1921.6,0.915,ripening,6,0.65,97.71,0.0,1.347,1.0,20.17,45.0,112,101.01,44.46
2020-12-06,25.05,26.56,23.85,20.67,94.23,9.78,3.61,341,2020,2.036758637562164,nasa_power,Samba,Samba-2020,9.61,14.04,2.27,25.919999999999998,synthetic_degraded,1936.8,0.9223,ripening,6,0.65,97.65,0.0,1.324,1.0,18.32,45.0,113,98.05,46.16
2020-12-07,25.96,28.63,24.33,13.08,91.11,6.91,2.9,342,2020,2.6388935987491418,nasa_power,Samba,Samba-2020,14.59,2.28,0.12,16.990000000000002,synthetic_degraded,1953.2,0.9301,ripening,6,0.65,97.68,0.0,1.715,1.0,10.76,45.0,114,97.3,45.73
2020-12-08,25.83,28.57,24.19,8.8,90.81,15.19,2.45,343,2020,2.6547476687094007,nasa_power,Samba,Samba-2020,3.3,1.72,0.07,5.09,synthetic_degraded,1969.6,0.9379,ripening,6,0.65,97.28,0.0,1.726,1.0,6.08,45.0,115,90.04,46.98
2020-12-09,25.38,28.74,23.29,3.08,89.73,12.66,2.61,344,2020,2.934261680993868,nasa_power,Samba,Samba-2020,0.87,0.11,0.33,1.31,synthetic_degraded,1985.6,0.9455,ripening,6,0.65,97.27,0.0,1.907,1.0,0.35,45.0,116,93.09,44.92
2020-12-10,24.45,28.14,21.76,0.17,86.23,19.51,2.4,345,2020,3.095129480900294,nasa_power,Samba,Samba-2020,0.03,0.1,0.01,0.14,synthetic_degraded,2000.6,0.9527,ripening,6,0.65,97.09,0.0,2.012,1.0,0.0,45.0,117,93.08,42.41
2020-12-11,24.02,27.76,21.28,0.07,85.34,19.78,2.33,346,2020,3.08572921957377,nasa_power,Samba,Samba-2020,0.32,0.01,0.03,0.36,synthetic_degraded,2015.1,0.9596,ripening,6,0.65,94.25,0.0,2.006,1.0,0.0,45.0,118,97.12,44.9
2020-12-12,24.04,28.18,21.17,0.12,86.39,16.95,2.39,347,2020,3.2191958477441287,nasa_power,Samba,Samba-2020,0.01,0.03,3.97,4.01,synthetic_degraded,2029.8,0.9666,ripening,6,0.65,91.32,0.0,2.092,1.0,0.0,45.0,119,96.04,45.13
2020-12-13,23.9,28.38,20.33,0.01,82.54,17.41,2.11,348,2020,3.4219272796570395,nasa_power,Samba,Samba-2020,0.06,4.61,56.35,61.02,synthetic_degraded,2044.1,0.9734,ripening,6,0.65,88.34,0.0,2.224,1.0,0.0,45.0,120,92.02,45.78
2020-12-14,23.83,27.81,20.61,0.04,82.42,19.63,2.25,349,2020,3.223666337614996,nasa_power,Samba,Samba-2020,8.18,38.65,17.09,63.92,synthetic_degraded,2058.3,0.9802,ripening,6,0.65,85.13,0.0,2.095,1.0,0.0,45.0,121,91.04,42.7
2020-12-15,24.41,27.83,21.6,3.61,87.28,12.76,3.17,350,2020,3.0336375324283997,nasa_power,Samba,Samba-2020,46.66,14.33,28.11,89.1,synthetic_degraded,2073.1,0.9872,ripening,6,0.65,82.07,0.0,1.972,1.0,0.0,45.0,122,82.43,44.53
2020-12-16,24.44,26.42,22.54,42.18,93.68,5.25,3.37,351,2020,2.380201735181087,nasa_power,Samba,Samba-2020,31.78,32.39,1.9,66.07000000000001,synthetic_degraded,2087.5,0.9941,ripening,6,0.65,82.71,0.0,1.547,1.0,24.89,45.0,123,77.8,46.3
2020-12-17,24.99,26.83,23.62,17.29,93.62,7.97,2.69,352,2020,2.2027288529821405,nasa_power,Samba,Samba-2020,20.3,1.63,0.11,22.04,synthetic_degraded,2102.8,1.0013,ripening,6,0.65,97.45,0.0,1.432,1.0,14.74,45.0,124,97.2,44.84
2020-12-18,24.45,26.47,23.04,25.18,93.25,8.17,3.09,353,2020,2.2519016104969927,nasa_power,Samba,Samba-2020,4.63,4.56,0.06,9.25,synthetic_degraded,2117.5,1.0083,ripening,6,0.65,97.57,0.0,1.464,1.0,22.75,45.0,125,93.95,44.54
2020-12-19,24.21,26.9,22.33,3.32,88.36,12.49,3.79,354,2020,2.5907941352579327,nasa_power,Samba,Samba-2020,0.12,0.08,0.18,0.38,synthetic_degraded,2132.1,1.0153,ripening,6,0.65,97.54,0.0,1.684,1.0,0.86,45.0,126,100.83,47.86
2020-12-20,24.14,27.51,21.92,0.16,85.38,16.56,3.78,355,2020,2.872410434518928,nasa_power,Samba,Samba-2020,0.05,0.15,0.18,0.38,synthetic_degraded,2146.9,1.0223,ripening,6,0.65,97.32,0.0,1.867,1.0,0.0,45.0,127,95.52,43.39
2020-12-21,23.3,26.68,20.89,0.06,87.05,15.08,3.55,356,2020,2.859940224245079,nasa_power,Samba,Samba-2020,0.15,0.25,0.03,0.43000000000000005,synthetic_degraded,2160.6,1.0289,ripening,6,0.65,94.61,0.0,1.859,1.0,0.0,45.0,128,94.12,46.85
2020-12-22,23.04,26.47,20.39,0.14,87.67,15.67,3.18,357,2020,2.906484985392589,nasa_power,Samba,Samba-2020,9.6,0.04,0.13,9.77,synthetic_degraded,2174.1,1.0353,ripening,6,0.65,91.81,0.0,1.889,1.0,0.0,45.0,129,95.28,46.53
2020-12-23,23.33,26.61,20.58,0.16,88.29,16.75,2.69,358,2020,2.9071726691344266,nasa_power,Samba,Samba-2020,0.06,0.11,0.04,0.21,synthetic_degraded,2187.7,1.0417,ripening,6,0.65,89.06,0.0,1.89,1.0,0.0,45.0,130,85.35,44.66
2020-12-24,23.66,27.46,20.9,0.05,86.71,17.26,2.82,359,2020,3.0765158484182322,nasa_power,Samba,Samba-2020,0.12,0.01,0.22,0.35,synthetic_degraded,2201.8,1.0485,ripening,6,0.65,86.33,0.0,2.0,1.0,0.0,45.0,131,91.15,44.95
2020-12-25,23.53,27.51,20.86,0.14,84.83,18.0,2.72,360,2020,3.0996261283318653,nasa_power,Samba,Samba-2020,0.01,0.14,10.22,10.370000000000001,synthetic_degraded,2216.0,1.0553,ripening,6,0.65,83.38,0.0,2.015,1.0,0.0,45.0,132,76.64,44.95
2020-12-26,22.89,27.19,18.98,0.02,83.5,18.95,2.75,361,2020,3.3559712457654673,nasa_power,Samba,Samba-2020,0.14,0.12,2.62,2.88,synthetic_degraded,2229.1,1.0615,ripening,6,0.65,80.51,0.0,2.181,1.0,0.0,45.0,133,82.04,45.27
2020-12-27,23.48,27.73,19.61,0.17,86.39,18.97,3.39,362,2020,3.3877514452549278,nasa_power,Samba,Samba-2020,0.04,7.81,7.04,14.89,synthetic_degraded,2242.8,1.068,ripening,6,0.65,77.35,0.0,2.202,1.0,0.0,45.0,134,76.9,44.11
2020-12-28,23.44,27.34,20.25,0.05,85.65,15.99,3.18,363,2020,3.1777431290728333,nasa_power,Samba,Samba-2020,6.11,7.46,12.05,25.62,synthetic_degraded,2256.6,1.0746,ripening,6,0.65,74.31,0.0,2.066,1.0,0.0,45.0,135,78.45,44.36
2020-12-29,23.97,27.91,20.81,4.16,89.55,7.12,3.31,364,2020,3.2260956372273717,nasa_power,Samba,Samba-2020,11.04,7.64,0.78,19.46,synthetic_degraded,2270.9,1.0814,ripening,6,0.65,71.3,0.0,2.097,1.0,0.0,45.0,136,64.43,44.47
2020-12-30,24.79,28.16,22.27,9.71,91.33,10.76,3.89,365,2020,3.0009270170321036,nasa_power,Samba,Samba-2020,23.04,0.34,6.63,30.009999999999998,synthetic_degraded,2286.2,1.0886,ripening,6,0.65,72.36,0.0,1.951,1.0,0.0,45.0,137,64.71,44.52
2020-12-31,25.06,27.91,22.8,12.01,90.22,13.42,3.84,366,2020,2.8072874134517107,nasa_power,Samba,Samba-2020,0.87,3.54,15.98,20.39,synthetic_degraded,2301.5,1.096,ripening,6,0.65,79.12,0.0,1.825,1.0,0.0,45.0,138,82.87,44.53
2021-01-01,23.73,27.06,21.46,0.69,86.51,15.56,3.16,1,2020,2.864234617283859,nasa_power,Samba,Samba-2020,4.01,15.32,2.29,21.619999999999997,synthetic_degraded,2315.8,1.1027,ripening,6,0.65,88.31,0.0,1.862,1.0,0.0,45.0,139,86.36,41.64
2021-01-02,24.02,27.61,20.81,5.14,91.02,7.51,3.51,2,2020,3.156141598369406,nasa_power,Samba,Samba-2020,10.61,2.23,5.52,18.36,synthetic_degraded,2330.0,1.1095,ripening,6,0.65,86.13,0.0,2.051,1.0,0.0,45.0,140,85.68,45.15
2021-01-03,24.88,27.95,22.85,10.89,91.27,7.38,3.27,3,2020,2.8142215990039174,nasa_power,Samba,Samba-2020,2.31,4.52,29.09,35.92,synthetic_degraded,2345.4,1.1168,ripening,6,0.65,88.22,0.0,1.829,1.0,0.0,45.0,141,84.92,44.21
2021-01-04,25.24,28.42,23.06,2.7,88.44,12.2,3.32,4,2020,2.9116283091374813,nasa_power,Samba,Samba-2020,8.66,13.27,5.54,27.47,synthetic_degraded,2361.1,1.1243,ripening,6,0.65,96.28,0.0,1.893,1.0,0.0,45.0,142,100.84,42.2
2021-01-05,24.77,27.02,23.47,6.95,92.74,9.61,2.39,5,2020,2.3459168985624825,nasa_power,Samba,Samba-2020,11.9,10.54,5.73,28.169999999999998,synthetic_degraded,2376.4,1.1316,ripening,6,0.65,96.09,0.0,1.525,1.0,3.04,45.0,143,97.59,44.47
2021-01-06,24.94,27.12,23.37,11.58,94.46,7.99,2.34,6,2020,2.4146770548840144,nasa_power,Samba,Samba-2020,5.37,9.87,2.2,17.439999999999998,synthetic_degraded,2391.6,1.1389,ripening,6,0.65,97.48,0.0,1.57,1.0,9.06,45.0,144,98.68,44.43
2021-01-07,25.19,27.88,23.21,7.12,92.46,12.81,2.27,7,2020,2.71767074160501,nasa_power,Samba,Samba-2020,10.28,3.46,7.69,21.43,synthetic_degraded,2407.2,1.1463,ripening,6,0.65,97.43,0.0,1.766,1.0,4.55,45.0,145,91.58,46.91
2021-01-08,25.8,29.06,23.85,10.24,90.65,12.72,2.21,8,2020,2.935569110882601,nasa_power,Samba,Samba-2020,5.65,7.85,65.21,78.71,synthetic_degraded,2423.6,1.1541,ripening,6,0.65,97.23,0.0,1.908,1.0,7.47,45.0,146,99.74,44.19
2021-01-09,25.02,26.98,23.8,4.59,92.91,13.42,2.49,9,2020,2.2420840918041436,nasa_power,Samba,Samba-2020,5.73,116.79,0.0,122.52000000000001,synthetic_degraded,2439.0,1.1614,ripening,6,0.65,97.09,0.0,1.457,1.0,1.68,45.0,147,92.13,46.0
2021-01-10,24.74,26.79,23.31,9.02,92.9,9.14,2.69,10,2020,2.331155215304507,nasa_power,Samba,Samba-2020,49.27,0.0,7.38,56.650000000000006,synthetic_degraded,2454.0,1.1686,ripening,6,0.65,97.54,0.0,1.515,1.0,6.56,45.0,148,94.25,47.07
2021-01-11,24.76,26.94,23.09,42.72,94.12,7.43,3.12,11,2020,2.454502478239015,nasa_power,Samba,Samba-2020,0.0,0.0,0.0,0.0,synthetic_degraded,2469.1,1.1757,ripening,6,0.65,97.48,0.0,1.595,1.0,40.2,45.0,149,90.65,44.06
2021-08-15,29.52,35.63,24.49,2.52,67.2,16.47,2.8,227,2021,5.641780494981493,nasa_power,Samba,Samba-2021,0.66,9.02,24.38,34.06,synthetic_degraded,17.2,0.0082,establishment,0,1.05,40.0,0.0,5.924,1.0,0.0,45.0,0,42.52,44.48
2021-08-16,29.92,35.78,24.72,0.67,62.55,16.8,2.92,228,2021,5.643861794204992,nasa_power,Samba,Samba-2021,28.84,12.7,1.05,42.589999999999996,synthetic_degraded,34.6,0.0165,establishment,0,1.05,35.6,0.0,5.926,1.0,0.0,45.0,1,32.48,44.3
2021-08-17,29.08,33.7,25.11,13.25,68.08,19.07,2.63,229,2021,4.886313661868708,nasa_power,Samba,Samba-2021,13.07,1.34,1.09,15.5,synthetic_degraded,52.2,0.0248,establishment,0,1.05,29.34,0.0,5.131,1.0,0.0,45.0,2,30.46,45.97
2021-08-18,27.6,33.92,23.48,11.79,73.05,16.61,3.74,230,2021,5.30612664283712,nasa_power,Samba,Samba-2021,1.28,1.95,7.16,10.39,synthetic_degraded,68.9,0.0328,establishment,0,1.05,36.46,0.0,5.571,1.0,0.0,45.0,3,35.09,42.85
2021-08-19,28.97,35.72,23.38,1.08,64.97,21.32,3.57,231,2021,5.8737495547940775,nasa_power,Samba,Samba-2021,1.33,7.29,5.65,14.270000000000001,synthetic_degraded,85.6,0.0408,establishment,0,1.05,41.68,0.0,6.167,1.0,0.0,45.0,4,41.83,47.17
2021-08-20,27.38,30.9,24.57,1.6,71.41,13.26,1.89,232,2021,4.045142415154062,nasa_power,Samba,Samba-2021,13.97,3.38,4.05,21.400000000000002,synthetic_degraded,102.9,0.049,establishment,0,1.05,35.59,0.0,4.247,1.0,0.0,45.0,5,38.83,45.84
2021-08-21,26.64,29.84,23.56,9.65,77.99,6.88,1.29,233,2021,3.93695119407132,nasa_power,Samba,Samba-2021,6.81,4.95,22.35,34.11,synthetic_degraded,119.6,0.0569,establishment,0,1.05,31.94,0.0,4.134,1.0,0.0,45.0,6,29.44,47.63
2021-08-22,26.95,30.17,24.34,6.93,78.45,19.36,1.33,234,2021,3.8398600132961116,nasa_power,Samba,Samba-2021,1.7,21.61,1.94,25.25,synthetic_degraded,136.7,0.0651,establishment,0,1.05,36.46,0.0,4.032,1.0,0.0,45.0,7,34.47,44.94
2021-08-23,27.7,31.77,24.65,3.88,78.29,9.77,2.2,235,2021,4.332435987006193,nasa_power,Samba,Samba-2021,9.66,1.08,1.42,12.16,synthetic_degraded,154.1,0.0734,establishment,0,1.05,38.36,0.0,4.549,1.0,0.0,45.0,8,35.93,44.17
2021-08-24,28.2,33.03,24.5,11.34,77.26,23.15,2.95,236,2021,4.797989378165683,nasa_power,Samba,Samba-2021,2.71,0.55,4.72,7.9799999999999995,synthetic_degraded,171.3,0.0816,establishment,0,1.05,36.69,0.0,5.038,1.0,0.0,45.0,9,34.16,45.99
2021-08-25,29.13,35.06,24.04,1.26,72.17,23.06,3.0,237,2021,5.543756771541779,nasa_power,Samba,Samba-2021,0.97,3.6,2.73,7.300000000000001,synthetic_degraded,188.3,0.0897,establishment,0,1.05,41.99,0.0,5.821,1.0,0.0,45.0,10,42.86,46.55
2021-08-26,29.21,33.49,25.38,0.92,74.05,23.25,1.99,238,2021,4.742622203759509,nasa_power,Samba,Samba-2021,2.89,5.48,1.03,9.4,synthetic_degraded,206.0,0.0981,establishment,0,1.05,36.43,0.0,4.98,1.0,0.0,45.0,11,34.61,43.93
2021-08-27,28.13,31.56,25.68,4.37,80.11,16.15,2.07,239,2021,3.9670798064035795,nasa_power,Samba,Samba-2021,5.69,4.27,0.57,10.530000000000001,synthetic_degraded,223.9,0.1066,establishment,0,1.05,31.37,0.0,4.165,1.0,0.0,45.0,12,38.86,42.0
2021-08-28,27.54,31.26,24.95,4.59,78.98,16.42,2.7,240,2021,4.062248874668961,nasa_power,Samba,Samba-2021,1.48,1.04,1.08,3.6,synthetic_degraded,241.3,0.1149,establishment,0,1.05,30.57,0.0,4.265,1.0,0.0,45.0,13,43.97,42.26
2021-08-29,27.46,31.7,24.11,1.45,77.46,13.61,3.07,241,2021,4.433763836239486,nasa_power,Samba,Samba-2021,0.31,2.81,3.18,6.300000000000001,synthetic_degraded,258.4,0.123,establishment,0,1.05,29.9,0.0,4.655,1.0,0.0,45.0,14,27.06,45.39
2021-08-30,28.39,33.9,24.05,0.55,70.2,18.83,3.57,242,2021,5.166506551336677,nasa_power,Samba,Samba-2021,1.48,3.01,36.95,41.440000000000005,synthetic_degraded,275.4,0.1312,establishment,0,1.05,25.69,0.0,5.425,1.0,0.0,45.0,15,27.16,47.31
2021-08-31,28.98,34.91,24.07,1.85,70.76,20.96,2.39,243,2021,5.476546944325378,nasa_power,Samba,Samba-2021,3.66,10.67,20.83,35.16,synthetic_degraded,292.5,0.1393,establishment,0,1.05,19.82,0.0,5.75,1.0,0.0,45.0,16,25.01,43.05
2021-09-01,28.82,33.18,25.36,2.77,73.65,13.77,1.86,244,2021,4.627096516263228,nasa_power,Samba,Samba-2021,43.11,11.94,5.55,60.599999999999994,synthetic_degraded,310.1,0.1477,establishment,0,1.05,14.92,0.0,4.858,1.0,0.0,45.0,17,13.59,44.59
2021-09-02,27.38,31.06,25.04,25.72,81.53,15.09,2.0,245,2021,3.9519980016298843,nasa_power,Samba,Samba-2021,10.86,3.45,1.52,15.829999999999998,synthetic_degraded,327.7,0.156,tillering,1,1.1,11.83,0.0,4.347,1.0,0.0,45.0,18,6.86,44.48
2021-09-03,26.39,29.3,24.19,16.3,84.45,15.9,2.29,246,2021,3.534975573763647,nasa_power,Samba,Samba-2021,2.7,2.51,9.2,14.41,synthetic_degraded,344.4,0.164,tillering,1,1.1,32.2,0.0,3.888,1.0,0.0,45.0,19,40.89,47.88
2021-09-04,27.3,31.31,23.67,4.42,81.39,10.8,2.55,247,2021,4.391403308383643,nasa_power,Samba,Samba-2021,8.44,1.44,0.09,9.969999999999999,synthetic_degraded,361.2,0.172,tillering,1,1.1,43.61,0.0,4.831,1.0,0.0,45.0,20,47.04,48.39
2021-09-05,27.85,33.32,24.05,3.51,76.5,20.71,3.56,248,2021,4.960934988499734,nasa_power,Samba,Samba-2021,1.31,0.21,0.74,2.26,synthetic_degraded,378.3,0.1801,tillering,1,1.1,42.2,0.0,5.457,1.0,0.0,45.0,21,43.79,45.64
2021-09-06,26.91,31.71,23.12,1.32,75.83,14.61,3.88,249,2021,4.641147876538132,nasa_power,Samba,Samba-2021,0.2,0.37,3.89,4.46,synthetic_degraded,394.8,0.188,tillering,1,1.1,39.26,0.0,5.105,1.0,0.0,45.0,22,46.51,46.35
2021-09-07,28.01,34.13,23.08,0.19,73.65,21.39,3.57,250,2021,5.397670709947197,nasa_power,Samba,Samba-2021,0.57,0.14,1.18,1.89,synthetic_degraded,411.4,0.1959,tillering,1,1.1,34.47,0.0,5.937,1.0,0.0,45.0,23,38.32,46.31
2021-09-08,27.61,31.74,24.11,0.79,78.6,21.76,2.72,251,2021,4.415390912045007,nasa_power,Samba,Samba-2021,0.11,1.01,0.59,1.71,synthetic_degraded,428.4,0.204,tillering,1,1.1,27.72,0.0,4.857,1.0,0.0,45.0,24,27.48,43.08
2021-09-09,28.28,33.31,23.39,0.1,74.5,23.31,2.68,252,2021,5.076352445698316,nasa_power,Samba,Samba-2021,2.16,1.23,0.23,3.62,synthetic_degraded,445.1,0.212,tillering,1,1.1,22.66,0.0,5.584,1.0,0.0,45.0,25,17.78,46.05
2021-09-10,28.56,33.35,24.67,1.0,74.67,20.17,2.64,253,2021,4.811405518171415,nasa_power,Samba,Samba-2021,1.18,0.52,0.19,1.89,synthetic_degraded,462.4,0.2202,tillering,1,1.1,16.17,0.0,5.293,1.0,0.0,45.0,26,13.7,43.47
2021-09-11,28.58,33.67,24.46,1.05,74.88,21.27,3.08,254,2021,4.956546346936782,nasa_power,Samba,Samba-2021,1.06,0.12,0.55,1.7300000000000002,synthetic_degraded,479.7,0.2284,tillering,1,1.1,10.88,0.0,5.452,1.0,0.0,45.0,27,16.9,44.74
2021-09-12,28.53,33.32,24.91,0.37,73.48,20.61,3.82,255,2021,4.736043218685769,nasa_power,Samba,Samba-2021,0.17,0.78,1.97,2.92,synthetic_degraded,497.1,0.2367,tillering,1,1.1,5.48,0.0,5.21,1.0,0.0,45.0,28,8.89,46.71
2021-09-13,28.41,33.55,24.59,0.17,72.88,19.83,3.81,256,2021,4.877956585304189,nasa_power,Samba,Samba-2021,0.28,3.04,7.4,10.72,synthetic_degraded,514.4,0.245,tillering,1,1.1,-0.36,0.0,5.362,0.5,0.0,44.97,29,-1.29,45.09
2021-09-14,28.55,32.69,24.97,0.44,75.57,22.61,2.78,257,2021,4.499081174992197,nasa_power,Samba,Samba-2021,2.38,5.0,3.96,11.34,synthetic_degraded,531.9,0.2533,tillering,1,1.1,-6.05,0.0,4.838,0.5,0.0,44.58,30,2.78,46.23
2021-09-15,29.02,34.14,24.89,3.24,75.38,22.64,2.58,258,2021,4.990659856209222,nasa_power,Samba,Samba-2021,1.53,6.69,6.41,14.63,synthetic_degraded,549.4,0.2616,tillering,1,1.1,-10.95,0.0,5.32,0.5,0.0,44.23,31,-11.74,46.18
2021-09-16,28.64,32.82,25.14,2.53,77.03,19.84,2.04,259,2021,4.489988844238956,nasa_power,Samba,Samba-2021,8.64,9.25,5.81,23.7,synthetic_degraded,566.9,0.27,tillering,1,1.1,-13.53,0.0,4.722,0.5,0.0,44.05,32,-8.59,41.41
2021-09-17,28.15,31.76,25.81,7.83,80.85,19.36,2.09,260,2021,3.930093324079665,nasa_power,Samba,Samba-2021,8.4,5.76,4.72,18.88,synthetic_degraded,584.8,0.2785,tillering,1,1.1,-16.22,0.0,4.178,0.5,0.0,43.86,33,-15.12,40.59
2021-09-18,28.07,31.23,25.19,4.84,80.53,13.78,1.34,261,2021,3.9051751673487995,nasa_power,Samba,Samba-2021,9.55,14.33,5.46,29.340000000000003,synthetic_degraded,602.4,0.2869,tillering,1,1.1,-13.07,0.0,4.154,0.5,0.0,44.09,34,-3.41,45.83
2021-09-19,28.32,31.63,25.35,8.65,81.05,20.45,1.44,262,2021,4.000240349066502,nasa_power,Samba,Samba-2021,9.49,1.9,0.66,12.05,synthetic_degraded,620.1,0.2953,tillering,1,1.1,-12.89,0.0,4.326,0.5,0.0,44.1,35,-9.12,45.9
2021-09-20,28.11,31.94,24.86,4.55,80.01,21.49,1.86,263,2021,4.2325758657087045,nasa_power,Samba,Samba-2021,2.05,0.63,3.3,5.9799999999999995,synthetic_degraded,637.5,0.3036,tillering,1,1.1,-9.06,0.0,4.572,0.5,0.0,44.37,36,-8.83,44.75
2021-09-21,28.22,32.61,24.8,2.92,78.53,20.48,1.99,264,2021,4.467620359816864,nasa_power,Samba,Samba-2021,0.46,2.51,3.17,6.14,synthetic_degraded,654.9,0.3119,tillering,1,1.1,-9.58,0.0,4.783,0.5,0.0,44.33,37,-10.47,44.92
2021-09-22,28.79,34.14,24.14,0.39,73.48,17.8,1.91,265,2021,5.094213341641604,nasa_power,Samba,Samba-2021,1.7,5.73,4.89,12.32,synthetic_degraded,672.0,0.32,tillering,1,1.1,-11.95,0.0,5.345,0.5,0.0,44.16,38,-12.03,45.5
2021-09-23,28.91,32.89,25.03,2.96,77.4,19.93,1.55,266,2021,4.491391406721425,nasa_power,Samba,Samba-2021,2.49,4.08,35.98,42.55,synthetic_degraded,689.5,0.3283,tillering,1,1.1,-17.4,0.0,4.655,0.5,0.0,43.78,39,-21.03,45.09
2021-09-24,28.21,32.11,24.9,4.15,79.45,22.75,1.84,267,2021,4.25236008215086,nasa_power,Samba,Samba-2021,6.24,8.4,1.95,16.59,synthetic_degraded,707.0,0.3367,tillering,1,1.1,-19.6,0.0,4.389,0.5,0.0,43.63,40,-26.43,43.17
2021-09-25,28.36,32.07,25.02,4.16,80.35,22.84,1.94,268,2021,4.200972380967844,nasa_power,Samba,Samba-2021,12.11,0.4,0.21,12.72,synthetic_degraded,724.5,0.345,tillering,1,1.1,-20.33,0.0,4.322,0.5,0.0,43.58,41,-18.79,45.01
2021-09-26,27.06,30.26,25.12,13.72,82.63,13.97,2.4,269,2021,3.5143616001271116,nasa_power,Samba,Samba-2021,1.22,0.68,0.96,2.86,synthetic_degraded,742.0,0.3534,stem_elongation,2,1.15,-21.0,0.0,3.924,0.5,0.0,43.53,42,-23.67,43.01
2021-09-27,28.28,33.83,24.05,1.4,75.17,18.02,3.82,270,2021,4.971444390168268,nasa_power,Samba,Samba-2021,0.2,1.44,24.5,26.14,synthetic_degraded,759.1,0.3615,stem_elongation,2,1.15,-11.7,0.0,5.482,0.5,0.0,44.18,43,-14.38,44.55
2021-09-28,27.44,32.26,23.75,0.22,71.2,18.55,3.32,271,2021,4.535830487876786,nasa_power,Samba,Samba-2021,1.93,3.51,11.12,16.56,synthetic_degraded,775.9,0.3695,stem_elongation,2,1.15,-16.28,0.0,4.881,0.5,0.0,43.86,44,-16.72,44.16
2021-09-29,28.69,35.13,23.01,1.39,67.35,22.62,1.88,272,2021,5.5278925484431864,nasa_power,Samba,Samba-2021,14.22,9.38,5.22,28.82,synthetic_degraded,792.4,0.3774,stem_elongation,2,1.15,-21.44,0.0,5.847,0.5,0.0,43.5,45,-21.18,42.21
2021-09-30,27.59,31.59,23.83,13.2,77.78,19.82,1.64,273,2021,4.286126661712367,nasa_power,Samba,Samba-2021,5.86,10.6,3.25,19.71,synthetic_degraded,809.4,0.3854,stem_elongation,2,1.15,-26.4,0.0,4.669,0.5,0.0,43.15,46,-26.36,42.04
2021-10-01,27.66,31.18,24.62,8.19,81.45,11.99,1.11,274,2021,3.949021808018366,nasa_power,Samba,Samba-2021,5.65,2.36,5.96,13.969999999999999,synthetic_degraded,826.7,0.3937,stem_elongation,2,1.15,-18.37,0.0,4.356,0.5,0.0,43.71,47,-9.68,47.06
2021-10-02,27.17,29.97,25.0,7.77,85.87,21.38,1.25,275,2021,3.398823248411502,nasa_power,Samba,Samba-2021,2.98,2.27,14.16,19.41,synthetic_degraded,844.2,0.402,stem_elongation,2,1.15,-15.04,0.0,3.795,0.5,0.0,43.95,48,-11.73,42.61
2021-10-03,28.02,32.43,25.14,3.25,81.68,16.69,1.29,276,2021,4.225337075561084,nasa_power,Samba,Samba-2021,3.57,13.11,2.34,19.02,synthetic_degraded,861.7,0.4103,stem_elongation,2,1.15,-11.56,0.0,4.698,0.5,0.0,44.19,49,-1.02,44.74
2021-10-04,28.04,31.74,25.31,3.12,82.42,16.23,1.29,277,2021,3.937396828456907,nasa_power,Samba,Samba-2021,13.02,6.53,3.95,23.5,synthetic_degraded,879.4,0.4188,stem_elongation,2,1.15,-13.51,0.0,4.34,0.5,0.0,44.05,50,-15.7,44.92
2021-10-05,27.1,29.45,24.98,13.23,86.39,5.56,0.9,278,2021,3.1828619018950732,nasa_power,Samba,Samba-2021,3.59,1.4,31.63,36.62,synthetic_degraded,896.6,0.4269,stem_elongation,2,1.15,-15.23,0.0,3.631,0.5,0.0,43.93,51,-11.31,43.85
2021-10-06,27.47,32.23,23.98,3.8,81.9,17.84,2.34,279,2021,4.399410085326987,nasa_power,Samba,Samba-2021,1.37,27.64,10.98,39.99,synthetic_degraded,913.6,0.435,stem_elongation,2,1.15,-6.13,0.0,5.012,0.5,0.0,44.57,52,-8.05,45.58
2021-10-07,27.77,31.69,24.85,1.34,83.46,21.75,2.32,280,2021,4.010856495381198,nasa_power,Samba,Samba-2021,14.08,14.57,13.16,41.81,synthetic_degraded,931.0,0.4433,stem_elongation,2,1.15,-7.84,0.0,4.493,0.5,0.0,44.45,53,-10.65,44.94
2021-10-08,27.77,31.21,25.04,14.31,84.75,17.37,2.86,281,2021,3.7883420082593524,nasa_power,Samba,Samba-2021,6.17,6.69,27.09,39.95,synthetic_degraded,948.5,0.4517,stem_elongation,2,1.15,-11.49,0.0,4.357,1.0,0.0,44.2,54,-0.76,42.89
2021-10-09,27.21,30.21,25.03,8.76,86.47,14.22,2.56,282,2021,3.424677993096721,nasa_power,Samba,Samba-2021,12.19,15.07,14.73,41.989999999999995,synthetic_degraded,966.0,0.46,stem_elongation,2,1.15,-2.54,0.0,3.938,1.0,0.0,44.82,55,-6.38,45.63
2021-10-10,27.51,30.81,24.44,7.41,83.93,20.04,1.66,283,2021,3.7888461825594426,nasa_power,Samba,Samba-2021,24.59,9.6,2.9,37.089999999999996,synthetic_degraded,983.3,0.4682,stem_elongation,2,1.15,1.28,0.0,4.357,1.0,0.0,45.0,56,-9.88,44.18
2021-10-11,26.51,28.91,24.9,30.55,89.66,17.0,1.97,284,2021,2.951141748248049,nasa_power,Samba,Samba-2021,11.27,4.45,2.07,17.79,synthetic_degraded,1000.2,0.4763,stem_elongation,2,1.15,3.33,0.0,3.394,1.0,0.0,45.0,57,-0.21,47.61
2021-10-12,26.0,29.62,23.57,10.63,86.88,19.92,2.61,285,2021,3.590694658522926,nasa_power,Samba,Samba-2021,1.39,3.91,5.91,11.21,synthetic_degraded,1016.8,0.4842,stem_elongation,2,1.15,29.49,0.0,4.129,1.0,0.0,45.0,58,19.45,45.64
2021-10-13,26.63,31.28,22.89,3.51,82.81,21.21,2.38,286,2021,4.2642238515259425,nasa_power,Samba,Samba-2021,3.46,2.45,5.2,11.11,synthetic_degraded,1033.2,0.492,stem_elongation,2,1.15,34.99,0.0,4.904,1.0,0.0,45.0,59,30.23,43.95
2021-10-14,27.98,32.5,23.6,3.81,82.08,21.28,1.81,287,2021,4.474762131428285,nasa_power,Samba,Samba-2021,1.12,22.39,9.73,33.24,synthetic_degraded,1050.0,0.5,panicle_initiation,3,1.2,32.6,0.0,5.37,1.0,0.0,45.0,60,28.31,45.51
2021-10-15,27.45,30.33,24.75,1.84,86.51,15.65,1.94,288,2021,3.4946163015097054,nasa_power,Samba,Samba-2021,6.3,5.52,2.95,14.77,synthetic_degraded,1067.4,0.5083,panicle_initiation,3,1.2,30.04,0.0,4.194,1.0,0.0,45.0,61,30.22,43.61
2021-10-16,27.81,31.04,25.44,9.79,89.16,19.39,3.23,289,2021,3.5455501396756643,nasa_power,Samba,Samba-2021,12.94,2.29,4.44,19.67,synthetic_degraded,1085.1,0.5167,panicle_initiation,3,1.2,26.68,0.0,4.255,1.0,0.0,45.0,62,16.43,45.39
2021-10-17,27.25,30.06,25.4,4.35,88.73,16.77,3.26,290,2021,3.1899744257903913,nasa_power,Samba,Samba-2021,2.9,4.45,5.57,12.92,synthetic_degraded,1102.8,0.5251,panicle_initiation,3,1.2,31.22,0.0,3.828,1.0,0.0,45.0,63,37.2,44.66
2021-10-18,27.33,30.19,24.73,2.59,84.94,17.06,2.24,291,2021,3.423255919921592,nasa_power,Samba,Samba-2021,6.11,15.86,6.12,28.09,synthetic_degraded,1120.2,0.5334,panicle_initiation,3,1.2,30.74,0.0,4.108,1.0,0.0,45.0,64,21.36,43.76
2021-10-19,27.19,30.02,24.33,3.52,86.1,16.66,1.56,292,2021,3.4632040965553847,nasa_power,Samba,Samba-2021,8.52,3.24,2.7,14.46,synthetic_degraded,1137.3,0.5416,panicle_initiation,3,1.2,28.22,0.0,4.156,1.0,0.0,45.0,65,27.58,43.74
2021-10-20,27.36,30.04,25.66,5.8,87.18,17.04,0.81,293,2021,3.07568652145247,nasa_power,Samba,Samba-2021,9.87,3.16,4.47,17.5,synthetic_degraded,1155.2,0.5501,panicle_initiation,3,1.2,26.59,0.0,3.691,1.0,0.0,45.0,66,24.97,48.65
2021-10-21,27.03,29.61,25.09,6.34,88.27,17.5,0.9,294,2021,3.0817444933516254,nasa_power,Samba,Samba-2021,2.32,8.21,4.97,15.5,synthetic_degraded,1172.5,0.5583,panicle_initiation,3,1.2,27.7,0.0,3.698,1.0,0.0,45.0,67,31.83,45.14
2021-10-22,27.12,29.82,25.15,2.54,85.46,17.61,1.09,295,2021,3.133146431964779,nasa_power,Samba,Samba-2021,12.32,2.93,7.48,22.73,synthetic_degraded,1190.0,0.5667,panicle_initiation,3,1.2,29.34,0.0,3.76,1.0,0.0,45.0,68,31.1,44.35
2021-10-23,27.11,30.41,24.97,3.6,86.87,16.95,1.5,296,2021,3.387467488034211,nasa_power,Samba,Samba-2021,7.27,12.1,2.74,22.11,synthetic_degraded,1207.5,0.575,panicle_initiation,3,1.2,27.12,0.0,4.065,1.0,0.0,45.0,69,33.05,44.09
2021-10-24,26.84,30.28,23.82,4.97,78.93,16.26,1.21,297,2021,3.6293164118174466,nasa_power,Samba,Samba-2021,8.52,8.26,5.54,22.32,synthetic_degraded,1224.4,0.583,panicle_initiation,3,1.2,25.65,3.91,4.355,1.0,0.0,45.0,70,23.84,45.71
2021-10-25,26.76,29.98,24.39,7.71,83.35,18.15,1.58,298,2021,3.376770322873791,nasa_power,Samba,Samba-2021,5.58,9.03,9.15,23.759999999999998,synthetic_degraded,1241.6,0.5912,panicle_initiation,3,1.2,29.18,0.0,4.052,1.0,0.0,45.0,71,26.86,44.04
2021-10-26,26.58,29.61,24.31,4.96,85.23,18.83,1.77,299,2021,3.2623756143191067,nasa_power,Samba,Samba-2021,2.11,9.91,48.5,60.519999999999996,synthetic_degraded,1258.5,0.5993,panicle_initiation,3,1.2,31.84,0.0,3.915,1.0,0.0,45.0,72,33.9,43.36
2021-10-27,26.63,30.08,23.88,2.24,85.72,17.45,2.12,300,2021,3.520149780823796,nasa_power,Samba,Samba-2021,7.36,39.08,19.38,65.82,synthetic_degraded,1275.5,0.6074,panicle_initiation,3,1.2,31.88,0.0,4.224,1.0,0.0,45.0,73,37.03,44.95
2021-10-28,25.77,27.86,23.77,7.19,87.75,10.71,2.16,301,2021,2.776848160336458,nasa_power,Samba,Samba-2021,43.29,24.98,13.87,82.14,synthetic_degraded,1291.3,0.6149,panicle_initiation,3,1.2,28.9,0.0,3.332,1.0,0.0,45.0,74,33.03,44.94
2021-10-29,25.84,27.99,24.42,44.15,92.92,3.74,3.1,302,2021,2.6101364259295563,nasa_power,Samba,Samba-2021,30.48,18.83,31.04,80.35,synthetic_degraded,1307.5,0.6226,flowering,4,1.2,31.76,16.86,3.132,1.0,0.0,45.0,75,33.37,44.37
2021-10-30,25.7,27.42,24.45,25.67,92.29,16.61,2.74,303,2021,2.3594291431300873,nasa_power,Samba,Samba-2021,47.68,38.06,29.29,115.03,synthetic_degraded,1323.4,0.6302,flowering,4,1.2,88.63,0.0,2.831,1.0,14.3,45.0,76,89.79,43.66
2021-10-31,26.3,28.71,24.67,21.79,91.66,5.37,2.85,304,2021,2.791426464474852,nasa_power,Samba,Samba-2021,12.26,29.93,38.97,81.16,synthetic_degraded,1340.1,0.6382,flowering,4,1.2,96.17,0.0,3.35,1.0,17.96,45.0,77,95.99,44.41
2021-11-01,26.11,28.04,24.8,21.08,91.33,9.65,2.49,305,2021,2.477649445469429,nasa_power,Samba,Samba-2021,54.21,23.92,3.79,81.92,synthetic_degraded,1356.5,0.646,flowering,4,1.2,95.65,0.0,2.973,1.0,16.73,45.0,78,97.7,44.3
2021-11-02,26.15,27.97,25.03,31.48,91.74,10.05,2.44,306,2021,2.357786674845403,nasa_power,Samba,Samba-2021,24.97,5.7,16.39,47.06,synthetic_degraded,1373.0,0.6538,flowering,4,1.2,96.03,0.0,2.829,1.0,27.51,45.0,79,106.2,44.09
2021-11-03,25.66,27.39,24.47,29.47,92.58,4.48,1.94,307,2021,2.313026005098149,nasa_power,Samba,Samba-2021,12.51,7.01,29.72,49.239999999999995,synthetic_degraded,1389.0,0.6614,flowering,4,1.2,96.17,0.0,2.776,1.0,25.64,45.0,80,94.96,45.41
2021-11-04,25.79,28.06,24.05,6.97,90.91,13.28,1.07,308,2021,2.710743448285665,nasa_power,Samba,Samba-2021,7.03,12.19,11.7,30.919999999999998,synthetic_degraded,1405.0,0.6691,flowering,4,1.2,96.22,0.0,3.253,1.0,3.19,45.0,81,94.4,48.34
2021-11-05,25.48,27.46,23.97,8.17,91.81,19.16,1.43,309,2021,2.502317130217201,nasa_power,Samba,Samba-2021,23.85,9.81,35.47,69.13,synthetic_degraded,1420.7,0.6765,flowering,4,1.2,95.75,0.0,3.003,1.0,3.92,45.0,82,93.54,47.0
2021-11-06,25.86,28.3,23.36,19.81,87.87,15.41,1.39,310,2021,2.976733304658325,nasa_power,Samba,Samba-2021,11.29,30.3,90.03,131.62,synthetic_degraded,1436.6,0.6841,flowering,4,1.2,96.0,0.0,3.572,1.0,15.81,45.0,83,97.95,47.91
2021-11-07,25.99,28.04,23.96,12.13,87.67,6.31,1.18,311,2021,2.70834581366927,nasa_power,Samba,Samba-2021,13.19,77.37,26.9,117.46000000000001,synthetic_degraded,1452.6,0.6917,flowering,4,1.2,95.43,0.0,3.25,1.0,7.56,45.0,84,84.82,44.15
2021-11-08,26.11,28.82,24.41,28.74,91.02,3.97,1.73,312,2021,2.8475194781509785,nasa_power,Samba,Samba-2021,141.06,84.41,18.15,243.62,synthetic_degraded,1469.2,0.6996,flowering,4,1.2,95.75,0.0,3.417,1.0,24.49,45.0,85,95.07,47.51
2021-11-09,24.37,25.93,23.07,64.5,93.82,8.48,3.39,313,2021,2.1780563941842694,nasa_power,Samba,Samba-2021,32.12,9.51,3.11,44.739999999999995,synthetic_degraded,1483.7,0.7065,flowering,4,1.2,95.58,0.0,2.614,1.0,60.08,45.0,86,99.98,45.34
2021-11-10,23.32,24.93,22.1,49.1,92.76,6.56,3.96,314,2021,2.1105027681727178,nasa_power,Samba,Samba-2021,8.86,2.02,1.52,12.399999999999999,synthetic_degraded,1497.2,0.713,flowering,4,1.2,96.39,0.0,2.533,1.0,45.49,45.0,87,93.76,46.48
2021-11-11,24.07,26.94,21.93,8.53,92.14,6.96,4.29,315,2021,2.8630424966316816,nasa_power,Samba,Samba-2021,1.56,2.03,5.84,9.43,synthetic_degraded,1511.6,0.7198,flowering,4,1.2,96.47,0.0,3.436,1.0,5.0,45.0,88,97.4,45.69
2021-11-12,26.35,29.75,23.52,2.5,88.5,10.13,2.04,316,2021,3.3501976892123233,nasa_power,Samba,Samba-2021,2.36,10.93,11.46,24.75,synthetic_degraded,1528.3,0.7277,flowering,4,1.2,95.56,0.0,4.02,1.0,0.0,45.0,89,106.11,44.49
2021-11-13,25.84,27.43,24.66,2.08,89.04,12.8,1.39,317,2021,2.198570194510767,nasa_power,Samba,Samba-2021,8.73,10.29,4.37,23.39,synthetic_degraded,1544.3,0.7354,flowering,4,1.2,93.04,0.0,2.638,1.0,0.0,45.0,90,94.7,46.08
2021-11-14,25.77,28.09,24.33,9.57,93.24,9.81,2.2,318,2021,2.5646034103851805,nasa_power,Samba,Samba-2021,5.63,3.82,44.0,53.45,synthetic_degraded,1560.5,0.7431,flowering,4,1.2,91.49,0.0,3.078,1.0,1.06,45.0,91,80.29,45.73
2021-11-15,26.39,29.22,23.97,7.35,88.8,12.8,1.28,319,2021,3.049296234574369,nasa_power,Samba,Samba-2021,7.54,39.85,20.29,67.68,synthetic_degraded,1577.1,0.751,grain_filling,5,0.95,95.92,0.0,2.897,1.0,3.27,45.0,92,88.87,42.35
2021-11-16,26.66,29.17,24.8,3.97,90.32,13.61,0.9,320,2021,2.7995462590144373,nasa_power,Samba,Samba-2021,34.85,25.33,11.22,71.4,synthetic_degraded,1594.1,0.7591,grain_filling,5,0.95,96.1,0.0,2.66,1.0,0.07,45.0,93,94.84,44.81
2021-11-17,26.0,27.83,24.32,35.41,93.12,10.05,1.68,321,2021,2.4520649675357826,nasa_power,Samba,Samba-2021,10.29,19.89,14.04,44.22,synthetic_degraded,1610.2,0.7668,grain_filling,5,0.95,96.34,0.0,2.329,1.0,31.75,45.0,94,92.32,46.31
2021-11-18,24.6,25.76,23.48,20.05,93.76,1.04,4.06,322,2021,1.9061883463306388,nasa_power,Samba,Samba-2021,18.64,8.92,2.68,30.240000000000002,synthetic_degraded,1624.8,0.7737,grain_filling,5,0.95,96.67,0.0,1.811,1.0,16.72,45.0,95,97.19,45.42
2021-11-19,25.71,28.67,23.65,17.62,91.29,10.67,4.21,323,2021,2.924315399057964,nasa_power,Samba,Samba-2021,9.09,2.04,2.09,13.219999999999999,synthetic_degraded,1641.0,0.7814,grain_filling,5,0.95,97.19,0.0,2.778,1.0,14.81,45.0,96,95.72,45.7
2021-11-20,26.85,29.89,24.85,9.63,90.82,17.72,2.86,324,2021,3.003920792950201,nasa_power,Samba,Samba-2021,0.96,1.6,14.08,16.64,synthetic_degraded,1658.3,0.7897,grain_filling,5,0.95,96.22,0.0,2.854,1.0,5.85,45.0,97,102.05,43.87
2021-11-21,25.93,28.47,24.09,2.93,86.98,17.04,1.53,325,2021,2.7266707099444347,nasa_power,Samba,Samba-2021,1.67,7.07,8.56,17.3,synthetic_degraded,1674.6,0.7974,grain_filling,5,0.95,96.15,0.0,2.59,1.0,0.0,45.0,98,90.69,45.38
2021-11-22,25.41,27.69,23.08,2.11,91.89,14.0,1.82,326,2021,2.7345874937972368,nasa_power,Samba,Samba-2021,5.96,4.79,51.56,62.31,synthetic_degraded,1690.0,0.8048,grain_filling,5,0.95,95.49,0.0,2.598,1.0,0.0,45.0,99,94.45,44.86
2021-11-23,25.75,27.6,24.26,4.83,94.44,18.5,2.11,327,2021,2.352014175175177,nasa_power,Samba,Samba-2021,3.59,18.54,181.68,203.81,synthetic_degraded,1705.9,0.8123,grain_filling,5,0.95,94.0,0.0,2.234,1.0,0.0,45.0,100,95.09,44.69
2021-11-24,25.76,27.62,24.47,5.79,93.84,9.89,2.48,328,2021,2.2854235578155433,nasa_power,Samba,Samba-2021,42.78,91.34,28.51,162.63,synthetic_degraded,1722.0,0.82,grain_filling,5,0.95,95.59,0.0,2.171,1.0,1.38,45.0,101,97.3,43.98
2021-11-25,26.04,27.88,24.38,33.98,94.67,11.3,2.88,329,2021,2.40888990087921,nasa_power,Samba,Samba-2021,64.89,15.69,33.15,113.72999999999999,synthetic_degraded,1738.1,0.8277,grain_filling,5,0.95,96.83,0.0,2.288,1.0,30.81,45.0,102,97.56,46.37
2021-11-26,25.96,27.81,24.3,53.41,94.63,5.96,3.06,330,2021,2.403543157390106,nasa_power,Samba,Samba-2021,15.17,31.91,17.27,64.35,synthetic_degraded,1754.2,0.8353,grain_filling,5,0.95,96.71,0.0,2.283,1.0,50.12,45.0,103,84.65,45.52
2021-11-27,25.16,27.0,23.69,23.98,94.53,10.63,2.91,331,2021,2.2919718004415612,nasa_power,Samba,Samba-2021,31.24,29.24,4.52,65.0,synthetic_degraded,1769.5,0.8426,grain_filling,5,0.95,96.72,0.0,2.177,1.0,20.7,45.0,104,97.14,45.37
2021-11-28,25.19,26.69,24.09,31.41,94.88,1.79,2.84,332,2021,2.0297806185227976,nasa_power,Samba,Samba-2021,33.98,5.55,1.66,41.18999999999999,synthetic_degraded,1784.9,0.85,grain_filling,5,0.95,96.82,0.0,1.928,1.0,28.23,45.0,105,96.07,48.08
2021-11-29,25.02,26.41,23.97,23.44,94.23,8.55,2.25,333,2021,1.9538252041270194,nasa_power,Samba,Samba-2021,3.73,2.1,1.95,7.78,synthetic_degraded,1800.1,0.8572,grain_filling,5,0.95,97.07,0.0,1.856,1.0,20.51,45.0,106,101.39,45.71
2021-11-30,25.55,27.55,24.02,5.54,92.85,17.83,2.01,334,2021,2.378605305398078,nasa_power,Samba,Samba-2021,3.8,1.17,0.01,4.9799999999999995,synthetic_degraded,1815.9,0.8647,grain_filling,5,0.95,97.14,0.0,2.26,1.0,2.68,45.0,107,100.75,46.8
2021-12-01,26.08,28.98,23.9,4.17,91.21,12.94,2.35,335,2021,2.8916842241472205,nasa_power,Samba,Samba-2021,1.64,0.02,2.81,4.47,synthetic_degraded,1832.3,0.8725,grain_filling,5,0.95,96.74,0.0,2.747,1.0,0.91,45.0,108,97.94,45.41
2021-12-02,25.38,28.3,22.97,0.98,90.69,15.03,2.79,336,2021,2.9036566449945025,nasa_power,Samba,Samba-2021,0.01,0.14,2.96,3.11,synthetic_degraded,1847.9,0.88,grain_filling,5,0.95,96.25,0.0,2.758,1.0,0.0,45.0,109,97.82,44.47
2021-12-03,24.03,27.18,21.16,0.01,90.11,17.95,1.78,337,2021,2.977486003040756,nasa_power,Samba,Samba-2021,0.12,1.16,2.18,3.46,synthetic_degraded,1862.1,0.8867,grain_filling,5,0.95,93.47,0.0,2.829,1.0,0.0,45.0,110,100.23,43.41
2021-12-04,25.7,29.79,21.16,0.1,81.14,16.84,0.95,338,2021,3.6707863239905976,nasa_power,Samba,Samba-2021,1.86,5.37,0.09,7.32,synthetic_degraded,1877.6,0.8941,grain_filling,5,0.95,89.66,0.0,3.487,1.0,0.0,45.0,111,95.41,45.36
2021-12-05,26.6,30.82,22.98,3.02,84.56,16.12,1.09,339,2021,3.6092784667354043,nasa_power,Samba,Samba-2021,1.92,0.05,0.37,2.34,synthetic_degraded,1894.1,0.9019,ripening,6,0.65,85.27,0.0,2.346,1.0,0.0,45.0,112,86.65,41.0
2021-12-06,26.53,30.13,23.95,2.06,87.76,11.34,1.35,340,2021,3.2106102963793437,nasa_power,Samba,Samba-2021,0.11,0.12,3.19,3.42,synthetic_degraded,1911.1,0.91,ripening,6,0.65,84.94,0.0,2.087,1.0,0.0,45.0,113,95.67,45.41
2021-12-07,25.77,28.81,23.7,0.09,89.0,15.13,2.12,341,2021,2.86511214077439,nasa_power,Samba,Samba-2021,0.07,2.63,0.27,2.9699999999999998,synthetic_degraded,1927.3,0.9178,ripening,6,0.65,83.92,0.0,1.862,1.0,0.0,45.0,114,80.78,45.47
2021-12-08,25.58,29.04,23.21,0.2,90.46,18.25,2.37,342,2021,3.0480780760434656,nasa_power,Samba,Samba-2021,1.45,0.33,2.5,4.28,synthetic_degraded,1943.4,0.9254,ripening,6,0.65,81.14,0.0,1.981,1.0,0.0,45.0,115,75.21,44.67
2021-12-09,25.44,28.2,23.71,1.85,89.39,14.61,2.57,343,2021,2.662020159000355,nasa_power,Samba,Samba-2021,0.33,3.89,4.39,8.61,synthetic_degraded,1959.4,0.933,ripening,6,0.65,78.36,0.0,1.73,1.0,0.0,45.0,116,78.31,44.86
2021-12-10,25.31,28.73,22.29,0.27,88.17,18.56,2.61,344,2021,3.152890532198062,nasa_power,Samba,Samba-2021,4.15,2.24,2.77,9.16,synthetic_degraded,1974.9,0.9404,ripening,6,0.65,77.48,0.0,2.049,1.0,0.0,45.0,117,75.61,43.12
2021-12-11,25.72,28.77,23.59,3.75,89.63,15.0,3.07,345,2021,2.869144810612365,nasa_power,Samba,Samba-2021,2.29,6.48,4.97,13.739999999999998,synthetic_degraded,1991.1,0.9481,ripening,6,0.65,74.7,0.0,1.865,1.0,0.0,45.0,118,62.37,47.08
2021-12-12,25.67,28.67,23.88,2.9,88.74,17.73,3.51,346,2021,2.7630244543760045,nasa_power,Samba,Samba-2021,2.17,3.68,4.37,10.219999999999999,synthetic_degraded,2007.4,0.9559,ripening,6,0.65,75.59,0.0,1.796,1.0,0.0,45.0,119,72.33,44.49
2021-12-13,25.58,28.6,23.74,3.56,88.93,17.01,3.36,347,2021,2.774786689816199,nasa_power,Samba,Samba-2021,4.98,1.73,4.15,10.860000000000001,synthetic_degraded,2023.5,0.9636,ripening,6,0.65,75.69,0.0,1.804,1.0,0.0,45.0,120,77.41,43.54
2021-12-14,25.58,28.51,23.86,3.75,89.18,11.67,3.55,348,2021,2.7136561374001187,nasa_power,Samba,Samba-2021,3.02,4.18,0.62,7.819999999999999,synthetic_degraded,2039.7,0.9713,ripening,6,0.65,76.45,0.0,1.764,1.0,0.0,45.0,121,76.16,45.82
2021-12-15,25.23,28.17,23.41,3.49,89.94,15.33,3.46,349,2021,2.719703122394823,nasa_power,Samba,Samba-2021,3.07,3.92,0.23,7.220000000000001,synthetic_degraded,2055.5,0.9788,ripening,6,0.65,77.43,0.0,1.768,1.0,0.0,45.0,122,73.55,45.17
2021-12-16,24.34,27.53,21.5,2.4,89.86,12.76,3.87,350,2021,2.9705063381118912,nasa_power,Samba,Samba-2021,0.88,0.31,0.02,1.21,synthetic_degraded,2070.0,0.9857,ripening,6,0.65,78.16,0.0,1.931,1.0,0.0,45.0,123,78.37,44.46
2021-12-17,23.6,26.14,21.19,0.74,89.24,16.86,3.44,351,2021,2.6366178941493743,nasa_power,Samba,Samba-2021,4.7,0.03,0.0,4.73,synthetic_degraded,2083.7,0.9922,ripening,6,0.65,77.63,0.0,1.714,1.0,0.0,45.0,124,78.25,44.3
2021-12-18,23.77,27.17,21.51,0.19,86.98,17.51,3.66,352,2021,2.8647741697935314,nasa_power,Samba,Samba-2021,0.03,0.87,0.0,0.9,synthetic_degraded,2098.0,0.9991,ripening,6,0.65,75.65,0.0,1.862,1.0,0.0,45.0,125,79.23,44.99
2021-12-19,23.24,26.85,20.37,0.02,85.34,18.96,3.46,353,2021,3.01192733569729,nasa_power,Samba,Samba-2021,4.71,0.0,7.81,12.52,synthetic_degraded,2111.6,1.0055,ripening,6,0.65,72.98,0.0,1.958,1.0,0.0,45.0,126,69.77,47.02
2021-12-20,23.2,27.54,19.32,0.0,84.73,17.68,2.89,354,2021,3.3775717028298406,nasa_power,Samba,Samba-2021,0.0,0.0,0.0,0.0,synthetic_degraded,2125.1,1.0119,ripening,6,0.65,70.04,0.0,2.195,1.0,0.0,45.0,127,74.41,45.7
2021-12-21,22.94,27.43,19.58,0.0,82.38,17.93,2.3,355,2021,3.3070127036044275,nasa_power,Samba,Samba-2021,0.0,0.0,0.0,0.0,synthetic_degraded,2138.6,1.0184,ripening,6,0.65,66.85,0.0,2.15,1.0,0.0,45.0,128,61.4,44.95
2021-12-22,22.62,27.44,18.96,0.0,82.76,16.81,1.83,356,2021,3.4124221412259876,nasa_power,Samba,Samba-2021,0.29,0.0,0.0,0.29,synthetic_degraded,2151.8,1.0246,ripening,6,0.65,63.7,0.0,2.218,1.0,0.0,45.0,129,61.18,46.28
2021-12-23,21.64,26.79,17.3,0.0,84.15,19.29,1.88,357,2021,3.5092143507429494,nasa_power,Samba,Samba-2021,0.0,5.19,0.0,5.19,synthetic_degraded,2163.8,1.0304,ripening,6,0.65,60.48,0.0,2.281,1.0,0.0,45.0,130,68.97,45.04
2021-12-24,22.45,27.79,17.79,0.0,83.82,19.98,1.79,358,2021,3.670991132316099,nasa_power,Samba,Samba-2021,0.0,0.0,0.05,0.05,synthetic_degraded,2176.6,1.0365,ripening,6,0.65,57.2,0.0,2.386,1.0,0.0,45.0,131,52.08,45.6
2021-12-25,22.78,27.56,18.5,0.0,84.17,19.89,1.84,359,2021,3.5164810508699924,nasa_power,Samba,Samba-2021,0.0,0.04,0.55,0.5900000000000001,synthetic_degraded,2189.6,1.0427,ripening,6,0.65,53.81,0.0,2.286,1.0,0.0,45.0,132,50.52,45.23
2021-12-26,23.14,27.93,18.92,0.0,85.36,18.58,1.88,360,2021,3.5426430247981266,nasa_power,Samba,Samba-2021,0.04,0.37,0.07,0.48,synthetic_degraded,2203.1,1.0491,ripening,6,0.65,50.53,0.0,2.303,1.0,0.0,45.0,133,44.26,45.88
2021-12-27,23.55,28.1,19.75,0.04,84.55,18.69,2.11,361,2021,3.4539992072001313,nasa_power,Samba,Samba-2021,0.39,0.08,10.82,11.290000000000001,synthetic_degraded,2217.0,1.0557,ripening,6,0.65,47.22,0.0,2.245,1.0,0.0,45.0,134,43.08,44.33
2021-12-28,23.94,28.44,20.44,0.39,83.81,18.87,2.27,362,2021,3.4250616437433794,nasa_power,Samba,Samba-2021,0.21,7.86,26.93,35.0,synthetic_degraded,2231.4,1.0626,ripening,6,0.65,44.02,0.0,2.226,1.0,0.0,45.0,135,44.71,43.29
2021-12-29,23.79,28.51,20.22,0.09,81.97,18.39,2.13,363,2021,3.4832441153059333,nasa_power,Samba,Samba-2021,20.88,25.83,21.59,68.3,synthetic_degraded,2245.8,1.0694,ripening,6,0.65,41.18,0.0,2.264,1.0,0.0,45.0,136,44.71,46.36
2021-12-30,24.42,28.03,21.6,11.66,90.08,10.19,3.51,364,2021,3.1032405427163323,nasa_power,Samba,Samba-2021,13.28,22.55,5.86,41.69,synthetic_degraded,2260.6,1.0765,ripening,6,0.65,38.01,0.0,2.017,1.0,0.0,45.0,137,37.92,47.26
2021-12-31,25.36,28.04,23.25,17.18,91.3,10.61,3.65,365,2021,2.7332881410701164,nasa_power,Samba,Samba-2021,42.81,9.65,0.05,52.51,synthetic_degraded,2276.2,1.0839,ripening,6,0.65,46.65,0.0,1.777,1.0,0.0,45.0,138,45.03,43.36
2022-01-01,25.26,27.77,23.72,28.3,90.71,10.6,3.63,1,2021,2.521802749993395,nasa_power,Samba,Samba-2021,0.7,0.3,0.6,1.6,openmeteo_archive,2292.0,1.0914,ripening,6,0.65,61.05,0.0,1.639,1.0,0.0,45.0,139,54.84,45.27
2022-01-02,24.91,28.31,22.6,8.82,88.21,16.25,3.69,2,2021,2.9778561312708356,nasa_power,Samba,Samba-2021,0.3,0.6,0.0,0.8999999999999999,openmeteo_archive,2307.4,1.0988,ripening,6,0.65,86.71,0.0,1.936,1.0,0.0,45.0,140,83.07,44.33
2022-01-03,24.24,27.98,21.69,0.06,85.73,17.06,3.22,3,2021,3.084473526210117,nasa_power,Samba,Samba-2021,0.6,0.0,0.5,1.1,openmeteo_archive,2322.3,1.1058,ripening,6,0.65,92.6,0.0,2.005,1.0,0.0,45.0,141,84.87,46.33
2022-01-04,23.54,27.32,20.75,0.04,87.03,16.03,3.16,4,2021,3.0973306618929577,nasa_power,Samba,Samba-2021,0.0,0.5,1.4,1.9,openmeteo_archive,2336.3,1.1125,ripening,6,0.65,89.65,0.0,2.013,1.0,0.0,45.0,142,93.33,45.37
2022-01-05,23.12,27.77,18.89,0.05,87.3,18.66,2.67,5,2021,3.5452015244538297,nasa_power,Samba,Samba-2021,0.5,1.4,1.0,2.9,openmeteo_archive,2349.6,1.1189,ripening,6,0.65,86.68,0.0,2.304,1.0,0.0,45.0,143,90.71,49.99
2022-01-06,24.29,28.44,21.42,0.28,88.89,15.99,2.73,6,2021,3.279609669294075,nasa_power,Samba,Samba-2021,1.4,1.0,0.1,2.5,openmeteo_archive,2364.6,1.126,ripening,6,0.65,83.43,0.0,2.132,1.0,0.0,45.0,144,83.23,44.55
2022-01-07,24.42,28.39,21.41,0.32,88.66,17.07,2.54,7,2021,3.273067618844565,nasa_power,Samba,Samba-2021,1.0,0.1,0.0,1.1,openmeteo_archive,2379.5,1.1331,ripening,6,0.65,80.57,0.0,2.127,1.0,0.0,45.0,145,82.78,47.31
2022-01-08,24.2,28.21,21.23,0.03,86.4,17.51,2.61,8,2021,3.264615736072384,nasa_power,Samba,Samba-2021,0.1,0.0,1.2,1.3,openmeteo_archive,2394.2,1.1401,ripening,6,0.65,77.77,0.0,2.122,1.0,0.0,45.0,146,82.15,47.45
2022-01-09,23.96,28.36,20.98,0.04,86.95,17.84,2.2,9,2021,3.3586563887667453,nasa_power,Samba,Samba-2021,0.0,1.2,0.5,1.7,openmeteo_archive,2408.9,1.1471,ripening,6,0.65,74.68,0.0,2.183,1.0,0.0,45.0,147,75.19,45.8
2022-01-10,24.48,28.81,20.92,0.06,87.17,18.78,1.85,10,2021,3.494950221292068,nasa_power,Samba,Samba-2021,1.2,0.5,0.9,2.6,openmeteo_archive,2423.7,1.1542,ripening,6,0.65,71.53,0.0,2.272,1.0,0.0,45.0,148,78.5,45.06
2022-01-11,24.78,29.11,21.76,0.21,86.47,16.49,2.12,11,2021,3.424650800931273,nasa_power,Samba,Samba-2021,0.5,0.9,1.2,2.5999999999999996,openmeteo_archive,2439.2,1.1615,ripening,6,0.65,68.32,0.0,2.226,1.0,0.0,45.0,149,63.2,45.14
2022-08-15,29.85,35.4,25.33,0.09,65.98,21.52,2.13,227,2022,5.398177929319614,nasa_power,Samba,Samba-2022,1.4,1.7,7.7,10.8,openmeteo_archive,17.7,0.0084,establishment,0,1.05,40.0,0.0,5.668,1.0,0.0,45.0,0,43.66,46.53
2022-08-16,29.2,33.82,25.79,0.41,72.39,22.95,2.41,228,2022,4.764482728392292,nasa_power,Samba,Samba-2022,1.7,7.7,5.4,14.8,openmeteo_archive,35.6,0.0169,establishment,0,1.05,33.42,0.0,5.003,1.0,0.0,45.0,1,28.7,45.34
2022-08-17,28.9,32.4,25.69,5.48,77.65,23.54,1.96,229,2022,4.285695008289703,nasa_power,Samba,Samba-2022,7.7,5.4,0.0,13.1,openmeteo_archive,53.4,0.0254,establishment,0,1.05,27.83,0.0,4.5,1.0,0.0,45.0,2,29.56,45.4
2022-08-18,28.07,31.25,25.9,2.59,75.74,22.59,2.34,230,2022,3.7882202616431555,nasa_power,Samba,Samba-2022,5.4,0.0,0.6,6.0,openmeteo_archive,71.4,0.034,establishment,0,1.05,27.81,0.0,3.978,1.0,0.0,45.0,3,14.68,45.43
2022-08-19,28.75,33.1,25.55,5.96,74.97,13.34,1.95,231,2022,4.57259461919141,nasa_power,Samba,Samba-2022,0.0,0.6,1.4,2.0,openmeteo_archive,89.1,0.0424,establishment,0,1.05,25.42,0.0,4.801,1.0,0.0,45.0,4,15.77,47.56
2022-08-20,29.41,34.38,25.37,0.96,70.18,15.46,2.31,232,2022,5.052888529429868,nasa_power,Samba,Samba-2022,0.6,1.4,6.5,8.5,openmeteo_archive,106.8,0.0509,establishment,0,1.05,25.58,0.0,5.306,1.0,0.0,45.0,5,28.4,45.38
2022-08-21,29.51,34.95,25.44,2.47,67.67,21.95,2.78,233,2022,5.225242523925524,nasa_power,Samba,Samba-2022,1.4,6.5,3.3,11.2,openmeteo_archive,124.5,0.0593,establishment,0,1.05,20.23,0.0,5.487,1.0,0.0,45.0,6,18.14,43.82
2022-08-22,28.78,34.13,24.65,21.04,74.75,21.17,3.19,234,2022,5.128522515716144,nasa_power,Samba,Samba-2022,6.5,3.3,13.0,22.8,openmeteo_archive,141.9,0.0676,establishment,0,1.05,16.22,0.0,5.385,1.0,0.0,45.0,7,11.95,44.08
2022-08-23,28.26,33.61,24.3,9.5,75.25,20.82,3.18,235,2022,5.034343287047088,nasa_power,Samba,Samba-2022,3.3,13.0,17.4,33.7,openmeteo_archive,159.0,0.0757,establishment,0,1.05,30.87,0.0,5.286,1.0,0.0,45.0,8,30.6,46.23
2022-08-24,27.32,31.27,24.14,4.19,77.79,16.64,2.62,236,2022,4.286758749482876,nasa_power,Samba,Samba-2022,13.0,17.4,10.6,41.0,openmeteo_archive,176.1,0.0838,establishment,0,1.05,34.09,0.0,4.501,1.0,0.0,45.0,9,32.11,45.67
2022-08-25,26.92,29.91,24.65,7.35,83.94,18.44,1.7,237,2022,3.6464491905988408,nasa_power,Samba,Samba-2022,17.4,10.6,1.1,29.1,openmeteo_archive,193.4,0.0921,establishment,0,1.05,32.78,0.0,3.829,1.0,0.0,45.0,10,27.84,42.7
2022-08-26,27.42,31.93,24.03,3.82,77.39,19.92,1.92,238,2022,4.5366316404197615,nasa_power,Samba,Samba-2022,10.6,1.1,6.8,18.5,openmeteo_archive,210.4,0.1002,establishment,0,1.05,35.3,0.0,4.763,1.0,0.0,45.0,11,27.1,45.77
2022-08-27,27.51,32.26,24.17,5.68,78.82,18.03,2.39,239,2022,4.6126534307154285,nasa_power,Samba,Samba-2022,1.1,6.8,1.7,9.6,openmeteo_archive,227.5,0.1083,establishment,0,1.05,33.35,0.0,4.843,1.0,0.0,45.0,12,23.51,43.38
2022-08-28,27.46,31.14,23.77,11.17,79.82,22.95,2.08,240,2022,4.32804899861469,nasa_power,Samba,Samba-2022,6.8,1.7,11.0,19.5,openmeteo_archive,244.3,0.1164,establishment,0,1.05,33.19,0.0,4.544,1.0,0.0,45.0,13,36.88,45.66
2022-08-29,28.12,32.27,24.75,2.75,78.45,19.37,1.55,241,2022,4.471689674427069,nasa_power,Samba,Samba-2022,1.7,11.0,16.0,28.7,openmeteo_archive,261.7,0.1246,establishment,0,1.05,38.82,0.0,4.695,1.0,0.0,45.0,14,36.71,43.79
2022-08-30,28.17,31.89,25.44,4.55,80.53,20.25,1.43,242,2022,4.153085497550619,nasa_power,Samba,Samba-2022,11.0,16.0,1.6,28.6,openmeteo_archive,279.4,0.1331,establishment,0,1.05,35.87,0.0,4.361,1.0,0.0,45.0,15,40.72,44.58
2022-08-31,27.36,30.41,25.27,7.61,82.0,8.77,1.06,243,2022,3.639569817897495,nasa_power,Samba,Samba-2022,16.0,1.6,2.0,19.6,openmeteo_archive,297.1,0.1415,establishment,0,1.05,35.06,0.0,3.822,1.0,0.0,45.0,16,32.9,44.18
2022-09-01,26.48,29.22,24.39,9.76,83.99,4.98,0.83,244,2022,3.446022373120361,nasa_power,Samba,Samba-2022,1.6,2.0,7.0,10.6,openmeteo_archive,313.9,0.1495,establishment,0,1.05,37.85,0.0,3.618,1.0,0.0,45.0,17,39.62,47.28
2022-09-02,27.71,31.95,24.13,2.38,79.89,21.69,2.17,245,2022,4.503260975450297,nasa_power,Samba,Samba-2022,2.0,7.0,8.7,17.7,openmeteo_archive,330.9,0.1576,tillering,1,1.1,42.99,0.0,4.954,1.0,0.0,45.0,18,42.36,45.6
2022-09-03,28.4,32.67,24.38,1.12,79.29,22.78,2.01,246,2022,4.68241278750199,nasa_power,Samba,Samba-2022,7.0,8.7,1.4,17.1,openmeteo_archive,348.1,0.1658,tillering,1,1.1,39.42,0.0,5.151,1.0,0.0,45.0,19,39.64,46.89
2022-09-04,28.34,32.19,25.22,10.96,82.38,21.4,1.75,247,2022,4.306955281004486,nasa_power,Samba,Samba-2022,8.7,1.4,2.4,12.5,openmeteo_archive,365.7,0.1742,tillering,1,1.1,34.39,0.0,4.738,1.0,0.0,45.0,20,34.86,49.34
2022-09-05,28.16,31.83,25.24,6.24,83.21,23.39,1.79,248,2022,4.16929579861803,nasa_power,Samba,Samba-2022,1.4,2.4,0.4,4.2,openmeteo_archive,383.4,0.1826,tillering,1,1.1,39.61,0.0,4.586,1.0,0.0,45.0,21,37.38,45.07
2022-09-06,27.88,32.08,25.05,6.43,78.57,21.6,1.91,249,2022,4.305407030821601,nasa_power,Samba,Samba-2022,2.4,0.4,1.0,3.8,openmeteo_archive,400.9,0.1909,tillering,1,1.1,40.26,0.0,4.736,1.0,0.0,45.0,22,34.11,47.25
2022-09-07,26.72,29.81,24.13,7.23,83.95,14.41,2.2,250,2022,3.733547944417038,nasa_power,Samba,Samba-2022,0.4,1.0,0.0,1.4,openmeteo_archive,417.9,0.199,tillering,1,1.1,40.96,0.0,4.107,1.0,0.0,45.0,23,44.79,43.95
2022-09-08,27.21,31.29,23.75,1.57,81.41,16.07,2.62,251,2022,4.350395594284437,nasa_power,Samba,Samba-2022,1.0,0.0,0.4,1.4,openmeteo_archive,434.7,0.207,tillering,1,1.1,43.08,0.0,4.785,1.0,0.0,45.0,24,51.05,46.88
2022-09-09,27.85,32.53,23.85,0.3,78.59,19.3,3.11,252,2022,4.732030092601461,nasa_power,Samba,Samba-2022,0.0,0.4,0.0,0.4,openmeteo_archive,451.7,0.2151,tillering,1,1.1,38.86,0.0,5.205,1.0,0.0,45.0,25,47.16,43.79
2022-09-10,28.01,32.73,23.81,0.37,76.37,16.38,3.62,253,2022,4.800363199189476,nasa_power,Samba,Samba-2022,0.4,0.0,0.0,0.4,openmeteo_archive,468.6,0.2231,tillering,1,1.1,32.96,0.0,5.28,1.0,0.0,45.0,26,30.19,44.97
2022-09-11,28.23,33.07,24.36,0.26,75.95,18.63,3.65,254,2022,4.784128518423972,nasa_power,Samba,Samba-2022,0.0,0.0,0.7,0.7,openmeteo_archive,485.7,0.2313,tillering,1,1.1,27.05,0.0,5.263,1.0,0.0,45.0,27,23.38,45.81
2022-09-12,28.49,34.38,23.51,0.1,73.78,23.22,3.36,255,2022,5.364828886053306,nasa_power,Samba,Samba-2022,0.0,0.7,0.0,0.7,openmeteo_archive,502.5,0.2393,tillering,1,1.1,21.05,0.0,5.901,1.0,0.0,45.0,28,18.28,46.04
2022-09-13,28.6,34.51,23.4,0.13,74.09,24.39,2.82,256,2022,5.418437435958244,nasa_power,Samba,Samba-2022,0.7,0.0,0.0,0.7,openmeteo_archive,519.2,0.2472,tillering,1,1.1,14.24,0.0,5.96,1.0,0.0,45.0,29,13.36,43.09
2022-09-14,29.03,34.07,24.75,0.15,73.91,23.28,2.31,257,2022,5.004857539177697,nasa_power,Samba,Samba-2022,0.0,0.0,0.2,0.2,openmeteo_archive,536.6,0.2555,tillering,1,1.1,7.41,0.0,5.505,1.0,0.0,45.0,30,7.15,43.7
2022-09-15,29.01,33.67,24.94,0.1,72.8,21.76,1.85,258,2022,4.826834300429598,nasa_power,Samba,Samba-2022,0.0,0.2,3.6,3.8,openmeteo_archive,554.0,0.2638,tillering,1,1.1,1.06,0.0,5.31,1.0,0.0,45.0,31,-3.93,45.92
2022-09-16,28.84,33.27,24.94,0.04,73.87,23.9,1.89,259,2022,4.688631224632573,nasa_power,Samba,Samba-2022,0.2,3.6,0.0,3.8,openmeteo_archive,571.5,0.2722,tillering,1,1.1,-5.15,0.0,5.052,0.5,0.0,44.64,32,-12.55,44.09
2022-09-17,29.26,34.09,25.23,0.13,73.71,22.66,2.39,260,2022,4.885880890464616,nasa_power,Samba,Samba-2022,3.6,0.0,0.3,3.9,openmeteo_archive,589.1,0.2805,tillering,1,1.1,-10.66,0.0,5.148,0.5,0.0,44.25,33,-10.41,42.15
2022-09-18,29.27,33.76,25.32,0.35,72.18,15.81,1.9,261,2022,4.749734053442729,nasa_power,Samba,Samba-2022,0.0,0.3,0.1,0.4,openmeteo_archive,606.8,0.2889,tillering,1,1.1,-16.18,0.0,4.894,0.5,0.0,43.87,34,-33.83,43.76
2022-09-19,28.5,32.53,25.25,0.34,73.24,18.82,2.4,262,2022,4.344188354509124,nasa_power,Samba,Samba-2022,0.3,0.1,0.0,0.4,openmeteo_archive,624.4,0.2973,tillering,1,1.1,-21.22,0.0,4.379,0.5,0.0,43.51,35,-21.72,43.33
2022-09-20,28.63,33.02,24.96,0.09,66.77,18.94,2.32,263,2022,4.573689870548641,nasa_power,Samba,Samba-2022,0.1,0.0,0.1,0.2,openmeteo_archive,641.9,0.3057,tillering,1,1.1,-25.76,0.0,4.514,0.5,0.0,43.2,36,-30.48,43.47
2022-09-21,29.59,36.17,23.68,0.02,66.03,24.86,2.4,264,2022,5.798000547625267,nasa_power,Samba,Samba-2022,0.0,0.1,1.8,1.9,openmeteo_archive,658.7,0.3137,tillering,1,1.1,-30.69,0.0,5.595,0.5,0.0,42.85,37,-26.79,43.64
2022-09-22,30.0,36.34,24.28,0.05,65.73,21.9,2.39,265,2022,5.733806788248161,nasa_power,Samba,Samba-2022,0.1,1.8,3.0,4.9,openmeteo_archive,675.9,0.3218,tillering,1,1.1,-36.76,0.0,5.381,0.5,0.0,42.43,38,-31.52,43.13
2022-09-23,28.89,33.24,24.62,0.1,66.78,22.7,2.01,266,2022,4.700505250817615,nasa_power,Samba,Samba-2022,1.8,3.0,2.5,7.3,openmeteo_archive,693.2,0.3301,tillering,1,1.1,-42.59,0.0,4.292,0.5,0.0,42.02,39,-37.23,40.87
2022-09-24,29.04,33.63,24.51,0.17,66.24,23.07,1.81,267,2022,4.840908617323179,nasa_power,Samba,Samba-2022,3.0,2.5,5.9,11.4,openmeteo_archive,710.4,0.3383,tillering,1,1.1,-47.29,0.0,4.321,0.5,0.0,41.69,40,-49.02,41.07
2022-09-25,28.97,34.01,24.83,6.64,72.55,23.2,1.74,268,2022,4.884270462681516,nasa_power,Samba,Samba-2022,2.5,5.9,1.7,10.1,openmeteo_archive,727.9,0.3466,tillering,1,1.1,-51.94,0.0,4.399,0.5,0.0,41.36,41,-57.62,42.75
2022-09-26,28.44,32.4,24.96,28.64,78.85,13.28,1.6,269,2022,4.3201769533151975,nasa_power,Samba,Samba-2022,5.9,1.7,0.3,7.9,openmeteo_archive,745.3,0.3549,stem_elongation,2,1.15,-50.2,0.0,4.54,0.5,0.0,41.49,42,-54.27,40.68
2022-09-27,28.44,32.93,25.18,2.58,76.83,18.13,2.43,270,2022,4.436405589984387,nasa_power,Samba,Samba-2022,1.7,0.3,0.0,2.0,openmeteo_archive,762.9,0.3633,stem_elongation,2,1.15,-26.6,0.0,4.612,0.5,0.0,43.14,43,-25.16,42.55
2022-09-28,28.5,32.76,24.41,13.46,77.03,13.81,1.61,271,2022,4.549880046034479,nasa_power,Samba,Samba-2022,0.3,0.0,6.7,7.0,openmeteo_archive,780.1,0.3715,stem_elongation,2,1.15,-29.13,0.0,4.904,0.5,0.0,42.96,44,-37.36,40.7
2022-09-29,27.45,31.0,24.48,1.88,80.09,13.97,1.88,272,2022,3.9394006597924256,nasa_power,Samba,Samba-2022,0.0,6.7,0.8,7.5,openmeteo_archive,797.4,0.3797,stem_elongation,2,1.15,-21.07,0.0,4.183,0.5,0.0,43.52,45,-14.1,43.48
2022-09-30,27.53,31.59,24.42,2.82,77.81,11.36,2.3,273,2022,4.146672820523646,nasa_power,Samba,Samba-2022,6.7,0.8,0.2,7.7,openmeteo_archive,814.6,0.3879,stem_elongation,2,1.15,-23.88,0.0,4.367,0.5,0.0,43.33,46,-25.53,43.85
2022-10-01,26.75,31.12,23.77,0.16,74.87,12.7,3.12,274,2022,4.13843057889457,nasa_power,Samba,Samba-2022,0.8,0.2,0.0,1.0,openmeteo_archive,831.5,0.3959,stem_elongation,2,1.15,-25.92,0.0,4.269,0.5,0.0,43.19,47,-23.42,40.23
2022-10-02,28.2,34.35,22.84,0.61,71.18,15.37,2.72,275,2022,5.299133425658379,nasa_power,Samba,Samba-2022,0.2,0.0,1.1,1.3,openmeteo_archive,847.9,0.4038,stem_elongation,2,1.15,-30.53,0.0,5.365,0.5,0.0,42.86,48,-39.44,41.25
2022-10-03,28.11,32.79,24.05,0.21,75.06,14.89,2.75,276,2022,4.59025861026959,nasa_power,Samba,Samba-2022,0.0,1.1,16.8,17.9,openmeteo_archive,864.9,0.4119,stem_elongation,2,1.15,-35.79,0.0,4.528,0.5,0.0,42.49,49,-40.42,40.36
2022-10-04,28.4,33.02,24.82,0.63,75.33,11.7,2.13,277,2022,4.484334835743991,nasa_power,Samba,Samba-2022,1.1,16.8,0.1,18.0,openmeteo_archive,882.3,0.4202,stem_elongation,2,1.15,-40.6,0.0,4.332,0.5,0.0,42.16,50,-50.13,43.34
2022-10-05,27.83,31.38,25.21,5.56,79.08,7.25,1.68,278,2022,3.829157069004119,nasa_power,Samba,Samba-2022,16.8,0.1,12.3,29.2,openmeteo_archive,899.9,0.4285,stem_elongation,2,1.15,-44.81,0.0,3.712,0.5,0.0,41.86,51,-39.7,38.99
2022-10-06,27.46,32.63,23.37,2.1,72.78,12.96,2.38,279,2022,4.650273021140695,nasa_power,Samba,Samba-2022,0.1,12.3,32.5,44.9,openmeteo_archive,916.6,0.4365,stem_elongation,2,1.15,-43.46,0.0,4.463,0.5,0.0,41.96,52,-44.26,41.84
2022-10-07,28.17,33.86,22.92,1.65,71.69,11.76,1.51,280,2022,5.085661891703177,nasa_power,Samba,Samba-2022,12.3,32.5,6.9,51.7,openmeteo_archive,933.1,0.4443,stem_elongation,2,1.15,-46.32,0.0,4.803,0.5,0.0,41.76,53,-43.46,42.84
2022-10-08,28.22,33.04,24.86,4.4,76.57,14.21,1.07,281,2022,4.4403346246731505,nasa_power,Samba,Samba-2022,32.5,6.9,2.3,41.7,openmeteo_archive,950.5,0.4526,stem_elongation,2,1.15,-49.97,0.0,4.175,0.5,0.0,41.5,54,-49.65,41.78
2022-10-09,27.15,30.63,25.16,10.81,84.26,12.42,1.21,282,2022,3.5405446697030554,nasa_power,Samba,Samba-2022,6.9,2.3,4.5,13.7,openmeteo_archive,968.1,0.461,stem_elongation,2,1.15,-50.25,0.0,3.429,0.5,0.0,41.48,55,-47.91,40.82
2022-10-10,27.26,30.84,24.73,16.07,83.95,13.96,1.49,283,2022,3.7237874720370523,nasa_power,Samba,Samba-2022,2.3,4.5,3.1,9.9,openmeteo_archive,985.4,0.4693,stem_elongation,2,1.15,-43.37,0.0,3.815,0.5,0.0,41.96,56,-45.06,42.48
2022-10-11,27.62,31.09,24.96,4.41,82.86,17.86,1.97,284,2022,3.740197152582738,nasa_power,Samba,Samba-2022,4.5,3.1,8.8,16.4,openmeteo_archive,1002.9,0.4776,stem_elongation,2,1.15,-31.61,0.0,3.833,0.5,0.0,42.79,57,-32.63,44.35
2022-10-12,27.82,31.36,24.79,3.7,82.07,18.77,1.38,285,2022,3.866566554745576,nasa_power,Samba,Samba-2022,3.1,8.8,10.3,22.2,openmeteo_archive,1020.3,0.4859,stem_elongation,2,1.15,-31.54,0.0,3.951,0.5,0.0,42.79,58,-32.0,42.63
2022-10-13,27.95,32.1,25.02,4.49,81.76,20.27,1.17,286,2022,4.045925123915065,nasa_power,Samba,Samba-2022,8.8,10.3,9.6,28.7,openmeteo_archive,1037.8,0.4942,stem_elongation,2,1.15,-32.29,0.0,4.135,0.5,0.0,42.74,59,-30.26,39.38
2022-10-14,28.12,32.53,24.91,3.6,80.99,17.0,1.19,287,2022,4.201001170259815,nasa_power,Samba,Samba-2022,10.3,9.6,6.4,26.3,openmeteo_archive,1055.3,0.5025,panicle_initiation,3,1.2,-32.43,0.0,4.46,0.5,0.0,42.73,60,-30.27,44.45
2022-10-15,27.54,30.98,25.32,8.01,83.04,20.51,1.16,288,2022,3.56693022994724,nasa_power,Samba,Samba-2022,9.6,6.4,2.7,18.7,openmeteo_archive,1072.9,0.5109,panicle_initiation,3,1.2,-33.79,0.0,3.839,0.5,0.0,42.63,61,-19.73,43.23
2022-10-16,27.26,30.09,24.6,4.96,83.62,18.06,1.5,289,2022,3.442311220595777,nasa_power,Samba,Samba-2022,6.4,2.7,6.7,15.8,openmeteo_archive,1090.2,0.5192,panicle_initiation,3,1.2,-30.12,72.53,4.131,1.0,0.0,42.89,62,-21.71,42.84
2022-10-17,27.52,30.6,24.93,2.8,83.28,15.78,1.79,290,2022,3.521433542773919,nasa_power,Samba,Samba-2022,2.7,6.7,6.8,16.2,openmeteo_archive,1107.7,0.5275,panicle_initiation,3,1.2,42.23,0.0,4.226,1.0,0.0,45.0,63,33.34,42.03
2022-10-18,27.93,31.76,24.53,9.05,80.53,20.51,1.3,291,2022,3.9988572528292456,nasa_power,Samba,Samba-2022,6.7,6.8,4.7,18.2,openmeteo_archive,1125.0,0.5357,panicle_initiation,3,1.2,39.81,0.0,4.799,1.0,0.0,45.0,64,39.09,44.55
2022-10-19,27.16,30.3,24.35,7.33,82.66,20.81,1.33,292,2022,3.5532558448011557,nasa_power,Samba,Samba-2022,6.8,4.7,5.0,16.5,openmeteo_archive,1142.2,0.5439,panicle_initiation,3,1.2,43.06,0.0,4.264,1.0,0.0,45.0,65,41.03,43.69
2022-10-20,27.21,30.23,24.93,16.51,83.24,17.12,1.1,293,2022,3.3633081422190894,nasa_power,Samba,Samba-2022,4.7,5.0,0.1,9.8,openmeteo_archive,1159.6,0.5522,panicle_initiation,3,1.2,45.12,0.0,4.036,1.0,0.0,45.0,66,51.52,43.18
2022-10-21,26.73,28.71,24.58,13.5,83.82,12.4,0.84,294,2022,2.899796978086343,nasa_power,Samba,Samba-2022,5.0,0.1,0.0,5.1,openmeteo_archive,1176.3,0.5601,panicle_initiation,3,1.2,56.6,0.0,3.48,1.0,0.0,45.0,67,55.02,44.8
2022-10-22,26.7,30.02,24.1,4.43,87.21,16.18,1.87,295,2022,3.494523802495541,nasa_power,Samba,Samba-2022,0.1,0.0,0.1,0.2,openmeteo_archive,1193.3,0.5682,panicle_initiation,3,1.2,65.62,0.0,4.193,1.0,0.0,45.0,68,67.94,44.2
2022-10-23,26.7,29.45,24.37,4.23,85.88,14.97,1.55,296,2022,3.217334937052318,nasa_power,Samba,Samba-2022,0.0,0.1,0.2,0.3,openmeteo_archive,1210.2,0.5763,panicle_initiation,3,1.2,64.86,0.0,3.861,1.0,0.0,45.0,69,53.17,44.29
2022-10-24,26.1,29.33,24.09,1.9,84.09,20.27,1.38,297,2022,3.2439142387864397,nasa_power,Samba,Samba-2022,0.1,0.2,0.0,0.3,openmeteo_archive,1226.9,0.5843,panicle_initiation,3,1.2,64.22,0.0,3.893,1.0,0.0,45.0,70,56.65,46.11
2022-10-25,26.33,31.73,21.8,0.34,74.89,22.29,1.31,298,2022,4.4585786150962905,nasa_power,Samba,Samba-2022,0.2,0.0,1.6,1.8,openmeteo_archive,1242.8,0.5918,panicle_initiation,3,1.2,61.23,0.0,5.35,1.0,0.0,45.0,71,71.69,45.38
2022-10-26,26.33,31.3,22.62,0.01,73.1,21.78,1.42,299,2022,4.1749943295066325,nasa_power,Samba,Samba-2022,0.0,1.6,9.1,10.7,openmeteo_archive,1259.1,0.5996,panicle_initiation,3,1.2,55.22,0.0,5.01,1.0,0.0,45.0,72,55.47,44.26
2022-10-27,26.22,31.3,21.57,0.02,76.86,18.22,2.56,300,2022,4.356158373285232,nasa_power,Samba,Samba-2022,1.6,9.1,0.5,11.2,openmeteo_archive,1274.9,0.6071,panicle_initiation,3,1.2,49.22,0.0,5.227,1.0,0.0,45.0,73,44.23,44.07
2022-10-28,26.61,31.43,22.87,2.44,82.43,18.96,2.26,301,2022,4.140198660537831,nasa_power,Samba,Samba-2022,9.1,0.5,6.9,16.5,openmeteo_archive,1291.4,0.6149,panicle_initiation,3,1.2,43.01,0.0,4.968,1.0,0.0,45.0,74,44.22,44.32
2022-10-29,26.66,30.43,24.08,10.83,85.3,9.89,2.92,302,2022,3.5641578575066672,nasa_power,Samba,Samba-2022,0.5,6.9,32.4,39.8,openmeteo_archive,1308.4,0.623,flowering,4,1.2,39.49,0.0,4.277,1.0,0.0,45.0,75,34.22,44.63
2022-10-30,26.76,30.32,24.35,2.64,85.34,16.72,2.98,303,2022,3.4522337677778903,nasa_power,Samba,Samba-2022,6.9,32.4,25.1,64.4,openmeteo_archive,1325.6,0.6312,flowering,4,1.2,45.04,0.0,4.143,1.0,0.0,45.0,76,43.62,45.88
2022-10-31,25.75,27.58,24.29,8.78,91.46,8.44,2.58,304,2022,2.476282469274171,nasa_power,Samba,Samba-2022,32.4,25.1,34.4,91.9,openmeteo_archive,1341.5,0.6388,flowering,4,1.2,42.54,0.0,2.972,1.0,0.0,45.0,77,35.28,43.44
2022-11-01,24.96,26.53,23.44,17.32,90.51,5.24,2.37,305,2022,2.3410969123007175,nasa_power,Samba,Samba-2022,25.1,34.4,22.5,82.0,openmeteo_archive,1356.5,0.6459,flowering,4,1.2,47.34,0.0,2.809,1.0,0.0,45.0,78,43.4,47.19
2022-11-02,25.58,29.45,22.73,19.62,86.2,11.21,2.1,306,2022,3.531647382154985,nasa_power,Samba,Samba-2022,34.4,22.5,2.1,59.0,openmeteo_archive,1372.6,0.6536,flowering,4,1.2,60.86,0.0,4.238,1.0,0.0,45.0,79,58.78,45.88
2022-11-03,25.79,29.55,23.18,10.81,85.51,6.88,2.29,307,2022,3.4503056027490997,nasa_power,Samba,Samba-2022,22.5,2.1,10.5,35.1,openmeteo_archive,1388.9,0.6614,flowering,4,1.2,75.24,0.0,4.14,1.0,0.0,45.0,80,80.84,40.89
2022-11-04,25.59,29.05,23.2,16.16,84.89,14.57,2.35,308,2022,3.2793428085110334,nasa_power,Samba,Samba-2022,2.1,10.5,1.3,13.9,openmeteo_archive,1405.1,0.6691,flowering,4,1.2,80.91,0.0,3.935,1.0,0.0,45.0,81,83.23,45.13
2022-11-05,25.77,29.06,23.42,9.44,88.46,17.42,2.26,309,2022,3.2194190530118694,nasa_power,Samba,Samba-2022,10.5,1.3,4.1,15.9,openmeteo_archive,1421.3,0.6768,flowering,4,1.2,92.13,0.0,3.863,1.0,1.57,45.0,82,95.32,46.56
2022-11-06,25.42,27.69,24.0,5.61,91.3,11.33,2.51,310,2022,2.5735873901332402,nasa_power,Samba,Samba-2022,1.3,4.1,3.4,8.8,openmeteo_archive,1437.2,0.6844,flowering,4,1.2,95.14,0.0,3.088,1.0,0.75,45.0,83,95.01,45.58
2022-11-07,25.66,28.84,23.54,2.26,88.7,17.79,2.42,311,2022,3.100215055138778,nasa_power,Samba,Samba-2022,4.1,3.4,2.6,10.1,openmeteo_archive,1453.4,0.6921,flowering,4,1.2,95.91,0.0,3.72,1.0,0.0,45.0,84,100.02,44.38
2022-11-08,25.82,28.79,23.84,10.1,89.26,11.6,2.92,312,2022,2.99644717172826,nasa_power,Samba,Samba-2022,3.4,2.6,71.8,77.8,openmeteo_archive,1469.7,0.6998,flowering,4,1.2,93.45,0.0,3.596,1.0,3.55,45.0,85,89.08,44.91
2022-11-09,26.18,29.78,24.02,1.6,86.97,15.49,2.85,313,2022,3.266363404453139,nasa_power,Samba,Samba-2022,2.6,71.8,6.5,80.9,openmeteo_archive,1486.6,0.7079,flowering,4,1.2,95.4,0.0,3.92,1.0,0.0,45.0,86,91.74,45.27
2022-11-10,25.89,29.77,23.44,4.74,86.83,16.01,3.25,314,2022,3.392490816310858,nasa_power,Samba,Samba-2022,71.8,6.5,9.4,87.7,openmeteo_archive,1503.2,0.7158,flowering,4,1.2,92.08,0.0,4.071,1.0,0.0,45.0,87,94.12,46.15
2022-11-11,24.67,26.12,23.58,72.83,93.58,1.58,4.2,315,2022,2.0586016983718305,nasa_power,Samba,Samba-2022,6.5,9.4,1.0,16.9,openmeteo_archive,1518.0,0.7229,flowering,4,1.2,91.75,0.0,2.47,1.0,64.58,45.0,88,90.35,42.88
2022-11-12,25.76,27.07,24.61,14.23,92.17,14.92,3.86,316,2022,2.0675381048562156,nasa_power,Samba,Samba-2022,9.4,1.0,4.4,14.8,openmeteo_archive,1533.9,0.7304,flowering,4,1.2,96.53,0.0,2.481,1.0,10.76,45.0,89,96.46,44.09
2022-11-13,25.52,28.57,23.01,5.31,88.73,10.03,2.61,317,2022,3.0967392731633483,nasa_power,Samba,Samba-2022,1.0,4.4,0.2,5.6,openmeteo_archive,1549.6,0.7379,flowering,4,1.2,96.52,0.0,3.716,1.0,1.83,45.0,90,95.7,47.46
2022-11-14,25.55,29.03,22.81,6.18,89.81,17.37,2.04,318,2022,3.2768025282855424,nasa_power,Samba,Samba-2022,4.4,0.2,0.0,4.6,openmeteo_archive,1565.6,0.7455,flowering,4,1.2,95.28,0.0,3.932,1.0,1.46,45.0,91,101.55,45.05
2022-11-15,25.68,28.79,23.67,1.39,88.56,15.26,2.2,319,2022,2.9865484968194562,nasa_power,Samba,Samba-2022,0.2,0.0,0.0,0.2,openmeteo_archive,1581.8,0.7532,grain_filling,5,0.95,95.07,0.0,2.837,1.0,0.0,45.0,92,101.6,47.29
2022-11-16,25.2,28.88,22.8,0.41,86.28,16.2,2.64,320,2022,3.217739505722057,nasa_power,Samba,Samba-2022,0.0,0.0,0.0,0.0,openmeteo_archive,1597.6,0.7608,grain_filling,5,0.95,92.62,0.0,3.057,1.0,0.0,45.0,93,89.49,49.48
2022-11-17,24.0,28.53,20.59,0.0,82.52,18.74,2.94,321,2022,3.560635254759407,nasa_power,Samba,Samba-2022,0.0,0.0,0.0,0.0,openmeteo_archive,1612.2,0.7677,grain_filling,5,0.95,88.97,0.0,3.383,1.0,0.0,45.0,94,80.17,44.26
2022-11-18,23.61,28.55,19.31,0.01,83.01,17.06,3.37,322,2022,3.774957727981405,nasa_power,Samba,Samba-2022,0.0,0.0,0.0,0.0,openmeteo_archive,1626.1,0.7743,grain_filling,5,0.95,84.59,0.0,3.586,1.0,0.0,45.0,95,81.03,43.2
2022-11-19,23.41,26.48,20.38,0.11,85.59,14.66,3.08,323,2022,3.0233812902733197,nasa_power,Samba,Samba-2022,0.0,0.0,0.0,0.0,openmeteo_archive,1639.6,0.7807,grain_filling,5,0.95,80.01,0.0,2.872,1.0,0.0,45.0,96,75.53,44.6
2022-11-20,22.39,26.16,19.72,0.01,81.95,15.83,2.68,324,2022,3.062577422933707,nasa_power,Samba,Samba-2022,0.0,0.0,0.1,0.1,openmeteo_archive,1652.5,0.7869,grain_filling,5,0.95,76.25,0.0,2.909,1.0,0.0,45.0,97,80.41,46.65
2022-11-21,22.8,27.27,18.56,0.22,83.03,14.96,2.32,325,2022,3.551547017436683,nasa_power,Samba,Samba-2022,0.0,0.1,2.6,2.7,openmeteo_archive,1665.4,0.7931,grain_filling,5,0.95,72.35,0.0,3.374,1.0,0.0,45.0,98,76.95,46.86
2022-11-22,25.15,29.87,20.75,0.29,85.17,10.69,1.73,326,2022,3.839581395724353,nasa_power,Samba,Samba-2022,0.1,2.6,1.0,3.7,openmeteo_archive,1680.7,0.8003,grain_filling,5,0.95,68.2,0.0,3.648,1.0,0.0,45.0,99,63.04,48.41
2022-11-23,26.29,30.6,22.5,2.0,84.2,16.25,1.54,327,2022,3.7146966803461177,nasa_power,Samba,Samba-2022,2.6,1.0,6.3,9.9,openmeteo_archive,1697.0,0.8081,grain_filling,5,0.95,63.84,0.0,3.529,1.0,0.0,45.0,100,60.07,44.94
2022-11-24,26.3,30.33,23.44,0.85,85.45,15.46,1.4,328,2022,3.444789761060571,nasa_power,Samba,Samba-2022,1.0,6.3,2.8,10.1,openmeteo_archive,1713.7,0.816,grain_filling,5,0.95,61.31,0.0,3.273,1.0,0.0,45.0,101,53.91,45.73
2022-11-25,25.74,29.54,22.93,0.33,86.75,16.02,1.64,329,2022,3.3183367427487678,nasa_power,Samba,Samba-2022,6.3,2.8,1.4,10.5,openmeteo_archive,1729.9,0.8238,grain_filling,5,0.95,57.89,0.0,3.152,1.0,0.0,45.0,102,58.56,43.93
2022-11-26,25.7,29.18,22.88,1.06,87.33,14.34,1.53,330,2022,3.21825902939313,nasa_power,Samba,Samba-2022,2.8,1.4,0.0,4.2,openmeteo_archive,1746.0,0.8314,grain_filling,5,0.95,54.07,0.0,3.057,1.0,0.0,45.0,103,53.85,41.24
2022-11-27,26.06,29.87,23.63,0.93,86.08,14.92,1.44,331,2022,3.2494121717674913,nasa_power,Samba,Samba-2022,1.4,0.0,0.2,1.6,openmeteo_archive,1762.7,0.8394,grain_filling,5,0.95,51.07,0.0,3.087,1.0,0.0,45.0,104,55.02,44.94
2022-11-28,26.1,30.17,23.36,2.77,86.13,10.29,1.59,332,2022,3.3895862564451793,nasa_power,Samba,Samba-2022,0.0,0.2,2.4,2.6,openmeteo_archive,1779.4,0.8473,grain_filling,5,0.95,47.91,0.0,3.22,1.0,0.0,45.0,105,50.4,43.27
2022-11-29,25.08,28.92,22.2,0.21,84.29,14.97,2.41,333,2022,3.2703727801137883,nasa_power,Samba,Samba-2022,0.2,2.4,0.9,3.5,openmeteo_archive,1795.0,0.8547,grain_filling,5,0.95,46.46,0.0,3.107,1.0,0.0,45.0,106,49.51,45.97
2022-11-30,24.32,28.63,19.91,0.57,86.13,17.57,2.22,334,2022,3.608516826027126,nasa_power,Samba,Samba-2022,2.4,0.9,1.4,4.7,openmeteo_archive,1809.2,0.8615,grain_filling,5,0.95,42.57,0.0,3.428,1.0,0.0,45.0,107,34.86,42.18
2022-12-01,25.59,29.28,23.26,2.88,89.04,13.64,2.32,335,2022,3.135777122723955,nasa_power,Samba,Samba-2022,0.9,1.4,11.8,14.1,openmeteo_archive,1825.5,0.8693,grain_filling,5,0.95,38.71,0.0,2.979,1.0,0.0,45.0,108,35.58,43.89
2022-12-02,25.95,29.63,23.48,1.56,86.85,17.6,2.15,336,2022,3.1850919262690214,nasa_power,Samba,Samba-2022,1.4,11.8,0.3,13.5,openmeteo_archive,1842.0,0.8772,grain_filling,5,0.95,37.61,0.0,3.026,1.0,0.0,45.0,109,42.35,45.4
2022-12-03,25.22,27.76,23.33,6.27,92.54,15.0,2.23,337,2022,2.637869971896611,nasa_power,Samba,Samba-2022,11.8,0.3,0.5,12.6,openmeteo_archive,1857.6,0.8846,grain_filling,5,0.95,35.14,0.0,2.506,1.0,0.0,45.0,110,32.45,45.56
2022-12-04,25.44,28.19,23.31,32.52,92.37,9.61,2.35,338,2022,2.7778878033565744,nasa_power,Samba,Samba-2022,0.3,0.5,0.0,0.8,openmeteo_archive,1873.3,0.8921,grain_filling,5,0.95,37.91,0.0,2.639,1.0,0.0,45.0,111,29.77,44.93
2022-12-05,25.75,29.4,23.61,2.87,86.23,13.77,2.93,339,2022,3.0743043442379157,nasa_power,Samba,Samba-2022,0.5,0.0,31.9,32.4,openmeteo_archive,1889.8,0.8999,grain_filling,5,0.95,66.79,0.0,2.921,1.0,0.0,45.0,112,70.83,47.8
2022-12-06,25.13,28.97,22.67,0.16,85.22,11.72,2.87,340,2022,3.153433584726482,nasa_power,Samba,Samba-2022,0.0,31.9,23.6,55.5,openmeteo_archive,1905.7,0.9075,ripening,6,0.65,65.74,0.0,2.05,1.0,0.0,45.0,113,62.85,47.35
2022-12-07,23.17,26.72,20.95,0.2,87.61,11.21,3.03,341,2022,2.8772821065114838,nasa_power,Samba,Samba-2022,31.9,23.6,0.1,55.6,openmeteo_archive,1919.5,0.914,ripening,6,0.65,62.85,0.0,1.87,1.0,0.0,45.0,114,68.16,43.97
2022-12-08,21.05,23.72,19.52,8.04,83.04,5.81,3.94,342,2022,2.3217812775196394,nasa_power,Samba,Samba-2022,23.6,0.1,4.5,28.2,openmeteo_archive,1931.1,0.9196,ripening,6,0.65,60.18,0.0,1.509,1.0,0.0,45.0,115,60.09,47.41
2022-12-09,21.82,24.64,19.85,17.31,85.42,5.31,5.76,343,2022,2.516381803298869,nasa_power,Samba,Samba-2022,0.1,4.5,15.9,20.5,openmeteo_archive,1943.4,0.9254,ripening,6,0.65,65.71,0.0,1.636,1.0,0.0,45.0,116,64.32,47.64
2022-12-10,24.18,28.54,20.78,1.94,86.91,7.57,3.41,344,2022,3.3930372337252113,nasa_power,Samba,Samba-2022,4.5,15.9,3.7,24.1,openmeteo_archive,1958.0,0.9324,ripening,6,0.65,80.38,0.0,2.205,1.0,0.0,45.0,117,87.2,44.81
2022-12-11,25.47,28.56,23.01,3.71,90.95,11.75,2.37,345,2022,2.943173776921855,nasa_power,Samba,Samba-2022,15.9,3.7,0.1,19.7,openmeteo_archive,1973.8,0.9399,ripening,6,0.65,79.12,0.0,1.913,1.0,0.0,45.0,118,72.61,45.07
2022-12-12,25.75,28.37,24.15,20.41,90.84,8.97,1.86,346,2022,2.5925394240434905,nasa_power,Samba,Samba-2022,3.7,0.1,0.1,3.9,openmeteo_archive,1990.1,0.9477,ripening,6,0.65,79.91,0.0,1.685,1.0,0.32,45.0,119,87.08,44.92
2022-12-13,25.57,28.68,23.58,14.93,89.23,10.32,2.2,347,2022,2.839888530029116,nasa_power,Samba,Samba-2022,0.1,0.1,0.0,0.2,openmeteo_archive,2006.2,0.9553,ripening,6,0.65,97.31,0.0,1.846,1.0,12.24,45.0,120,94.11,44.03
2022-12-14,25.18,28.97,22.56,3.12,89.19,17.88,2.05,348,2022,3.1556619647092603,nasa_power,Samba,Samba-2022,0.1,0.0,0.3,0.4,openmeteo_archive,2022.0,0.9628,ripening,6,0.65,97.15,0.0,2.051,1.0,0.27,45.0,121,97.96,44.18
2022-12-15,24.51,28.43,21.92,0.01,87.32,20.17,2.43,349,2022,3.135721863847974,nasa_power,Samba,Samba-2022,0.0,0.3,2.0,2.3,openmeteo_archive,2037.1,0.9701,ripening,6,0.65,96.95,0.0,2.038,1.0,0.0,45.0,122,97.81,46.98
2022-12-16,24.35,28.94,20.38,0.04,87.44,20.03,2.39,350,2022,3.5513571824996837,nasa_power,Samba,Samba-2022,0.3,2.0,0.7,3.0,openmeteo_archive,2051.8,0.977,ripening,6,0.65,93.92,0.0,2.308,1.0,0.0,45.0,123,91.78,45.66
2022-12-17,24.82,28.84,21.69,0.16,87.26,16.49,2.93,351,2022,3.291094846622999,nasa_power,Samba,Samba-2022,2.0,0.7,0.7,3.4,openmeteo_archive,2067.1,0.9843,ripening,6,0.65,90.65,0.0,2.139,1.0,0.0,45.0,124,86.84,44.17
2022-12-18,24.84,28.3,22.65,0.04,84.26,13.32,3.58,352,2022,2.9393340509521706,nasa_power,Samba,Samba-2022,0.7,0.7,2.9,4.3,openmeteo_archive,2082.5,0.9917,ripening,6,0.65,87.67,0.0,1.911,1.0,0.0,45.0,125,85.82,43.61
2022-12-19,24.22,27.63,21.17,0.79,86.91,14.97,3.66,353,2022,3.064647062656962,nasa_power,Samba,Samba-2022,0.7,2.9,0.3,3.9,openmeteo_archive,2096.9,0.9985,ripening,6,0.65,84.8,0.0,1.992,1.0,0.0,45.0,126,79.73,43.86
2022-12-20,24.15,27.22,21.68,1.36,88.69,12.83,3.58,354,2022,2.8414297912642033,nasa_power,Samba,Samba-2022,2.9,0.3,0.6,3.8,openmeteo_archive,2111.4,1.0054,ripening,6,0.65,82.6,0.0,1.847,1.0,0.0,45.0,127,92.41,44.75
2022-12-21,23.94,26.89,21.24,7.66,90.18,12.39,3.54,355,2022,2.8436341935618685,nasa_power,Samba,Samba-2022,0.3,0.6,0.7,1.6,openmeteo_archive,2125.5,1.0121,ripening,6,0.65,81.11,0.0,1.848,1.0,0.0,45.0,128,78.7,46.37
2022-12-22,23.78,26.62,21.78,2.27,89.0,15.33,3.66,356,2022,2.640905977370794,nasa_power,Samba,Samba-2022,0.6,0.7,8.3,9.6,openmeteo_archive,2139.7,1.0189,ripening,6,0.65,85.93,0.0,1.717,1.0,0.0,45.0,129,91.72,43.71
2022-12-23,24.62,28.92,21.3,0.19,87.4,18.28,3.45,357,2022,3.386405490016016,nasa_power,Samba,Samba-2022,0.7,8.3,20.1,29.1,openmeteo_archive,2154.8,1.0261,ripening,6,0.65,85.48,0.0,2.201,1.0,0.0,45.0,130,90.62,46.35
2022-12-24,25.24,28.74,22.43,1.83,88.43,15.67,3.89,358,2022,3.11686911460771,nasa_power,Samba,Samba-2022,8.3,20.1,2.8,31.2,openmeteo_archive,2170.4,1.0335,ripening,6,0.65,82.47,0.0,2.026,1.0,0.0,45.0,131,84.28,45.3
2022-12-25,25.47,28.75,23.12,12.86,90.2,11.09,3.62,359,2022,2.969259338407802,nasa_power,Samba,Samba-2022,20.1,2.8,0.2,23.1,openmeteo_archive,2186.3,1.0411,ripening,6,0.65,81.27,0.0,1.93,1.0,0.0,45.0,132,80.59,45.21
2022-12-26,25.93,29.31,23.78,4.61,89.35,13.6,3.0,360,2022,2.9854620696879213,nasa_power,Samba,Samba-2022,2.8,0.2,0.2,3.2,openmeteo_archive,2202.8,1.049,ripening,6,0.65,91.2,0.0,1.941,1.0,0.0,45.0,133,92.17,46.54
2022-12-27,25.35,28.64,23.33,2.54,89.61,13.9,2.43,361,2022,2.890382140169689,nasa_power,Samba,Samba-2022,0.2,0.2,0.3,0.7,openmeteo_archive,2218.8,1.0566,ripening,6,0.65,92.87,0.0,1.879,1.0,0.0,45.0,134,95.73,46.27
2022-12-28,25.22,29.34,22.52,0.08,86.4,19.85,2.21,362,2022,3.2739433010024888,nasa_power,Samba,Samba-2022,0.2,0.3,0.1,0.6,openmeteo_archive,2234.7,1.0642,ripening,6,0.65,92.53,0.0,2.128,1.0,0.0,45.0,135,93.03,42.89
2022-12-29,24.96,29.16,21.72,0.02,86.4,19.73,1.91,363,2022,3.3839714880020213,nasa_power,Samba,Samba-2022,0.3,0.1,0.0,0.4,openmeteo_archive,2250.2,1.0715,ripening,6,0.65,89.48,0.0,2.2,1.0,0.0,45.0,136,81.65,43.37
2022-12-30,24.23,28.99,20.94,0.0,86.7,20.6,1.83,364,2022,3.4844471183056283,nasa_power,Samba,Samba-2022,0.1,0.0,0.1,0.2,openmeteo_archive,2265.2,1.0786,ripening,6,0.65,86.3,0.0,2.265,1.0,0.0,45.0,137,77.21,44.66
2022-12-31,24.3,28.98,21.22,0.01,84.63,19.27,1.47,365,2022,3.4353106172723002,nasa_power,Samba,Samba-2022,0.0,0.1,0.5,0.6,openmeteo_archive,2280.2,1.0858,ripening,6,0.65,83.04,0.0,2.233,1.0,0.0,45.0,138,90.58,45.53
2023-01-01,23.79,28.69,20.08,0.0,85.52,20.07,1.97,1,2022,3.5620903976211915,nasa_power,Samba,Samba-2022,0.1,0.5,0.4,1.0,openmeteo_archive,2294.6,1.0927,ripening,6,0.65,79.82,0.0,2.315,1.0,0.0,45.0,139,66.65,47.05
2023-01-02,23.64,28.3,19.93,0.0,83.35,19.23,2.13,2,2022,3.4936672673290166,nasa_power,Samba,Samba-2022,0.5,0.4,1.6,2.5,openmeteo_archive,2308.8,1.0994,ripening,6,0.65,76.5,0.0,2.271,1.0,0.0,45.0,140,77.48,45.1
2023-01-03,23.73,28.0,20.28,0.06,83.22,17.47,2.46,3,2022,3.3614490528172456,nasa_power,Samba,Samba-2022,0.4,1.6,0.4,2.4,openmeteo_archive,2322.9,1.1061,ripening,6,0.65,73.23,0.0,2.185,1.0,0.0,45.0,141,72.06,47.56
2023-01-04,24.01,28.44,20.74,0.01,81.43,17.32,2.6,4,2022,3.3976128685172977,nasa_power,Samba,Samba-2022,1.6,0.4,0.0,2.0,openmeteo_archive,2337.5,1.1131,ripening,6,0.65,70.11,0.0,2.208,1.0,0.0,45.0,142,70.91,43.94
2023-01-05,24.28,28.86,20.42,0.13,80.83,14.15,2.98,5,2022,3.566336624004976,nasa_power,Samba,Samba-2022,0.4,0.0,1.9,2.3,openmeteo_archive,2352.1,1.1201,ripening,6,0.65,66.91,0.0,2.318,1.0,0.0,45.0,143,61.21,44.19
2023-01-06,24.71,28.62,22.33,0.42,80.06,12.17,4.02,6,2022,3.144004135077334,nasa_power,Samba,Samba-2022,0.0,1.9,0.0,1.9,openmeteo_archive,2367.6,1.1274,ripening,6,0.65,63.72,0.0,2.044,1.0,0.0,45.0,144,65.47,44.54
2023-01-07,24.47,28.5,22.04,0.11,80.74,15.24,3.56,7,2022,3.1760733373999246,nasa_power,Samba,Samba-2022,1.9,0.0,0.0,1.9,openmeteo_archive,2382.9,1.1347,ripening,6,0.65,61.1,0.0,2.064,1.0,0.0,45.0,145,62.13,43.77
2023-01-08,24.46,28.42,21.73,0.48,82.3,12.58,3.22,8,2022,3.2227624472350143,nasa_power,Samba,Samba-2022,0.0,0.0,0.0,0.0,openmeteo_archive,2397.9,1.1419,ripening,6,0.65,58.14,0.0,2.095,1.0,0.0,45.0,146,71.95,46.74
2023-01-09,23.3,28.11,20.05,0.0,79.01,20.61,2.99,9,2022,3.461220976957747,nasa_power,Samba,Samba-2022,0.0,0.0,0.0,0.0,openmeteo_archive,2412.0,1.1486,ripening,6,0.65,55.53,0.0,2.25,1.0,0.0,45.0,147,56.18,40.85
2023-01-10,23.05,27.76,18.91,0.03,77.36,17.56,3.15,10,2022,3.568731546186517,nasa_power,Samba,Samba-2022,0.0,0.0,0.0,0.0,openmeteo_archive,2425.4,1.1549,ripening,6,0.65,52.28,0.0,2.32,1.0,0.0,45.0,148,59.02,44.24
2023-01-11,23.32,28.79,19.46,0.02,77.49,20.27,2.57,11,2022,3.7415457070407387,nasa_power,Samba,Samba-2022,0.0,0.0,0.0,0.0,openmeteo_archive,2439.5,1.1617,ripening,6,0.65,48.99,0.0,2.432,1.0,0.0,45.0,149,41.5,46.72
2023-08-15,30.17,35.74,25.62,0.58,67.2,23.67,2.85,227,2023,5.446954691220575,nasa_power,Samba,Samba-2023,0.0,0.1,0.0,0.1,openmeteo_archive,17.8,0.0085,establishment,0,1.05,40.0,0.0,5.719,1.0,0.0,45.0,0,36.21,47.56
2023-08-16,30.86,37.15,25.61,0.1,63.19,24.88,2.93,228,2023,5.900609085115131,nasa_power,Samba,Samba-2023,0.1,0.0,0.0,0.1,openmeteo_archive,35.6,0.017,establishment,0,1.05,33.86,0.0,6.196,1.0,0.0,45.0,1,33.84,43.98
2023-08-17,31.31,37.49,25.98,0.04,60.31,24.29,3.35,229,2023,5.935353459753752,nasa_power,Samba,Samba-2023,0.0,0.0,0.4,0.4,openmeteo_archive,53.6,0.0255,establishment,0,1.05,26.77,0.0,6.232,1.0,0.0,45.0,2,23.83,45.27
2023-08-18,31.32,37.7,26.21,0.15,57.65,20.49,4.1,230,2023,5.956225806011538,nasa_power,Samba,Samba-2023,0.0,0.4,1.8,2.2,openmeteo_archive,71.7,0.0341,establishment,0,1.05,19.57,0.0,6.254,1.0,0.0,45.0,3,29.68,42.46
2023-08-19,31.2,38.01,25.42,0.07,57.97,22.82,3.95,231,2023,6.20422458548634,nasa_power,Samba,Samba-2023,0.4,1.8,2.4,4.6,openmeteo_archive,89.4,0.0426,establishment,0,1.05,12.47,0.0,6.514,1.0,0.0,45.0,4,6.8,45.32
2023-08-20,31.84,38.95,25.85,0.07,58.04,23.7,2.97,232,2023,6.415433169719061,nasa_power,Samba,Samba-2023,1.8,2.4,1.4,5.6,openmeteo_archive,107.3,0.0511,establishment,0,1.05,5.02,0.0,6.736,1.0,0.0,45.0,5,6.59,47.2
2023-08-21,31.22,36.72,27.11,1.02,63.64,24.46,2.35,233,2023,5.440882356846833,nasa_power,Samba,Samba-2023,2.4,1.4,0.3,4.1,openmeteo_archive,125.9,0.06,establishment,0,1.05,-2.64,0.0,5.676,0.5,0.0,44.82,6,-6.07,43.26
2023-08-22,30.87,36.4,26.77,3.4,67.44,12.52,1.99,234,2023,5.409365442069108,nasa_power,Samba,Samba-2023,1.4,0.3,0.0,1.7,openmeteo_archive,144.3,0.0687,establishment,0,1.05,-7.8,0.0,5.58,0.5,0.0,44.45,7,-4.11,45.71
2023-08-23,30.17,34.48,26.62,1.97,70.58,22.93,1.77,235,2023,4.783520901703076,nasa_power,Samba,Samba-2023,0.3,0.0,0.0,0.3,openmeteo_archive,162.6,0.0774,establishment,0,1.05,-10.48,0.0,4.852,0.5,0.0,44.27,8,-9.01,46.43
2023-08-24,30.88,36.48,26.65,0.33,65.46,20.68,2.61,236,2023,5.4603572718892135,nasa_power,Samba,Samba-2023,0.0,0.0,0.2,0.2,openmeteo_archive,180.9,0.0862,establishment,0,1.05,-13.86,0.0,5.423,0.5,0.0,44.03,9,-7.59,43.0
2023-08-25,30.74,35.53,26.73,0.06,64.78,22.5,2.48,237,2023,5.119292434408372,nasa_power,Samba,Samba-2023,0.0,0.2,2.7,2.9,openmeteo_archive,199.3,0.0949,establishment,0,1.05,-19.45,83.78,5.375,1.0,0.0,43.64,10,-15.86,44.34
2023-08-26,31.02,36.36,26.91,0.05,64.0,21.31,2.51,238,2023,5.357900277741196,nasa_power,Samba,Samba-2023,0.2,2.7,27.1,30.0,openmeteo_archive,217.7,0.1037,establishment,0,1.05,58.01,0.0,5.626,1.0,0.0,45.0,11,54.54,47.37
2023-08-27,31.12,36.18,26.9,1.6,66.09,17.1,2.22,239,2023,5.297247582464874,nasa_power,Samba,Samba-2023,2.7,27.1,6.3,36.1,openmeteo_archive,236.2,0.1125,establishment,0,1.05,51.43,0.0,5.562,1.0,0.0,45.0,12,66.01,45.35
2023-08-28,30.66,35.48,27.38,0.78,65.78,13.23,2.71,240,2023,4.935875547303986,nasa_power,Samba,Samba-2023,27.1,6.3,21.9,55.3,openmeteo_archive,254.9,0.1214,establishment,0,1.05,46.47,0.0,5.183,1.0,0.0,45.0,13,49.25,46.18
2023-08-29,28.28,31.28,25.74,10.56,76.76,22.66,1.83,241,2023,3.8381117804647196,nasa_power,Samba,Samba-2023,6.3,21.9,1.9,30.1,openmeteo_archive,272.8,0.1299,establishment,0,1.05,41.07,0.0,4.03,1.0,0.0,45.0,14,38.32,42.34
2023-08-30,27.46,30.17,25.71,6.0,83.34,21.6,2.1,242,2023,3.3996065915899476,nasa_power,Samba,Samba-2023,21.9,1.9,19.8,43.6,openmeteo_archive,290.6,0.1384,establishment,0,1.05,46.6,0.0,3.57,1.0,0.0,45.0,15,47.63,45.9
2023-08-31,27.92,30.69,25.29,15.21,81.08,21.8,1.78,243,2023,3.742746242831909,nasa_power,Samba,Samba-2023,1.9,19.8,0.3,22.0,openmeteo_archive,308.2,0.1468,establishment,0,1.05,48.03,0.0,3.93,1.0,0.0,45.0,16,51.18,45.78
2023-09-01,29.21,33.41,25.35,2.78,74.43,24.03,1.84,244,2023,4.708541918302057,nasa_power,Samba,Samba-2023,19.8,0.3,0.3,20.4,openmeteo_archive,325.9,0.1552,tillering,1,1.1,58.31,0.0,5.179,1.0,0.0,45.0,17,61.27,43.01
2023-09-02,29.8,34.83,26.02,2.45,71.16,23.51,2.95,245,2023,5.028510035516391,nasa_power,Samba,Samba-2023,0.3,0.3,0.5,1.1,openmeteo_archive,343.9,0.1638,tillering,1,1.1,54.91,0.0,5.531,1.0,0.0,45.0,18,57.39,43.55
2023-09-03,29.09,34.4,25.54,4.07,72.8,21.88,2.98,246,2023,4.9917072370755955,nasa_power,Samba,Samba-2023,0.3,0.5,0.8,1.6,openmeteo_archive,361.7,0.1722,tillering,1,1.1,50.83,0.0,5.491,1.0,0.0,45.0,19,55.66,45.91
2023-09-04,29.18,34.44,24.96,0.24,67.11,17.92,3.56,247,2023,5.130410350053274,nasa_power,Samba,Samba-2023,0.5,0.8,5.6,6.9,openmeteo_archive,379.2,0.1806,tillering,1,1.1,48.41,0.0,5.643,1.0,0.0,45.0,20,52.75,44.55
2023-09-05,28.36,32.75,25.3,1.72,69.8,10.79,3.82,248,2023,4.479883867003144,nasa_power,Samba,Samba-2023,0.8,5.6,0.1,6.5,openmeteo_archive,396.8,0.189,tillering,1,1.1,42.0,0.0,4.928,1.0,0.0,45.0,21,37.76,46.67
2023-09-06,28.88,34.31,24.32,3.76,66.03,20.54,3.46,249,2023,5.215407277018263,nasa_power,Samba,Samba-2023,5.6,0.1,0.9,6.6,openmeteo_archive,414.0,0.1971,tillering,1,1.1,37.8,0.0,5.737,1.0,0.0,45.0,22,48.34,45.47
2023-09-07,29.0,34.92,24.96,6.5,66.96,20.71,3.66,250,2023,5.271965436785178,nasa_power,Samba,Samba-2023,0.1,0.9,0.7,1.7,openmeteo_archive,431.5,0.2055,tillering,1,1.1,34.82,0.0,5.799,1.0,0.0,45.0,23,44.66,45.08
2023-09-08,29.65,36.41,24.0,1.32,62.22,22.61,4.02,251,2023,5.911879060178492,nasa_power,Samba,Samba-2023,0.9,0.7,9.4,11.0,openmeteo_archive,448.5,0.2136,tillering,1,1.1,34.52,0.0,6.503,1.0,0.0,45.0,24,38.52,44.74
2023-09-09,30.16,36.87,24.92,2.03,63.11,21.86,3.78,252,2023,5.878852290646065,nasa_power,Samba,Samba-2023,0.7,9.4,3.4,13.5,openmeteo_archive,465.9,0.2219,tillering,1,1.1,28.34,0.0,6.467,1.0,0.0,45.0,25,28.53,45.44
2023-09-10,29.58,35.36,25.35,0.29,64.15,19.53,3.42,253,2023,5.315350212570557,nasa_power,Samba,Samba-2023,9.4,3.4,1.1,13.9,openmeteo_archive,483.6,0.2303,tillering,1,1.1,22.9,0.0,5.847,1.0,0.0,45.0,26,23.18,46.2
2023-09-11,29.2,35.39,24.47,1.79,62.44,20.83,4.13,254,2023,5.496718402232743,nasa_power,Samba,Samba-2023,3.4,1.1,0.8,5.3,openmeteo_archive,500.8,0.2385,tillering,1,1.1,16.34,0.0,6.046,1.0,0.0,45.0,27,14.72,45.8
2023-09-12,28.68,33.7,24.25,2.97,67.74,20.93,3.46,255,2023,5.005363689118301,nasa_power,Samba,Samba-2023,1.1,0.8,13.9,15.8,openmeteo_archive,518.0,0.2467,tillering,1,1.1,11.09,0.0,5.506,1.0,0.0,45.0,28,10.12,44.37
2023-09-13,29.58,34.46,25.27,3.57,68.79,22.56,2.66,256,2023,5.023961763425456,nasa_power,Samba,Samba-2023,0.8,13.9,1.0,15.7,openmeteo_archive,535.6,0.255,tillering,1,1.1,7.55,0.0,5.526,1.0,0.0,45.0,29,-3.38,46.86
2023-09-14,30.3,37.21,24.92,2.13,61.97,17.83,3.43,257,2023,5.948721100334605,nasa_power,Samba,Samba-2023,13.9,1.0,12.3,27.2,openmeteo_archive,553.1,0.2634,tillering,1,1.1,4.6,0.0,6.544,1.0,0.0,45.0,30,12.25,45.99
2023-09-15,30.53,36.81,25.49,0.56,60.41,22.59,3.9,258,2023,5.711683971429562,nasa_power,Samba,Samba-2023,1.0,12.3,21.7,35.0,openmeteo_archive,570.8,0.2718,tillering,1,1.1,-0.82,0.0,6.276,0.5,0.0,44.94,31,5.07,45.52
2023-09-16,29.63,35.03,25.37,3.71,68.69,21.07,3.07,259,2023,5.166949715780961,nasa_power,Samba,Samba-2023,12.3,21.7,16.2,50.2,openmeteo_archive,588.5,0.2802,tillering,1,1.1,-7.03,0.0,5.608,0.5,0.0,44.51,32,-15.41,44.65
2023-09-17,28.39,32.46,25.65,11.0,76.68,18.8,3.22,260,2023,4.228903536211952,nasa_power,Samba,Samba-2023,21.7,16.2,0.4,38.3,openmeteo_archive,606.3,0.2887,tillering,1,1.1,-9.43,0.0,4.652,1.0,0.0,44.34,33,-4.98,45.09
2023-09-18,28.69,34.1,25.02,7.11,77.27,21.47,3.07,261,2023,4.928609779121731,nasa_power,Samba,Samba-2023,16.2,0.4,1.1,17.7,openmeteo_archive,623.8,0.2971,tillering,1,1.1,-4.08,0.0,5.421,1.0,0.0,44.71,34,-4.12,41.96
2023-09-19,27.45,30.84,25.44,6.38,82.17,20.52,2.41,262,2023,3.6813486843205983,nasa_power,Samba,Samba-2023,0.4,1.1,5.8,7.3,openmeteo_archive,641.6,0.3055,tillering,1,1.1,-3.4,0.0,4.049,1.0,0.0,44.76,35,-4.4,45.12
2023-09-20,27.68,30.66,25.56,0.8,76.92,23.15,2.13,263,2023,3.5697559625013437,nasa_power,Samba,Samba-2023,1.1,5.8,25.3,32.2,openmeteo_archive,659.3,0.314,tillering,1,1.1,-2.07,0.0,3.907,0.5,0.0,44.86,36,0.39,47.32
2023-09-21,28.85,32.83,25.36,2.62,75.36,19.09,1.62,264,2023,4.405933489388587,nasa_power,Samba,Samba-2023,5.8,25.3,6.2,37.3,openmeteo_archive,677.0,0.3224,tillering,1,1.1,-5.67,0.0,4.787,0.5,0.0,44.6,37,-14.38,44.93
2023-09-22,29.03,33.73,24.99,1.88,73.68,22.65,2.64,265,2023,4.784797432865632,nasa_power,Samba,Samba-2023,25.3,6.2,0.3,31.8,openmeteo_archive,694.5,0.3307,tillering,1,1.1,-8.34,0.0,5.127,0.5,0.0,44.42,38,-8.4,44.55
2023-09-23,30.0,34.99,25.69,0.58,71.95,23.57,2.41,266,2023,5.029707023029195,nasa_power,Samba,Samba-2023,6.2,0.3,0.5,7.0,openmeteo_archive,712.4,0.3392,tillering,1,1.1,-12.09,0.0,5.278,0.5,0.0,44.15,39,-11.69,43.26
2023-09-24,28.87,32.77,25.67,1.59,73.09,20.24,2.81,267,2023,4.284955449383485,nasa_power,Samba,Samba-2023,0.3,0.5,0.9,1.7,openmeteo_archive,730.2,0.3477,tillering,1,1.1,-17.29,0.0,4.418,0.5,0.0,43.79,40,-16.89,44.53
2023-09-25,28.45,32.53,25.06,6.17,76.52,17.73,1.9,268,2023,4.347624208087345,nasa_power,Samba,Samba-2023,0.5,0.9,8.3,9.7,openmeteo_archive,747.7,0.3561,stem_elongation,2,1.15,-20.61,0.0,4.711,0.5,0.0,43.56,41,-27.45,43.27
2023-09-26,28.12,31.52,25.52,3.99,80.11,14.37,1.52,269,2023,3.8662784121245948,nasa_power,Samba,Samba-2023,0.9,8.3,4.8,14.0,openmeteo_archive,765.5,0.3645,stem_elongation,2,1.15,-19.65,0.0,4.168,0.5,0.0,43.62,42,-17.42,45.58
2023-09-27,28.95,34.06,25.29,2.08,73.54,21.72,2.08,270,2023,4.781775917720759,nasa_power,Samba,Samba-2023,8.3,4.8,2.7,15.8,openmeteo_archive,783.1,0.3729,stem_elongation,2,1.15,-20.33,0.0,5.098,0.5,0.0,43.58,43,-15.03,42.28
2023-09-28,29.05,35.77,23.64,4.15,68.33,18.24,3.14,271,2023,5.61628154827373,nasa_power,Samba,Samba-2023,4.8,2.7,2.6,10.1,openmeteo_archive,799.9,0.3809,stem_elongation,2,1.15,-23.85,0.0,5.95,0.5,0.0,43.33,44,-21.81,42.65
2023-09-29,28.55,33.79,24.23,2.86,71.49,22.72,3.67,272,2023,4.903214768383807,nasa_power,Samba,Samba-2023,2.7,2.6,1.2,6.5,openmeteo_archive,817.1,0.3891,stem_elongation,2,1.15,-26.15,0.0,5.113,0.5,0.0,43.17,45,-27.3,42.27
2023-09-30,29.23,35.82,24.38,3.07,68.22,19.91,3.54,273,2023,5.477417316793181,nasa_power,Samba,Samba-2023,2.6,1.2,0.1,3.9,openmeteo_archive,834.2,0.3973,stem_elongation,2,1.15,-28.9,0.0,5.648,0.5,0.0,42.98,46,-15.45,45.73
2023-10-01,29.65,35.78,24.43,0.53,67.59,19.13,3.96,274,2023,5.4450288804007645,nasa_power,Samba,Samba-2023,1.2,0.1,0.2,1.5,openmeteo_archive,851.5,0.4055,stem_elongation,2,1.15,-31.98,0.0,5.474,0.5,0.0,42.76,47,-36.6,42.48
2023-10-02,30.05,36.38,24.67,0.32,67.76,21.62,3.85,275,2023,5.5673217881503,nasa_power,Samba,Samba-2023,0.1,0.2,0.1,0.4,openmeteo_archive,868.8,0.4137,stem_elongation,2,1.15,-37.42,0.0,5.452,0.5,0.0,42.38,48,-33.55,41.56
2023-10-03,30.56,37.22,25.34,0.08,66.4,23.19,3.5,276,2023,5.682824849269009,nasa_power,Samba,Samba-2023,0.2,0.1,0.0,0.3,openmeteo_archive,886.5,0.4221,stem_elongation,2,1.15,-43.06,0.0,5.412,0.5,0.0,41.99,49,-41.84,38.85
2023-10-04,30.73,37.3,25.37,0.27,65.48,20.82,3.07,277,2023,5.688522168624233,nasa_power,Samba,Samba-2023,0.1,0.0,1.8,1.9,openmeteo_archive,904.2,0.4305,stem_elongation,2,1.15,-48.89,0.0,5.27,0.5,0.0,41.58,50,-38.83,40.21
2023-10-05,30.28,35.84,25.24,0.36,66.53,19.62,2.5,278,2023,5.263399786356186,nasa_power,Samba,Samba-2023,0.0,1.8,1.8,3.6,openmeteo_archive,921.8,0.4389,stem_elongation,2,1.15,-54.39,0.0,4.745,0.5,0.0,41.19,51,-52.46,41.98
2023-10-06,30.38,36.7,25.54,0.35,64.01,10.78,2.43,279,2023,5.452881071377305,nasa_power,Samba,Samba-2023,1.8,1.8,9.7,13.3,openmeteo_archive,939.5,0.4474,stem_elongation,2,1.15,-59.27,0.0,4.793,0.5,0.0,40.85,52,-56.26,41.64
2023-10-07,30.2,36.21,26.01,0.47,67.14,17.41,1.95,280,2023,5.199823581167783,nasa_power,Samba,Samba-2023,1.8,9.7,11.9,23.4,openmeteo_archive,957.5,0.456,stem_elongation,2,1.15,-64.22,0.0,4.455,0.5,0.0,40.5,53,-61.69,39.52
2023-10-08,29.82,34.8,26.45,0.73,72.67,19.24,2.35,281,2023,4.6469746139787,nasa_power,Samba,Samba-2023,9.7,11.9,21.6,43.2,openmeteo_archive,975.8,0.4647,stem_elongation,2,1.15,-68.7,0.0,3.891,0.5,0.0,40.19,54,-73.99,39.3
2023-10-09,29.45,34.21,25.78,1.49,74.6,19.98,2.15,282,2023,4.597312085135424,nasa_power,Samba,Samba-2023,11.9,21.6,18.9,52.4,openmeteo_archive,993.7,0.4732,stem_elongation,2,1.15,-72.36,0.0,3.788,0.5,0.0,39.93,55,-76.7,42.72
2023-10-10,29.84,34.85,25.76,2.85,72.63,20.48,2.28,283,2023,4.793077848924699,nasa_power,Samba,Samba-2023,21.6,18.9,1.7,42.2,openmeteo_archive,1011.5,0.4817,stem_elongation,2,1.15,-75.16,0.0,3.918,0.5,0.0,39.74,56,-76.54,43.78
2023-10-11,29.37,34.16,25.74,5.23,74.57,17.38,2.63,284,2023,4.567633042777667,nasa_power,Samba,Samba-2023,18.9,1.7,17.8,38.4,openmeteo_archive,1029.4,0.4902,stem_elongation,2,1.15,-76.73,0.0,3.751,0.5,0.0,39.63,57,-71.94,41.35
2023-10-12,29.5,34.81,25.44,3.52,72.79,17.72,2.2,285,2023,4.823903873611214,nasa_power,Samba,Samba-2023,1.7,17.8,29.1,48.6,openmeteo_archive,1047.1,0.4986,stem_elongation,2,1.15,-75.75,0.0,3.945,0.5,0.0,39.7,58,-74.58,42.04
2023-10-13,29.31,33.96,26.1,1.31,72.1,15.11,1.23,286,2023,4.398143943750788,nasa_power,Samba,Samba-2023,17.8,29.1,13.3,60.2,openmeteo_archive,1065.2,0.5072,panicle_initiation,3,1.2,-76.67,137.37,5.278,1.0,0.0,39.63,59,-77.7,42.29
2023-10-14,28.57,32.6,25.63,4.26,74.88,14.1,0.86,287,2023,4.051946667911668,nasa_power,Samba,Samba-2023,29.1,13.3,0.4,42.8,openmeteo_archive,1083.0,0.5157,panicle_initiation,3,1.2,55.73,0.0,4.862,1.0,0.0,45.0,60,62.59,48.32
2023-10-15,28.45,32.5,25.28,8.69,76.59,17.69,1.39,288,2023,4.093486438289928,nasa_power,Samba,Samba-2023,13.3,0.4,0.1,13.8,openmeteo_archive,1100.6,0.5241,panicle_initiation,3,1.2,54.13,0.0,4.912,1.0,0.0,45.0,61,44.22,44.55
2023-10-16,28.15,31.92,25.31,20.83,81.73,13.15,1.33,289,2023,3.8834112771057563,nasa_power,Samba,Samba-2023,0.4,0.1,1.1,1.6,openmeteo_archive,1118.3,0.5325,panicle_initiation,3,1.2,56.91,0.0,4.66,1.0,0.0,45.0,62,50.43,43.68
2023-10-17,27.9,31.64,25.49,5.86,80.93,16.25,1.95,290,2023,3.7318520236546093,nasa_power,Samba,Samba-2023,0.1,1.1,0.1,1.3,openmeteo_archive,1136.0,0.541,panicle_initiation,3,1.2,72.08,0.0,4.478,1.0,0.0,45.0,63,59.6,47.75
2023-10-18,27.88,32.59,24.81,1.32,76.99,17.18,2.23,291,2023,4.198278532949974,nasa_power,Samba,Samba-2023,1.1,0.1,2.7,3.9,openmeteo_archive,1153.4,0.5493,panicle_initiation,3,1.2,72.46,0.0,5.038,1.0,0.0,45.0,64,78.5,43.55
2023-10-19,28.35,33.81,23.89,0.18,72.61,16.56,2.16,292,2023,4.743056144015691,nasa_power,Samba,Samba-2023,0.1,2.7,12.9,15.7,openmeteo_archive,1170.4,0.5573,panicle_initiation,3,1.2,67.74,0.0,5.692,1.0,0.0,45.0,65,67.26,43.46
2023-10-20,28.3,34.37,23.78,0.21,69.73,19.92,1.95,293,2023,4.910814088547348,nasa_power,Samba,Samba-2023,2.7,12.9,0.6,16.2,openmeteo_archive,1187.3,0.5654,panicle_initiation,3,1.2,61.23,0.0,5.893,1.0,0.0,45.0,66,66.06,43.49
2023-10-21,28.66,34.63,24.03,0.33,70.45,15.67,1.42,294,2023,4.92629062090581,nasa_power,Samba,Samba-2023,12.9,0.6,8.1,21.6,openmeteo_archive,1204.3,0.5735,panicle_initiation,3,1.2,54.54,0.0,5.912,1.0,0.0,45.0,67,53.99,44.8
2023-10-22,28.71,33.66,25.54,1.44,73.53,17.0,2.58,295,2023,4.324383849000888,nasa_power,Samba,Samba-2023,0.6,8.1,0.6,9.3,openmeteo_archive,1222.1,0.5819,panicle_initiation,3,1.2,47.96,0.0,5.189,1.0,0.0,45.0,68,53.08,42.02
2023-10-23,29.12,34.43,25.69,0.47,69.06,16.34,1.4,296,2023,4.5173959647330655,nasa_power,Samba,Samba-2023,8.1,0.6,1.2,9.9,openmeteo_archive,1239.9,0.5904,panicle_initiation,3,1.2,43.21,0.0,5.421,1.0,0.0,45.0,69,42.58,42.85
2023-10-24,28.89,34.21,24.89,0.48,69.32,18.18,1.56,297,2023,4.602290897954505,nasa_power,Samba,Samba-2023,0.6,1.2,1.2,3.0,openmeteo_archive,1257.4,0.5987,panicle_initiation,3,1.2,37.26,0.0,5.523,1.0,0.0,45.0,70,39.31,44.07
2023-10-25,29.0,34.11,25.18,0.99,70.77,17.41,1.56,298,2023,4.501363384983259,nasa_power,Samba,Samba-2023,1.2,1.2,12.5,14.9,openmeteo_archive,1274.9,0.6071,panicle_initiation,3,1.2,31.22,0.0,5.402,1.0,0.0,45.0,71,32.54,43.21
2023-10-26,29.09,34.84,25.22,0.07,67.7,18.8,1.88,299,2023,4.696711309205428,nasa_power,Samba,Samba-2023,1.2,12.5,27.4,41.1,openmeteo_archive,1292.6,0.6155,panicle_initiation,3,1.2,25.81,0.0,5.636,1.0,0.0,45.0,72,27.5,46.59
2023-10-27,28.51,33.79,24.61,2.67,73.1,14.61,2.27,300,2023,4.4957319309070725,nasa_power,Samba,Samba-2023,12.5,27.4,12.1,52.0,openmeteo_archive,1309.9,0.6237,flowering,4,1.2,19.24,0.0,5.395,1.0,0.0,45.0,73,27.66,45.01
2023-10-28,28.65,34.0,24.58,2.45,73.22,17.46,1.92,301,2023,4.549972208299911,nasa_power,Samba,Samba-2023,27.4,12.1,2.2,41.7,openmeteo_archive,1327.1,0.632,flowering,4,1.2,15.52,0.0,5.46,1.0,0.0,45.0,74,7.4,45.87
2023-10-29,27.12,30.14,24.97,11.44,83.16,14.14,1.66,302,2023,3.2374086067282013,nasa_power,Samba,Samba-2023,12.1,2.2,8.2,22.5,openmeteo_archive,1344.6,0.6403,flowering,4,1.2,11.51,0.0,3.885,1.0,0.0,45.0,75,11.17,45.7
2023-10-30,26.74,30.52,24.4,8.85,81.53,9.39,1.78,303,2023,3.5050147069246615,nasa_power,Samba,Samba-2023,2.2,8.2,13.6,24.0,openmeteo_archive,1361.8,0.6485,flowering,4,1.2,18.06,0.0,4.206,1.0,0.0,45.0,76,19.05,44.69
2023-10-31,27.74,32.08,24.44,1.49,78.02,13.89,2.63,304,2023,3.974145068799125,nasa_power,Samba,Samba-2023,8.2,13.6,14.6,36.4,openmeteo_archive,1379.0,0.6567,flowering,4,1.2,21.71,0.0,4.769,1.0,0.0,45.0,77,21.95,46.48
2023-11-01,26.81,28.63,25.39,17.17,90.53,14.07,2.43,305,2023,2.5107071834347607,nasa_power,Samba,Samba-2023,13.6,14.6,21.6,49.8,openmeteo_archive,1396.1,0.6648,flowering,4,1.2,17.43,0.0,3.013,1.0,0.0,45.0,78,15.44,45.68
2023-11-02,27.28,30.7,24.94,6.18,84.34,15.37,1.46,306,2023,3.3985498156420144,nasa_power,Samba,Samba-2023,14.6,21.6,3.8,40.0,openmeteo_archive,1413.5,0.6731,flowering,4,1.2,30.58,0.0,4.078,1.0,0.0,45.0,79,27.91,44.52
2023-11-03,27.12,30.26,25.3,18.08,86.46,11.38,1.4,307,2023,3.1421345024433536,nasa_power,Samba,Samba-2023,21.6,3.8,13.2,38.6,openmeteo_archive,1431.2,0.6815,flowering,4,1.2,31.69,0.0,3.771,1.0,0.0,45.0,80,39.34,42.47
2023-11-04,26.4,29.02,24.94,24.57,89.27,13.02,1.58,308,2023,2.7919734617341914,nasa_power,Samba,Samba-2023,3.8,13.2,32.2,49.2,openmeteo_archive,1448.2,0.6896,flowering,4,1.2,45.0,0.0,3.35,1.0,0.0,45.0,81,44.65,45.78
2023-11-05,26.52,29.84,23.95,5.98,84.43,17.42,1.14,309,2023,3.3389294034688373,nasa_power,Samba,Samba-2023,13.2,32.2,2.8,48.2,openmeteo_archive,1465.1,0.6976,flowering,4,1.2,65.22,0.0,4.007,1.0,0.0,45.0,82,77.41,43.11
2023-11-06,27.37,31.11,24.55,5.74,82.47,18.82,1.21,310,2023,3.587514189843196,nasa_power,Samba,Samba-2023,32.2,2.8,13.3,48.3,openmeteo_archive,1482.3,0.7059,flowering,4,1.2,66.19,0.0,4.305,1.0,0.0,45.0,83,68.83,45.57
2023-11-07,26.52,29.22,24.69,11.43,88.31,9.99,1.44,311,2023,2.9160205928490788,nasa_power,Samba,Samba-2023,2.8,13.3,30.2,46.3,openmeteo_archive,1499.3,0.7139,flowering,4,1.2,66.62,0.0,3.499,1.0,0.0,45.0,84,65.17,45.12
2023-11-08,26.76,29.98,24.88,13.54,87.25,14.83,1.37,312,2023,3.118382740913141,nasa_power,Samba,Samba-2023,13.3,30.2,0.8,44.3,openmeteo_archive,1516.7,0.7222,flowering,4,1.2,73.55,0.0,3.742,1.0,0.0,45.0,85,76.31,42.96
2023-11-09,26.58,29.7,24.39,13.14,86.07,17.38,1.49,313,2023,3.1463499519204596,nasa_power,Samba,Samba-2023,30.2,0.8,0.5,31.5,openmeteo_archive,1533.8,0.7304,flowering,4,1.2,82.35,0.0,3.776,1.0,0.0,45.0,86,82.89,45.39
2023-11-10,26.24,28.73,24.32,8.75,90.23,12.01,2.07,314,2023,2.826526036239993,nasa_power,Samba,Samba-2023,0.8,0.5,25.2,26.5,openmeteo_archive,1550.3,0.7382,flowering,4,1.2,90.72,0.0,3.392,1.0,0.0,45.0,87,97.43,45.29
2023-11-11,26.19,28.67,24.34,2.71,87.81,16.9,2.8,315,2023,2.7921138441007685,nasa_power,Samba,Samba-2023,0.5,25.2,86.7,112.4,openmeteo_archive,1566.8,0.7461,flowering,4,1.2,95.08,0.0,3.351,1.0,0.0,45.0,88,89.24,45.29
2023-11-12,26.3,30.4,23.25,0.11,81.39,19.67,3.14,316,2023,3.604395816320995,nasa_power,Samba,Samba-2023,25.2,86.7,41.1,153.0,openmeteo_archive,1583.4,0.754,grain_filling,5,0.95,93.43,0.0,3.424,1.0,0.0,45.0,89,84.42,45.22
2023-11-13,26.39,30.07,23.46,10.82,87.23,11.41,3.02,317,2023,3.4520336276717174,nasa_power,Samba,Samba-2023,86.7,41.1,39.5,167.3,openmeteo_archive,1600.1,0.762,grain_filling,5,0.95,89.12,0.0,3.279,1.0,0.0,45.0,90,90.92,44.02
2023-11-14,25.72,27.57,24.36,52.98,91.87,2.94,3.16,318,2023,2.3564290790986937,nasa_power,Samba,Samba-2023,41.1,39.5,7.0,87.6,openmeteo_archive,1616.1,0.7696,grain_filling,5,0.95,95.66,0.0,2.239,1.0,48.64,45.0,91,99.84,45.89
2023-11-15,26.1,29.32,24.0,7.01,91.39,6.41,2.84,319,2023,3.074051789780304,nasa_power,Samba,Samba-2023,39.5,7.0,2.3,48.8,openmeteo_archive,1632.8,0.7775,grain_filling,5,0.95,96.76,0.0,2.92,1.0,3.77,45.0,92,98.19,43.97
2023-11-16,26.38,30.35,23.16,3.15,88.85,14.43,2.37,320,2023,3.572524733667619,nasa_power,Samba,Samba-2023,7.0,2.3,1.5,10.8,openmeteo_archive,1649.4,0.7854,grain_filling,5,0.95,96.08,0.0,3.394,1.0,0.0,45.0,93,99.44,43.39
2023-11-17,26.92,30.32,24.57,2.41,87.58,15.56,2.33,321,2023,3.2364268822539426,nasa_power,Samba,Samba-2023,2.3,1.5,27.6,31.4,openmeteo_archive,1666.6,0.7936,grain_filling,5,0.95,94.84,0.0,3.075,1.0,0.0,45.0,94,97.47,46.01
2023-11-18,26.48,29.35,24.41,7.8,90.82,16.08,3.17,322,2023,2.9553189688774135,nasa_power,Samba,Samba-2023,1.5,27.6,17.5,46.6,openmeteo_archive,1683.5,0.8017,grain_filling,5,0.95,93.17,0.0,2.808,1.0,0.97,45.0,95,85.77,46.4
2023-11-19,26.6,29.41,24.85,2.15,89.84,17.03,2.49,323,2023,2.8486133731401115,nasa_power,Samba,Samba-2023,27.6,17.5,76.1,121.2,openmeteo_archive,1700.6,0.8098,grain_filling,5,0.95,96.19,0.0,2.706,1.0,0.0,45.0,96,97.6,45.91
2023-11-20,26.51,29.69,24.36,4.16,91.32,8.33,2.66,324,2023,3.0655402380535905,nasa_power,Samba,Samba-2023,17.5,76.1,22.3,115.9,openmeteo_archive,1717.7,0.8179,grain_filling,5,0.95,94.64,0.0,2.912,1.0,0.0,45.0,97,101.22,44.69
2023-11-21,26.36,29.14,24.27,3.79,89.87,15.92,1.66,325,2023,2.902868333609243,nasa_power,Samba,Samba-2023,76.1,22.3,8.2,106.6,openmeteo_archive,1734.4,0.8259,grain_filling,5,0.95,94.88,0.0,2.758,1.0,0.0,45.0,98,95.74,42.09
2023-11-22,26.46,29.07,24.44,12.55,90.21,5.08,1.62,326,2023,2.827452906770223,nasa_power,Samba,Samba-2023,22.3,8.2,13.5,44.0,openmeteo_archive,1751.1,0.8339,grain_filling,5,0.95,94.92,0.0,2.686,1.0,7.47,45.0,99,88.37,47.22
2023-11-23,26.56,30.49,24.02,2.67,85.81,17.21,1.19,327,2023,3.372736079225352,nasa_power,Samba,Samba-2023,8.2,13.5,10.5,32.2,openmeteo_archive,1768.1,0.842,grain_filling,5,0.95,96.31,0.0,3.204,1.0,0.0,45.0,100,94.64,42.07
2023-11-24,26.5,30.39,23.6,4.56,88.4,13.39,1.76,328,2023,3.4281181106490872,nasa_power,Samba,Samba-2023,13.5,10.5,1.6,25.6,openmeteo_archive,1784.9,0.85,grain_filling,5,0.95,94.78,0.0,3.257,1.0,0.0,45.0,101,97.56,45.88
2023-11-25,26.55,29.13,24.64,12.25,90.4,15.3,2.67,329,2023,2.775279055871386,nasa_power,Samba,Samba-2023,10.5,1.6,5.9,18.0,openmeteo_archive,1801.8,0.858,grain_filling,5,0.95,95.08,0.0,2.637,1.0,7.33,45.0,102,104.06,48.17
2023-11-26,26.43,28.75,24.99,8.87,90.47,11.96,3.31,330,2023,2.5338979839088545,nasa_power,Samba,Samba-2023,1.6,5.9,4.4,11.9,openmeteo_archive,1818.7,0.866,grain_filling,5,0.95,96.36,0.0,2.407,1.0,5.23,45.0,103,86.58,45.22
2023-11-27,26.9,30.55,24.6,3.18,87.18,18.61,2.49,331,2023,3.231766096842755,nasa_power,Samba,Samba-2023,5.9,4.4,19.5,29.8,openmeteo_archive,1836.0,0.8743,grain_filling,5,0.95,96.59,0.0,3.07,1.0,0.0,45.0,104,98.4,45.44
2023-11-28,26.73,30.11,24.36,6.98,88.28,15.26,2.44,332,2023,3.147482417290048,nasa_power,Samba,Samba-2023,4.4,19.5,9.6,33.5,openmeteo_archive,1853.2,0.8825,grain_filling,5,0.95,95.7,0.0,2.99,1.0,2.68,45.0,105,91.04,45.57
2023-11-29,26.2,29.12,24.32,9.82,89.12,8.75,2.35,333,2023,2.8379133023369407,nasa_power,Samba,Samba-2023,19.5,9.6,1.3,30.4,openmeteo_archive,1869.9,0.8904,grain_filling,5,0.95,96.01,0.0,2.696,1.0,5.83,45.0,106,98.55,45.3
2023-11-30,25.31,27.14,23.93,18.22,93.2,12.42,2.29,334,2023,2.2552219887194047,nasa_power,Samba,Samba-2023,9.6,1.3,4.4,15.3,openmeteo_archive,1885.4,0.8978,grain_filling,5,0.95,96.3,0.0,2.142,1.0,14.52,45.0,107,99.24,48.53
2023-12-01,25.52,27.72,23.66,7.75,93.37,13.58,2.74,335,2023,2.5413022190163397,nasa_power,Samba,Samba-2023,1.3,4.4,1.5,7.2,openmeteo_archive,1901.1,0.9053,ripening,6,0.65,96.86,0.0,1.652,1.0,4.61,45.0,108,95.69,43.74
2023-12-02,25.93,29.07,23.48,6.06,90.47,10.98,3.71,336,2023,3.017449806883762,nasa_power,Samba,Samba-2023,4.4,1.5,0.0,5.9,openmeteo_archive,1917.4,0.913,ripening,6,0.65,97.35,0.0,1.961,1.0,3.41,45.0,109,100.51,43.55
2023-12-03,25.7,27.71,23.68,3.51,92.94,6.75,3.31,337,2023,2.524668561297937,nasa_power,Samba,Samba-2023,1.5,0.0,4.1,5.6,openmeteo_archive,1933.1,0.9205,ripening,6,0.65,97.04,0.0,1.641,1.0,0.55,45.0,110,102.74,44.51
2023-12-04,26.82,30.95,23.86,1.18,86.49,5.08,3.04,338,2023,3.475571455721067,nasa_power,Samba,Samba-2023,0.0,4.1,1.6,5.7,openmeteo_archive,1950.0,0.9286,ripening,6,0.65,97.36,0.0,2.259,1.0,0.0,45.0,111,96.54,47.61
2023-12-05,27.27,31.09,24.82,1.12,86.21,15.01,1.94,339,2023,3.3039020705209685,nasa_power,Samba,Samba-2023,4.1,1.6,7.6,13.3,openmeteo_archive,1967.4,0.9369,ripening,6,0.65,95.28,0.0,2.148,1.0,0.0,45.0,112,88.59,44.13
2023-12-06,26.87,29.86,24.71,1.61,90.49,16.62,1.54,340,2023,2.946886716988825,nasa_power,Samba,Samba-2023,1.6,7.6,6.1,15.3,openmeteo_archive,1984.7,0.9451,ripening,6,0.65,93.25,0.0,1.915,1.0,0.0,45.0,113,100.38,45.65
2023-12-07,27.21,31.03,24.3,0.84,87.73,14.37,1.56,341,2023,3.393287809213722,nasa_power,Samba,Samba-2023,7.6,6.1,2.1,15.8,openmeteo_archive,2001.9,0.9533,ripening,6,0.65,91.95,0.0,2.206,1.0,0.0,45.0,114,96.09,46.61
2023-12-08,26.73,30.03,24.52,1.87,89.32,13.51,1.67,342,2023,3.040826031550876,nasa_power,Samba,Samba-2023,6.1,2.1,1.0,9.2,openmeteo_archive,2019.1,0.9615,ripening,6,0.65,89.58,0.0,1.977,1.0,0.0,45.0,115,92.4,46.17
2023-12-09,26.28,29.4,24.47,2.17,89.62,13.53,2.43,343,2023,2.8518808870870584,nasa_power,Samba,Samba-2023,2.1,1.0,0.8,3.9,openmeteo_archive,2036.1,0.9696,ripening,6,0.65,88.47,0.0,1.854,1.0,0.0,45.0,116,85.02,46.53
2023-12-10,26.04,29.75,23.82,1.03,87.81,13.06,2.99,344,2023,3.1145398547591068,nasa_power,Samba,Samba-2023,1.0,0.8,0.0,1.8,openmeteo_archive,2052.8,0.9775,ripening,6,0.65,87.79,0.0,2.024,1.0,0.0,45.0,117,92.72,47.13
2023-12-11,25.57,29.43,22.82,0.28,88.1,11.24,3.1,345,2023,3.237016129267295,nasa_power,Samba,Samba-2023,0.8,0.0,0.0,0.8,openmeteo_archive,2069.0,0.9852,ripening,6,0.65,85.8,0.0,2.104,1.0,0.0,45.0,118,96.01,45.46
2023-12-12,25.23,28.86,22.67,0.17,86.81,14.02,2.86,346,2023,3.1046145885153393,nasa_power,Samba,Samba-2023,0.0,0.0,6.4,6.4,openmeteo_archive,2084.7,0.9927,ripening,6,0.65,82.97,0.0,2.018,1.0,0.0,45.0,119,82.36,44.31
2023-12-13,24.36,28.45,21.54,0.0,84.93,15.3,3.15,347,2023,3.2202312243534252,nasa_power,Samba,Samba-2023,0.0,6.4,15.6,22.0,openmeteo_archive,2099.7,0.9999,ripening,6,0.65,80.12,0.0,2.093,1.0,0.0,45.0,120,80.59,45.22
2023-12-14,24.34,28.42,20.49,0.12,85.61,14.94,3.59,348,2023,3.4043832249375767,nasa_power,Samba,Samba-2023,6.4,15.6,4.5,26.5,openmeteo_archive,2114.2,1.0068,ripening,6,0.65,77.03,0.0,2.213,1.0,0.0,45.0,121,71.7,44.49
2023-12-15,24.94,27.96,22.61,8.88,91.14,7.98,3.52,349,2023,2.8499296704653556,nasa_power,Samba,Samba-2023,15.6,4.5,1.5,21.6,openmeteo_archive,2129.5,1.014,ripening,6,0.65,73.94,0.0,1.852,1.0,0.0,45.0,122,70.34,48.78
2023-12-16,25.83,28.79,23.97,12.95,90.72,6.96,3.42,350,2023,2.7728521459029642,nasa_power,Samba,Samba-2023,4.5,1.5,7.0,13.0,openmeteo_archive,2145.9,1.0218,ripening,6,0.65,79.97,0.0,1.802,1.0,0.0,45.0,123,74.6,44.2
2023-12-17,25.77,28.39,24.38,13.85,89.08,10.4,4.04,351,2023,2.5287737326377764,nasa_power,Samba,Samba-2023,1.5,7.0,11.0,19.5,openmeteo_archive,2162.2,1.0296,ripening,6,0.65,90.11,0.0,1.644,1.0,3.96,45.0,124,90.76,45.72
2023-12-18,24.92,27.0,23.37,2.89,88.62,8.41,3.79,352,2023,2.3402264788847513,nasa_power,Samba,Samba-2023,7.0,11.0,7.3,25.3,openmeteo_archive,2177.4,1.0369,ripening,6,0.65,97.36,0.0,1.521,1.0,0.25,45.0,125,95.66,42.75
2023-12-19,24.72,27.9,22.81,0.74,86.87,11.21,3.76,353,2023,2.7819016286172453,nasa_power,Samba,Samba-2023,11.0,7.3,0.5,18.8,openmeteo_archive,2192.8,1.0442,ripening,6,0.65,97.48,0.0,1.808,1.0,0.0,45.0,126,99.34,45.2
2023-12-20,24.79,28.42,22.08,5.82,88.14,8.08,4.04,354,2023,3.097227585332208,nasa_power,Samba,Samba-2023,7.3,0.5,0.0,7.8,openmeteo_archive,2208.0,1.0514,ripening,6,0.65,95.41,0.0,2.013,1.0,1.23,45.0,127,90.95,44.57
2023-12-21,24.75,27.66,22.81,3.98,90.62,11.39,3.5,355,2023,2.708264549413095,nasa_power,Samba,Samba-2023,0.5,0.0,5.9,6.4,openmeteo_archive,2223.3,1.0587,ripening,6,0.65,96.99,0.0,1.76,1.0,0.97,45.0,128,96.15,46.01
2023-12-22,24.74,28.75,22.11,0.2,87.05,15.67,2.86,356,2023,3.1838327339986723,nasa_power,Samba,Samba-2023,0.0,5.9,2.9,8.8,openmeteo_archive,2238.7,1.066,ripening,6,0.65,97.24,0.0,2.069,1.0,0.0,45.0,129,92.47,46.05
2023-12-23,23.97,28.31,20.72,0.02,84.68,18.4,2.87,357,2023,3.332868605951506,nasa_power,Samba,Samba-2023,5.9,2.9,0.6,9.4,openmeteo_archive,2253.2,1.073,ripening,6,0.65,94.37,0.0,2.166,1.0,0.0,45.0,130,95.31,47.13
2023-12-24,24.23,27.75,20.68,0.38,88.01,9.19,3.58,358,2023,3.1950551495768345,nasa_power,Samba,Samba-2023,2.9,0.6,0.9,4.4,openmeteo_archive,2267.4,1.0797,ripening,6,0.65,91.22,0.0,2.077,1.0,0.0,45.0,131,83.06,47.01
2023-12-25,25.98,29.83,23.72,1.01,87.19,14.13,3.74,359,2023,3.1526572639982735,nasa_power,Samba,Samba-2023,0.6,0.9,4.1,5.6,openmeteo_archive,2284.2,1.0877,ripening,6,0.65,88.53,0.0,2.049,1.0,0.0,45.0,132,89.29,44.9
2023-12-26,25.01,28.93,22.39,0.09,84.65,18.76,3.71,360,2023,3.1818736425262917,nasa_power,Samba,Samba-2023,0.9,4.1,16.7,21.7,openmeteo_archive,2299.9,1.0952,ripening,6,0.65,86.49,0.0,2.068,1.0,0.0,45.0,133,85.1,43.58
2023-12-27,24.8,28.57,21.74,0.61,85.59,18.74,4.05,361,2023,3.2159310264765533,nasa_power,Samba,Samba-2023,4.1,16.7,1.4,22.2,openmeteo_archive,2315.0,1.1024,ripening,6,0.65,83.51,0.0,2.09,1.0,0.0,45.0,134,84.41,43.76
2023-12-28,25.46,29.62,22.54,1.98,88.74,14.93,4.08,362,2023,3.3472082786365847,nasa_power,Samba,Samba-2023,16.7,1.4,0.7,18.8,openmeteo_archive,2331.1,1.11,ripening,6,0.65,81.03,0.0,2.176,1.0,0.0,45.0,135,72.77,45.45
2023-12-29,25.76,29.49,23.63,0.86,87.2,13.63,3.99,363,2023,3.0810226258556415,nasa_power,Samba,Samba-2023,1.4,0.7,0.0,2.1,openmeteo_archive,2347.7,1.1179,ripening,6,0.65,79.83,0.0,2.003,1.0,0.0,45.0,136,83.1,45.24
2023-12-30,25.04,28.91,22.1,0.18,85.64,14.59,3.57,364,2023,3.2453314627730365,nasa_power,Samba,Samba-2023,0.7,0.0,0.6,1.3,openmeteo_archive,2363.2,1.1253,ripening,6,0.65,77.69,0.0,2.109,1.0,0.0,45.0,137,76.2,45.39
2023-12-31,24.47,28.73,20.89,0.04,82.56,17.96,2.89,365,2023,3.429631223561247,nasa_power,Samba,Samba-2023,0.0,0.6,1.1,1.7,openmeteo_archive,2378.0,1.1324,ripening,6,0.65,74.76,0.0,2.229,1.0,0.0,45.0,138,75.85,44.2
2024-01-01,24.6,28.91,21.52,0.04,82.56,17.92,2.73,1,2023,3.3650184823046527,nasa_power,Samba,Samba-2023,0.6,1.1,1.6,3.3,openmeteo_archive,2393.2,1.1396,ripening,6,0.65,71.57,0.0,2.187,1.0,0.0,45.0,139,62.22,47.16
2024-01-02,24.43,28.75,21.09,0.02,83.03,12.96,2.6,2,2023,3.4063947149044584,nasa_power,Samba,Samba-2023,1.1,1.6,5.0,7.7,openmeteo_archive,2408.1,1.1467,ripening,6,0.65,68.42,0.0,2.214,1.0,0.0,45.0,140,62.21,42.79
2024-01-03,24.7,28.7,21.54,0.24,84.56,15.68,2.48,3,2023,3.3128798203387952,nasa_power,Samba,Samba-2023,1.6,5.0,34.5,41.1,openmeteo_archive,2423.2,1.1539,ripening,6,0.65,65.23,0.0,2.153,1.0,0.0,45.0,141,63.28,44.11
2024-01-04,25.28,29.37,22.18,0.25,85.04,10.27,2.28,4,2023,3.3749469815121906,nasa_power,Samba,Samba-2023,5.0,34.5,56.3,95.8,openmeteo_archive,2439.0,1.1614,ripening,6,0.65,62.32,0.0,2.194,1.0,0.0,45.0,142,69.2,43.38
2024-01-05,25.55,29.28,23.1,0.32,84.64,9.14,2.69,5,2023,3.163180207299167,nasa_power,Samba,Samba-2023,34.5,56.3,37.7,128.5,openmeteo_archive,2455.2,1.1691,ripening,6,0.65,59.37,0.0,2.056,1.0,0.0,45.0,143,62.01,44.69
2024-01-06,25.41,29.29,22.72,10.08,87.18,9.92,3.11,6,2023,3.2525731961825364,nasa_power,Samba,Samba-2023,56.3,37.7,14.0,108.0,openmeteo_archive,2471.2,1.1768,ripening,6,0.65,56.64,0.0,2.114,1.0,0.0,45.0,144,57.29,46.87
2024-01-07,24.65,27.21,22.59,54.9,91.53,9.48,4.36,7,2023,2.662859509752541,nasa_power,Samba,Samba-2023,37.7,14.0,1.4,53.1,openmeteo_archive,2486.1,1.1839,ripening,6,0.65,63.6,0.0,1.731,1.0,18.5,45.0,145,58.98,44.57
2024-01-08,25.49,28.44,23.94,11.68,90.48,6.49,3.64,8,2023,2.711885327539652,nasa_power,Samba,Samba-2023,14.0,1.4,0.0,15.4,openmeteo_archive,2502.3,1.1916,ripening,6,0.65,97.27,0.0,1.763,1.0,8.95,45.0,146,91.74,45.15
2024-01-09,25.11,27.76,23.73,7.72,87.09,10.99,3.72,9,2023,2.544754852452949,nasa_power,Samba,Samba-2023,1.4,0.0,0.9,2.3,openmeteo_archive,2518.0,1.1991,ripening,6,0.65,97.24,0.0,1.654,1.0,4.96,45.0,147,98.62,46.0
2024-01-10,24.97,27.91,23.19,0.19,84.67,15.36,3.29,10,2023,2.7465710873621014,nasa_power,Samba,Samba-2023,0.0,0.9,1.5,2.4,openmeteo_archive,2533.6,1.2065,ripening,6,0.65,97.35,0.0,1.785,1.0,0.0,45.0,148,100.85,44.5
2024-01-11,24.5,28.1,21.9,0.0,83.9,19.21,3.36,11,2023,3.113700063878012,nasa_power,Samba,Samba-2023,0.9,1.5,0.1,2.5,openmeteo_archive,2548.6,1.2136,ripening,6,0.65,94.75,0.0,2.024,1.0,0.0,45.0,149,95.79,45.57
