season_id,date,pred_q05_h1,pred_q05_h2,pred_q05_h3,pred_q50_h1,pred_q50_h2,pred_q50_h3,pred_q95_h1,pred_q95_h2,pred_q95_h3,y_true_h1,y_true_h2,y_true_h3,stage,wl_obs_mm,rain_fc_sum3_mm,rain_sum3,season_name,system_action,reference_action,gated,interval_width,rule
Kuruvai-2015,2015-06-22,-24.791334,-26.889536,-30.146439,0.10896064,-5.445163,-11.320266,50.218903,49.08633,48.691654,-2.23,-5.56,-11.53,establishment,1.54,2.16,0.29000000000000004,Kuruvai,DELAY,IRRIGATE,False,78.83809280395508,threshold_delay
Kuruvai-2015,2015-06-23,-27.86682,-31.030025,-33.031906,-3.2977607,-10.010127,-10.319423,47.52291,47.2264,48.963665,-5.56,-11.53,41.93,establishment,-5.6,0.43,2.25,Kuruvai,DELAY,DELAY,False,81.99557113647461,threshold_delay
Kuruvai-2015,2015-06-24,-32.603683,-33.183285,-34.4033,-13.098381,-17.83196,-18.271534,48.671158,50.606422,50.557568,-11.53,41.93,35.68,establishment,-9.12,0.38,2.3,Kuruvai,IRRIGATE,DELAY,False,84.96086883544922,threshold_irrigate
Kuruvai-2015,2015-06-25,-36.22917,-39.406128,-41.33376,-16.904308,-22.399412,-28.972082,51.17395,56.05496,53.817665,41.93,35.68,28.94,establishment,-15.93,5.82,2.4,Kuruvai,INSPECT,MAINTAIN,True,95.46108627319336,uncertainty_gate
Kuruvai-2015,2015-06-26,5.6950674,1.7326105,-1.9740394,43.05322,37.17798,29.747564,66.098915,63.427116,59.20314,35.68,28.94,22.47,establishment,53.34,2.41,0.43,Kuruvai,MAINTAIN,MAINTAIN,False,61.6945059299469,maintain
Kuruvai-2015,2015-06-27,-5.039248,-9.09765,-11.205401,32.745953,27.532108,22.784939,58.610855,56.21168,57.066963,28.94,22.47,17.18,establishment,37.17,2.19,0.63,Kuruvai,MAINTAIN,MAINTAIN,False,68.27236461639404,maintain
Kuruvai-2015,2015-06-28,-5.860268,-9.18974,-10.920593,27.368986,24.284843,20.292938,57.44047,53.926804,55.142147,22.47,17.18,10.08,establishment,33.37,8.02,0.95,Kuruvai,MAINTAIN,MAINTAIN,False,66.06274032592773,maintain
Kuruvai-2015,2015-06-29,-15.623455,-17.273005,-18.309416,17.248137,11.717298,12.260872,51.57247,48.07326,45.691296,17.18,10.08,3.45,tillering,20.02,1.2700000000000002,1.88,Kuruvai,MAINTAIN,MAINTAIN,False,67.19592666625977,maintain
Kuruvai-2015,2015-06-30,-16.342396,-19.241938,-20.75116,12.69794,7.392021,1.1607885,50.58898,46.392708,44.75135,10.08,3.45,-3.76,tillering,16.25,0.76,2.09,Kuruvai,MAINTAIN,MAINTAIN,False,66.93137741088867,maintain
Kuruvai-2015,2015-07-01,-23.136929,-25.510765,-29.679256,4.2582903,-3.7610083,-11.030767,43.903572,36.20484,41.385384,3.45,-3.76,-10.31,tillering,6.51,0.54,2.23,Kuruvai,MAINTAIN,MAINTAIN,False,71.06464004516602,maintain
Kuruvai-2015,2015-07-02,-32.969444,-35.747242,-38.18432,-7.4449286,-13.014289,-20.328136,40.937218,30.236115,29.936123,-3.76,-10.31,-16.31,tillering,-9.81,1.74,1.33,Kuruvai,MAINTAIN,MAINTAIN,False,73.90666198730469,maintain
Kuruvai-2015,2015-07-03,-34.918175,-36.872272,-40.749096,-15.939299,-21.57934,-27.593956,40.068565,28.757696,20.360107,-10.31,-16.31,-22.78,tillering,-10.65,0.37,0.8400000000000001,Kuruvai,MAINTAIN,MAINTAIN,False,74.98674011230469,maintain
Kuruvai-2015,2015-07-04,-38.09966,-40.316875,-43.457684,-19.140532,-28.639345,-32.91007,37.006615,26.642912,19.844442,-16.31,-22.78,-29.21,tillering,-19.36,0.14,0.49,Kuruvai,MAINTAIN,MAINTAIN,False,75.10627365112305,maintain
Kuruvai-2015,2015-07-05,-44.498497,-47.479076,-50.87543,-30.916952,-33.208855,-39.83416,21.782618,17.16464,15.4542265,-22.78,-29.21,-35.0,tillering,-27.56,0.11,0.45000000000000007,Kuruvai,MAINTAIN,MAINTAIN,False,66.32965755462646,maintain
Kuruvai-2015,2015-07-06,-47.315937,-48.57116,-52.695232,-34.716747,-36.873802,-44.726265,11.256636,16.15671,13.71958,-29.21,-35.0,-41.22,tillering,-28.76,4.9799999999999995,0.29,Kuruvai,MAINTAIN,MAINTAIN,False,66.4148120880127,maintain
Kuruvai-2015,2015-07-07,-45.710728,-48.366177,-51.021156,-35.443542,-37.40079,-39.834476,15.068595,17.028471,14.599057,-35.0,-41.22,-46.96,tillering,-22.59,11.44,0.11000000000000001,Kuruvai,MAINTAIN,MAINTAIN,False,65.62021350860596,maintain
Kuruvai-2015,2015-07-08,-51.215824,-56.31732,-59.10397,-42.66346,-47.94595,-52.942963,10.725199,8.031171,7.8517146,-41.22,-46.96,-51.52,tillering,-35.22,0.47,0.09,Kuruvai,MAINTAIN,MAINTAIN,False,66.95568418502808,maintain
Kuruvai-2015,2015-07-09,-52.987667,-57.365055,-61.694946,-48.663666,-52.47088,-54.89882,9.753074,8.364854,7.365168,-46.96,-51.52,-56.68,tillering,-34.77,1.53,0.22999999999999998,Kuruvai,MAINTAIN,MAINTAIN,False,69.06011438369751,maintain
Kuruvai-2015,2015-07-10,-57.597744,-59.066364,-63.689228,-45.08003,-52.367233,-53.810295,8.53853,8.364854,7.365168,-51.52,-56.68,-61.59,tillering,-44.91,2.23,0.35,Kuruvai,MAINTAIN,MAINTAIN,False,71.05439615249634,maintain
Kuruvai-2015,2015-07-11,-58.919163,-61.618538,-66.025,-48.54385,-57.04265,-53.949257,8.397089,8.031171,7.365168,-56.68,-61.59,-66.06,tillering,-47.61,4.35,0.49,Kuruvai,MAINTAIN,MAINTAIN,False,73.39016962051392,maintain
Kuruvai-2015,2015-07-12,-67.51986,-72.97456,-76.862305,-62.448303,-62.74596,-69.3276,-1.5349904,1.7019802,3.2272234,-61.59,-66.06,-70.59,tillering,-61.18,2.47,1.13,Kuruvai,MAINTAIN,MAINTAIN,False,80.08952808380127,maintain
Kuruvai-2015,2015-07-13,-69.89118,-74.01427,-78.95222,-65.00203,-69.33078,-69.610916,-1.2660661,2.0356634,3.400712,-66.06,-70.59,-74.23,tillering,-58.97,0.96,2.0100000000000002,Kuruvai,MAINTAIN,MAINTAIN,False,82.35292911529541,maintain
Kuruvai-2015,2015-07-14,-70.89599,-73.84209,-78.05266,-65.51951,-68.50973,-74.16729,-1.6416527,1.7019802,3.2272234,-70.59,-74.23,-78.48,tillering,-62.42,1.81,2.14,Kuruvai,MAINTAIN,MAINTAIN,False,81.27988147735596,maintain
Kuruvai-2015,2015-07-15,-76.57364,-80.41705,-84.23233,-73.53154,-76.501,-79.46029,-8.52592,0.9721037,1.8530908,-74.23,-78.48,-82.25,tillering,-73.47,9.39,2.0,Kuruvai,MAINTAIN,MAINTAIN,False,86.08542108535767,maintain
Kuruvai-2015,2015-07-16,-78.03825,-82.91778,-88.47818,-74.42096,-83.43913,-86.483505,-8.646122,0.9721037,1.8530908,-78.48,-82.25,-85.59,tillering,-71.43,2.52,1.2400000000000002,Kuruvai,INSPECT,MAINTAIN,True,90.33127069473267,uncertainty_gate
Kuruvai-2015,2015-07-17,-82.761734,-85.9159,-89.3137,-77.33339,-82.02294,-87.382286,-8.646122,0.9721037,1.8530908,-82.25,-85.59,-88.98,tillering,-75.65,4.88,1.35,Kuruvai,INSPECT,MAINTAIN,True,91.16678857803345,uncertainty_gate
Kuruvai-2015,2015-07-18,-91.04608,-93.0234,-95.83666,-86.75308,-90.35609,-89.92499,-8.794318,0.9721037,1.8530908,-85.59,-88.98,-93.71,tillering,-85.0,2.3,2.13,Kuruvai,INSPECT,MAINTAIN,True,97.68975305557251,uncertainty_gate
Kuruvai-2015,2015-07-19,-93.0277,-96.13922,-99.711105,-91.475685,-91.8187,-94.53901,-8.794318,0.4944043,1.8530908,-88.98,-93.71,-93.15,stem_elongation,-91.2,6.68,2.3200000000000003,Kuruvai,INSPECT,MAINTAIN,True,101.56419610977173,uncertainty_gate
Kuruvai-2015,2015-07-20,-98.9957,-99.24492,-103.640816,-95.49305,-96.99497,-103.77204,-8.794318,0.91094446,1.8530908,-93.71,-93.15,-95.37,stem_elongation,-94.9,12.920000000000002,2.1900000000000004,Kuruvai,INSPECT,MAINTAIN,True,105.49390649795532,uncertainty_gate
Kuruvai-2015,2015-07-21,-98.75488,-97.33455,-95.316216,-92.462715,-98.632454,-95.38987,-8.794318,0.6134572,1.9134645,-93.15,-95.37,-97.78,stem_elongation,-93.28,8.19,5.800000000000001,Kuruvai,INSPECT,MAINTAIN,True,97.94800615310669,uncertainty_gate
Kuruvai-2015,2015-07-22,-98.85326,-104.36539,-101.88467,-99.470985,-100.005585,-102.21823,-8.794318,0.6134572,1.6941104,-95.37,-97.78,-101.62,stem_elongation,-91.51,3.74,7.510000000000001,Kuruvai,INSPECT,MAINTAIN,True,104.978844165802,uncertainty_gate
Kuruvai-2015,2015-07-23,-100.80119,-108.876274,-105.44096,-104.7579,-104.53254,-101.47173,-8.794318,0.6134572,1.6941104,-97.78,-101.62,-101.78,stem_elongation,-99.33,7.670000000000001,9.06,Kuruvai,INSPECT,MAINTAIN,True,109.4897313117981,uncertainty_gate
Kuruvai-2015,2015-07-24,-105.09779,-107.94057,-112.501854,-110.75482,-107.2794,-108.05182,-8.794318,1.3099047,1.6941104,-101.62,-101.78,-104.36,stem_elongation,-97.65,10.57,4.570000000000001,Kuruvai,INSPECT,MAINTAIN,True,114.19596433639526,uncertainty_gate
Kuruvai-2015,2015-07-25,-106.78328,-109.68259,-108.788414,-110.54906,-105.6612,-105.91155,-8.794318,1.3099047,1.6941104,-101.78,-104.36,-106.66,stem_elongation,-98.77,11.15,6.550000000000002,Kuruvai,INSPECT,MAINTAIN,True,110.99249136447906,uncertainty_gate
Kuruvai-2015,2015-07-26,-113.31613,-117.347626,-106.41978,-110.80231,-109.6809,-107.14797,-8.794318,1.3099047,1.6941104,-104.36,-106.66,-107.47,stem_elongation,-98.69,9.48,6.240000000000001,Kuruvai,INSPECT,MAINTAIN,True,118.65753042697906,uncertainty_gate
Kuruvai-2015,2015-07-27,-112.10461,-107.92616,-96.60517,-111.07286,-106.53093,-105.58741,-8.794318,1.0299975,1.6941104,-106.66,-107.47,-108.09,stem_elongation,-96.6,6.430000000000001,7.840000000000002,Kuruvai,INSPECT,MAINTAIN,True,108.95616018772125,uncertainty_gate
Kuruvai-2015,2015-07-28,-110.335396,-111.2819,-104.25434,-111.37683,-108.62081,-106.558174,-8.794318,1.0299975,1.6941104,-107.47,-108.09,-111.62,stem_elongation,-100.28,4.3100000000000005,7.190000000000001,Kuruvai,INSPECT,MAINTAIN,True,112.31189596652985,uncertainty_gate
Kuruvai-2015,2015-07-29,-122.3858,-115.9071,-103.77308,-113.619156,-110.35067,-106.53677,-8.794318,0.6134572,1.6941104,-108.09,-111.62,-115.17,stem_elongation,-112.48,4.68,8.97,Kuruvai,INSPECT,MAINTAIN,True,116.52055406570435,uncertainty_gate
Kuruvai-2015,2015-07-30,-111.30397,-121.88174,-110.168465,-112.21075,-111.49086,-105.92588,-8.794318,1.514707,1.6941104,-111.62,-115.17,-118.1,stem_elongation,-99.67,2.7800000000000002,7.34,Kuruvai,INSPECT,MAINTAIN,True,123.39644372463226,uncertainty_gate
Kuruvai-2015,2015-07-31,-126.73858,-122.756195,-114.71176,-120.21184,-117.16643,-109.41671,-8.794318,1.0298712,1.9524198,-115.17,-118.1,44.52,stem_elongation,-114.27,7.42,4.140000000000001,Kuruvai,INSPECT,MAINTAIN,True,123.78606629371643,uncertainty_gate
Kuruvai-2015,2015-08-01,-115.19609,-122.725876,-88.69635,-110.30373,-104.00183,-25.123522,-8.794318,46.08531,56.592167,-118.1,44.52,42.47,stem_elongation,-109.95,10.51,1.7000000000000008,Kuruvai,INSPECT,MAINTAIN,True,168.81118774414062,uncertainty_gate
Kuruvai-2015,2015-08-02,-115.85121,-82.84229,-47.146854,-53.28002,37.927937,37.997925,51.908348,67.56798,60.866337,44.52,42.47,35.54,panicle_initiation,-117.76,8.0,2.6000000000000005,Kuruvai,IRRIGATE,MAINTAIN,False,167.75955963134766,agronomic_irrigate
Kuruvai-2015,2015-08-03,-2.8478546,-4.248871,-8.005581,36.667965,34.83775,29.566284,61.22464,61.182106,62.351795,42.47,35.54,28.33,panicle_initiation,42.46,7.92,6.920000000000001,Kuruvai,DELAY,MAINTAIN,False,70.35737609863281,agronomic_delay
Kuruvai-2015,2015-08-04,-5.860268,-9.233865,-11.907227,27.308447,23.455019,18.666122,57.636642,56.404526,57.574688,35.54,28.33,19.56,panicle_initiation,33.43,0.5800000000000001,7.010000000000001,Kuruvai,DELAY,MAINTAIN,False,69.48191452026367,agronomic_delay
Kuruvai-2015,2015-08-05,-5.6909785,-9.233865,-12.031403,27.9985,22.00302,18.58847,57.781242,55.661842,58.132893,28.33,19.56,39.15,panicle_initiation,34.68,0.78,5.880000000000001,Kuruvai,DELAY,MAINTAIN,False,70.1642951965332,agronomic_delay
Kuruvai-2015,2015-08-06,-15.623455,-17.273005,-18.138927,13.557456,7.5947804,14.563024,53.82836,56.076534,57.348103,19.56,39.15,31.78,panicle_initiation,20.53,0.6699999999999999,1.3600000000000008,Kuruvai,IRRIGATE,MAINTAIN,False,75.48703002929688,agronomic_irrigate
Kuruvai-2015,2015-08-07,-11.814601,-14.749099,-16.41242,16.799845,13.990548,16.084215,54.43473,56.257904,57.43808,39.15,31.78,23.96,panicle_initiation,24.4,10.36,0.6600000000000009,Kuruvai,DELAY,MAINTAIN,False,73.85050010681152,agronomic_delay
Kuruvai-2015,2015-08-08,-0.1107467,-3.5853004,-7.5731244,36.409252,30.434427,24.924276,59.653633,57.09653,56.189217,31.78,23.96,17.54,panicle_initiation,46.73,1.35,0.640000000000001,Kuruvai,DELAY,MAINTAIN,False,63.762341022491455,agronomic_delay
Kuruvai-2015,2015-08-09,-7.771334,-11.353526,-14.180083,24.671339,17.48244,16.372227,56.60856,57.790905,57.640366,23.96,17.54,10.68,panicle_initiation,27.8,1.42,0.720000000000001,Kuruvai,DELAY,DELAY,False,71.82044887542725,agronomic_delay
Kuruvai-2015,2015-08-10,-11.541422,-15.114246,-17.5015,20.896076,16.560144,16.732645,54.14372,55.17827,57.688976,17.54,10.68,58.59,panicle_initiation,25.47,0.8200000000000001,1.130000000000001,Kuruvai,DELAY,DELAY,False,75.19047546386719,agronomic_delay
Kuruvai-2015,2015-08-11,-17.816723,-19.77258,-19.409895,12.413748,7.751818,17.075256,56.601418,55.251434,56.376423,10.68,58.59,50.86,panicle_initiation,13.91,2.29,1.220000000000001,Kuruvai,DELAY,DELAY,False,75.78631782531738,agronomic_delay
Kuruvai-2015,2015-08-12,-22.950552,-24.064219,-22.640047,5.0073204,5.3286285,20.56493,51.58772,56.323242,57.662727,58.59,50.86,43.65,panicle_initiation,7.54,6.1499999999999995,1.380000000000001,Kuruvai,DELAY,MAINTAIN,False,80.38746070861816,agronomic_delay
Kuruvai-2015,2015-08-13,12.551812,9.881433,7.361251,48.643955,41.69228,38.828938,71.66245,67.836136,64.561226,50.86,43.65,36.7,panicle_initiation,62.46,17.0,0.840000000000001,Kuruvai,MAINTAIN,MAINTAIN,False,59.11064052581787,maintain
Kuruvai-2015,2015-08-14,5.7760825,2.495369,-0.28076303,45.176376,39.52956,36.908478,65.91462,64.570526,59.879745,43.65,36.7,63.04,flowering,50.67,20.93,1.600000000000001,Kuruvai,DELAY,MAINTAIN,False,62.075157165527344,agronomic_delay
Kuruvai-2015,2015-08-15,5.960724,2.1941454,-0.7602288,42.93299,44.56702,43.685917,65.91524,65.50173,63.27496,36.7,63.04,58.98,flowering,52.35,30.240000000000002,2.320000000000001,Kuruvai,DELAY,MAINTAIN,False,64.03518837690353,agronomic_delay
Kuruvai-2015,2015-08-16,-2.1160657,1.1404048,-2.215513,58.78541,56.18355,46.537067,73.923004,74.70829,73.53523,63.04,58.98,54.54,flowering,34.29,6.6899999999999995,33.51,Kuruvai,DELAY,MAINTAIN,False,76.03906989097595,agronomic_delay
Kuruvai-2015,2015-08-17,12.89163,10.81499,9.121967,55.306683,50.41743,45.93351,73.37361,71.08236,68.34658,58.98,54.54,49.51,flowering,68.04,6.23,35.230000000000004,Kuruvai,MAINTAIN,MAINTAIN,False,60.48198127746582,maintain
Kuruvai-2015,2015-08-18,12.931738,11.214377,11.197125,54.972134,48.7782,52.928978,73.19124,72.43521,73.92572,54.54,49.51,43.74,flowering,59.47,16.88,36.519999999999996,Kuruvai,MAINTAIN,MAINTAIN,False,62.72859477996826,maintain
Kuruvai-2015,2015-08-19,10.500567,6.3702,4.524429,50.58137,48.41721,51.3305,70.657524,69.51112,68.22926,49.51,43.74,43.0,flowering,58.52,48.08,6.57,Kuruvai,MAINTAIN,MAINTAIN,False,63.70483446121216,maintain
Kuruvai-2015,2015-08-20,0.26749963,-2.969986,-2.1985984,39.910988,37.43096,43.022655,60.017197,56.89857,58.268295,43.74,43.0,57.48,flowering,47.27,35.199999999999996,4.74,Kuruvai,DELAY,MAINTAIN,False,60.466893672943115,agronomic_delay
Kuruvai-2015,2015-08-21,0.19301732,0.85641396,1.6994216,37.769646,39.146206,38.892265,59.07914,61.627113,64.87558,43.0,57.48,55.41,flowering,43.49,25.61,8.620000000000001,Kuruvai,MAINTAIN,MAINTAIN,False,63.17615818977356,maintain
Kuruvai-2015,2015-08-22,-0.08960597,2.6319187,-0.65154296,56.761894,55.43682,49.62004,63.41192,73.728424,71.33404,57.48,55.41,47.34,flowering,42.42,8.3,27.610000000000003,Kuruvai,DELAY,MAINTAIN,False,71.98558074235916,agronomic_delay
Kuruvai-2015,2015-08-23,6.35218,4.2568836,1.2100941,45.28702,42.30408,33.59817,65.75409,67.58761,64.63648,55.41,47.34,39.3,flowering,53.3,0.47,31.86,Kuruvai,MAINTAIN,MAINTAIN,False,63.4263881444931,maintain
Kuruvai-2015,2015-08-24,10.249975,5.7894344,1.1924298,48.129692,39.812996,32.56957,71.56578,69.93683,64.97386,47.34,39.3,31.92,flowering,58.72,1.36,25.890000000000004,Kuruvai,MAINTAIN,MAINTAIN,False,64.14739418029785,maintain
Kuruvai-2015,2015-08-25,5.7760825,2.495369,-1.8589262,43.822495,37.069485,30.878153,64.74075,64.24467,57.469936,39.3,31.92,27.81,flowering,50.59,2.5,5.609999999999999,Kuruvai,DELAY,MAINTAIN,False,61.749298095703125,agronomic_delay
Kuruvai-2015,2015-08-26,-4.0360193,-6.7807393,-9.274304,32.553486,28.771727,24.730556,58.4209,56.32915,56.634804,31.92,27.81,21.82,flowering,42.27,3.1399999999999997,0.48,Kuruvai,DELAY,MAINTAIN,False,65.90910816192627,agronomic_delay
Kuruvai-2015,2015-08-27,-5.096062,-9.233865,-11.346286,31.717793,28.479301,22.800085,56.956886,55.807938,54.458748,27.81,21.82,15.11,grain_filling,39.6,1.0,1.97,Kuruvai,MAINTAIN,MAINTAIN,False,65.80503368377686,maintain
Kuruvai-2015,2015-08-28,-5.1668935,-9.233865,-11.67296,29.589067,25.603458,20.063616,56.77314,55.44744,54.143295,21.82,15.11,9.5,grain_filling,35.06,0.71,2.38,Kuruvai,MAINTAIN,MAINTAIN,False,65.81625556945801,maintain
Kuruvai-2015,2015-08-29,-15.623455,-17.273005,-18.309416,14.661161,10.659956,11.2601185,54.5494,49.795757,48.393723,15.11,9.5,3.8,grain_filling,19.95,3.12,2.33,Kuruvai,MAINTAIN,MAINTAIN,False,70.17285537719727,maintain
Kuruvai-2015,2015-08-30,-16.342396,-18.439985,-19.810581,13.445974,9.089965,11.441641,53.8077,47.901432,47.63476,9.5,3.8,0.54,grain_filling,16.98,11.5,1.1400000000000001,Kuruvai,MAINTAIN,MAINTAIN,False,70.15009689331055,maintain
Kuruvai-2015,2015-08-31,-23.136929,-25.41737,-26.475481,4.639768,4.4636126,8.592403,48.490784,41.74664,44.8102,3.8,0.54,-0.92,grain_filling,6.38,15.59,0.98,Kuruvai,MAINTAIN,MAINTAIN,False,71.62771224975586,maintain
Kuruvai-2015,2015-09-01,-24.641216,-24.937696,-24.386587,2.0410986,3.9311907,6.1345296,43.329716,39.223568,42.678146,0.54,-0.92,-0.87,grain_filling,3.92,16.560000000000002,3.11,Kuruvai,MAINTAIN,MAINTAIN,False,67.97093200683594,maintain
Kuruvai-2015,2015-09-02,-27.68505,-29.314955,-29.50363,-3.0884821,-0.9548578,-1.3865598,39.519176,37.66474,42.36869,-0.92,-0.87,-5.18,grain_filling,-2.46,11.59,6.71,Kuruvai,MAINTAIN,MAINTAIN,False,71.8723201751709,maintain
Kuruvai-2015,2015-09-03,-25.064917,-24.406996,-24.749216,3.36842,3.3205414,5.9487743,42.36051,40.97167,44.126064,-0.87,-5.18,-5.05,grain_filling,7.18,14.69,11.219999999999999,Kuruvai,MAINTAIN,MAINTAIN,False,68.87528038024902,maintain
Kuruvai-2015,2015-09-04,-26.80468,-28.143269,-29.86984,-4.9074802,-1.2603102,4.262579,39.935856,38.39366,41.928547,-5.18,-5.05,-2.11,grain_filling,0.95,14.33,9.54,Kuruvai,MAINTAIN,MAINTAIN,False,71.79838752746582,maintain
Kuruvai-2015,2015-09-05,-27.656418,-29.252815,-28.53632,-2.3312747,2.4276378,3.693842,39.281525,36.973186,44.53654,-5.05,-2.11,-4.48,grain_filling,-6.27,17.490000000000002,10.41,Kuruvai,MAINTAIN,MAINTAIN,False,73.07286071777344,maintain
Kuruvai-2015,2015-09-06,-27.695044,-27.397755,-30.283035,0.22792408,2.0071838,-1.7889856,39.637646,39.251183,46.17241,-2.11,-4.48,-10.05,grain_filling,0.92,3.3899999999999997,13.440000000000001,Kuruvai,MAINTAIN,MAINTAIN,False,76.4554443359375,maintain
Kuruvai-2015,2015-09-07,-32.44483,-35.29217,-38.02073,-7.5171466,-11.485343,-18.005209,37.78403,34.452774,28.820248,-4.48,-10.05,-13.89,grain_filling,-12.96,1.19,14.590000000000002,Kuruvai,MAINTAIN,MAINTAIN,False,70.22886276245117,maintain
Kuruvai-2015,2015-09-08,-36.5512,-39.474228,-42.2488,-16.519083,-21.604929,-24.314096,37.38289,31.852179,28.067688,-10.05,-13.89,-18.84,grain_filling,-14.55,3.0,9.79,Kuruvai,MAINTAIN,MAINTAIN,False,73.93408966064453,maintain
Kuruvai-2015,2015-09-09,-30.248817,-32.693645,-33.195797,-14.808462,-15.8819685,-14.842433,38.463764,34.862312,41.430542,-13.89,-18.84,-21.94,grain_filling,-6.07,1.28,3.79,Kuruvai,MAINTAIN,MAINTAIN,False,74.62633895874023,maintain
Kuruvai-2015,2015-09-10,-34.768806,-36.40332,-39.10538,-17.501581,-19.799406,-22.25995,37.22298,33.890404,27.830467,-18.84,-21.94,-25.05,grain_filling,-13.59,0.86,2.45,Kuruvai,MAINTAIN,MAINTAIN,False,71.99178695678711,maintain
Kuruvai-2015,2015-09-11,-37.008755,-39.686462,-42.073692,-18.16673,-20.81826,-24.577185,36.703377,31.626026,27.466413,-21.94,-25.05,-28.62,ripening,-17.59,0.8900000000000001,2.4599999999999995,Kuruvai,MAINTAIN,MAINTAIN,False,73.71213150024414,maintain
Kuruvai-2015,2015-09-12,-44.268997,-46.793888,-47.148163,-27.503128,-27.670208,-31.95963,18.488544,29.397543,26.569225,-25.05,-28.62,-32.56,ripening,-28.57,0.31000000000000005,1.23,Kuruvai,MAINTAIN,MAINTAIN,False,76.19143104553223,maintain
Kuruvai-2015,2015-09-13,-45.692665,-48.01065,-49.008144,-30.188305,-32.310173,-35.08889,16.382164,29.195944,25.750317,-28.62,-32.56,-36.1,ripening,-25.17,0.5700000000000001,0.9799999999999999,Kuruvai,MAINTAIN,MAINTAIN,False,77.20659446716309,maintain
Kuruvai-2015,2015-09-14,-41.187134,-42.308968,-44.121334,-23.044598,-28.856323,-31.927969,31.836514,31.53159,27.691347,-32.56,-36.1,-39.69,ripening,-18.6,1.9300000000000002,0.78,Kuruvai,MAINTAIN,MAINTAIN,False,73.84055709838867,maintain
Kuruvai-2015,2015-09-15,-44.854656,-46.894512,-47.59675,-31.938456,-29.923409,-33.432037,19.346848,29.397543,26.082132,-36.1,-39.69,-42.32,ripening,-28.44,1.9,0.3099999999999999,Kuruvai,MAINTAIN,MAINTAIN,False,76.29205513000488,maintain
Kuruvai-2015,2015-09-16,-50.567863,-54.808937,-54.66912,-36.28803,-40.977673,-40.722027,12.365891,23.576624,23.9273,-39.69,-42.32,-45.28,ripening,-35.25,2.34,0.4099999999999999,Kuruvai,MAINTAIN,MAINTAIN,False,78.59642028808594,maintain
Kuruvai-2015,2015-09-17,-53.785076,-55.372353,-56.36631,-41.37048,-44.537563,-37.37957,10.845794,23.605875,23.9273,-42.32,-45.28,-47.53,ripening,-41.89,4.26,1.3599999999999999,Kuruvai,MAINTAIN,MAINTAIN,False,80.29360961914062,maintain
Kuruvai-2015,2015-09-18,-57.85502,-58.37952,-60.959785,-45.56468,-48.27445,-47.49992,10.845794,23.576624,24.516893,-45.28,-47.53,-49.98,ripening,-44.29,2.0,1.5499999999999998,Kuruvai,MAINTAIN,MAINTAIN,False,85.4766788482666,maintain
Kuruvai-2015,2015-09-19,-65.41045,-67.831055,-71.39681,-54.174526,-50.778057,-48.422256,1.9630557,23.605875,24.081703,-47.53,-49.98,-51.62,ripening,-55.93,1.7799999999999998,2.28,Kuruvai,INSPECT,MAINTAIN,True,95.478515625,uncertainty_gate
Kuruvai-2015,2015-09-20,-59.90618,-59.859062,-63.149784,-49.167877,-50.381626,-50.013805,10.739131,23.605875,23.9273,-49.98,-51.62,-54.49,ripening,-46.24,3.19,2.05,Kuruvai,MAINTAIN,MAINTAIN,False,87.07708358764648,maintain
Kuruvai-2015,2015-09-21,-57.84987,-58.44875,-61.677776,-46.98924,-47.86557,-49.05593,10.845794,23.576624,23.9273,-51.62,-54.49,-55.89,ripening,-45.75,2.93,3.0999999999999996,Kuruvai,MAINTAIN,MAINTAIN,False,85.60507583618164,maintain
Kuruvai-2015,2015-09-22,-66.98966,-70.18448,-73.12755,-56.339508,-51.39829,-48.849316,1.9630557,23.605875,24.081703,-54.49,-55.89,-58.22,ripening,-59.5,3.69,2.7199999999999998,Kuruvai,INSPECT,MAINTAIN,True,97.2092514038086,uncertainty_gate
Kuruvai-2015,2015-09-23,-67.66682,-68.84398,-68.67677,-59.096066,-54.759216,-47.904476,1.856393,23.605875,24.57913,-55.89,-58.22,-60.47,ripening,-57.8,2.89,3.1499999999999995,Kuruvai,INSPECT,MAINTAIN,True,93.25590324401855,uncertainty_gate
Kuruvai-2015,2015-09-24,-69.92891,-70.32902,-69.6236,-60.003048,-52.654606,-43.616642,1.4808077,23.605875,24.081703,-58.22,-60.47,-62.62,ripening,-61.68,11.09,2.4299999999999997,Kuruvai,INSPECT,MAINTAIN,True,93.93489265441895,uncertainty_gate
Kuruvai-2015,2015-09-25,-70.49033,-70.556885,-70.32602,-62.422062,-53.59222,-39.280094,1.4808077,23.576624,24.081703,-60.47,-62.62,-55.55,ripening,-63.05,18.67,2.9499999999999997,Kuruvai,INSPECT,MAINTAIN,True,94.40772247314453,uncertainty_gate
Kuruvai-2015,2015-09-26,-70.44551,-71.984474,-72.24601,-61.38788,-50.263237,-32.026222,1.856393,23.608541,27.005587,-62.62,-55.55,-51.4,ripening,-60.2,40.66,2.86,Kuruvai,INSPECT,MAINTAIN,True,99.25159645080566,uncertainty_gate
Kuruvai-2015,2015-09-27,-72.42709,-70.92378,-72.07813,-60.413345,-45.87956,-28.690353,-4.831698,24.20857,25.683813,-55.55,-51.4,-45.28,ripening,-73.04,36.39,11.98,Kuruvai,INSPECT,MAINTAIN,True,97.7619457244873,uncertainty_gate
Kuruvai-2015,2015-09-28,-63.31036,-63.109013,-64.56042,-49.847775,-42.643562,-31.098978,7.5640893,25.142763,25.301735,-51.4,-45.28,-40.88,ripening,-52.48,20.64,18.12,Kuruvai,MAINTAIN,MAINTAIN,False,89.86215209960938,maintain
Kuruvai-2015,2015-09-29,-55.763218,-56.884697,-56.26229,-36.728886,-35.012894,-28.077456,10.704352,24.427465,26.344046,-45.28,-40.88,-36.52,ripening,-47.63,36.12,25.77,Kuruvai,MAINTAIN,MAINTAIN,False,82.60633659362793,maintain
Kuruvai-2015,2015-09-30,-54.45126,-55.055595,-55.213394,-37.354065,-27.32725,-19.761347,11.409898,27.147081,29.200731,-40.88,-36.52,-23.95,ripening,-46.54,56.15,22.98,Kuruvai,MAINTAIN,MAINTAIN,False,84.41412544250488,maintain
Kuruvai-2015,2015-10-01,-58.40299,-60.966755,-60.73222,-41.203026,-31.882826,-31.076065,7.790954,24.257284,25.993433,-36.52,-23.95,-23.67,ripening,-53.28,32.33,22.8,Kuruvai,MAINTAIN,MAINTAIN,False,86.72565269470215,maintain
Kuruvai-2015,2015-10-02,-52.2718,-50.97728,-51.279625,-29.401016,-29.46075,-23.719292,11.028149,25.915117,26.71694,-23.95,-23.67,-17.29,ripening,-41.5,35.68,29.830000000000002,Kuruvai,MAINTAIN,MAINTAIN,False,77.9965648651123,maintain
Kuruvai-2015,2015-10-03,-40.581207,-39.865685,-38.37353,-19.226906,-17.732803,-13.073093,30.046238,32.53667,32.78827,-23.67,-17.29,0.34,ripening,-17.79,38.11,26.67,Kuruvai,MAINTAIN,MAINTAIN,False,72.4023551940918,maintain
Kuruvai-2015,2015-10-04,-45.93019,-47.503685,-45.423195,-25.250854,-19.475548,-11.006596,19.635986,26.041117,32.05637,-17.29,0.34,4.68,ripening,-37.56,53.05,28.470000000000002,Kuruvai,MAINTAIN,MAINTAIN,False,77.47956466674805,maintain
Kuruvai-2015,2015-10-05,-39.832973,-37.03383,-35.208256,-1.2107219,-5.8590446,-2.0220323,29.056747,33.166847,32.17091,0.34,4.68,19.23,ripening,-19.03,22.67,33.25,Kuruvai,MAINTAIN,MAINTAIN,False,70.20067596435547,maintain
Kuruvai-2015,2015-10-06,-29.595785,-29.543259,-29.627716,0.5748603,2.6694677,0.535059,39.74559,36.194324,49.478363,4.68,19.23,18.97,ripening,-5.56,12.28,37.85,Kuruvai,MAINTAIN,MAINTAIN,False,79.1060791015625,maintain
Kuruvai-2015,2015-10-07,-22.33505,-21.417566,-22.690918,17.182014,15.324278,15.4183855,46.97562,44.265465,51.3149,19.23,18.97,15.34,ripening,8.7,18.259999999999998,47.32,Kuruvai,MAINTAIN,MAINTAIN,False,74.00581741333008,maintain
Kuruvai-2015,2015-10-08,-16.97771,-16.585234,-15.63019,15.050774,16.288845,15.479592,51.434578,48.98367,47.6947,18.97,15.34,14.36,ripening,15.85,20.919999999999998,29.96,Kuruvai,MAINTAIN,MAINTAIN,False,68.41228866577148,maintain
Kuruvai-2015,2015-10-09,-12.82018,-14.0289755,-12.931967,21.351156,20.382978,20.621595,51.094,51.399296,49.12009,15.34,14.36,20.45,ripening,20.99,22.929999999999996,21.730000000000004,Kuruvai,MAINTAIN,MAINTAIN,False,65.42827129364014,maintain
Kuruvai-2016,2016-06-22,-8.288742,-8.446133,-10.253471,28.207985,24.468443,21.379314,56.135983,54.536694,52.117546,19.91,20.96,16.01,establishment,28.24,8.290000000000001,11.56,Kuruvai,MAINTAIN,MAINTAIN,False,64.42472457885742,maintain
Kuruvai-2016,2016-06-23,-16.035511,-16.69433,-18.138859,19.540531,18.191633,13.540157,53.82624,57.20652,56.019527,20.96,16.01,10.49,establishment,15.78,3.42,14.82,Kuruvai,MAINTAIN,MAINTAIN,False,74.15838623046875,maintain
Kuruvai-2016,2016-06-24,-15.471054,-14.834812,-18.287762,16.406786,16.705378,15.030058,52.99766,53.546295,51.22647,16.01,10.49,42.68,establishment,20.86,4.62,11.610000000000001,Kuruvai,MAINTAIN,MAINTAIN,False,69.51423263549805,maintain
Kuruvai-2016,2016-06-25,-18.809444,-21.048906,-23.856483,12.473837,5.9611106,-1.7927288,52.96074,50.286274,49.746304,10.49,42.68,36.03,establishment,13.08,0.95,8.59,Kuruvai,DELAY,MAINTAIN,False,73.60278701782227,threshold_delay
Kuruvai-2016,2016-06-26,-23.103783,-26.287231,-28.298222,3.538422,-0.74533266,-5.145285,52.718277,48.98381,45.330246,42.68,36.03,30.3,establishment,11.83,1.02,2.49,Kuruvai,DELAY,MAINTAIN,False,75.82205963134766,threshold_delay
Kuruvai-2016,2016-06-27,-7.0359435,-10.925294,-13.557279,28.9531,23.760973,18.053745,59.360325,55.402523,52.883938,36.03,30.3,23.96,establishment,37.93,3.2199999999999998,1.66,Kuruvai,MAINTAIN,MAINTAIN,False,66.44121646881104,maintain
Kuruvai-2016,2016-06-28,-7.1654577,-10.718428,-13.386479,29.228151,25.003147,20.893217,57.013805,53.43004,52.54096,30.3,23.96,18.06,establishment,35.13,0.9500000000000001,0.9099999999999999,Kuruvai,MAINTAIN,MAINTAIN,False,65.9274377822876,maintain
Kuruvai-2016,2016-06-29,-7.6892858,-10.836017,-13.431411,27.072231,21.54315,16.616028,55.34171,51.32732,47.15847,23.96,18.06,10.68,tillering,32.55,7.39,1.28,Kuruvai,MAINTAIN,MAINTAIN,False,63.03099489212036,maintain
Kuruvai-2016,2016-06-30,-16.92597,-18.320816,-20.792116,14.670978,9.462854,6.6670856,49.257427,45.682796,45.492123,18.06,10.68,3.4,tillering,18.92,0.04,1.81,Kuruvai,MAINTAIN,MAINTAIN,False,66.28423881530762,maintain
Kuruvai-2016,2016-07-01,-18.703606,-20.969004,-23.741335,12.085974,3.4056952,-4.8350086,49.317528,47.324234,43.97517,10.68,3.4,-4.24,tillering,14.56,0.060000000000000005,1.58,Kuruvai,MAINTAIN,MAINTAIN,False,68.29323768615723,maintain
Kuruvai-2016,2016-07-02,-23.028585,-26.359116,-29.939344,6.7177877,0.6582532,-8.913039,48.950985,35.657017,41.117916,3.4,-4.24,-10.67,tillering,8.94,0.23,0.97,Kuruvai,MAINTAIN,MAINTAIN,False,71.97957038879395,maintain
Kuruvai-2016,2016-07-03,-29.37705,-32.21636,-32.977604,-6.4002194,-11.421137,-6.356504,46.52056,31.62774,39.59694,-4.24,-10.67,-16.59,tillering,-3.74,15.83,0.04,Kuruvai,MAINTAIN,MAINTAIN,False,75.89761161804199,maintain
Kuruvai-2016,2016-07-04,-30.990759,-32.173855,-33.686382,-11.363368,-12.432624,-10.010812,41.77815,33.060284,40.101612,-10.67,-16.59,-19.97,tillering,-6.35,5.49,0.1,Kuruvai,MAINTAIN,MAINTAIN,False,73.78799438476562,maintain
Kuruvai-2016,2016-07-05,-34.776432,-37.065845,-40.66355,-15.19281,-18.241705,-23.199503,43.262016,30.557268,20.110594,-16.59,-19.97,-25.6,tillering,-10.08,3.06,0.16,Kuruvai,MAINTAIN,MAINTAIN,False,78.03844833374023,maintain
Kuruvai-2016,2016-07-06,-37.99267,-39.762478,-42.067623,-15.574352,-22.557335,-25.18827,43.116653,29.057158,21.173788,-19.97,-25.6,-31.02,tillering,-18.59,4.22,2.19,Kuruvai,MAINTAIN,MAINTAIN,False,81.10932159423828,maintain
Kuruvai-2016,2016-07-07,-39.70598,-43.214424,-44.9841,-23.852116,-23.061539,-30.444906,28.215052,23.471762,14.372517,-25.6,-31.02,-37.13,tillering,-21.33,17.79,2.2600000000000002,Kuruvai,MAINTAIN,MAINTAIN,False,67.92103004455566,maintain
Kuruvai-2016,2016-07-08,-44.60813,-48.298336,-51.094597,-29.604652,-34.92896,-41.62447,26.630579,19.056837,13.606604,-31.02,-37.13,-42.39,tillering,-25.7,5.180000000000001,2.8,Kuruvai,MAINTAIN,MAINTAIN,False,71.23871040344238,maintain
Kuruvai-2016,2016-07-09,-52.312374,-55.409866,-59.296116,-37.712296,-45.371143,-52.92132,10.433971,9.259171,8.569876,-37.13,-42.39,-47.99,tillering,-34.3,0.05,0.79,Kuruvai,MAINTAIN,MAINTAIN,False,67.86599159240723,maintain
Kuruvai-2016,2016-07-10,-53.242756,-55.42551,-59.74418,-43.619755,-46.51561,-54.366894,8.864236,9.259171,8.569876,-42.39,-47.99,-53.35,tillering,-33.67,0.04,0.6599999999999999,Kuruvai,MAINTAIN,MAINTAIN,False,68.31405448913574,maintain
Kuruvai-2016,2016-07-11,-53.700935,-55.98433,-57.95028,-45.818577,-42.245754,-43.8057,8.864236,8.774384,9.3395605,-47.99,-53.35,-59.12,tillering,-35.21,17.85,0.06999999999999999,Kuruvai,MAINTAIN,MAINTAIN,False,67.28983974456787,maintain
Kuruvai-2016,2016-07-12,-61.314972,-65.762726,-69.31914,-49.61545,-52.18013,-59.664665,7.8840723,8.320377,8.384268,-53.35,-59.12,-64.69,tillering,-50.31,3.49,0.06,Kuruvai,MAINTAIN,MAINTAIN,False,77.70340538024902,maintain
Kuruvai-2016,2016-07-13,-63.25376,-67.21091,-71.25802,-52.63762,-56.08973,-58.788227,7.8840723,8.320377,8.206873,-59.12,-64.69,-61.77,tillering,-50.92,5.68,0.04,Kuruvai,MAINTAIN,MAINTAIN,False,79.46489143371582,maintain
Kuruvai-2016,2016-07-14,-69.13545,-74.06878,-76.01785,-62.044,-62.802963,-65.4362,-0.103993714,2.1087954,3.5958962,-64.69,-61.77,-63.12,tillering,-60.32,15.99,0.049999999999999996,Kuruvai,MAINTAIN,MAINTAIN,False,79.6137490272522,maintain
Kuruvai-2016,2016-07-15,-67.89736,-71.155365,-77.17775,-57.43941,-54.62535,-56.03612,-1.2711086,1.9848616,4.96056,-61.77,-63.12,-58.53,tillering,-62.86,20.17,7.59,Kuruvai,MAINTAIN,MAINTAIN,False,82.13830947875977,maintain
Kuruvai-2016,2016-07-16,-68.247986,-71.272995,-72.44937,-53.599815,-61.305927,-56.81628,5.633889,2.4823916,5.370045,-63.12,-58.53,-57.38,tillering,-53.94,14.76,10.29,Kuruvai,MAINTAIN,MAINTAIN,False,77.81941652297974,maintain
Kuruvai-2016,2016-07-17,-64.36107,-67.217705,-69.255516,-55.87688,-51.32475,-59.896633,-1.2711086,2.5612295,5.3030796,-58.53,-57.38,-61.02,tillering,-60.58,7.22,18.64,Kuruvai,MAINTAIN,MAINTAIN,False,74.55859565734863,maintain
Kuruvai-2016,2016-07-18,-67.615456,-67.57572,-66.4974,-60.67768,-61.026886,-57.13135,-5.09547,0.63368785,2.967416,-57.38,-61.02,-63.0,tillering,-67.4,15.77,16.259999999999998,Kuruvai,MAINTAIN,MAINTAIN,False,69.46481442451477,maintain
Kuruvai-2016,2016-07-19,-66.229935,-68.67912,-69.14379,-58.435486,-62.458733,-58.98981,2.3591588,2.6427343,4.853236,-61.02,-63.0,-65.77,stem_elongation,-55.11,12.23,14.94,Kuruvai,MAINTAIN,MAINTAIN,False,73.99702739715576,maintain
Kuruvai-2016,2016-07-20,-66.23699,-67.98062,-71.034355,-55.794,-59.854565,-62.357903,2.9039383,2.1368968,4.9758406,-63.0,-65.77,-70.04,stem_elongation,-54.86,4.640000000000001,9.650000000000002,Kuruvai,MAINTAIN,MAINTAIN,False,76.0101957321167,maintain
Kuruvai-2016,2016-07-21,-68.924904,-70.29793,-74.21316,-61.376522,-64.77856,-72.08716,-1.4396186,1.9999299,3.7920468,-65.77,-70.04,-74.18,stem_elongation,-64.11,4.33,6.750000000000002,Kuruvai,MAINTAIN,MAINTAIN,False,78.00520443916321,maintain
Kuruvai-2016,2016-07-22,-69.25839,-70.854256,-72.78299,-65.46455,-66.14865,-68.404526,-1.5313728,1.9848616,4.4896955,-70.04,-74.18,-76.05,stem_elongation,-60.79,19.33,6.330000000000002,Kuruvai,MAINTAIN,MAINTAIN,False,77.27268505096436,maintain
Kuruvai-2016,2016-07-23,-75.20593,-79.20694,-81.25319,-70.22659,-76.22001,-73.5049,-9.044399,-0.6189585,1.1169198,-74.18,-76.05,-65.57,stem_elongation,-73.49,26.929999999999996,3.9000000000000017,Kuruvai,MAINTAIN,MAINTAIN,False,82.37010884284973,maintain
Kuruvai-2016,2016-07-24,-84.27886,-85.15375,-82.98128,-81.26495,-76.2364,-69.08451,-11.93133,0.31170285,4.237962,-76.05,-65.57,-61.88,stem_elongation,-81.61,51.67,4.280000000000002,Kuruvai,MAINTAIN,MAINTAIN,False,87.21923923492432,maintain
Kuruvai-2016,2016-07-25,-79.59529,-80.52075,-77.96978,-64.226585,-70.44564,-71.39192,-11.202904,0.04548213,1.974067,-65.57,-61.88,-60.79,stem_elongation,-75.34,12.11,18.42,Kuruvai,MAINTAIN,MAINTAIN,False,80.56623408198357,maintain
Kuruvai-2016,2016-07-26,-76.128426,-77.73546,-73.73262,-71.02634,-67.760826,-72.56817,-11.202904,-1.3597974,2.3528895,-61.88,-60.79,-60.16,stem_elongation,-74.35,11.94,25.400000000000002,Kuruvai,MAINTAIN,MAINTAIN,False,76.37566101551056,maintain
Kuruvai-2016,2016-07-27,-72.54607,-68.52142,-71.41603,-62.18486,-57.00758,-56.363598,-3.5981252,2.8937619,4.890148,-60.79,-60.16,-62.94,stem_elongation,-63.08,13.450000000000001,28.190000000000005,Kuruvai,MAINTAIN,MAINTAIN,False,76.30617904663086,maintain
Kuruvai-2016,2016-07-28,-65.984505,-66.22142,-67.92971,-49.45075,-58.358482,-57.241425,5.373625,2.947138,5.8272457,-60.16,-62.94,-66.31,stem_elongation,-54.36,3.52,17.900000000000002,Kuruvai,MAINTAIN,MAINTAIN,False,73.75695610046387,maintain
Kuruvai-2016,2016-07-29,-71.600716,-74.47556,-77.46638,-66.97685,-71.985115,-71.653915,-9.044399,0.1905835,1.2280254,-62.94,-66.31,-71.74,stem_elongation,-69.71,3.17,11.990000000000004,Kuruvai,MAINTAIN,MAINTAIN,False,78.69440269470215,maintain
Kuruvai-2016,2016-07-30,-74.7514,-74.802086,-81.303566,-75.42788,-80.42145,-81.29562,-11.202904,-0.53805685,1.1332486,-66.31,-71.74,-76.55,stem_elongation,-69.34,0.32,7.740000000000002,Kuruvai,MAINTAIN,MAINTAIN,False,82.43681454658508,maintain
Kuruvai-2016,2016-07-31,-80.5415,-84.351654,-88.68509,-77.700645,-83.268745,-83.1354,-11.202904,0.119634405,0.84573054,-71.74,-76.55,-81.26,stem_elongation,-71.47,0.19,3.1300000000000017,Kuruvai,MAINTAIN,MAINTAIN,False,89.53081965446472,maintain
Kuruvai-2016,2016-08-01,-81.58074,-87.83746,-89.51441,-80.716934,-86.40353,-52.941753,-11.202904,1.4085133,52.103497,-76.55,-81.26,44.14,stem_elongation,-72.06,1.94,1.5100000000000018,Kuruvai,INSPECT,MAINTAIN,True,141.6179084777832,uncertainty_gate
Kuruvai-2016,2016-08-02,-88.65704,-91.39558,-92.89581,-85.90132,-57.6332,-60.466095,-11.93133,45.319466,52.103497,-81.26,44.14,36.24,stem_elongation,-78.38,0.05,0.3200000000000018,Kuruvai,INSPECT,MAINTAIN,True,144.99930953979492,uncertainty_gate
Kuruvai-2016,2016-08-03,-87.099434,-89.17069,-53.77425,-1.984844,29.552414,29.98289,59.15472,58.267567,58.26503,44.14,36.24,28.75,panicle_initiation,-74.26,0.03,0.1500000000000018,Kuruvai,IRRIGATE,MAINTAIN,False,147.43825912475586,agronomic_irrigate
Kuruvai-2016,2016-08-04,-3.3274896,-5.7063346,-8.140768,37.91142,30.29117,24.403557,61.326492,57.513103,55.594402,36.24,28.75,21.02,panicle_initiation,48.91,0.13,0.05000000000000178,Kuruvai,DELAY,MAINTAIN,False,64.653981924057,agronomic_delay
Kuruvai-2016,2016-08-05,-6.649766,-10.669154,-13.279134,29.94182,22.99272,15.407233,59.6455,55.702984,55.15572,28.75,21.02,59.89,panicle_initiation,38.72,0.09,0.060000000000001774,Kuruvai,DELAY,MAINTAIN,False,68.43485355377197,agronomic_delay
Kuruvai-2016,2016-08-06,-9.171367,-13.092834,-15.20549,23.503246,14.176984,10.548042,57.28294,55.23392,54.193493,21.02,59.89,52.07,panicle_initiation,29.48,1.01,0.030000000000001775,Kuruvai,DELAY,MAINTAIN,False,69.39898300170898,agronomic_delay
Kuruvai-2016,2016-08-07,-12.751122,-16.159246,-17.783333,18.406462,10.978453,15.219945,55.071552,55.062237,55.872707,59.89,52.07,45.37,panicle_initiation,22.99,7.3100000000000005,0.12000000000000177,Kuruvai,DELAY,MAINTAIN,False,73.65604019165039,agronomic_delay
Kuruvai-2016,2016-08-08,8.120928,4.9550734,0.10307443,41.39523,34.298958,29.624392,70.497894,67.14601,63.9327,52.07,45.37,38.15,panicle_initiation,55.58,3.33,0.12000000000000177,Kuruvai,MAINTAIN,MAINTAIN,False,63.82962667942047,maintain
Kuruvai-2016,2016-08-09,8.543717,5.4402475,1.3007389,45.085217,39.3186,34.20838,70.762085,67.2998,64.741745,45.37,38.15,31.36,panicle_initiation,56.36,2.8200000000000003,1.210000000000002,Kuruvai,MAINTAIN,MAINTAIN,False,63.44100606441498,maintain
Kuruvai-2016,2016-08-10,-6.5825167,-10.669154,-12.860231,34.26736,28.622107,24.12861,62.152966,56.0032,56.47981,38.15,31.36,24.71,panicle_initiation,39.81,8.37,2.240000000000002,Kuruvai,DELAY,MAINTAIN,False,69.34004020690918,agronomic_delay
Kuruvai-2016,2016-08-11,-4.3073907,-7.3842645,-10.352521,33.492702,28.999975,24.86962,60.707306,57.11102,57.591263,31.36,24.71,19.61,panicle_initiation,42.33,6.940000000000001,2.930000000000002,Kuruvai,DELAY,MAINTAIN,False,67.9437837600708,agronomic_delay
Kuruvai-2016,2016-08-12,-7.072557,-10.758895,-13.216844,29.051147,26.277203,22.631899,58.506905,56.332653,57.632828,24.71,19.61,54.74,panicle_initiation,37.29,3.1399999999999997,2.6900000000000017,Kuruvai,DELAY,MAINTAIN,False,70.84967136383057,agronomic_delay
Kuruvai-2016,2016-08-13,-11.468216,-13.296275,-14.676897,23.022156,19.600037,18.094185,55.46813,54.60268,55.90128,19.61,54.74,47.42,panicle_initiation,25.76,1.97,4.350000000000001,Kuruvai,DELAY,MAINTAIN,False,70.57817649841309,agronomic_delay
Kuruvai-2016,2016-08-14,-17.410013,-18.844296,-19.57691,13.348225,8.400774,19.309555,56.622715,55.1761,58.070538,54.74,47.42,39.19,panicle_initiation,18.73,6.56,4.6400000000000015,Kuruvai,DELAY,MAINTAIN,False,77.64744758605957,agronomic_delay
Kuruvai-2016,2016-08-15,8.120928,5.350507,0.8818332,45.15055,36.752884,31.556952,70.64939,67.14005,64.98688,47.42,39.19,31.46,flowering,56.74,0.79,4.480000000000001,Kuruvai,MAINTAIN,MAINTAIN,False,64.10504424571991,maintain
Kuruvai-2016,2016-08-16,-7.2664957,-10.645608,-12.41016,28.355804,21.578308,17.008924,57.48666,55.521442,56.519764,39.19,31.46,23.91,flowering,33.11,8.32,1.7300000000000018,Kuruvai,DELAY,MAINTAIN,False,68.92992401123047,agronomic_delay
Kuruvai-2016,2016-08-17,-7.005307,-10.758895,-13.279134,31.441866,24.918333,19.247168,60.285564,55.840565,55.564373,31.46,23.91,15.65,flowering,40.7,1.2799999999999998,0.8700000000000018,Kuruvai,DELAY,MAINTAIN,False,68.84350681304932,agronomic_delay
Kuruvai-2016,2016-08-18,-8.234473,-11.838715,-14.479819,26.6711,21.060928,18.432665,57.736492,54.664314,56.24487,23.91,15.65,8.11,flowering,30.89,2.5300000000000002,0.9200000000000018,Kuruvai,DELAY,IRRIGATE,False,70.72468852996826,agronomic_delay
Kuruvai-2016,2016-08-19,-12.751122,-16.159246,-18.8333,17.537426,13.582266,15.449942,55.942734,54.550045,56.917763,15.65,8.11,2.65,flowering,23.66,3.9899999999999998,1.0400000000000018,Kuruvai,DELAY,IRRIGATE,False,75.75106239318848,agronomic_delay
Kuruvai-2016,2016-08-20,-16.92597,-18.275097,-19.101574,13.147505,7.776476,17.159082,54.024048,54.54645,55.656105,8.11,2.65,51.69,flowering,19.18,4.98,1.4700000000000017,Kuruvai,DELAY,IRRIGATE,False,74.7576789855957,agronomic_delay
Kuruvai-2016,2016-08-21,-23.354479,-24.8541,-24.457556,7.4737253,5.695742,13.172243,55.691166,55.62887,58.296776,2.65,51.69,46.55,flowering,7.74,1.3599999999999999,2.0000000000000018,Kuruvai,IRRIGATE,IRRIGATE,False,82.75433158874512,agronomic_irrigate
Kuruvai-2016,2016-08-22,-29.37705,-30.181055,-26.159437,4.0028563,11.470752,24.15661,52.260548,56.446167,56.473625,51.69,46.55,39.94,flowering,-3.05,7.43,2.1500000000000017,Kuruvai,DELAY,MAINTAIN,False,86.62722206115723,agronomic_delay
Kuruvai-2016,2016-08-23,1.4491247,-3.9009707,-2.6737216,40.41254,34.80332,31.919106,62.846992,57.579643,61.697746,46.55,39.94,38.22,flowering,50.98,13.58,2.650000000000002,Kuruvai,DELAY,MAINTAIN,False,64.37146782875061,agronomic_delay
Kuruvai-2016,2016-08-24,-0.83737093,-4.005719,-3.5447552,38.223087,34.825706,39.799946,60.58808,57.786987,59.76983,39.94,38.22,41.78,flowering,46.89,33.31999999999999,2.2300000000000018,Kuruvai,DELAY,MAINTAIN,False,63.31458401679993,agronomic_delay
Kuruvai-2016,2016-08-25,-5.598604,-7.024854,-4.1064353,35.426624,40.038433,48.983147,58.201427,62.99463,71.0894,38.22,41.78,44.52,flowering,40.51,75.75999999999999,6.370000000000002,Kuruvai,DELAY,MAINTAIN,False,75.19583654403687,agronomic_delay
Kuruvai-2016,2016-08-26,-3.9599297,-1.8263357,0.22752626,40.7744,36.600933,43.644905,58.72597,66.71877,68.546844,41.78,44.52,49.99,flowering,39.03,36.4,15.130000000000003,Kuruvai,DELAY,MAINTAIN,False,68.54510855674744,agronomic_delay
Kuruvai-2016,2016-08-27,0.861953,2.0226114,3.1456277,43.323963,44.167683,50.036064,60.241962,68.805664,81.44992,44.52,49.99,57.06,grain_filling,46.98,54.16,22.29,Kuruvai,MAINTAIN,MAINTAIN,False,78.30429291725159,maintain
Kuruvai-2016,2016-08-28,-3.4274747,-0.9536271,0.32460624,44.27308,48.09789,54.23841,57.723064,69.39905,75.12272,49.99,57.06,73.02,grain_filling,39.09,44.510000000000005,29.59,Kuruvai,MAINTAIN,MAINTAIN,False,74.79811257123947,maintain
Kuruvai-2016,2016-08-29,3.4100962,3.2054691,3.3678863,52.06009,60.94022,64.45707,63.721172,72.91274,77.257126,57.06,73.02,81.64,grain_filling,50.87,51.839999999999996,32.57,Kuruvai,MAINTAIN,MAINTAIN,False,73.88923954963684,maintain
Kuruvai-2016,2016-08-30,11.394786,10.822096,11.628164,71.95891,71.18843,68.56142,89.12444,85.33672,83.96775,73.02,81.64,77.46,grain_filling,63.51,9.67,45.760000000000005,Kuruvai,MAINTAIN,MAINTAIN,False,77.72965717315674,maintain
Kuruvai-2016,2016-08-31,11.394786,10.792606,8.619507,68.36165,66.50499,56.468426,82.90716,83.60826,74.35963,81.64,77.46,73.01,grain_filling,64.35,2.7,48.33,Kuruvai,MAINTAIN,MAINTAIN,False,72.81565475463867,maintain
Kuruvai-2016,2016-09-01,27.527115,25.132183,21.14188,79.33776,71.41055,67.20383,88.724686,87.27098,83.71646,77.46,73.01,67.18,grain_filling,82.54,2.02,36.73,Kuruvai,MAINTAIN,MAINTAIN,False,62.574581146240234,maintain
Kuruvai-2016,2016-09-02,19.145845,16.073225,12.6175,70.4653,64.07528,60.201443,83.525406,84.84259,78.3372,73.01,67.18,61.58,grain_filling,74.53,0.39,16.91,Kuruvai,MAINTAIN,MAINTAIN,False,68.76936531066895,maintain
Kuruvai-2016,2016-09-03,15.638177,13.399421,10.535921,59.65075,55.95459,52.44798,79.53931,76.2138,77.53943,67.18,61.58,55.67,grain_filling,71.16,12.059999999999999,2.84,Kuruvai,MAINTAIN,MAINTAIN,False,67.00350761413574,maintain
Kuruvai-2016,2016-09-04,11.262688,8.662118,6.31035,56.262238,51.031933,44.61001,73.604355,71.98767,65.20317,61.58,55.67,49.89,grain_filling,62.66,0.35,1.8299999999999998,Kuruvai,MAINTAIN,MAINTAIN,False,63.32555294036865,maintain
Kuruvai-2016,2016-09-05,10.896324,8.530838,6.100965,54.812874,45.433315,39.99619,72.460236,69.95717,64.726555,55.67,49.89,43.41,grain_filling,60.73,0.24,0.5,Kuruvai,MAINTAIN,MAINTAIN,False,61.56391143798828,maintain
Kuruvai-2016,2016-09-06,11.262688,8.750253,6.328375,52.363987,44.54659,40.048126,72.24612,68.13298,64.51405,49.89,43.41,37.2,grain_filling,64.88,1.4100000000000001,0.7,Kuruvai,MAINTAIN,MAINTAIN,False,60.983428955078125,maintain
Kuruvai-2016,2016-09-07,-1.6332209,-3.8450143,-8.299552,38.88992,33.43282,26.220285,58.188366,58.043106,54.52141,43.41,37.2,31.31,grain_filling,43.57,2.49,0.56,Kuruvai,MAINTAIN,MAINTAIN,False,62.820963859558105,maintain
Kuruvai-2016,2016-09-08,-6.649766,-10.669154,-12.914634,29.923574,24.971481,21.22021,56.740463,55.764614,53.620445,37.2,31.31,27.34,grain_filling,37.56,6.0200000000000005,0.5199999999999999,Kuruvai,MAINTAIN,MAINTAIN,False,66.53507900238037,maintain
Kuruvai-2016,2016-09-09,-8.234473,-11.838715,-14.21332,27.59283,22.82954,19.253984,55.34376,52.56359,49.127583,31.31,27.34,23.25,grain_filling,30.69,6.63,0.87,Kuruvai,MAINTAIN,MAINTAIN,False,64.40230560302734,maintain
Kuruvai-2016,2016-09-10,-7.005307,-10.5170765,-11.766585,31.373495,31.699549,26.634129,57.56928,57.74911,58.437458,27.34,23.25,20.1,grain_filling,39.95,20.619999999999997,2.8,Kuruvai,MAINTAIN,MAINTAIN,False,70.2040433883667,maintain
Kuruvai-2016,2016-09-11,-12.233162,-15.392512,-13.330365,22.252472,19.580755,23.285284,52.00224,50.440235,49.068813,23.25,20.1,19.62,grain_filling,25.03,22.18,4.32,Kuruvai,MAINTAIN,MAINTAIN,False,65.83274745941162,maintain
Kuruvai-2016,2016-09-12,-12.751122,-15.068457,-17.450459,18.688978,18.623827,14.952945,52.289898,50.07422,47.95475,20.1,19.62,17.33,ripening,23.12,11.100000000000001,4.76,Kuruvai,MAINTAIN,MAINTAIN,False,65.40520858764648,maintain
Kuruvai-2016,2016-09-13,-17.233393,-15.573983,-16.853292,17.157356,15.244085,15.751291,49.44538,48.035538,46.77893,19.62,17.33,13.88,ripening,18.09,3.41,6.59,Kuruvai,MAINTAIN,MAINTAIN,False,66.67877388000488,maintain
Kuruvai-2016,2016-09-14,-18.703606,-20.340515,-22.282915,12.312396,9.249134,3.2245216,49.257427,48.83574,47.557865,17.33,13.88,10.07,ripening,14.9,3.19,7.16,Kuruvai,MAINTAIN,MAINTAIN,False,69.84078025817871,maintain
Kuruvai-2016,2016-09-15,-17.4551,-20.748594,-22.200096,9.803204,6.3251104,2.3297591,49.257427,47.999393,46.997223,13.88,10.07,6.27,ripening,16.15,1.49,7.0600000000000005,Kuruvai,MAINTAIN,MAINTAIN,False,69.19731903076172,maintain
Kuruvai-2016,2016-09-16,-12.014897,-15.56831,-17.265945,19.294096,15.647127,11.83345,50.79212,49.998436,47.677444,10.07,6.27,1.77,ripening,26.17,0.9400000000000001,3.9899999999999998,Kuruvai,MAINTAIN,MAINTAIN,False,65.56674575805664,maintain
Kuruvai-2016,2016-09-17,-17.4551,-19.062859,-20.726305,14.702698,9.126315,8.287933,49.15602,48.058712,45.215084,6.27,1.77,-2.75,ripening,17.03,1.9899999999999998,2.32,Kuruvai,MAINTAIN,MAINTAIN,False,67.1215705871582,maintain
Kuruvai-2016,2016-09-18,-25.338055,-27.311104,-30.10648,2.089196,-3.231438,-7.895194,42.588467,39.580322,41.36293,1.77,-2.75,-5.28,ripening,2.01,3.9000000000000004,1.38,Kuruvai,MAINTAIN,MAINTAIN,False,71.46940994262695,maintain
Kuruvai-2016,2016-09-19,-26.50047,-28.19336,-30.430538,1.1031034,-5.9012847,-8.908071,42.227966,39.160522,42.360374,-2.75,-5.28,-7.62,ripening,5.01,3.8899999999999997,0.9,Kuruvai,MAINTAIN,MAINTAIN,False,72.79091262817383,maintain
Kuruvai-2016,2016-09-20,-31.877153,-32.580772,-33.36659,-7.4849825,-8.696641,-6.8123527,38.509075,36.34689,43.52924,-5.28,-7.62,-11.23,ripening,-6.91,4.97,1.63,Kuruvai,MAINTAIN,MAINTAIN,False,76.89582824707031,maintain
Kuruvai-2016,2016-09-21,-35.343506,-38.426052,-41.76083,-12.511702,-17.195213,-19.761206,41.217007,32.627632,28.227743,-7.62,-11.23,-15.4,ripening,-14.16,0.61,3.06,Kuruvai,MAINTAIN,MAINTAIN,False,76.56051254272461,maintain
Kuruvai-2016,2016-09-22,-30.894182,-33.115425,-33.7903,-14.278381,-18.382212,-16.50914,42.508316,35.042507,42.78241,-11.23,-15.4,-19.42,ripening,-2.52,0.65,3.49,Kuruvai,MAINTAIN,MAINTAIN,False,76.57270812988281,maintain
Kuruvai-2016,2016-09-23,-30.74321,-32.156384,-33.096127,-13.665785,-14.683062,-14.646331,45.161793,37.999657,41.274567,-15.4,-19.42,-23.52,ripening,-5.43,0.22000000000000003,2.37,Kuruvai,MAINTAIN,MAINTAIN,False,75.90500259399414,maintain
Kuruvai-2016,2016-09-24,-34.244556,-36.99329,-40.00743,-16.145977,-17.090557,-20.65196,46.08108,33.83492,27.295944,-19.42,-23.52,-27.37,ripening,-10.17,2.88,0.8899999999999999,Kuruvai,MAINTAIN,MAINTAIN,False,80.32563781738281,maintain
Kuruvai-2016,2016-09-25,-42.65723,-43.10487,-45.954178,-26.71526,-23.590742,-26.706154,27.07958,29.900862,25.695633,-23.52,-27.37,-28.59,ripening,-21.77,6.6899999999999995,0.23,Kuruvai,MAINTAIN,MAINTAIN,False,73.0057315826416,maintain
Kuruvai-2016,2016-09-26,-45.775875,-48.99494,-50.888386,-30.249943,-30.22804,-31.280125,19.80678,29.025927,25.594421,-27.37,-28.59,-30.05,ripening,-24.35,6.29,0.3,Kuruvai,MAINTAIN,MAINTAIN,False,78.0208683013916,maintain
Kuruvai-2016,2016-09-27,-47.195328,-47.534565,-48.608955,-28.172707,-27.785885,-27.557085,19.736925,29.025927,26.87414,-28.59,-30.05,-22.91,ripening,-23.62,11.21,1.88,Kuruvai,MAINTAIN,MAINTAIN,False,76.56049156188965,maintain
Kuruvai-2016,2016-09-28,-47.160397,-46.200447,-44.885365,-29.077145,-25.475876,-24.48986,19.444265,28.845303,27.06254,-30.05,-22.91,-20.83,ripening,-26.63,18.49,3.54,Kuruvai,MAINTAIN,MAINTAIN,False,75.04574966430664,maintain
Kuruvai-2016,2016-09-29,-47.47205,-47.12363,-43.69133,-27.592222,-26.581985,-20.33819,11.9160795,23.890509,25.447414,-22.91,-20.83,-23.75,ripening,-32.02,8.02,13.47,Kuruvai,MAINTAIN,MAINTAIN,False,71.01413917541504,maintain
Kuruvai-2016,2016-09-30,-48.060974,-47.047676,-50.409046,-31.572992,-27.372755,-30.061403,10.346346,23.959442,25.344025,-20.83,-23.75,-27.54,ripening,-31.01,1.58,17.06,Kuruvai,MAINTAIN,MAINTAIN,False,75.75307083129883,maintain
Kuruvai-2016,2016-10-01,-42.058846,-42.522972,-44.97785,-24.470623,-24.259308,-25.152126,21.251305,31.758377,27.53431,-23.75,-27.54,-31.09,ripening,-20.26,6.890000000000001,16.11,Kuruvai,MAINTAIN,MAINTAIN,False,74.2813491821289,maintain
Kuruvai-2016,2016-10-02,-40.081997,-41.903362,-42.379414,-22.846397,-24.436274,-19.066584,36.790356,31.850147,26.362782,-27.54,-31.09,-30.16,ripening,-18.35,18.75,6.1899999999999995,Kuruvai,MAINTAIN,MAINTAIN,False,76.87235260009766,maintain
Kuruvai-2016,2016-10-03,-48.515423,-52.92801,-53.14106,-36.798737,-39.90106,-30.4576,17.222431,23.539242,23.877655,-31.09,-30.16,-25.82,ripening,-33.53,13.46,0.97,Kuruvai,MAINTAIN,MAINTAIN,False,77.01871490478516,maintain
Kuruvai-2016,2016-10-04,-47.307037,-44.12466,-44.126945,-32.56072,-22.767832,-25.750834,16.64522,29.209618,27.02987,-30.16,-25.82,-27.79,ripening,-27.9,10.19,4.92,Kuruvai,MAINTAIN,MAINTAIN,False,73.33427810668945,maintain
Kuruvai-2016,2016-10-05,-46.02686,-43.387794,-45.439457,-20.230124,-19.94559,-26.13569,11.9160795,29.44138,27.154032,-25.82,-27.79,-30.6,ripening,-28.5,2.2,11.690000000000001,Kuruvai,MAINTAIN,MAINTAIN,False,72.82917404174805,maintain
Kuruvai-2016,2016-10-06,-45.90438,-47.113243,-49.55823,-28.435247,-31.046978,-34.82104,18.425898,29.568909,26.81872,-27.79,-30.6,-33.75,ripening,-22.07,0.8700000000000001,12.860000000000001,Kuruvai,MAINTAIN,MAINTAIN,False,76.6821517944336,maintain
Kuruvai-2016,2016-10-07,-46.626274,-48.625195,-49.97388,-27.9792,-30.58774,-34.373184,18.214952,29.224686,25.26048,-30.6,-33.75,-36.81,ripening,-23.43,0.8,8.53,Kuruvai,MAINTAIN,MAINTAIN,False,77.84988021850586,maintain
Kuruvai-2016,2016-10-08,-50.1998,-53.840797,-55.696335,-37.37368,-40.292137,-37.25335,11.9160795,23.195972,23.880936,-33.75,-36.81,-40.31,ripening,-34.07,4.59,1.87,Kuruvai,MAINTAIN,MAINTAIN,False,79.5772705078125,maintain
Kuruvai-2016,2016-10-09,-54.95905,-56.93116,-56.730385,-42.0513,-42.466045,-36.778004,9.898142,23.195972,23.880936,-36.81,-40.31,-40.3,ripening,-41.83,16.69,1.07,Kuruvai,MAINTAIN,MAINTAIN,False,80.61132049560547,maintain
Kuruvai-2017,2017-06-22,-19.104332,-22.217537,-26.257694,9.151472,3.9403613,-5.627516,51.990902,52.018948,50.979233,4.71,-1.71,-6.07,establishment,11.18,3.02,8.01,Kuruvai,DELAY,DELAY,False,77.2369270324707,threshold_delay
Kuruvai-2017,2017-06-23,-26.807848,-29.248604,-31.93625,-5.956212,-8.261936,-10.470541,47.590954,50.774475,50.723232,-1.71,-6.07,-11.83,establishment,0.88,3.5400000000000005,0.85,Kuruvai,DELAY,IRRIGATE,False,82.65948295593262,threshold_delay
Kuruvai-2017,2017-06-24,-30.695972,-31.672367,-32.65842,-7.512135,-10.65707,-10.164952,52.65647,50.834686,52.765858,-6.07,-11.83,-17.07,establishment,-7.63,4.390000000000001,2.13,Kuruvai,DELAY,IRRIGATE,False,85.42427825927734,threshold_delay
Kuruvai-2017,2017-06-25,-29.177813,-31.41467,-32.596237,-11.524748,-13.978643,-15.349533,46.165333,53.122135,47.8383,-11.83,-17.07,-20.31,establishment,-3.31,1.35,2.15,Kuruvai,IRRIGATE,IRRIGATE,False,84.53680610656738,threshold_irrigate
Kuruvai-2017,2017-06-26,-36.371178,-39.46984,-42.601967,-15.555031,-17.884607,-28.860106,39.491238,56.204365,51.475178,-17.07,-20.31,-26.04,establishment,-20.65,2.51,2.05,Kuruvai,INSPECT,IRRIGATE,True,95.6742057800293,uncertainty_gate
Kuruvai-2017,2017-06-27,-35.063465,-38.4518,-40.78972,-16.98759,-24.843956,-30.781282,44.750828,55.41149,48.30865,-20.31,-26.04,-32.4,establishment,-14.32,0.63,2.0700000000000003,Kuruvai,INSPECT,IRRIGATE,True,93.8632926940918,uncertainty_gate
Kuruvai-2017,2017-06-28,-37.80265,-40.84002,-42.32324,-19.469717,-27.064217,-31.976297,39.58166,40.524334,26.809711,-26.04,-32.4,-37.48,establishment,-16.22,12.04,1.8800000000000001,Kuruvai,IRRIGATE,IRRIGATE,False,81.36435317993164,threshold_irrigate
Kuruvai-2017,2017-06-29,-43.206615,-46.84134,-49.717876,-31.480198,-34.064644,-36.48218,21.07695,26.636917,18.788647,-32.4,-37.48,-42.6,tillering,-23.86,6.760000000000001,1.65,Kuruvai,MAINTAIN,MAINTAIN,False,73.47825622558594,maintain
Kuruvai-2017,2017-06-30,-48.868233,-52.109776,-54.896225,-36.1493,-42.366753,-48.434914,11.230261,10.452555,11.946515,-37.48,-42.6,-47.42,tillering,-33.5,1.4500000000000002,0.5,Kuruvai,MAINTAIN,MAINTAIN,False,66.84274005889893,maintain
Kuruvai-2017,2017-07-01,-51.274094,-54.750336,-57.951046,-41.93286,-45.10308,-51.163036,10.105014,8.778076,9.880603,-42.6,-47.42,-52.65,tillering,-34.66,3.71,0.8899999999999999,Kuruvai,MAINTAIN,MAINTAIN,False,67.83164882659912,maintain
Kuruvai-2017,2017-07-02,-53.89897,-56.63228,-59.278263,-44.168518,-48.697903,-47.044067,9.016865,8.778076,11.323335,-47.42,-52.65,-55.1,tillering,-41.75,8.57,1.5299999999999998,Kuruvai,MAINTAIN,MAINTAIN,False,70.6015977859497,maintain
Kuruvai-2017,2017-07-03,-60.747875,-65.23877,-68.38735,-48.011135,-53.450237,-52.041588,8.276601,8.006996,7.94765,-52.65,-55.1,-58.97,tillering,-51.31,13.02,1.7399999999999998,Kuruvai,MAINTAIN,MAINTAIN,False,76.3350019454956,maintain
Kuruvai-2017,2017-07-04,-57.564323,-57.09966,-62.17648,-49.20393,-47.089737,-46.99226,8.711155,8.778076,11.074448,-55.1,-58.97,-60.19,tillering,-43.4,13.780000000000001,4.3,Kuruvai,MAINTAIN,MAINTAIN,False,73.25092697143555,maintain
Kuruvai-2017,2017-07-05,-65.21727,-69.51779,-74.216965,-59.18884,-54.739716,-55.04676,-0.15803601,2.664366,5.1595693,-58.97,-60.19,-63.01,tillering,-56.86,11.41,4.819999999999999,Kuruvai,MAINTAIN,MAINTAIN,False,79.37653398513794,maintain
Kuruvai-2017,2017-07-06,-65.37126,-70.362946,-75.31201,-59.290916,-53.940845,-54.074554,0.45881408,2.664366,4.737866,-60.19,-63.01,-64.36,tillering,-55.09,7.57,8.59,Kuruvai,MAINTAIN,MAINTAIN,False,80.0498776435852,maintain
Kuruvai-2017,2017-07-07,-74.6879,-77.58616,-81.45678,-69.49041,-71.5261,-75.26277,-6.5896564,2.058216,4.4020505,-63.01,-64.36,-68.36,tillering,-72.28,5.720000000000001,7.529999999999999,Kuruvai,MAINTAIN,MAINTAIN,False,85.85882997512817,maintain
Kuruvai-2017,2017-07-08,-67.786995,-73.41418,-78.78825,-65.74026,-60.32276,-60.43452,-0.28166705,2.664366,4.737866,-64.36,-68.36,-72.48,tillering,-56.63,2.8000000000000003,9.719999999999999,Kuruvai,MAINTAIN,MAINTAIN,False,83.52611970901489,maintain
Kuruvai-2017,2017-07-09,-69.53927,-71.77413,-74.9441,-63.710922,-61.60101,-60.469307,-0.15803601,2.492371,4.737866,-68.36,-72.48,-75.04,tillering,-57.02,5.09,6.34,Kuruvai,MAINTAIN,MAINTAIN,False,79.68196535110474,maintain
Kuruvai-2017,2017-07-10,-75.24342,-78.03884,-78.226234,-68.72307,-74.203285,-79.70942,-6.2338142,2.058216,4.4020505,-72.48,-75.04,-77.53,tillering,-68.21,4.27,4.949999999999999,Kuruvai,MAINTAIN,MAINTAIN,False,82.62828493118286,maintain
Kuruvai-2017,2017-07-11,-76.45287,-78.24641,-78.780785,-72.96002,-77.05877,-79.79989,-6.7132874,2.058216,4.4020505,-75.04,-77.53,-82.11,tillering,-69.69,5.58,3.329999999999999,Kuruvai,MAINTAIN,MAINTAIN,False,83.1828351020813,maintain
Kuruvai-2017,2017-07-12,-78.573395,-81.80269,-84.64658,-75.51829,-77.74649,-82.83497,-6.7132874,2.058216,4.2181816,-77.53,-82.11,-86.73,tillering,-72.25,7.34,4.529999999999999,Kuruvai,MAINTAIN,MAINTAIN,False,88.86476516723633,maintain
Kuruvai-2017,2017-07-13,-88.470856,-88.336655,-94.14115,-82.57469,-82.610405,-88.80347,-6.7132874,1.8116832,4.2181816,-82.11,-86.73,-90.87,tillering,-80.74,0.29000000000000004,4.499999999999999,Kuruvai,INSPECT,MAINTAIN,True,98.35933303833008,uncertainty_gate
Kuruvai-2017,2017-07-14,-87.704346,-92.39163,-97.30787,-83.61435,-85.8073,-90.39972,-6.7132874,1.8862214,4.2181816,-86.73,-90.87,-95.42,tillering,-79.37,0.35000000000000003,2.7399999999999993,Kuruvai,INSPECT,MAINTAIN,True,101.52605056762695,uncertainty_gate
Kuruvai-2017,2017-07-15,-91.80206,-97.12559,-99.27329,-88.43681,-93.13839,-95.509895,-6.7132874,0.3227517,4.2181816,-90.87,-95.42,-99.69,tillering,-90.77,0.41000000000000003,0.8399999999999992,Kuruvai,INSPECT,MAINTAIN,True,103.49147415161133,uncertainty_gate
Kuruvai-2017,2017-07-16,-102.349,-102.94159,-110.57908,-99.52611,-100.89224,-101.67651,-6.7132874,0.3227517,4.2181816,-95.42,-99.69,-103.55,tillering,-93.91,0.39,0.3899999999999991,Kuruvai,INSPECT,MAINTAIN,True,114.79726028442383,uncertainty_gate
Kuruvai-2017,2017-07-17,-97.89982,-100.89342,-103.487076,-96.938484,-100.64246,-106.257286,-6.7132874,0.3227517,4.2181816,-99.69,-103.55,-107.15,tillering,-89.79,0.66,0.3599999999999991,Kuruvai,INSPECT,MAINTAIN,True,107.70525741577148,uncertainty_gate
Kuruvai-2017,2017-07-18,-104.29436,-102.98851,-112.422295,-103.59566,-103.89828,-106.53362,-6.7132874,0.07622044,4.1067123,-103.55,-107.15,-111.41,stem_elongation,-94.82,0.58,0.26999999999999913,Kuruvai,INSPECT,MAINTAIN,True,116.52900695800781,uncertainty_gate
Kuruvai-2017,2017-07-19,-106.80787,-113.74775,-117.00492,-101.48061,-103.79316,-112.01365,-6.7132874,0.66187304,4.1067123,-107.15,-111.41,-115.34,stem_elongation,-107.08,0.97,0.4799999999999991,Kuruvai,INSPECT,MAINTAIN,True,121.11163330078125,uncertainty_gate
Kuruvai-2017,2017-07-20,-116.32798,-121.391464,-120.736725,-110.45566,-105.51724,-108.65417,-6.7132874,0.07622044,4.1067123,-111.41,-115.34,-119.15,stem_elongation,-110.82,0.35000000000000003,0.639999999999999,Kuruvai,INSPECT,MAINTAIN,True,124.84343719482422,uncertainty_gate
Kuruvai-2017,2017-07-21,-126.515656,-124.55499,-122.857956,-110.75492,-107.83138,-107.20434,-6.7132874,0.66187304,5.5728602,-115.34,-119.15,-123.25,stem_elongation,-114.64,0.22999999999999998,0.7499999999999991,Kuruvai,INSPECT,MAINTAIN,True,128.43081617355347,uncertainty_gate
Kuruvai-2017,2017-07-22,-125.84314,-127.98774,-122.50403,-114.00091,-109.79567,-112.333374,-6.7132874,0.66187304,8.675077,-119.15,-123.25,-127.01,stem_elongation,-111.68,0.55,0.5099999999999991,Kuruvai,INSPECT,MAINTAIN,True,131.179105758667,uncertainty_gate
Kuruvai-2017,2017-07-23,-132.01566,-128.23734,-123.67746,-111.368004,-110.29027,-110.67469,-6.7132874,0.66187304,6.2759767,-123.25,-127.01,-130.78,stem_elongation,-124.15,1.1800000000000002,0.3799999999999991,Kuruvai,INSPECT,MAINTAIN,True,129.9534363746643,uncertainty_gate
Kuruvai-2017,2017-07-24,-128.80205,-128.30795,-122.609726,-114.96853,-112.80945,-110.486404,-3.514811,0.66187304,8.675077,-127.01,-130.78,-134.06,stem_elongation,-121.47,4.34,0.3199999999999991,Kuruvai,INSPECT,MAINTAIN,True,131.28480339050293,uncertainty_gate
Kuruvai-2017,2017-07-25,-128.53056,-129.2054,-124.08443,-113.548325,-113.34847,-108.48749,-6.7132874,0.66187304,8.675077,-130.78,-134.06,-134.29,stem_elongation,-123.28,4.76,0.5699999999999992,Kuruvai,INSPECT,MAINTAIN,True,132.7595043182373,uncertainty_gate
Kuruvai-2017,2017-07-26,-126.68125,-117.858665,-119.95695,-112.977936,-107.98855,-104.53207,-3.146035,1.0379617,8.675077,-134.06,-134.29,-135.2,stem_elongation,-131.22,12.62,0.899999999999999,Kuruvai,INSPECT,DELAY,True,128.63202476501465,uncertainty_gate
Kuruvai-2017,2017-07-27,-119.52964,-115.8892,-123.38857,-109.41173,-106.467094,-105.37845,-3.146035,1.0379617,8.675077,-134.29,-135.2,-135.27,stem_elongation,-129.01,9.52,4.339999999999999,Kuruvai,INSPECT,DELAY,True,132.0636501312256,uncertainty_gate
Kuruvai-2017,2017-07-28,-120.61111,-112.79203,-111.20283,-108.656136,-98.43144,-89.5759,-3.146035,3.939345,11.36752,-135.2,-135.27,-130.84,stem_elongation,-135.81,53.41,6.989999999999999,Kuruvai,INSPECT,DELAY,True,122.5703477859497,uncertainty_gate
Kuruvai-2017,2017-07-29,-120.03465,-109.76705,-105.26739,-99.13894,-102.648796,-94.85092,-3.146035,1.3721437,9.7348585,-135.27,-130.84,-108.96,stem_elongation,-136.27,32.15,9.54,Kuruvai,INSPECT,DELAY,True,116.88861775398254,uncertainty_gate
Kuruvai-2017,2017-07-30,-116.25519,-105.07493,-79.0505,-99.32262,-93.57716,-61.660034,-3.146035,1.375947,56.696613,-130.84,-108.96,51.23,stem_elongation,-140.16,29.67,13.129999999999999,Kuruvai,INSPECT,MAINTAIN,True,135.74711227416992,uncertainty_gate
Kuruvai-2017,2017-07-31,-107.63856,-100.54608,-82.44493,-81.78101,-54.82796,-25.02702,-3.146035,51.660835,56.45218,-108.96,51.23,47.75,stem_elongation,-125.75,9.879999999999999,35.07,Kuruvai,INSPECT,MAINTAIN,True,152.20691680908203,uncertainty_gate
Kuruvai-2017,2017-08-01,-106.90709,-85.09147,-34.814705,-1.7491332,40.58135,40.342865,66.50476,68.243866,63.614292,51.23,47.75,41.11,panicle_initiation,-112.79,10.63,36.06,Kuruvai,IRRIGATE,MAINTAIN,False,173.41184997558594,agronomic_irrigate
Kuruvai-2017,2017-08-02,5.341788,1.698498,-1.6379423,44.6123,40.23942,33.048794,66.0165,66.438194,64.6026,47.75,41.11,33.93,panicle_initiation,52.98,1.9100000000000001,32.839999999999996,Kuruvai,DELAY,MAINTAIN,False,66.2405424118042,agronomic_delay
Kuruvai-2017,2017-08-03,-0.2129538,-3.9530191,-7.1412244,38.120815,32.51877,28.580158,59.761494,58.40446,61.05482,41.11,33.93,26.93,panicle_initiation,47.39,15.04,8.78,Kuruvai,DELAY,MAINTAIN,False,68.19604539871216,agronomic_delay
Kuruvai-2017,2017-08-04,-4.749939,-8.832706,-10.929325,32.002968,26.37796,21.192057,58.472824,56.34667,57.364754,33.93,26.93,20.14,panicle_initiation,35.85,7.880000000000001,5.069999999999999,Kuruvai,DELAY,MAINTAIN,False,68.2940788269043,agronomic_delay
Kuruvai-2017,2017-08-05,-6.8113017,-10.443024,-11.378365,26.679098,23.026028,20.856335,56.108383,57.082863,56.240692,26.93,20.14,18.23,panicle_initiation,30.88,20.65,1.4,Kuruvai,DELAY,MAINTAIN,False,67.61905670166016,agronomic_delay
Kuruvai-2017,2017-08-06,-4.995674,-8.663658,-6.987301,27.778246,25.862488,30.233768,58.70648,55.85112,64.918045,20.14,18.23,20.71,panicle_initiation,33.84,49.02,1.4100000000000001,Kuruvai,DELAY,MAINTAIN,False,71.90534591674805,agronomic_delay
Kuruvai-2017,2017-08-07,-9.840901,-9.440389,-6.862565,23.767347,25.160099,34.449425,53.86248,60.25051,65.5144,18.23,20.71,42.53,panicle_initiation,21.15,47.14,6.07,Kuruvai,DELAY,MAINTAIN,False,72.37696170806885,agronomic_delay
Kuruvai-2017,2017-08-08,-16.571947,-14.861053,-9.464579,18.303366,28.676945,29.679296,53.996433,67.589554,68.039215,20.71,42.53,47.79,panicle_initiation,13.18,53.3,14.360000000000001,Kuruvai,DELAY,MAINTAIN,False,82.45060729980469,agronomic_delay
Kuruvai-2017,2017-08-09,-8.803762,-6.6157403,-4.5927095,33.440033,40.562664,57.30624,60.399174,69.04845,72.17251,42.53,47.79,49.65,panicle_initiation,22.24,46.519999999999996,41.47,Kuruvai,DELAY,MAINTAIN,False,76.7652177810669,agronomic_delay
Kuruvai-2017,2017-08-10,-1.2644465,2.4145386,3.603957,45.491787,46.99535,49.949192,62.154594,71.3338,76.803764,47.79,49.65,47.27,panicle_initiation,41.8,44.790000000000006,47.699999999999996,Kuruvai,DELAY,MAINTAIN,False,73.1998074054718,agronomic_delay
Kuruvai-2017,2017-08-11,13.188316,14.551878,15.039272,61.748554,61.127754,71.83669,77.53005,77.30543,78.89367,49.65,47.27,65.95,panicle_initiation,65.06,57.06,47.15,Kuruvai,MAINTAIN,MAINTAIN,False,64.34173583984375,maintain
Kuruvai-2017,2017-08-12,4.7348027,0.66709363,3.7372718,49.535793,48.410122,54.25243,63.643547,65.33415,75.63432,47.27,65.95,68.46,panicle_initiation,51.08,63.24999999999999,23.45,Kuruvai,MAINTAIN,MAINTAIN,False,71.8970513343811,maintain
Kuruvai-2017,2017-08-13,2.5380237,5.5375566,2.2604487,62.830555,62.16181,52.06056,69.60358,75.35936,80.52488,65.95,68.46,64.76,flowering,45.37,15.29,35.85,Kuruvai,MAINTAIN,MAINTAIN,False,78.26443076133728,maintain
Kuruvai-2017,2017-08-14,20.33856,20.350817,18.102888,70.3244,72.58732,68.71438,81.23429,91.49633,91.51502,68.46,64.76,63.29,flowering,73.05,13.08,35.690000000000005,Kuruvai,MAINTAIN,MAINTAIN,False,73.41213417053223,maintain
Kuruvai-2017,2017-08-15,13.411564,11.812765,12.506914,61.78506,55.922535,58.363712,74.48117,76.80482,79.423256,64.76,63.29,59.85,flowering,59.25,20.580000000000002,34.44,Kuruvai,MAINTAIN,MAINTAIN,False,66.91634178161621,maintain
Kuruvai-2017,2017-08-16,13.378773,12.938882,12.82378,59.127983,53.352802,51.20978,73.902565,74.837,77.095566,63.29,59.85,60.31,flowering,65.23,10.91,15.82,Kuruvai,MAINTAIN,MAINTAIN,False,64.27178573608398,maintain
Kuruvai-2017,2017-08-17,20.47439,18.753418,14.716059,66.53802,62.78342,57.199917,78.05319,85.343506,82.124916,59.85,60.31,56.27,flowering,73.26,14.28,11.08,Kuruvai,MAINTAIN,MAINTAIN,False,67.40885734558105,maintain
Kuruvai-2017,2017-08-18,13.469337,14.122003,14.3405905,63.177235,62.68997,59.35034,74.4246,77.126724,76.66002,60.31,56.27,51.31,flowering,59.27,8.75,14.510000000000002,Kuruvai,MAINTAIN,MAINTAIN,False,63.00472164154053,maintain
Kuruvai-2017,2017-08-19,5.615801,2.57845,-1.6240878,45.69798,41.49883,33.779263,65.27108,68.35495,65.878525,56.27,51.31,46.09,flowering,51.64,5.369999999999999,12.75,Kuruvai,DELAY,MAINTAIN,False,67.5026125907898,agronomic_delay
Kuruvai-2017,2017-08-20,6.6745243,2.5049713,0.18270832,44.45556,38.9389,33.33886,65.23307,66.36548,62.635956,51.31,46.09,40.76,flowering,54.29,9.879999999999999,12.250000000000002,Kuruvai,MAINTAIN,MAINTAIN,False,63.86050724983215,maintain
Kuruvai-2017,2017-08-21,9.255579,5.9438,1.231233,46.711147,41.654232,36.59641,70.2237,71.11209,68.673744,46.09,40.76,35.3,flowering,58.58,13.899999999999999,8.0,Kuruvai,MAINTAIN,MAINTAIN,False,67.44251120090485,maintain
Kuruvai-2017,2017-08-22,-0.2129538,-3.9530191,-4.742741,39.69375,34.554356,33.79528,59.876083,58.015083,57.22806,40.76,35.3,38.14,flowering,47.97,18.7,6.74,Kuruvai,DELAY,MAINTAIN,False,61.970802783966064,agronomic_delay
Kuruvai-2017,2017-08-23,-4.749939,-8.589851,-9.846357,32.52554,28.87241,25.220606,60.14702,55.964302,57.447857,35.3,38.14,32.01,flowering,36.57,7.51,5.550000000000001,Kuruvai,DELAY,MAINTAIN,False,67.29421424865723,agronomic_delay
Kuruvai-2017,2017-08-24,-3.831637,-1.72397,-4.680899,35.68188,34.393707,31.017935,56.269516,61.384964,65.46749,38.14,32.01,28.7,flowering,31.87,3.34,11.33,Kuruvai,DELAY,MAINTAIN,False,70.14839029312134,agronomic_delay
Kuruvai-2017,2017-08-25,-4.8751755,-8.559885,-10.724997,30.52813,27.93678,24.02105,58.778927,55.70665,57.56132,32.01,28.7,24.02,flowering,35.34,4.22,10.290000000000001,Kuruvai,DELAY,MAINTAIN,False,68.28631782531738,agronomic_delay
Kuruvai-2017,2017-08-26,-4.995674,-7.854599,-9.548797,30.234865,27.66005,24.165817,57.478962,55.68517,55.98186,28.7,24.02,18.48,grain_filling,33.82,2.08,11.31,Kuruvai,MAINTAIN,MAINTAIN,False,65.53065776824951,maintain
Kuruvai-2017,2017-08-27,-4.8751755,-8.9598255,-11.049976,29.693136,26.735456,22.106472,57.56496,55.73618,55.306793,24.02,18.48,12.69,grain_filling,35.39,2.19,4.51,Kuruvai,MAINTAIN,MAINTAIN,False,66.35676956176758,maintain
Kuruvai-2017,2017-08-28,-7.365839,-10.6555195,-12.382564,25.053064,23.07761,20.076319,55.141346,52.835033,48.51017,18.48,12.69,8.96,grain_filling,29.28,10.879999999999999,3.9799999999999995,Kuruvai,MAINTAIN,MAINTAIN,False,63.49055290222168,maintain
Kuruvai-2017,2017-08-29,-15.380058,-15.049539,-17.544334,16.347446,14.895426,14.921107,50.901424,48.183815,46.476376,12.69,8.96,6.12,grain_filling,20.76,10.52,1.6199999999999999,Kuruvai,MAINTAIN,MAINTAIN,False,66.2814826965332,maintain
Kuruvai-2017,2017-08-30,-22.483492,-23.71803,-25.303034,5.9028573,3.5794652,7.1964507,45.317123,39.787514,43.734413,8.96,6.12,11.28,grain_filling,6.03,21.369999999999997,3.1,Kuruvai,MAINTAIN,MAINTAIN,False,69.03744697570801,maintain
Kuruvai-2017,2017-08-31,-24.711329,-25.636295,-25.176281,4.011464,7.02856,8.314805,44.31916,39.604958,45.2017,6.12,11.28,15.46,grain_filling,2.32,24.11,5.1899999999999995,Kuruvai,MAINTAIN,MAINTAIN,False,70.37797927856445,maintain
Kuruvai-2017,2017-09-01,-22.389275,-22.359911,-23.633322,11.683156,12.893285,12.598828,47.26312,46.36952,47.63099,11.28,15.46,10.83,grain_filling,8.79,13.24,13.93,Kuruvai,MAINTAIN,MAINTAIN,False,71.26431083679199,maintain
Kuruvai-2017,2017-09-02,-23.642637,-24.528334,-27.270336,10.4066305,7.2803135,6.6456637,45.698147,40.459545,48.83752,15.46,10.83,8.13,grain_filling,4.55,8.280000000000001,20.38,Kuruvai,MAINTAIN,MAINTAIN,False,76.10785675048828,maintain
Kuruvai-2017,2017-09-03,-18.790903,-19.252167,-20.193975,11.319163,9.731131,9.863588,49.749084,49.665535,46.845722,10.83,8.13,6.98,grain_filling,14.33,12.879999999999999,19.3,Kuruvai,MAINTAIN,MAINTAIN,False,68.9177017211914,maintain
Kuruvai-2017,2017-09-04,-18.7159,-17.593306,-18.846762,9.930243,13.342672,11.981414,49.995354,49.13196,46.399506,8.13,6.98,5.16,grain_filling,12.35,12.97,12.809999999999999,Kuruvai,MAINTAIN,MAINTAIN,False,68.71125411987305,maintain
Kuruvai-2017,2017-09-05,-24.033548,-24.541355,-25.62852,6.8780184,1.5394093,7.274011,44.53668,38.372635,43.380474,6.98,5.16,4.13,grain_filling,2.44,19.57,7.68,Kuruvai,MAINTAIN,MAINTAIN,False,69.00899314880371,maintain
Kuruvai-2017,2017-09-06,-24.994385,-25.032278,-25.137615,3.1979828,7.0281777,7.7968907,43.629787,37.90015,42.68105,5.16,4.13,6.1,grain_filling,1.86,17.900000000000002,9.27,Kuruvai,MAINTAIN,MAINTAIN,False,68.62417221069336,maintain
Kuruvai-2017,2017-09-07,-25.08278,-25.07471,-27.308546,4.743435,4.502844,5.45948,43.76044,38.03099,42.53427,4.13,6.1,4.63,grain_filling,4.69,11.68,10.83,Kuruvai,MAINTAIN,MAINTAIN,False,69.84281730651855,maintain
Kuruvai-2017,2017-09-08,-23.732065,-24.179945,-26.151978,6.919638,8.575476,4.5510163,45.13882,39.61744,48.235588,6.1,4.63,1.99,grain_filling,6.65,9.61,13.739999999999998,Kuruvai,MAINTAIN,MAINTAIN,False,74.38756561279297,maintain
Kuruvai-2017,2017-09-09,-20.298334,-20.045326,-23.884893,8.60021,9.32444,8.214637,49.792545,48.545853,44.602474,4.63,1.99,-0.98,grain_filling,11.41,5.77,14.11,Kuruvai,MAINTAIN,MAINTAIN,False,70.09087944030762,maintain
Kuruvai-2017,2017-09-10,-23.253689,-24.642313,-27.15242,2.1014934,1.1872854,2.9668198,45.992664,41.8767,43.521564,1.99,-0.98,-3.31,ripening,7.67,11.760000000000002,11.469999999999999,Kuruvai,MAINTAIN,MAINTAIN,False,70.67398452758789,maintain
Kuruvai-2017,2017-09-11,-24.711329,-26.995512,-29.095882,3.2150521,-2.680898,2.0888019,44.660763,37.824265,42.224064,-0.98,-3.31,-0.09,ripening,2.36,12.36,5.54,Kuruvai,MAINTAIN,MAINTAIN,False,71.3199462890625,maintain
Kuruvai-2017,2017-09-12,-28.430897,-30.865425,-31.11021,-5.8439374,-1.6705077,2.2008255,40.021717,35.63153,42.334255,-3.31,-0.09,1.12,ripening,-4.71,11.33,3.69,Kuruvai,MAINTAIN,MAINTAIN,False,73.44446563720703,maintain
Kuruvai-2017,2017-09-13,-31.003302,-29.390345,-29.734636,-4.4971085,3.7538176,2.4826076,40.357716,35.7751,48.510292,-0.09,1.12,-1.92,ripening,-8.66,10.91,9.04,Kuruvai,MAINTAIN,MAINTAIN,False,78.24492835998535,maintain
Kuruvai-2017,2017-09-14,-28.907198,-29.225538,-30.106194,-4.932844,-5.7141314,3.24365,40.10735,37.717308,45.23043,1.12,-1.92,2.18,ripening,-2.64,11.47,12.69,Kuruvai,MAINTAIN,MAINTAIN,False,75.33662414550781,maintain
Kuruvai-2017,2017-09-15,-25.994972,-26.583912,-26.706234,-1.4831947,1.7281291,4.0733943,43.928185,38.039326,43.05033,-1.92,2.18,-0.9,ripening,3.17,16.2,11.830000000000002,Kuruvai,MAINTAIN,MAINTAIN,False,69.92315673828125,maintain
Kuruvai-2017,2017-09-16,-26.875328,-27.449484,-30.27382,-3.8638406,3.3093257,-1.8172508,39.746883,39.915306,48.933804,2.18,-0.9,-2.89,ripening,-0.24,1.9000000000000004,12.81,Kuruvai,MAINTAIN,MAINTAIN,False,79.2076244354248,maintain
Kuruvai-2017,2017-09-17,-30.894167,-31.893099,-32.97797,-8.507136,-3.8191643,-7.0439286,39.58933,35.63153,42.787846,-0.9,-2.89,-6.6,ripening,-8.32,6.71,9.069999999999999,Kuruvai,MAINTAIN,MAINTAIN,False,75.76581573486328,maintain
Kuruvai-2017,2017-09-18,-29.03651,-30.952042,-32.090534,-8.027999,-8.287674,-7.5604405,39.600895,35.771538,43.317543,-2.89,-6.6,-10.39,ripening,-4.83,0.22,10.84,Kuruvai,MAINTAIN,MAINTAIN,False,75.40807723999023,maintain
Kuruvai-2017,2017-09-19,-25.994972,-27.073343,-29.701103,-4.516321,-6.8033442,-8.231087,43.38909,37.780754,42.1116,-6.6,-10.39,-14.26,ripening,3.13,0.2,3.35,Kuruvai,MAINTAIN,MAINTAIN,False,71.81270217895508,maintain
Kuruvai-2017,2017-09-20,-28.60375,-31.29587,-32.59748,-10.5257845,-10.979043,-9.188847,39.746883,35.63153,41.726532,-10.39,-14.26,-17.85,ripening,-6.2,0.82,2.52,Kuruvai,MAINTAIN,MAINTAIN,False,74.32401275634766,maintain
Kuruvai-2017,2017-09-21,-36.430595,-39.34782,-41.151672,-13.037915,-17.993483,-24.331656,40.195004,30.364073,27.752668,-14.26,-17.85,-20.68,ripening,-17.48,6.55,0.21,Kuruvai,MAINTAIN,MAINTAIN,False,76.6255989074707,maintain
Kuruvai-2017,2017-09-22,-29.793726,-30.90267,-31.313473,-14.488906,-9.345567,4.2949452,40.533154,33.700466,41.70678,-17.85,-20.68,-14.47,ripening,-2.48,28.290000000000003,0.22,Kuruvai,MAINTAIN,MAINTAIN,False,73.0202522277832,maintain
Kuruvai-2017,2017-09-23,-37.586674,-38.65571,-38.75882,-13.930403,-12.853074,-13.261974,37.868202,30.364073,27.213747,-20.68,-14.47,-10.57,ripening,-17.99,17.15,0.76,Kuruvai,MAINTAIN,MAINTAIN,False,75.45487594604492,maintain
Kuruvai-2017,2017-09-24,-36.71724,-33.402054,-32.43114,-10.0517645,-5.2990937,-6.89777,40.43716,28.740904,27.58145,-14.47,-10.57,-10.61,ripening,-18.76,17.77,9.8,Kuruvai,MAINTAIN,MAINTAIN,False,77.15439987182617,maintain
Kuruvai-2017,2017-09-25,-34.63778,-31.568792,-31.786179,-6.514072,-6.7644134,-6.3770275,39.210663,29.958448,27.910385,-10.57,-10.61,-8.19,ripening,-12.47,22.0,16.380000000000003,Kuruvai,MAINTAIN,MAINTAIN,False,73.84844207763672,maintain
Kuruvai-2017,2017-09-26,-34.84613,-36.4572,-36.48217,-12.171116,-12.898115,-14.752594,37.956215,29.531168,28.107563,-10.61,-8.19,-2.54,ripening,-12.41,12.260000000000002,18.89,Kuruvai,MAINTAIN,MAINTAIN,False,72.8023452758789,maintain
Kuruvai-2017,2017-09-27,-33.995445,-32.320473,-32.382618,-6.2321424,-5.9231057,-8.288944,37.956215,28.627289,28.77249,-8.19,-2.54,-6.26,ripening,-14.25,27.4,15.370000000000001,Kuruvai,MAINTAIN,MAINTAIN,False,71.95166015625,maintain
Kuruvai-2017,2017-09-28,-24.038622,-24.255613,-27.993677,6.6146784,5.1732416,-0.21542042,43.39213,36.712948,47.830772,-2.54,-6.26,-9.79,ripening,2.42,0.8,17.81,Kuruvai,MAINTAIN,MAINTAIN,False,75.82444953918457,maintain
Kuruvai-2017,2017-09-29,-25.098791,-26.471592,-29.627306,0.50552523,-5.0133533,-6.000288,43.06603,39.04454,41.981003,-6.26,-9.79,-12.86,ripening,2.48,1.3800000000000001,14.799999999999999,Kuruvai,MAINTAIN,MAINTAIN,False,71.60830879211426,maintain
Kuruvai-2017,2017-09-30,-28.4774,-30.072952,-32.007893,-6.347259,-8.643393,-6.9638257,41.489567,35.63153,42.277405,-9.79,-12.86,-16.16,ripening,-2.15,3.83,9.54,Kuruvai,MAINTAIN,MAINTAIN,False,74.28529739379883,maintain
Kuruvai-2017,2017-10-01,-30.967451,-31.486916,-32.367863,-10.2565,-7.6415787,-1.7845697,40.47218,35.63153,42.60409,-12.86,-16.16,-16.67,ripening,-6.91,12.100000000000001,0.7299999999999982,Kuruvai,MAINTAIN,MAINTAIN,False,74.97195434570312,maintain
Kuruvai-2017,2017-10-02,-36.188416,-38.649624,-39.758453,-12.357496,-13.180218,-16.23304,38.89764,30.364073,27.669813,-16.16,-16.67,-14.98,ripening,-17.88,11.719999999999999,0.9599999999999983,Kuruvai,MAINTAIN,MAINTAIN,False,75.08605575561523,maintain
Kuruvai-2017,2017-10-03,-33.644627,-33.422123,-33.529263,-13.967839,-13.24298,-4.9303327,40.05188,33.58107,34.01173,-16.67,-14.98,-11.72,ripening,-9.77,12.63,3.3099999999999983,Kuruvai,MAINTAIN,MAINTAIN,False,73.69650650024414,maintain
Kuruvai-2017,2017-10-04,-36.730976,-34.530453,-37.33082,-11.405459,-12.288028,-18.357674,26.441044,27.637947,27.395382,-14.98,-11.72,-9.8,ripening,-20.89,7.53,7.709999999999999,Kuruvai,MAINTAIN,MAINTAIN,False,64.72620010375977,maintain
Kuruvai-2017,2017-10-05,-33.96212,-31.758265,-32.70021,-9.081795,-10.075728,-8.812124,37.92355,29.973782,27.822136,-11.72,-9.8,-12.48,ripening,-13.56,13.86,13.569999999999997,Kuruvai,MAINTAIN,MAINTAIN,False,71.88566970825195,maintain
Kuruvai-2017,2017-10-06,-37.18902,-34.11783,-36.664402,-11.767405,-16.613388,-20.714987,28.419159,29.229366,28.422684,-9.8,-12.48,-14.62,ripening,-19.92,6.28,15.369999999999997,Kuruvai,MAINTAIN,MAINTAIN,False,65.6081771850586,maintain
Kuruvai-2017,2017-10-07,-38.541904,-41.020607,-42.21154,-16.72529,-21.736736,-23.261435,27.67886,28.37069,26.94622,-12.48,-14.62,-14.66,ripening,-20.0,6.859999999999999,11.249999999999996,Kuruvai,MAINTAIN,MAINTAIN,False,69.39129638671875,maintain
Kuruvai-2017,2017-10-08,-36.019165,-37.61029,-37.548927,-16.763887,-18.734104,-15.780469,38.47036,29.4741,27.129028,-14.62,-14.66,-15.13,ripening,-10.89,16.53,6.289999999999997,Kuruvai,MAINTAIN,MAINTAIN,False,74.4895248413086,maintain
Kuruvai-2017,2017-10-09,-38.09771,-38.215572,-38.0915,-16.170488,-17.240723,-13.163256,39.52149,28.740904,28.024809,-14.66,-15.13,-9.6,ripening,-18.67,18.21,4.719999999999997,Kuruvai,MAINTAIN,MAINTAIN,False,77.61919784545898,maintain
Kuruvai-2018,2018-06-22,-24.822662,-26.778172,-30.373302,1.8857559,-5.403736,-10.095212,55.86753,53.43881,49.10967,2.15,-4.88,-9.73,establishment,2.39,1.87,1.9600000000000002,Kuruvai,DELAY,DELAY,False,80.69019317626953,threshold_delay
Kuruvai-2018,2018-06-23,-29.090988,-31.336576,-32.726734,-6.7133727,-10.955366,-13.882232,53.607338,51.466175,49.6068,-4.88,-9.73,-14.99,establishment,-2.32,5.61,1.73,Kuruvai,DELAY,IRRIGATE,False,82.8027515411377,threshold_delay
Kuruvai-2018,2018-06-24,-38.006104,-41.00675,-42.39057,-12.999487,-18.325447,-24.247719,51.138905,46.10883,48.896896,-9.73,-14.99,-19.32,establishment,-15.93,4.65,2.01,Kuruvai,INSPECT,IRRIGATE,True,91.28746795654297,uncertainty_gate
Kuruvai-2018,2018-06-25,-32.613705,-33.722725,-35.50571,-17.839857,-22.021349,-19.980057,40.055443,45.69693,42.09615,-14.99,-19.32,60.43,establishment,-6.91,3.53,2.24,Kuruvai,IRRIGATE,IRRIGATE,False,79.4196548461914,threshold_irrigate
Kuruvai-2018,2018-06-26,-39.4258,-41.18222,-43.588623,-18.346598,-20.934057,-24.911116,35.293167,43.351448,46.710163,-19.32,60.43,53.93,establishment,-21.05,2.82,3.7100000000000004,Kuruvai,INSPECT,IRRIGATE,True,90.29878616333008,uncertainty_gate
Kuruvai-2018,2018-06-27,-41.04998,-42.896523,-45.285374,-23.29148,-27.803917,-30.309929,20.864952,26.982542,18.016304,60.43,53.93,47.69,establishment,-18.66,4.64,4.18,Kuruvai,IRRIGATE,MAINTAIN,False,69.87906455993652,threshold_irrigate
Kuruvai-2018,2018-06-28,11.12417,8.08949,5.1487894,46.691566,42.227707,42.128033,71.84464,67.19247,62.31828,53.93,47.69,45.7,establishment,62.28,21.049999999999997,3.83,Kuruvai,MAINTAIN,MAINTAIN,False,60.72047233581543,maintain
Kuruvai-2018,2018-06-29,8.683,5.309173,2.615604,47.54533,42.52269,44.146946,70.61135,68.43631,71.69557,47.69,45.7,51.75,tillering,56.94,32.21,2.94,Kuruvai,MAINTAIN,MAINTAIN,False,69.07996797561646,maintain
Kuruvai-2018,2018-06-30,-2.5696225,-5.497801,-1.6529801,42.073746,37.526344,41.20499,56.077168,60.247696,66.202034,45.7,51.75,58.26,tillering,41.67,39.17,6.14,Kuruvai,MAINTAIN,MAINTAIN,False,67.85501408576965,maintain
Kuruvai-2018,2018-07-01,1.3966519,3.6700773,2.0590997,49.946346,48.118397,48.14044,61.764606,65.85647,66.0282,51.75,58.26,63.54,tillering,45.37,14.5,17.869999999999997,Kuruvai,MAINTAIN,MAINTAIN,False,63.96909856796265,maintain
Kuruvai-2018,2018-07-02,11.376836,10.906298,10.277438,60.28771,63.296516,58.38932,81.87575,79.41491,78.10383,58.26,63.54,57.86,tillering,60.1,20.75,30.53,Kuruvai,MAINTAIN,MAINTAIN,False,70.49891185760498,maintain
Kuruvai-2018,2018-07-03,11.946254,12.317389,10.997103,66.780716,68.48384,60.076153,78.10428,78.74484,76.543274,63.54,57.86,51.27,tillering,66.83,9.72,37.16,Kuruvai,MAINTAIN,MAINTAIN,False,66.42745399475098,maintain
Kuruvai-2018,2018-07-04,11.95377,9.981269,6.4814854,55.17039,49.24424,42.590633,73.92811,70.702255,68.98721,57.86,51.27,43.66,tillering,68.48,0.63,25.990000000000002,Kuruvai,MAINTAIN,MAINTAIN,False,62.505727767944336,maintain
Kuruvai-2018,2018-07-05,11.562101,9.019558,5.906115,51.385006,44.53327,38.472477,73.44246,70.51009,67.89444,51.27,43.66,37.66,tillering,59.55,1.6800000000000002,13.23,Kuruvai,MAINTAIN,MAINTAIN,False,61.9883246421814,maintain
Kuruvai-2018,2018-07-06,-0.75004613,-3.5642364,-7.4849057,40.36551,33.996674,26.238768,59.70273,56.938744,55.451736,43.66,37.66,31.87,tillering,46.24,1.1,1.81,Kuruvai,MAINTAIN,MAINTAIN,False,62.93664216995239,maintain
Kuruvai-2018,2018-07-07,-1.0075994,-3.8254483,-7.6164055,38.357395,33.213467,28.083244,59.09079,56.493927,54.89348,37.66,31.87,26.98,tillering,47.25,1.99,0.72,Kuruvai,MAINTAIN,MAINTAIN,False,62.509883880615234,maintain
Kuruvai-2018,2018-07-08,-6.8259993,-10.464901,-12.540628,31.692911,27.282152,23.934664,57.054676,55.27384,54.647167,31.87,26.98,21.84,tillering,36.87,2.0100000000000002,0.37,Kuruvai,MAINTAIN,MAINTAIN,False,67.18779563903809,maintain
Kuruvai-2018,2018-07-09,-7.0988455,-10.677032,-12.760367,29.277887,25.67264,22.018496,57.00345,54.988796,54.8092,26.98,21.84,15.95,tillering,34.67,1.51,1.28,Kuruvai,MAINTAIN,MAINTAIN,False,67.56956768035889,maintain
Kuruvai-2018,2018-07-10,-12.326998,-15.700806,-18.38895,21.702425,17.798843,14.375986,52.248642,46.471893,46.20419,21.84,15.95,8.98,tillering,23.82,1.6,2.16,Kuruvai,MAINTAIN,MAINTAIN,False,64.5931396484375,maintain
Kuruvai-2018,2018-07-11,-16.00757,-15.700806,-18.38895,16.804358,14.422024,11.327782,50.466476,45.871353,45.441,15.95,8.98,2.01,tillering,20.98,0.52,2.33,Kuruvai,MAINTAIN,MAINTAIN,False,66.47404670715332,maintain
Kuruvai-2018,2018-07-12,-16.920815,-19.075987,-22.50612,13.54208,7.3223267,-1.2275605,49.717953,45.522358,45.071945,8.98,2.01,-4.13,tillering,16.77,0.30000000000000004,1.41,Kuruvai,MAINTAIN,MAINTAIN,False,67.57806587219238,maintain
Kuruvai-2018,2018-07-13,-22.20375,-25.83689,-29.397324,6.657592,2.2100544,-6.5932217,51.38416,44.61721,41.072598,2.01,-4.13,-9.81,tillering,10.21,1.8,0.8500000000000001,Kuruvai,MAINTAIN,MAINTAIN,False,73.58790969848633,maintain
Kuruvai-2018,2018-07-14,-25.9656,-27.83286,-30.557657,2.785793,-5.9747667,-10.367115,43.76946,36.68173,34.67373,-4.13,-9.81,-16.16,tillering,4.48,0.31,0.46,Kuruvai,MAINTAIN,MAINTAIN,False,69.73505783081055,maintain
Kuruvai-2018,2018-07-15,-30.357677,-32.594418,-35.711468,-8.089924,-12.532179,-14.878116,39.46008,34.96775,34.7468,-9.81,-16.16,-22.42,tillering,-7.03,2.6599999999999997,0.42,Kuruvai,MAINTAIN,MAINTAIN,False,70.45826721191406,maintain
Kuruvai-2018,2018-07-16,-39.1472,-41.35,-43.40788,-15.124572,-20.460663,-25.512758,30.40097,28.273674,22.733624,-16.16,-22.42,-28.1,tillering,-16.53,6.44,0.14,Kuruvai,MAINTAIN,MAINTAIN,False,69.62367248535156,maintain
Kuruvai-2018,2018-07-17,-33.800575,-33.712933,-34.759533,-18.06599,-22.990402,-11.889967,37.794994,31.689137,28.549953,-22.42,-28.1,-31.35,tillering,-8.04,19.130000000000003,0.38,Kuruvai,MAINTAIN,MAINTAIN,False,71.5955696105957,maintain
Kuruvai-2018,2018-07-18,-33.848816,-35.933514,-38.983505,-17.34643,-19.168547,-23.935713,37.897186,28.093113,23.520866,-28.1,-31.35,-36.04,tillering,-9.97,3.2899999999999996,0.45,Kuruvai,MAINTAIN,MAINTAIN,False,71.74600219726562,maintain
Kuruvai-2018,2018-07-19,-42.8355,-45.691917,-49.21547,-28.307665,-27.622055,-34.54892,24.91488,21.313253,20.583578,-31.35,-36.04,-41.75,stem_elongation,-25.86,0.74,3.0100000000000002,Kuruvai,MAINTAIN,MAINTAIN,False,69.79904747009277,maintain
Kuruvai-2018,2018-07-20,-52.612587,-55.32078,-56.912285,-38.179104,-42.756355,-50.65817,11.553305,8.808586,9.76015,-36.04,-41.75,-47.88,stem_elongation,-37.97,0.41000000000000003,3.5800000000000005,Kuruvai,MAINTAIN,MAINTAIN,False,66.67243480682373,maintain
Kuruvai-2018,2018-07-21,-55.192963,-58.01508,-61.27259,-43.60385,-48.531586,-51.53626,9.904125,8.451256,9.76015,-41.75,-47.88,-53.75,stem_elongation,-39.91,7.34,3.49,Kuruvai,MAINTAIN,MAINTAIN,False,71.03274059295654,maintain
Kuruvai-2018,2018-07-22,-55.088963,-58.334156,-62.963203,-48.406178,-52.26189,-58.047264,10.056782,8.451256,9.645449,-47.88,-53.75,-58.89,stem_elongation,-39.2,1.96,0.9,Kuruvai,MAINTAIN,MAINTAIN,False,72.60865211486816,maintain
Kuruvai-2018,2018-07-23,-55.22703,-58.37449,-63.223587,-47.798653,-52.1311,-59.935368,9.904125,8.451256,9.645449,-53.75,-58.89,-63.66,stem_elongation,-41.17,2.38,0.31000000000000005,Kuruvai,MAINTAIN,MAINTAIN,False,72.8690357208252,maintain
Kuruvai-2018,2018-07-24,-66.38755,-72.00652,-76.577194,-60.90755,-63.44568,-66.559166,-1.6256852,0.82347727,2.8392317,-58.89,-63.66,-68.57,stem_elongation,-59.81,7.38,0.89,Kuruvai,MAINTAIN,MAINTAIN,False,79.41642594337463,maintain
Kuruvai-2018,2018-07-25,-69.2383,-73.95299,-78.46763,-63.873417,-68.78955,-70.63552,-1.6256852,0.82347727,2.8392317,-63.66,-68.57,-73.79,stem_elongation,-59.51,0.24000000000000002,1.6800000000000002,Kuruvai,MAINTAIN,MAINTAIN,False,81.30686020851135,maintain
Kuruvai-2018,2018-07-26,-69.71127,-74.4744,-78.2075,-63.469357,-69.51424,-74.114914,-1.86743,0.5091901,2.0838263,-68.57,-73.79,-78.73,stem_elongation,-62.68,0.45999999999999996,1.67,Kuruvai,MAINTAIN,MAINTAIN,False,80.29132294654846,maintain
Kuruvai-2018,2018-07-27,-70.88999,-75.59558,-78.77858,-64.66014,-73.65712,-81.63414,-2.1336002,0.33981913,1.4294845,-73.79,-78.73,-83.0,stem_elongation,-64.25,0.91,1.15,Kuruvai,MAINTAIN,MAINTAIN,False,80.20806419849396,maintain
Kuruvai-2018,2018-07-28,-79.22803,-83.84955,-87.574425,-75.67118,-80.289536,-85.50951,-9.7325,-3.7939181,-2.0032084,-78.73,-83.0,-86.21,stem_elongation,-75.51,6.17,0.44,Kuruvai,MAINTAIN,MAINTAIN,False,85.57121634483337,maintain
Kuruvai-2018,2018-07-29,-89.075066,-96.51529,-98.71981,-85.83426,-97.70168,-88.86644,-12.393454,-4.0043025,-2.1179101,-83.0,-86.21,-86.11,stem_elongation,-86.55,4.13,0.4,Kuruvai,INSPECT,MAINTAIN,True,96.60190033912659,uncertainty_gate
Kuruvai-2018,2018-07-30,-85.632195,-89.45243,-95.695526,-79.68575,-79.1187,-83.04203,-12.393454,-4.18211,-1.5424334,-86.21,-86.11,-90.49,stem_elongation,-79.89,6.52,0.9299999999999999,Kuruvai,INSPECT,MAINTAIN,True,94.15309274196625,uncertainty_gate
Kuruvai-2018,2018-07-31,-82.11181,-86.993805,-94.15154,-83.08965,-79.9974,-85.52619,-12.393454,-3.9588938,42.159904,-86.11,-90.49,-95.34,stem_elongation,-80.59,2.67,5.04,Kuruvai,INSPECT,MAINTAIN,True,136.3114471435547,uncertainty_gate
Kuruvai-2018,2018-08-01,-91.78592,-95.56303,-96.29401,-87.633224,-68.59189,-41.630405,-12.393454,50.05099,53.84943,-90.49,-95.34,36.16,stem_elongation,-86.52,3.9299999999999997,5.239999999999999,Kuruvai,INSPECT,MAINTAIN,True,150.14343643188477,uncertainty_gate
Kuruvai-2018,2018-08-02,-92.62351,-88.661865,-51.440372,8.176839,35.057545,33.34436,58.030354,64.63278,60.303177,-95.34,36.16,28.47,panicle_initiation,-88.46,3.83,5.0200000000000005,Kuruvai,IRRIGATE,IRRIGATE,False,153.29464721679688,agronomic_irrigate
Kuruvai-2018,2018-08-03,-97.68485,-86.863846,-51.92851,11.211084,38.265945,33.346386,58.030354,64.481094,60.151978,36.16,28.47,21.35,panicle_initiation,-97.71,11.8,3.78,Kuruvai,IRRIGATE,MAINTAIN,False,155.71520614624023,agronomic_irrigate
Kuruvai-2018,2018-08-04,-9.202601,-12.572801,-15.07784,29.083324,24.337109,19.779604,57.740486,56.528206,56.969315,28.47,21.35,13.49,panicle_initiation,31.93,0.87,3.9699999999999998,Kuruvai,DELAY,DELAY,False,72.0471544265747,agronomic_delay
Kuruvai-2018,2018-08-05,-7.0988455,-10.677032,-12.760367,28.044056,22.494617,17.705389,57.5588,55.78186,57.87995,21.35,13.49,4.95,panicle_initiation,33.6,0.21000000000000002,3.9899999999999998,Kuruvai,DELAY,IRRIGATE,False,70.64031887054443,agronomic_delay
Kuruvai-2018,2018-08-06,-12.326998,-15.700806,-18.38895,18.057095,14.911016,17.843618,55.390976,55.555935,57.73706,13.49,4.95,-2.82,panicle_initiation,23.29,3.2499999999999996,1.42,Kuruvai,DELAY,IRRIGATE,False,76.12601089477539,agronomic_delay
Kuruvai-2018,2018-08-07,-16.920815,-19.075987,-19.957611,14.000906,9.179657,15.206009,58.472813,56.2198,58.557323,4.95,-2.82,53.26,panicle_initiation,15.94,3.53,0.82,Kuruvai,DELAY,IRRIGATE,False,78.51493453979492,agronomic_delay
Kuruvai-2018,2018-08-08,-18.89729,-21.700592,-20.685581,9.901371,5.1074276,16.162685,54.23331,57.803757,58.04708,-2.82,53.26,48.85,panicle_initiation,12.46,2.91,0.51,Kuruvai,IRRIGATE,IRRIGATE,False,79.50434875488281,agronomic_irrigate
Kuruvai-2018,2018-08-09,-30.485823,-29.786486,-28.168545,1.5583041,10.15559,23.066784,54.63846,61.89895,58.315468,53.26,48.85,41.56,panicle_initiation,-8.09,10.68,0.52,Kuruvai,DELAY,MAINTAIN,False,91.68543434143066,agronomic_delay
Kuruvai-2018,2018-08-10,1.8473024,-2.083271,-6.8992376,40.28173,36.187695,29.99726,63.63516,59.644623,57.542957,48.85,41.56,35.66,panicle_initiation,50.5,3.32,2.94,Kuruvai,DELAY,MAINTAIN,False,64.44219493865967,agronomic_delay
Kuruvai-2018,2018-08-11,-1.0075994,-3.9641583,-7.8863688,37.99797,31.832687,27.67312,59.947548,58.493393,57.87095,41.56,35.66,28.54,panicle_initiation,49.64,3.02,3.34,Kuruvai,DELAY,MAINTAIN,False,65.75731754302979,agronomic_delay
Kuruvai-2018,2018-08-12,-6.6789713,-10.411676,-12.540628,31.918648,28.179935,24.02329,62.56971,57.4933,57.828426,35.66,28.54,22.39,panicle_initiation,38.74,3.62,4.02,Kuruvai,DELAY,MAINTAIN,False,70.36905479431152,agronomic_delay
Kuruvai-2018,2018-08-13,-6.5089836,-10.214302,-11.481292,30.076862,25.94027,24.891209,59.367447,56.836647,57.382313,28.54,22.39,19.5,panicle_initiation,39.58,9.090000000000002,2.19,Kuruvai,DELAY,MAINTAIN,False,68.86360454559326,agronomic_delay
Kuruvai-2018,2018-08-14,-11.445419,-13.684733,-14.237875,22.244415,19.440811,21.186895,53.481323,53.165592,55.973904,22.39,19.5,13.47,flowering,27.6,5.79,2.98,Kuruvai,DELAY,DELAY,False,70.21177864074707,agronomic_delay
Kuruvai-2018,2018-08-15,-16.920815,-17.503052,-17.767624,18.345493,16.113403,17.115244,51.540443,52.420513,55.729176,19.5,13.47,53.08,flowering,17.43,1.8699999999999999,4.390000000000001,Kuruvai,DELAY,DELAY,False,73.49679946899414,agronomic_delay
Kuruvai-2018,2018-08-16,-16.062517,-17.883429,-18.38896,13.577505,11.099933,14.880926,52.126648,52.382454,55.67381,13.47,53.08,45.94,flowering,19.83,0.35000000000000003,5.12,Kuruvai,DELAY,DELAY,False,74.06276893615723,agronomic_delay
Kuruvai-2018,2018-08-17,-18.89729,-20.525677,-20.439621,9.502969,7.544339,11.059934,52.49167,54.90759,56.11541,53.08,45.94,38.28,flowering,14.32,0.27,3.99,Kuruvai,IRRIGATE,MAINTAIN,False,76.5550308227539,agronomic_irrigate
Kuruvai-2018,2018-08-18,8.297884,4.8606615,0.23288557,45.014297,36.68706,31.356289,70.18713,66.744446,65.16294,45.94,38.28,30.23,flowering,57.75,0.02,1.6900000000000002,Kuruvai,MAINTAIN,MAINTAIN,False,64.93005540966988,maintain
Kuruvai-2018,2018-08-19,-1.0075994,-3.8257954,-7.815644,39.845543,31.979795,24.474398,59.562122,57.81487,57.872627,38.28,30.23,21.49,flowering,47.91,0.06,0.37,Kuruvai,DELAY,MAINTAIN,False,65.68827104568481,agronomic_delay
Kuruvai-2018,2018-08-20,-6.38142,-10.411676,-12.540628,32.4957,25.249733,20.214128,57.381355,56.582577,57.316086,30.23,21.49,13.5,flowering,40.59,1.2,0.21,Kuruvai,DELAY,DELAY,False,69.85671424865723,agronomic_delay
Kuruvai-2018,2018-08-21,-7.8080177,-10.677032,-12.876999,26.926308,21.323229,20.306265,55.37633,54.432693,55.258404,21.49,13.5,7.44,flowering,31.83,3.93,0.04,Kuruvai,DELAY,IRRIGATE,False,68.13540267944336,agronomic_delay
Kuruvai-2018,2018-08-22,-16.062517,-15.700806,-18.408863,14.850299,14.44713,21.214643,58.832424,53.056335,57.76465,13.5,7.44,3.44,flowering,20.55,6.55,0.05,Kuruvai,DELAY,IRRIGATE,False,76.17351150512695,agronomic_delay
Kuruvai-2018,2018-08-23,-22.20375,-24.205101,-23.90456,9.961604,8.053154,17.40308,60.05503,53.629654,57.88018,7.44,3.44,32.95,flowering,9.92,7.75,1.4200000000000002,Kuruvai,DELAY,IRRIGATE,False,82.25878143310547,agronomic_delay
Kuruvai-2018,2018-08-24,-23.54871,-24.49814,-23.494343,8.707571,7.4582357,20.169348,57.15965,52.435562,56.918144,3.44,32.95,28.65,flowering,8.88,7.61,4.34,Kuruvai,DELAY,IRRIGATE,False,80.70835876464844,agronomic_delay
Kuruvai-2018,2018-08-25,-26.651842,-25.389727,-23.626617,1.2607642,11.385159,25.555967,55.391304,53.036762,56.154053,32.95,28.65,27.43,flowering,1.77,9.16,6.15,Kuruvai,DELAY,MAINTAIN,False,82.04314613342285,agronomic_delay
Kuruvai-2018,2018-08-26,-3.5766025,-6.9305463,-9.507727,36.206,34.63383,29.519665,62.64515,56.942417,56.859055,28.65,27.43,22.71,flowering,41.4,7.53,8.3,Kuruvai,DELAY,MAINTAIN,False,66.36678123474121,agronomic_delay
Kuruvai-2018,2018-08-27,-5.393772,-4.6270103,-6.798115,34.40474,31.922184,29.47311,62.56995,60.559704,61.781666,27.43,22.71,17.2,grain_filling,35.36,17.86,10.36,Kuruvai,MAINTAIN,MAINTAIN,False,68.57978057861328,maintain
Kuruvai-2018,2018-08-28,-8.112918,-10.442609,-11.013528,27.926275,24.82091,22.79697,60.004055,52.487064,48.344063,22.71,17.2,17.48,grain_filling,30.59,16.35,10.61,Kuruvai,MAINTAIN,MAINTAIN,False,68.11697292327881,maintain
Kuruvai-2018,2018-08-29,-12.326998,-14.812382,-14.213515,19.814106,19.116636,18.151968,52.282818,47.861904,46.656796,17.2,17.48,15.47,grain_filling,24.6,20.330000000000002,8.09,Kuruvai,MAINTAIN,MAINTAIN,False,64.60981559753418,maintain
Kuruvai-2018,2018-08-30,-15.152041,-13.590446,-17.246737,20.114407,18.755686,12.575399,51.746044,50.041454,53.27866,17.48,15.47,15.59,grain_filling,16.76,6.609999999999999,9.61,Kuruvai,MAINTAIN,MAINTAIN,False,70.5253963470459,maintain
Kuruvai-2018,2018-08-31,-21.614412,-23.276169,-25.791882,12.655341,11.214147,6.9547076,49.237064,45.41229,42.818752,15.47,15.59,10.74,grain_filling,11.17,14.879999999999999,11.08,Kuruvai,MAINTAIN,MAINTAIN,False,70.85147666931152,maintain
Kuruvai-2018,2018-09-01,-19.254288,-18.48563,-20.850037,14.473876,9.999858,6.5638843,49.768795,51.04897,46.424664,15.59,10.74,4.78,grain_filling,14.39,0.88,14.93,Kuruvai,MAINTAIN,MAINTAIN,False,69.53459930419922,maintain
Kuruvai-2018,2018-09-02,-16.920815,-19.118658,-22.454865,13.95378,9.552173,3.252662,48.69666,46.17555,43.72791,10.74,4.78,-1.56,grain_filling,16.1,0.64,9.040000000000001,Kuruvai,MAINTAIN,MAINTAIN,False,66.18277359008789,maintain
Kuruvai-2018,2018-09-03,-20.592484,-23.896708,-26.697384,8.270434,3.7746687,-1.1472971,48.637554,45.413353,42.166515,4.78,-1.56,-7.59,grain_filling,11.89,0.23,5.68,Kuruvai,MAINTAIN,MAINTAIN,False,69.31006050109863,maintain
Kuruvai-2018,2018-09-04,-24.431768,-26.849266,-30.19891,-0.38311306,-2.5554063,-9.486547,44.696278,40.870113,38.486687,-1.56,-7.59,-13.78,grain_filling,7.13,0.05,1.03,Kuruvai,MAINTAIN,MAINTAIN,False,69.1280460357666,maintain
Kuruvai-2018,2018-09-05,-25.990665,-27.83858,-30.19891,0.06263883,-7.911728,-10.577724,42.799988,38.59837,38.413616,-7.59,-13.78,-20.08,grain_filling,3.05,0.03,0.42000000000000004,Kuruvai,MAINTAIN,MAINTAIN,False,68.79065322875977,maintain
Kuruvai-2018,2018-09-06,-33.45961,-36.40312,-38.90024,-9.816169,-15.912403,-21.6901,38.745003,30.85432,30.17118,-13.78,-20.08,-26.11,grain_filling,-11.05,0.46,0.23,Kuruvai,MAINTAIN,MAINTAIN,False,72.2046127319336,maintain
Kuruvai-2018,2018-09-07,-39.430115,-41.54875,-43.388412,-16.276138,-21.722292,-22.60361,29.278524,27.850353,24.875843,-20.08,-26.11,-30.66,grain_filling,-17.2,4.48,0.03,Kuruvai,MAINTAIN,MAINTAIN,False,69.39910507202148,maintain
Kuruvai-2018,2018-09-08,-35.43431,-37.157177,-39.914215,-17.419203,-21.618362,-23.952065,41.325096,28.730461,25.713816,-26.11,-30.66,-32.6,grain_filling,-12.83,1.8699999999999999,0.030000000000000002,Kuruvai,MAINTAIN,MAINTAIN,False,76.75940704345703,maintain
Kuruvai-2018,2018-09-09,-42.933483,-45.582657,-47.164898,-28.71968,-26.19332,-26.863459,27.927399,25.552418,23.789873,-30.66,-32.6,-36.48,grain_filling,-22.26,10.7,0.5700000000000001,Kuruvai,MAINTAIN,MAINTAIN,False,71.13507461547852,maintain
Kuruvai-2018,2018-09-10,-49.50842,-51.893093,-53.143597,-34.191616,-36.10941,-34.2417,12.494879,19.559343,23.407326,-32.6,-36.48,-40.14,ripening,-32.61,2.71,1.84,Kuruvai,MAINTAIN,MAINTAIN,False,76.55092239379883,maintain
Kuruvai-2018,2018-09-11,-51.285374,-54.212414,-53.720715,-36.177155,-38.991352,-30.543833,12.085614,19.559343,23.292624,-36.48,-40.14,-42.24,ripening,-33.14,20.2,1.9500000000000002,Kuruvai,MAINTAIN,MAINTAIN,False,77.01333808898926,maintain
Kuruvai-2018,2018-09-12,-54.32252,-56.455795,-57.121346,-39.01001,-41.903107,-38.638695,11.346785,19.107632,23.221107,-40.14,-42.24,-39.37,ripening,-36.99,6.959999999999999,1.77,Kuruvai,MAINTAIN,MAINTAIN,False,80.34245300292969,maintain
Kuruvai-2018,2018-09-13,-55.04811,-55.599987,-55.420574,-43.79232,-41.139763,-34.166946,11.395391,20.407545,23.98967,-42.24,-39.37,-40.04,ripening,-39.98,36.010000000000005,2.23,Kuruvai,MAINTAIN,MAINTAIN,False,79.41024398803711,maintain
Kuruvai-2018,2018-09-14,-52.752014,-53.463367,-54.31075,-37.43176,-36.844944,-27.121141,11.395391,19.107632,23.339556,-39.37,-40.04,-17.57,ripening,-39.88,17.6,8.540000000000001,Kuruvai,MAINTAIN,MAINTAIN,False,77.65030479431152,maintain
Kuruvai-2018,2018-09-15,-48.248352,-47.022034,-48.61905,-35.37239,-22.455664,-18.504824,18.548065,25.156633,24.708181,-40.04,-17.57,-18.19,ripening,-26.7,55.239999999999995,10.610000000000001,Kuruvai,MAINTAIN,MAINTAIN,False,73.32723045349121,maintain
Kuruvai-2018,2018-09-16,-49.982082,-50.522804,-51.3369,-21.00209,-21.469364,-13.356989,11.945413,20.273762,26.718166,-17.57,-18.19,-19.24,ripening,-39.09,8.79,34.84,Kuruvai,MAINTAIN,MAINTAIN,False,78.0550651550293,maintain
Kuruvai-2018,2018-09-17,-36.746315,-39.047825,-42.074017,-19.181917,-9.966171,-17.811657,28.098394,27.943666,25.930628,-18.19,-19.24,-19.37,ripening,-14.26,7.8,31.1,Kuruvai,MAINTAIN,MAINTAIN,False,68.0046443939209,maintain
Kuruvai-2018,2018-09-18,-43.24278,-44.802094,-46.308605,-22.081385,-22.168749,-25.2367,25.634499,25.230618,25.566332,-19.24,-19.37,-23.0,ripening,-26.62,7.3999999999999995,31.18,Kuruvai,MAINTAIN,MAINTAIN,False,71.87493705749512,maintain
Kuruvai-2018,2018-09-19,-43.337776,-45.607925,-45.907597,-24.454758,-29.563677,-32.449707,19.9823,24.500032,23.640476,-19.37,-23.0,-26.63,ripening,-21.66,1.23,8.940000000000001,Kuruvai,MAINTAIN,MAINTAIN,False,70.10795783996582,maintain
Kuruvai-2018,2018-09-20,-35.967937,-38.330204,-40.710194,-19.517715,-23.958132,-24.990759,28.717173,28.407587,25.053434,-23.0,-26.63,-30.12,ripening,-13.23,1.57,6.5600000000000005,Kuruvai,MAINTAIN,MAINTAIN,False,66.73779106140137,maintain
Kuruvai-2018,2018-09-21,-40.17905,-41.965813,-43.390907,-19.403961,-24.416073,-23.875607,27.44348,27.7776,24.773626,-26.63,-30.12,-32.0,ripening,-20.99,3.41,4.2700000000000005,Kuruvai,MAINTAIN,MAINTAIN,False,69.74341201782227,maintain
Kuruvai-2018,2018-09-22,-59.16042,-62.16422,-61.70851,-35.847157,-41.04501,-42.702488,10.9813175,19.454699,23.48895,-30.12,-32.0,-33.94,ripening,-48.58,2.62,0.86,Kuruvai,MAINTAIN,MAINTAIN,False,85.19746208190918,maintain
Kuruvai-2018,2018-09-23,-49.227303,-49.91588,-52.58225,-35.303833,-32.415264,-35.877743,17.757063,24.510492,23.292624,-32.0,-33.94,-36.06,ripening,-26.75,1.4000000000000001,1.8,Kuruvai,MAINTAIN,MAINTAIN,False,75.8748722076416,maintain
Kuruvai-2018,2018-09-24,-46.71544,-47.965088,-49.19091,-32.751766,-34.051987,-31.05572,18.355675,24.510492,23.407326,-33.94,-36.06,-38.74,ripening,-22.41,13.25,2.79,Kuruvai,MAINTAIN,MAINTAIN,False,72.59823608398438,maintain
Kuruvai-2018,2018-09-25,-56.063515,-58.1769,-56.73802,-41.28831,-44.244965,-36.519047,10.773106,19.107632,23.98967,-36.06,-38.74,-27.65,ripening,-43.92,23.4,3.42,Kuruvai,MAINTAIN,MAINTAIN,False,80.72769165039062,maintain
Kuruvai-2018,2018-09-26,-49.171204,-48.870323,-50.758316,-38.63898,-27.605204,-30.96425,11.896253,24.510492,23.407326,-38.74,-27.65,-26.54,ripening,-28.46,12.41,2.5100000000000002,Kuruvai,MAINTAIN,MAINTAIN,False,74.16564178466797,maintain
Kuruvai-2018,2018-09-27,-56.564648,-55.16874,-59.61628,-30.264301,-33.97188,-28.936598,6.5560403,19.480684,23.454258,-27.65,-26.54,-27.22,ripening,-52.6,11.59,15.73,Kuruvai,MAINTAIN,MAINTAIN,False,83.07053756713867,maintain
Kuruvai-2018,2018-09-28,-47.46794,-46.748837,-47.320866,-29.423975,-23.619349,-29.21678,17.757063,24.883549,23.640476,-26.54,-27.22,-27.29,ripening,-22.96,5.319999999999999,18.77,Kuruvai,MAINTAIN,MAINTAIN,False,71.63238525390625,maintain
Kuruvai-2018,2018-09-29,-45.36031,-46.521946,-48.678608,-28.681252,-27.954145,-32.14644,18.355675,24.883549,23.657778,-27.22,-27.29,-29.38,ripening,-26.58,4.94,21.179999999999996,Kuruvai,MAINTAIN,MAINTAIN,False,72.33638572692871,maintain
Kuruvai-2018,2018-09-30,-52.060287,-53.642094,-52.33755,-35.051556,-37.483494,-31.115904,11.945413,20.407545,24.102457,-27.29,-29.38,-30.7,ripening,-38.97,24.07,9.719999999999999,Kuruvai,MAINTAIN,MAINTAIN,False,76.44000816345215,maintain
Kuruvai-2018,2018-10-01,-47.532345,-47.548183,-48.888294,-33.346806,-24.261879,-22.167557,17.757063,24.510492,24.17589,-29.38,-30.7,-11.11,ripening,-25.06,36.089999999999996,6.659999999999999,Kuruvai,MAINTAIN,MAINTAIN,False,73.06418418884277,maintain
Kuruvai-2018,2018-10-02,-45.996273,-45.897343,-47.41726,-30.29353,-24.419542,-18.357378,18.355675,25.928453,24.60814,-30.7,-11.11,14.24,ripening,-23.63,97.4,5.26,Kuruvai,MAINTAIN,MAINTAIN,False,72.02540016174316,maintain
Kuruvai-2018,2018-10-03,-45.721325,-42.68637,-40.61404,-18.139341,2.2486238,6.9182606,12.713072,26.133198,27.665155,-11.11,14.24,37.75,ripening,-28.88,111.60999999999999,24.490000000000002,Kuruvai,MAINTAIN,MAINTAIN,False,68.8195686340332,maintain
Kuruvai-2018,2018-10-04,-33.83257,-30.513464,-30.712372,4.5397825,25.66474,26.131266,30.506119,40.03872,48.74212,14.24,37.75,53.06,ripening,-8.19,89.81,51.84,Kuruvai,MAINTAIN,MAINTAIN,False,79.4544906616211,maintain
Kuruvai-2018,2018-10-05,-21.11488,-19.892975,-15.376966,19.69833,32.889915,29.968351,51.537884,53.53153,59.019215,37.75,53.06,54.45,ripening,12.18,39.58,77.14,Kuruvai,MAINTAIN,MAINTAIN,False,74.39618110656738,maintain
Kuruvai-2018,2018-10-06,-6.6985135,-4.3354254,-4.1389303,43.283672,39.273354,38.111477,56.386993,56.444576,55.045364,53.06,54.45,61.07,ripening,28.44,15.329999999999998,73.72,Kuruvai,MAINTAIN,MAINTAIN,False,63.08550691604614,maintain
Kuruvai-2018,2018-10-07,8.446043,8.472425,7.149309,57.666344,58.442757,52.63228,74.58564,83.41985,88.84457,54.45,61.07,60.24,ripening,56.52,11.92,50.290000000000006,Kuruvai,MAINTAIN,MAINTAIN,False,81.69525718688965,maintain
Kuruvai-2018,2018-10-08,11.553561,14.498726,15.481786,71.305336,70.660324,67.78748,81.818016,91.005745,84.23997,61.07,60.24,56.37,ripening,63.2,3.17,33.29,Kuruvai,MAINTAIN,MAINTAIN,False,76.50701904296875,maintain
Kuruvai-2018,2018-10-09,11.957947,13.345422,13.60451,65.172264,60.256218,59.878464,76.53307,84.36908,84.73409,60.24,56.37,52.21,ripening,66.72,6.6000000000000005,17.009999999999998,Kuruvai,MAINTAIN,MAINTAIN,False,71.12958240509033,maintain
Kuruvai-2019,2019-06-22,-32.816196,-33.137028,-33.98137,-10.358095,-12.143685,-14.868454,52.601967,49.680172,51.4609,66.08,59.17,52.12,establishment,-9.51,4.28,0.29,Kuruvai,IRRIGATE,MAINTAIN,False,85.44226837158203,threshold_irrigate
Kuruvai-2019,2019-06-23,10.720549,8.248352,2.9431174,49.567745,40.73201,33.841732,72.07171,69.07924,68.63239,59.17,52.12,47.83,establishment,63.84,6.27,0.48,Kuruvai,MAINTAIN,MAINTAIN,False,65.68927550315857,maintain
Kuruvai-2019,2019-06-24,4.8026934,1.8908104,-1.0637559,43.49503,40.64886,36.94661,66.31238,64.79826,63.217464,52.12,47.83,45.7,establishment,53.06,8.39,1.37,Kuruvai,MAINTAIN,MAINTAIN,False,64.2812203168869,maintain
Kuruvai-2019,2019-06-25,-0.81611025,-3.9928317,-6.7427506,39.22949,35.24826,29.67206,62.48505,60.186344,57.88824,47.83,45.7,40.29,establishment,46.68,7.56,3.21,Kuruvai,MAINTAIN,MAINTAIN,False,64.63099145889282,maintain
Kuruvai-2019,2019-06-26,-0.47132784,-3.3647366,-6.6384287,40.742455,35.74134,28.198868,61.574932,58.162323,57.7918,45.7,40.29,32.56,establishment,49.85,1.0899999999999999,6.74,Kuruvai,MAINTAIN,MAINTAIN,False,64.43023014068604,maintain
Kuruvai-2019,2019-06-27,-6.637508,-10.698779,-13.36324,32.063618,26.848192,21.56057,61.47029,54.70909,54.548534,40.29,32.56,24.87,establishment,40.14,3.68,6.680000000000001,Kuruvai,MAINTAIN,MAINTAIN,False,68.10779905319214,maintain
Kuruvai-2019,2019-06-28,-1.2947581,-4.284951,-7.5011344,34.47989,31.403215,26.019875,59.32618,54.966812,53.68724,32.56,24.87,17.51,tillering,43.99,4.6899999999999995,4.890000000000001,Kuruvai,MAINTAIN,MAINTAIN,False,61.1883749961853,maintain
Kuruvai-2019,2019-06-29,-9.294865,-12.510763,-15.70036,24.402775,16.544168,11.230397,56.5233,49.269997,46.329235,24.87,17.51,10.27,tillering,29.25,0.18,1.26,Kuruvai,MAINTAIN,MAINTAIN,False,65.81816482543945,maintain
Kuruvai-2019,2019-06-30,-16.617693,-18.267307,-19.282606,13.70706,6.4549747,6.360967,52.934795,47.71998,46.787186,17.51,10.27,3.68,tillering,18.8,0.62,0.39,Kuruvai,MAINTAIN,MAINTAIN,False,69.55248832702637,maintain
Kuruvai-2019,2019-07-01,-18.40129,-20.682693,-23.28724,9.815977,5.0188823,1.024839,54.484272,47.058487,45.14122,10.27,3.68,-2.94,tillering,14.87,3.4,0.36000000000000004,Kuruvai,MAINTAIN,MAINTAIN,False,72.88556289672852,maintain
Kuruvai-2019,2019-07-02,-20.98998,-21.822855,-23.78263,7.752069,0.5163082,-0.3791214,50.089596,46.669456,44.635532,3.68,-2.94,-8.24,tillering,11.95,3.45,0.2,Kuruvai,MAINTAIN,MAINTAIN,False,71.07957649230957,maintain
Kuruvai-2019,2019-07-03,-26.463625,-28.052114,-31.153214,2.4849193,-4.950963,-11.8455715,43.461597,34.41313,41.64707,-2.94,-8.24,-14.2,tillering,2.29,1.7999999999999998,0.55,Kuruvai,MAINTAIN,MAINTAIN,False,72.80028533935547,maintain
Kuruvai-2019,2019-07-04,-29.383675,-31.803152,-33.241245,-5.5572968,-9.902104,-14.241681,40.029774,33.583565,42.277477,-8.24,-14.2,-20.16,tillering,-2.77,1.6700000000000002,1.4200000000000002,Kuruvai,MAINTAIN,MAINTAIN,False,75.51872253417969,maintain
Kuruvai-2019,2019-07-05,-30.534107,-31.541853,-32.572937,-11.477942,-12.0643835,-10.832569,42.5674,33.182228,41.51757,-14.2,-20.16,-26.22,tillering,-4.76,12.91,1.66,Kuruvai,MAINTAIN,MAINTAIN,False,74.09050750732422,maintain
Kuruvai-2019,2019-07-06,-32.824875,-32.98224,-35.012383,-15.246241,-15.682069,-16.49929,40.311756,33.075058,40.74759,-20.16,-26.22,-32.22,tillering,-8.79,1.69,1.3800000000000001,Kuruvai,MAINTAIN,MAINTAIN,False,75.75997161865234,maintain
Kuruvai-2019,2019-07-07,-39.0782,-41.222775,-47.919666,-18.741861,-23.017372,-31.728825,33.143436,33.144203,17.107723,-26.22,-32.22,-36.67,tillering,-21.71,18.74,0.4699999999999999,Kuruvai,MAINTAIN,MAINTAIN,False,74.36697769165039,maintain
Kuruvai-2019,2019-07-08,-49.46554,-52.443626,-54.861435,-34.118942,-36.52377,-42.010086,13.436116,10.115552,13.014172,-32.22,-36.67,-35.13,tillering,-31.44,7.219999999999999,0.1999999999999999,Kuruvai,MAINTAIN,MAINTAIN,False,67.87560653686523,maintain
Kuruvai-2019,2019-07-09,-51.71903,-54.15757,-55.288284,-37.40378,-41.75141,-41.740837,9.695948,9.153028,12.893848,-36.67,-35.13,-40.03,tillering,-31.84,7.1,1.0,Kuruvai,MAINTAIN,MAINTAIN,False,68.18213272094727,maintain
Kuruvai-2019,2019-07-10,-51.87382,-50.746685,-54.72745,-38.104504,-38.828697,-40.643448,9.61161,8.649575,10.084079,-35.13,-40.03,-44.84,tillering,-34.32,5.5,7.99,Kuruvai,MAINTAIN,MAINTAIN,False,64.81153011322021,maintain
Kuruvai-2019,2019-07-11,-55.303886,-58.608154,-59.321964,-44.321457,-50.25234,-44.380352,8.320853,8.640906,8.717129,-40.03,-44.84,-44.77,tillering,-42.43,21.48,8.870000000000001,Kuruvai,MAINTAIN,MAINTAIN,False,68.03909301757812,maintain
Kuruvai-2019,2019-07-12,-58.766026,-60.48591,-63.392265,-48.766266,-46.813065,-43.92604,8.320853,8.791278,9.415452,-44.84,-44.77,-39.88,tillering,-44.48,28.470000000000002,8.59,Kuruvai,MAINTAIN,MAINTAIN,False,72.80771732330322,maintain
Kuruvai-2019,2019-07-13,-59.14315,-61.116653,-65.00576,-46.554634,-39.919308,-33.066166,8.009857,8.269964,14.577228,-44.77,-39.88,-38.37,tillering,-48.44,47.760000000000005,6.520000000000001,Kuruvai,MAINTAIN,MAINTAIN,False,79.58298778533936,maintain
Kuruvai-2019,2019-07-14,-55.012417,-56.799015,-60.375816,-40.206764,-36.6198,-40.224373,8.320853,10.319591,10.346235,-39.88,-38.37,-43.32,tillering,-45.81,10.940000000000001,15.090000000000002,Kuruvai,MAINTAIN,MAINTAIN,False,70.7220516204834,maintain
Kuruvai-2019,2019-07-15,-55.217777,-55.948833,-60.137497,-41.617558,-42.129913,-46.235577,8.320853,10.190352,10.092526,-38.37,-43.32,-46.81,tillering,-43.69,13.1,21.43,Kuruvai,MAINTAIN,MAINTAIN,False,70.23002338409424,maintain
Kuruvai-2019,2019-07-16,-54.245075,-55.73496,-58.537754,-44.08805,-46.197388,-41.15317,9.274937,10.149507,9.415452,-43.32,-46.81,-40.66,tillering,-34.83,28.18,17.29,Kuruvai,MAINTAIN,MAINTAIN,False,67.9532060623169,maintain
Kuruvai-2019,2019-07-17,-61.05383,-64.28588,-67.515335,-48.060253,-51.027374,-46.940407,7.702066,6.6750903,7.3699455,-46.81,-40.66,-42.88,stem_elongation,-51.35,14.420000000000002,10.110000000000003,Kuruvai,MAINTAIN,MAINTAIN,False,74.88528060913086,maintain
Kuruvai-2019,2019-07-18,-61.90548,-64.25761,-71.13899,-47.474598,-45.85636,-48.983555,0.07789999,3.8646805,6.085494,-40.66,-42.88,-48.49,stem_elongation,-54.71,2.41,14.21,Kuruvai,MAINTAIN,MAINTAIN,False,77.22448635101318,maintain
Kuruvai-2019,2019-07-19,-54.964615,-56.150307,-58.651905,-44.664593,-50.182068,-51.453293,8.320853,9.599852,8.941303,-42.88,-48.49,-51.79,stem_elongation,-42.33,3.8,15.5,Kuruvai,MAINTAIN,MAINTAIN,False,67.59320831298828,maintain
Kuruvai-2019,2019-07-20,-58.190094,-62.268677,-67.923965,-48.74444,-50.291794,-52.862854,8.320853,9.729071,8.447998,-48.49,-51.79,-53.03,stem_elongation,-43.76,7.58,13.340000000000002,Kuruvai,MAINTAIN,MAINTAIN,False,76.37196350097656,maintain
Kuruvai-2019,2019-07-21,-66.17809,-68.6939,-72.46479,-60.056583,-59.65152,-57.633354,-1.104662,2.7808645,4.555615,-51.79,-53.03,-56.55,stem_elongation,-55.76,6.080000000000001,4.279999999999999,Kuruvai,MAINTAIN,MAINTAIN,False,77.02040529251099,maintain
Kuruvai-2019,2019-07-22,-65.424545,-68.21615,-69.16847,-57.716522,-60.47335,-56.56586,0.07789999,2.5443747,4.8360147,-53.03,-56.55,-61.65,stem_elongation,-54.82,10.83,4.9399999999999995,Kuruvai,MAINTAIN,MAINTAIN,False,74.00448703765869,maintain
Kuruvai-2019,2019-07-23,-66.733406,-70.128876,-75.00413,-60.348476,-65.31732,-54.10487,0.07789999,2.4500496,4.762512,-56.55,-61.65,-61.5,stem_elongation,-55.04,9.86,6.85,Kuruvai,MAINTAIN,MAINTAIN,False,79.76663970947266,maintain
Kuruvai-2019,2019-07-24,-68.895096,-72.36041,-75.16431,-63.107132,-63.785313,-60.817657,-1.104662,2.3804736,4.0623093,-61.65,-61.5,-62.74,stem_elongation,-58.52,10.040000000000001,5.23,Kuruvai,MAINTAIN,MAINTAIN,False,79.22661590576172,maintain
Kuruvai-2019,2019-07-25,-68.06672,-70.95353,-77.85497,-59.89849,-63.10267,-64.22943,-1.8338959,2.4500496,4.9549856,-61.5,-62.74,-67.34,stem_elongation,-60.89,4.36,7.8100000000000005,Kuruvai,MAINTAIN,MAINTAIN,False,82.80995845794678,maintain
Kuruvai-2019,2019-07-26,-68.72028,-73.016716,-77.72899,-63.470924,-68.12466,-68.43254,-2.675228,2.4185722,4.206286,-62.74,-67.34,-72.06,stem_elongation,-64.81,3.7199999999999998,9.72,Kuruvai,MAINTAIN,MAINTAIN,False,81.93527460098267,maintain
Kuruvai-2019,2019-07-27,-68.632355,-73.63322,-76.88775,-65.63685,-66.579124,-65.11185,-1.4805474,2.3804736,4.0623093,-67.34,-72.06,-74.96,stem_elongation,-55.35,9.48,9.9,Kuruvai,MAINTAIN,MAINTAIN,False,80.95005798339844,maintain
Kuruvai-2019,2019-07-28,-71.49309,-75.45452,-78.10924,-67.26137,-68.571976,-68.51336,-2.5407524,1.8633008,4.1109333,-72.06,-74.96,-78.21,stem_elongation,-64.9,7.3,5.17,Kuruvai,MAINTAIN,MAINTAIN,False,82.22017097473145,maintain
Kuruvai-2019,2019-07-29,-79.75514,-81.18965,-88.3174,-75.82934,-78.40539,-77.58436,-10.855724,0.39801365,40.007923,-74.96,-78.21,-82.78,stem_elongation,-76.1,5.319999999999999,3.0999999999999996,Kuruvai,INSPECT,MAINTAIN,True,128.32532119750977,uncertainty_gate
Kuruvai-2019,2019-07-30,-81.74632,-85.508,-94.79587,-76.76142,-82.22683,-40.81458,-10.396117,0.044338077,47.81453,-78.21,-82.78,53.49,stem_elongation,-74.49,0.73,4.6,Kuruvai,INSPECT,MAINTAIN,True,142.6103973388672,uncertainty_gate
Kuruvai-2019,2019-07-31,-86.51037,-88.406364,-86.683556,-84.69486,-61.07363,-41.50437,-12.000056,40.21028,47.59232,-82.78,53.49,46.37,stem_elongation,-77.59,0.92,4.07,Kuruvai,INSPECT,MAINTAIN,True,134.27587509155273,uncertainty_gate
Kuruvai-2019,2019-08-01,-87.80099,-89.76866,-49.699028,-1.5249223,19.764103,25.61352,55.836693,58.16141,57.874157,53.49,46.37,38.85,panicle_initiation,-76.71,0.36,2.33,Kuruvai,IRRIGATE,MAINTAIN,False,147.93007278442383,agronomic_irrigate
Kuruvai-2019,2019-08-02,0.9314274,-3.8548703,-9.001293,38.814915,32.181553,27.037277,64.71199,60.09934,58.117413,46.37,38.85,30.67,panicle_initiation,50.49,1.0,0.51,Kuruvai,DELAY,MAINTAIN,False,67.11870574951172,agronomic_delay
Kuruvai-2019,2019-08-03,-0.81611025,-4.0653896,-6.974218,36.151634,31.205544,27.014019,61.347088,57.55761,57.305187,38.85,30.67,24.56,panicle_initiation,50.21,1.27,0.47,Kuruvai,DELAY,MAINTAIN,False,64.27940511703491,agronomic_delay
Kuruvai-2019,2019-08-04,-6.704903,-10.5246105,-12.202654,30.719059,25.515196,22.82332,62.05883,56.715263,57.338005,30.67,24.56,17.86,panicle_initiation,39.06,6.04,0.39,Kuruvai,DELAY,MAINTAIN,False,69.54065895080566,agronomic_delay
Kuruvai-2019,2019-08-05,-7.12313,-10.828746,-13.202489,28.80087,26.029284,22.121284,60.183613,56.645336,57.945602,24.56,17.86,12.64,panicle_initiation,38.13,4.41,1.2000000000000002,Kuruvai,DELAY,DELAY,False,71.14809131622314,agronomic_delay
Kuruvai-2019,2019-08-06,-8.069916,-11.550208,-14.881562,27.142944,22.569078,19.833672,56.81321,57.07904,56.09403,17.86,12.64,8.21,panicle_initiation,31.01,9.620000000000001,1.3199999999999998,Kuruvai,DELAY,IRRIGATE,False,70.97559070587158,agronomic_delay
Kuruvai-2019,2019-08-07,-16.617693,-17.476112,-17.73016,17.441513,13.309879,20.226475,53.37607,55.926403,57.314323,12.64,8.21,1.95,panicle_initiation,18.84,2.76,2.7699999999999996,Kuruvai,DELAY,IRRIGATE,False,75.04448318481445,agronomic_delay
Kuruvai-2019,2019-08-08,-21.18503,-22.601616,-22.940098,11.974923,12.036214,21.647644,53.251587,56.614117,57.909386,8.21,1.95,-4.73,panicle_initiation,11.33,1.7000000000000002,3.41,Kuruvai,DELAY,IRRIGATE,False,80.84948348999023,agronomic_delay
Kuruvai-2019,2019-08-09,-23.570583,-25.01961,-23.016369,7.55061,12.036715,15.398285,53.722473,56.618626,57.44879,1.95,-4.73,42.51,panicle_initiation,10.74,13.76,4.46,Kuruvai,DELAY,IRRIGATE,False,81.63823509216309,agronomic_delay
Kuruvai-2019,2019-08-10,-28.621735,-27.74921,-24.869127,2.897042,12.855925,21.136856,49.601223,57.65636,57.076504,-4.73,42.51,35.23,panicle_initiation,1.05,5.79,3.1900000000000004,Kuruvai,IRRIGATE,IRRIGATE,False,85.40557098388672,agronomic_irrigate
Kuruvai-2019,2019-08-11,-27.001614,-26.63145,-24.83819,-1.431604,5.215179,22.568047,47.192184,57.366154,55.97816,42.51,35.23,38.8,panicle_initiation,3.67,5.44,1.71,Kuruvai,IRRIGATE,MAINTAIN,False,83.99760437011719,agronomic_irrigate
Kuruvai-2019,2019-08-12,-2.6955466,-5.218969,-8.683728,34.03101,32.35584,28.036482,59.781757,56.234737,57.037205,35.23,38.8,32.2,flowering,42.9,8.36,1.67,Kuruvai,DELAY,MAINTAIN,False,65.72093296051025,agronomic_delay
Kuruvai-2019,2019-08-13,-7.401629,-8.362325,-9.782677,29.530357,28.407885,27.86207,56.956184,54.99154,58.44193,38.8,32.2,32.46,flowering,33.2,27.939999999999998,4.5,Kuruvai,DELAY,MAINTAIN,False,68.22460556030273,agronomic_delay
Kuruvai-2019,2019-08-14,-7.3076987,-10.855388,-10.351575,29.374592,26.56235,30.565784,60.615868,55.60069,61.210785,32.2,32.46,42.32,flowering,36.5,69.13,5.929999999999999,Kuruvai,DELAY,MAINTAIN,False,71.56235980987549,agronomic_delay
Kuruvai-2019,2019-08-15,-12.460645,-15.36209,-13.450992,19.733826,18.280329,28.72193,57.313866,55.603195,60.37369,32.46,42.32,71.32,flowering,26.13,75.56,5.609999999999999,Kuruvai,DELAY,MAINTAIN,False,73.82468318939209,agronomic_delay
Kuruvai-2019,2019-08-16,-4.303815,-1.9282897,-1.0861449,41.595764,51.98084,54.400658,64.23352,67.84121,74.0048,42.32,71.32,77.22,flowering,35.24,50.69,19.01,Kuruvai,DELAY,MAINTAIN,False,75.09094381332397,agronomic_delay
Kuruvai-2019,2019-08-17,-3.8416295,-1.4281487,-0.27068746,54.989746,59.236897,58.420227,71.62092,72.56899,77.53912,71.32,77.22,91.43,flowering,38.22,44.379999999999995,51.28,Kuruvai,DELAY,MAINTAIN,False,77.8098109960556,agronomic_delay
Kuruvai-2019,2019-08-18,22.324736,22.851446,21.584848,74.51451,83.16929,87.60411,89.77103,89.38875,85.580635,77.22,91.43,91.13,flowering,76.81,63.019999999999996,61.56,Kuruvai,MAINTAIN,MAINTAIN,False,67.44629096984863,maintain
Kuruvai-2019,2019-08-19,15.28715,13.035108,11.803292,74.80638,74.20002,76.76761,86.88559,82.76261,82.60678,91.43,91.13,93.83,flowering,70.76,44.730000000000004,65.65,Kuruvai,MAINTAIN,MAINTAIN,False,71.59843921661377,maintain
Kuruvai-2019,2019-08-20,28.63376,24.60301,21.482407,82.30382,80.57651,79.99997,92.83942,88.68584,83.64702,91.13,93.83,93.68,flowering,92.07,24.42,38.03,Kuruvai,MAINTAIN,MAINTAIN,False,64.20565605163574,agronomic_hold
Kuruvai-2019,2019-08-21,29.092873,24.739141,21.824612,89.97024,85.89908,78.38124,93.375496,90.29134,85.741425,93.83,93.68,89.92,flowering,96.88,7.280000000000001,42.8,Kuruvai,MAINTAIN,MAINTAIN,False,65.55220222473145,agronomic_hold
Kuruvai-2019,2019-08-22,28.724678,24.596363,21.824612,86.78798,86.18266,78.03909,91.777916,89.74319,85.26225,93.68,89.92,83.77,flowering,83.07,10.8,30.66,Kuruvai,MAINTAIN,MAINTAIN,False,65.14682388305664,maintain
Kuruvai-2019,2019-08-23,29.092873,24.739141,21.03339,88.14756,81.020645,73.91911,93.468315,88.30275,83.71794,89.92,83.77,81.26,flowering,103.77,3.54,27.580000000000002,Kuruvai,MAINTAIN,MAINTAIN,False,64.37544250488281,agronomic_hold
Kuruvai-2019,2019-08-24,29.092873,24.167904,20.35752,83.4198,79.378426,72.028946,91.42547,86.84945,80.11446,83.77,81.26,76.77,flowering,87.79,4.640000000000001,12.510000000000002,Kuruvai,MAINTAIN,MAINTAIN,False,62.68154525756836,agronomic_hold
Kuruvai-2019,2019-08-25,29.092873,24.842083,21.67791,82.1608,78.955376,69.50241,91.382774,84.98956,81.464745,81.26,76.77,70.71,grain_filling,84.48,1.71,7.279999999999999,Kuruvai,MAINTAIN,MAINTAIN,False,62.28990173339844,maintain
Kuruvai-2019,2019-08-26,28.724678,24.213867,20.685535,77.83075,72.48668,64.72864,89.03514,83.51052,77.20415,76.77,70.71,64.81,grain_filling,84.12,3.5,5.369999999999999,Kuruvai,MAINTAIN,MAINTAIN,False,60.310462951660156,maintain
Kuruvai-2019,2019-08-27,26.11169,23.238764,19.69255,75.39645,72.28009,65.08644,87.58315,80.504425,76.056244,70.71,64.81,62.49,grain_filling,80.4,4.75,4.72,Kuruvai,MAINTAIN,MAINTAIN,False,61.47146224975586,maintain
Kuruvai-2019,2019-08-28,16.023098,12.8965,9.145637,62.91513,58.58078,51.18385,80.3009,76.83061,73.95435,64.81,62.49,56.28,grain_filling,72.08,8.14,1.98,Kuruvai,MAINTAIN,MAINTAIN,False,64.80871677398682,maintain
Kuruvai-2019,2019-08-29,14.482621,12.217555,10.577306,63.835533,60.25755,55.534542,78.04227,73.52948,71.86539,62.49,56.28,52.23,grain_filling,69.8,2.16,3.49,Kuruvai,MAINTAIN,MAINTAIN,False,63.559645652770996,maintain
Kuruvai-2019,2019-08-30,11.207721,9.525305,7.3581743,55.838398,50.66661,45.731575,73.77422,71.518234,70.882706,56.28,52.23,47.16,grain_filling,65.09,8.469999999999999,3.45,Kuruvai,MAINTAIN,MAINTAIN,False,63.52453136444092,maintain
Kuruvai-2019,2019-08-31,11.124429,9.684488,7.0527472,58.823013,52.712765,51.60056,72.98354,71.160965,70.98927,52.23,47.16,46.41,grain_filling,65.08,13.38,4.6899999999999995,Kuruvai,MAINTAIN,MAINTAIN,False,63.93652582168579,maintain
Kuruvai-2019,2019-09-01,7.481111,4.4669776,0.33561158,49.274082,44.83776,37.355038,69.68538,69.099365,63.186295,47.16,46.41,43.98,grain_filling,54.84,11.1,2.79,Kuruvai,MAINTAIN,MAINTAIN,False,64.63238763809204,maintain
Kuruvai-2019,2019-09-02,7.8263283,4.8013887,3.5107422,53.10777,51.27994,47.17325,71.14704,70.44904,69.26591,46.41,43.98,42.0,grain_filling,56.98,11.729999999999999,7.15,Kuruvai,MAINTAIN,MAINTAIN,False,65.75516510009766,maintain
Kuruvai-2019,2019-09-03,4.4883375,1.951178,-1.9454746,45.86475,44.029232,33.836735,64.884346,65.03419,63.31013,43.98,42.0,36.73,grain_filling,50.92,6.53,8.74,Kuruvai,MAINTAIN,MAINTAIN,False,65.25560569763184,maintain
Kuruvai-2019,2019-09-04,-6.285894,-7.2461824,-9.743178,34.51573,29.60187,24.660688,56.42573,55.660023,55.29086,42.0,36.73,31.29,grain_filling,34.95,1.49,11.96,Kuruvai,MAINTAIN,MAINTAIN,False,65.03403759002686,maintain
Kuruvai-2019,2019-09-05,7.4080925,4.108678,-0.32885754,43.657772,39.522236,32.797367,70.09943,67.44038,61.107372,36.73,31.29,24.79,grain_filling,55.06,3.23,8.23,Kuruvai,MAINTAIN,MAINTAIN,False,63.331698417663574,maintain
Kuruvai-2019,2019-09-06,-7.457846,-10.938123,-13.755068,32.237934,24.646837,19.970407,56.548344,54.027855,53.776703,31.29,24.79,18.7,grain_filling,33.86,2.55,5.49,Kuruvai,MAINTAIN,MAINTAIN,False,67.53177070617676,maintain
Kuruvai-2019,2019-09-07,-7.12313,-10.828746,-10.80474,29.443823,25.555899,23.94233,56.465046,54.795963,53.839066,24.79,18.7,15.39,grain_filling,38.77,9.709999999999999,1.44,Kuruvai,MAINTAIN,MAINTAIN,False,65.6247091293335,maintain
Kuruvai-2019,2019-09-08,-12.460645,-15.881685,-18.6783,19.44032,15.861673,12.237672,51.430508,49.830917,45.436764,18.7,15.39,12.48,grain_filling,24.92,14.54,0.82,Kuruvai,MAINTAIN,MAINTAIN,False,65.71260261535645,maintain
Kuruvai-2019,2019-09-09,-12.460645,-15.528482,-16.58264,18.098358,15.565663,14.871335,52.953533,49.63218,46.047386,15.39,12.48,22.65,ripening,24.01,15.67,1.5,Kuruvai,MAINTAIN,MAINTAIN,False,65.41417789459229,maintain
Kuruvai-2019,2019-09-10,-20.98998,-20.970184,-19.845802,12.403388,10.528495,9.68904,51.453205,48.45537,46.84547,12.48,22.65,26.64,ripening,11.95,28.240000000000002,2.8899999999999997,Kuruvai,MAINTAIN,MAINTAIN,False,72.44318580627441,maintain
Kuruvai-2019,2019-09-11,-16.252604,-13.86275,-14.15949,21.422514,24.142853,24.177637,51.19619,56.856632,58.874866,22.65,26.64,37.51,ripening,15.61,50.05,16.38,Kuruvai,MAINTAIN,MAINTAIN,False,73.03435611724854,maintain
Kuruvai-2019,2019-09-12,-10.478943,-7.573953,-7.934127,25.19132,30.164747,32.196106,51.090824,57.475475,55.59822,26.64,37.51,38.56,ripening,21.38,33.69,22.71,Kuruvai,MAINTAIN,MAINTAIN,False,65.04942846298218,maintain
Kuruvai-2019,2019-09-13,-4.4931726,-1.7279415,-1.0427172,45.495506,45.41807,46.086056,60.82874,67.008354,68.15741,37.51,38.56,40.24,ripening,34.54,27.04,35.6,Kuruvai,MAINTAIN,MAINTAIN,False,69.2001268863678,maintain
Kuruvai-2019,2019-09-14,-4.80967,-5.4511065,-4.2179093,37.10532,33.149364,45.78349,56.627903,62.587997,67.60599,38.56,40.24,56.47,ripening,39.7,57.739999999999995,27.19,Kuruvai,MAINTAIN,MAINTAIN,False,71.82389688491821,maintain
Kuruvai-2019,2019-09-15,-0.39715838,-1.5043426,-1.3706805,38.21043,42.490437,54.302002,58.234295,67.477165,69.49585,40.24,56.47,71.79,ripening,43.24,73.61,25.380000000000003,Kuruvai,MAINTAIN,MAINTAIN,False,70.86653006076813,maintain
Kuruvai-2019,2019-09-16,-6.359228,-3.6266894,-2.8914506,44.62933,52.77125,59.795223,57.264153,68.476006,66.66126,56.47,71.79,86.38,ripening,29.42,75.47,31.089999999999996,Kuruvai,MAINTAIN,MAINTAIN,False,72.10269498825073,maintain
Kuruvai-2019,2019-09-17,7.782342,6.1743293,6.942773,71.00433,71.80025,68.737785,85.22993,82.43287,78.18589,71.79,86.38,96.31,ripening,56.04,25.900000000000002,45.209999999999994,Kuruvai,MAINTAIN,MAINTAIN,False,77.447585105896,maintain
Kuruvai-2019,2019-09-18,19.185513,18.064924,16.964224,76.62256,84.56682,87.87522,87.614334,88.65769,83.66372,86.38,96.31,94.7,ripening,73.84,27.27,57.53,Kuruvai,MAINTAIN,MAINTAIN,False,70.5927677154541,maintain
Kuruvai-2019,2019-09-19,28.942604,24.804895,23.205593,89.96159,89.64608,84.90107,95.9133,89.662506,85.34935,96.31,94.7,94.62,ripening,87.5,15.510000000000002,56.00999999999999,Kuruvai,DRAIN,DRAIN,False,66.97069549560547,bund_drain
Kuruvai-2019,2019-09-20,29.178589,27.219103,24.641457,88.29003,84.097824,87.85234,94.8237,90.34659,83.03869,94.7,94.62,93.47,ripening,101.12,13.26,38.339999999999996,Kuruvai,DRAIN,DRAIN,False,65.64511108398438,bund_drain
Kuruvai-2019,2019-09-21,29.092873,26.613363,24.229692,90.70274,84.35097,87.62123,96.18712,90.54018,84.015785,94.62,93.47,96.94,ripening,92.87,25.17,23.719999999999995,Kuruvai,DRAIN,DRAIN,False,67.09424591064453,bund_drain
Kuruvai-2019,2019-09-22,29.178589,27.219103,25.193216,84.73826,89.09211,91.61088,93.82149,95.29636,96.94912,93.47,96.94,96.83,ripening,94.86,68.92999999999999,7.189999999999996,Kuruvai,DRAIN,DRAIN,False,71.75590324401855,bund_drain
Kuruvai-2019,2019-09-23,29.178589,28.466404,28.069422,93.60849,93.23832,97.16019,97.866425,97.10672,97.61884,96.94,96.83,96.99,ripening,99.38,32.24,23.839999999999996,Kuruvai,DRAIN,DRAIN,False,69.5494213104248,bund_drain
Kuruvai-2019,2019-09-24,29.302963,29.145975,28.233961,92.19247,96.20129,100.56345,97.498184,98.87812,98.52446,96.83,96.99,95.41,ripening,85.55,53.379999999999995,29.519999999999996,Kuruvai,DRAIN,DRAIN,False,70.29049873352051,bund_drain
Kuruvai-2019,2019-09-25,29.302963,29.145975,27.557703,94.741615,92.70774,89.119545,98.20294,97.440544,94.34153,96.99,95.41,91.98,ripening,99.78,2.77,40.76,Kuruvai,DRAIN,DRAIN,False,68.89997863769531,bund_drain
Kuruvai-2019,2019-09-26,29.178589,27.14015,26.308363,88.19651,86.19916,84.49142,94.89874,94.02662,94.84294,95.41,91.98,88.72,ripening,95.32,15.850000000000001,24.339999999999996,Kuruvai,DRAIN,DRAIN,False,68.53457832336426,bund_drain
Kuruvai-2019,2019-09-27,29.092873,24.36979,22.226606,85.974846,78.7103,81.08791,93.99788,85.876114,90.209465,91.98,88.72,90.82,ripening,90.85,26.39,15.569999999999995,Kuruvai,DRAIN,DRAIN,False,67.98285865783691,bund_drain
Kuruvai-2019,2019-09-28,29.092873,24.31281,22.551481,80.93176,78.020966,81.56815,90.2858,85.33586,92.570984,88.72,90.82,96.64,ripening,93.66,20.270000000000003,2.7299999999999964,Kuruvai,DRAIN,DRAIN,False,70.01950263977051,bund_drain
Kuruvai-2019,2019-09-29,29.178589,27.712309,25.439867,84.68193,85.90087,84.73849,94.52257,94.51504,92.59486,90.82,96.64,93.62,ripening,94.86,9.99,6.2899999999999965,Kuruvai,DRAIN,DRAIN,False,67.15498924255371,bund_drain
Kuruvai-2019,2019-09-30,29.178589,27.79034,25.077024,91.99155,88.16905,88.53897,96.38058,94.6004,91.05804,96.64,93.62,90.69,ripening,96.02,1.93,21.509999999999998,Kuruvai,DRAIN,DRAIN,False,67.20198822021484,bund_drain
Kuruvai-2019,2019-10-01,29.092873,24.36979,21.86532,86.77082,79.623634,76.23322,94.18596,85.99768,85.93973,93.62,90.69,87.47,ripening,95.96,3.33,21.839999999999996,Kuruvai,DRAIN,DRAIN,False,65.09308624267578,bund_drain
Kuruvai-2019,2019-10-02,29.178589,26.856524,23.335127,86.248955,77.81495,75.88949,93.27581,90.03263,86.662025,90.69,87.47,84.08,ripening,98.0,6.4799999999999995,16.849999999999994,Kuruvai,DRAIN,DRAIN,False,64.09722137451172,bund_drain
Kuruvai-2019,2019-10-03,29.178589,26.04241,22.881632,80.46647,75.13776,75.9134,90.11575,88.28984,86.87509,87.47,84.08,82.94,ripening,95.03,8.93,1.3999999999999964,Kuruvai,DRAIN,DRAIN,False,63.993459701538086,bund_drain
Kuruvai-2019,2019-10-04,29.092873,24.25155,21.994505,79.31188,76.1806,73.066,89.81592,85.007195,87.735,84.08,82.94,81.63,ripening,87.03,6.74,0.9899999999999964,Kuruvai,DRAIN,DRAIN,False,65.7404956817627,bund_drain
Kuruvai-2019,2019-10-05,26.197407,25.417486,23.331007,79.89857,82.067825,78.47754,88.09392,91.20139,87.65358,82.94,81.63,79.6,ripening,80.61,4.97,2.7099999999999964,Kuruvai,MAINTAIN,MAINTAIN,False,65.78390693664551,maintain
Kuruvai-2019,2019-10-06,25.860483,25.595184,22.8902,78.76822,78.29908,74.71709,87.27529,87.256325,84.668594,81.63,79.6,76.48,ripening,79.76,2.03,4.489999999999997,Kuruvai,MAINTAIN,MAINTAIN,False,61.77839469909668,maintain
Kuruvai-2019,2019-10-07,29.092873,24.25155,22.043219,78.67059,76.42542,73.80054,87.73985,86.05474,86.78723,79.6,76.48,73.24,ripening,85.82,3.7800000000000002,5.759999999999996,Kuruvai,DRAIN,DRAIN,False,64.7440128326416,bund_drain
Kuruvai-2019,2019-10-08,23.367525,20.91548,18.823128,73.41232,70.83849,67.40156,85.582016,82.990555,81.266205,76.48,73.24,70.06,ripening,79.39,1.29,3.929999999999996,Kuruvai,MAINTAIN,MAINTAIN,False,62.443077087402344,maintain
Kuruvai-2019,2019-10-09,15.28715,12.476287,11.524411,66.148705,64.24813,60.508034,80.096405,76.18008,77.10082,73.24,70.06,67.96,ripening,71.25,3.17,2.349999999999996,Kuruvai,MAINTAIN,MAINTAIN,False,65.57641124725342,maintain
Kuruvai-2020,2020-06-22,-30.473085,-32.258278,-32.544136,-5.300378,-10.012098,-4.3474627,48.863304,48.37737,50.141872,-6.01,-11.45,-12.33,establishment,-1.95,16.47,2.51,Kuruvai,DELAY,DELAY,False,82.68600845336914,threshold_delay
Kuruvai-2020,2020-06-23,-30.742853,-32.576065,-32.43739,-9.810819,-11.65412,-2.1726167,48.172478,52.693996,50.589355,-11.45,-12.33,-10.87,establishment,-4.46,20.59,3.17,Kuruvai,DELAY,DELAY,False,85.27006149291992,threshold_delay
Kuruvai-2020,2020-06-24,-33.10318,-32.22295,-32.275887,-9.023999,-9.001609,2.3766775,48.114143,56.8624,55.905014,-12.33,-10.87,-11.68,establishment,-7.2,35.26,6.81,Kuruvai,DELAY,DELAY,False,89.0853500366211,threshold_delay
Kuruvai-2020,2020-06-25,-33.06224,-31.498611,-33.434956,-6.891439,-5.7908154,-6.403338,47.357445,55.476547,52.75819,-10.87,-11.68,-15.91,establishment,-8.58,6.16,12.669999999999998,Kuruvai,DELAY,DELAY,False,86.97515869140625,threshold_delay
Kuruvai-2020,2020-06-26,-37.468845,-36.124767,-35.589233,-11.3513975,-11.497836,-11.0975485,48.546368,49.96396,49.361362,-11.68,-15.91,-19.29,establishment,-16.42,14.760000000000002,16.04,Kuruvai,DELAY,DELAY,False,86.08872604370117,threshold_delay
Kuruvai-2020,2020-06-27,-31.297094,-33.521057,-35.316505,-12.156352,-16.071718,-14.234849,43.1091,49.29945,46.858204,-15.91,-19.29,-22.78,establishment,-6.8,4.59,12.33,Kuruvai,IRRIGATE,IRRIGATE,False,82.82050704956055,threshold_irrigate
Kuruvai-2020,2020-06-28,-38.92717,-39.1002,-41.97448,-15.187218,-17.816397,-21.73653,36.88998,33.80964,22.092102,-19.29,-22.78,-26.29,establishment,-16.35,7.109999999999999,7.779999999999999,Kuruvai,IRRIGATE,IRRIGATE,False,75.8171501159668,threshold_irrigate
Kuruvai-2020,2020-06-29,-44.007732,-45.169125,-47.60463,-24.95179,-28.773075,-33.09806,23.562279,23.350918,16.567894,-22.78,-26.29,-29.67,tillering,-24.22,5.210000000000001,4.7,Kuruvai,MAINTAIN,MAINTAIN,False,68.5200424194336,maintain
Kuruvai-2020,2020-06-30,-40.092396,-40.86634,-41.50583,-20.116758,-22.057497,-24.25516,30.884811,25.517681,20.260256,-26.29,-29.67,-33.26,tillering,-16.1,17.18,5.19,Kuruvai,MAINTAIN,MAINTAIN,False,70.97720718383789,maintain
Kuruvai-2020,2020-07-01,-39.920902,-40.144054,-40.8227,-20.525574,-20.89977,-17.890154,36.52761,26.432613,20.538252,-29.67,-33.26,-32.17,tillering,-18.97,18.32,4.86,Kuruvai,MAINTAIN,MAINTAIN,False,76.44851303100586,maintain
Kuruvai-2020,2020-07-02,-44.361908,-45.338326,-47.205357,-30.641195,-30.357111,-31.126066,17.848387,18.617388,15.178349,-33.26,-32.17,-37.25,tillering,-28.35,11.05,5.529999999999999,Kuruvai,MAINTAIN,MAINTAIN,False,63.95571327209473,maintain
Kuruvai-2020,2020-07-03,-45.488506,-44.3158,-48.196304,-28.357187,-27.905935,-33.933758,12.208537,17.435547,14.688868,-32.17,-37.25,-42.34,tillering,-29.72,0.8,10.169999999999998,Kuruvai,MAINTAIN,MAINTAIN,False,62.88517189025879,maintain
Kuruvai-2020,2020-07-04,-48.0838,-50.33211,-53.285633,-32.267986,-38.346294,-45.249687,12.164496,17.435547,14.2791395,-37.25,-42.34,-47.26,tillering,-28.33,1.67,9.229999999999999,Kuruvai,MAINTAIN,MAINTAIN,False,67.76765823364258,maintain
Kuruvai-2020,2020-07-05,-48.308773,-50.246197,-52.765827,-33.920784,-37.09803,-42.45945,12.164496,17.435547,13.870602,-42.34,-47.26,-50.06,tillering,-30.27,4.83,7.18,Kuruvai,MAINTAIN,MAINTAIN,False,67.68174362182617,maintain
Kuruvai-2020,2020-07-06,-54.282295,-57.527714,-59.451298,-43.152424,-46.234856,-46.22719,10.631722,8.178263,8.655165,-47.26,-50.06,-51.68,tillering,-38.7,24.95,0.95,Kuruvai,MAINTAIN,MAINTAIN,False,68.1064624786377,maintain
Kuruvai-2020,2020-07-07,-64.995255,-68.990105,-72.469,-51.311607,-49.938835,-51.898804,3.0602653,1.7056162,4.395772,-50.06,-51.68,-39.55,tillering,-53.9,15.880000000000003,3.05,Kuruvai,MAINTAIN,MAINTAIN,False,76.86477375030518,maintain
Kuruvai-2020,2020-07-08,-55.92965,-57.599632,-57.63202,-46.635323,-44.424755,-44.7501,9.390412,7.6831055,8.965681,-51.68,-39.55,-42.86,tillering,-40.01,27.25,5.359999999999999,Kuruvai,MAINTAIN,MAINTAIN,False,66.59770011901855,maintain
Kuruvai-2020,2020-07-09,-54.025806,-53.878242,-58.02278,-33.234394,-30.716852,-36.13857,8.248736,8.095421,9.062037,-39.55,-42.86,-36.81,tillering,-46.35,11.459999999999999,20.67,Kuruvai,MAINTAIN,MAINTAIN,False,67.08481884002686,maintain
Kuruvai-2020,2020-07-10,-55.063957,-56.61397,-58.45458,-44.334312,-45.12245,-46.231636,9.390412,8.0632515,8.70399,-42.86,-36.81,-38.65,tillering,-42.1,13.4,19.55,Kuruvai,MAINTAIN,MAINTAIN,False,67.15856838226318,maintain
Kuruvai-2020,2020-07-11,-54.1953,-54.236225,-59.54859,-35.59442,-32.84229,-33.725975,8.248736,8.460287,12.755011,-36.81,-38.65,-41.37,tillering,-48.01,39.44,27.889999999999997,Kuruvai,MAINTAIN,MAINTAIN,False,72.30360221862793,maintain
Kuruvai-2020,2020-07-12,-53.143578,-51.576996,-54.376263,-42.68944,-40.199085,-41.66766,10.631722,8.419304,9.033744,-38.65,-41.37,-33.45,tillering,-34.29,17.78,16.249999999999996,Kuruvai,MAINTAIN,MAINTAIN,False,63.77530002593994,maintain
Kuruvai-2020,2020-07-13,-53.69307,-56.02607,-56.796673,-41.984932,-42.094036,-41.325798,9.390412,8.294329,9.328793,-41.37,-33.45,-32.84,tillering,-40.04,22.34,15.949999999999996,Kuruvai,MAINTAIN,MAINTAIN,False,66.1254653930664,maintain
Kuruvai-2020,2020-07-14,-51.787735,-51.909874,-54.987732,-31.904034,-31.828136,-36.453167,9.390412,8.678857,9.367968,-33.45,-32.84,-37.0,tillering,-39.72,6.08,17.519999999999996,Kuruvai,MAINTAIN,MAINTAIN,False,64.35569953918457,maintain
Kuruvai-2020,2020-07-15,-47.798298,-44.454502,-46.617466,-34.14606,-27.746067,-30.00119,11.313497,17.815691,14.821826,-32.84,-37.0,-41.43,tillering,-29.73,4.75,18.689999999999998,Kuruvai,MAINTAIN,MAINTAIN,False,62.270193099975586,maintain
Kuruvai-2020,2020-07-16,-51.403942,-54.11165,-55.648926,-35.798134,-43.899406,-49.79981,11.48272,8.558407,8.70399,-37.0,-41.43,-42.83,tillering,-35.67,11.120000000000001,18.679999999999996,Kuruvai,MAINTAIN,MAINTAIN,False,64.35291576385498,maintain
Kuruvai-2020,2020-07-17,-57.47636,-56.938908,-58.471523,-42.98762,-46.109695,-44.409313,8.388257,7.6831055,8.295506,-41.43,-42.83,-41.37,tillering,-42.58,21.06,6.929999999999996,Kuruvai,MAINTAIN,MAINTAIN,False,66.76702880859375,maintain
Kuruvai-2020,2020-07-18,-54.143726,-55.755795,-56.82043,-41.17673,-40.912292,-38.90946,10.001582,8.178263,9.546494,-42.83,-41.37,-38.19,stem_elongation,-39.5,16.06,4.849999999999996,Kuruvai,MAINTAIN,MAINTAIN,False,66.36692428588867,maintain
Kuruvai-2020,2020-07-19,-54.643906,-55.369743,-59.131756,-40.326134,-36.731003,-40.637283,8.248736,7.4841976,10.003733,-41.37,-38.19,-42.08,stem_elongation,-45.5,15.01,9.699999999999996,Kuruvai,MAINTAIN,MAINTAIN,False,69.13548851013184,maintain
Kuruvai-2020,2020-07-20,-52.56092,-53.84931,-58.153545,-38.616913,-40.68856,-45.948906,9.390412,8.1837015,9.447556,-38.19,-42.08,-45.82,stem_elongation,-40.64,6.45,16.709999999999997,Kuruvai,MAINTAIN,MAINTAIN,False,67.60110092163086,maintain
Kuruvai-2020,2020-07-21,-57.489136,-60.553837,-63.78182,-45.797386,-49.314285,-56.39715,8.248736,7.7438936,8.630714,-42.08,-45.82,-46.4,stem_elongation,-44.91,7.5,14.459999999999997,Kuruvai,MAINTAIN,MAINTAIN,False,72.41253280639648,maintain
Kuruvai-2020,2020-07-22,-59.642757,-58.55659,-59.350574,-48.3629,-52.89305,-55.150803,8.248736,7.6831055,8.395203,-45.82,-46.4,-47.48,stem_elongation,-43.34,17.93,8.889999999999997,Kuruvai,MAINTAIN,MAINTAIN,False,67.89149379730225,maintain
Kuruvai-2020,2020-07-23,-54.1624,-54.065933,-57.762966,-44.737217,-45.479362,-51.555923,9.390412,7.6831055,8.7958,-46.4,-47.48,-44.92,stem_elongation,-42.25,15.310000000000002,5.159999999999997,Kuruvai,MAINTAIN,MAINTAIN,False,66.55876636505127,maintain
Kuruvai-2020,2020-07-24,-57.056248,-55.67269,-58.65157,-45.043934,-41.59597,-44.757805,8.248736,7.6831055,8.7958,-47.48,-44.92,-47.16,stem_elongation,-43.37,14.33,8.109999999999996,Kuruvai,MAINTAIN,MAINTAIN,False,67.44736957550049,maintain
Kuruvai-2020,2020-07-25,-58.363712,-60.82234,-67.91227,-43.39465,-44.070637,-49.333,7.1747856,5.0801706,7.099772,-44.92,-47.16,-50.46,stem_elongation,-51.42,20.57,15.959999999999997,Kuruvai,MAINTAIN,MAINTAIN,False,75.0120415687561,maintain
Kuruvai-2020,2020-07-26,-60.29181,-64.31782,-66.31952,-47.769543,-49.20383,-53.448864,7.1747856,7.554963,8.492807,-47.16,-50.46,-47.62,stem_elongation,-50.76,21.08,14.999999999999996,Kuruvai,MAINTAIN,MAINTAIN,False,74.81232643127441,maintain
Kuruvai-2020,2020-07-27,-59.456104,-61.462147,-63.34968,-47.09292,-46.882053,-44.127026,8.248736,7.7438936,9.154678,-50.46,-47.62,-30.99,stem_elongation,-47.08,32.0,12.739999999999998,Kuruvai,MAINTAIN,MAINTAIN,False,72.50436019897461,maintain
Kuruvai-2020,2020-07-28,-55.903397,-56.781364,-62.1515,-41.689133,-37.111053,-39.632393,8.248736,7.8643436,10.709753,-47.62,-30.99,-35.97,stem_elongation,-47.65,33.0,11.939999999999998,Kuruvai,MAINTAIN,MAINTAIN,False,72.86125373840332,maintain
Kuruvai-2020,2020-07-29,-54.477703,-53.7998,-58.00533,-30.02289,-30.447006,-25.620007,8.248736,8.667867,12.08753,-30.99,-35.97,-28.09,stem_elongation,-45.59,22.71,29.459999999999997,Kuruvai,MAINTAIN,MAINTAIN,False,70.09285926818848,maintain
Kuruvai-2020,2020-07-30,-52.080894,-53.936996,-54.80669,-40.55607,-42.819313,-37.563362,11.313497,9.960839,8.662391,-35.97,-28.09,-30.4,stem_elongation,-33.55,17.810000000000002,28.669999999999995,Kuruvai,MAINTAIN,MAINTAIN,False,63.89783573150635,maintain
Kuruvai-2020,2020-07-31,-50.262215,-48.935642,-50.925354,-26.493408,-28.223345,-0.80754787,10.631722,9.912565,51.409935,-28.09,-30.4,-33.39,stem_elongation,-34.48,8.77,34.73,Kuruvai,INSPECT,MAINTAIN,True,102.33528900146484,uncertainty_gate
Kuruvai-2020,2020-08-01,-42.119095,-40.389454,-40.663834,-21.415577,-10.689503,6.2113867,20.032019,54.798832,51.811737,-30.4,-33.39,-38.52,stem_elongation,-20.58,13.91,16.929999999999996,Kuruvai,INSPECT,MAINTAIN,True,95.18828582763672,uncertainty_gate
Kuruvai-2020,2020-08-02,-44.45238,-45.37662,-47.838642,16.828482,27.333153,32.92141,58.19262,63.63493,60.846985,-33.39,-38.52,-43.27,panicle_initiation,-29.37,1.03,18.9,Kuruvai,IRRIGATE,IRRIGATE,False,109.01155090332031,agronomic_irrigate
Kuruvai-2020,2020-08-03,-52.686935,-55.00978,-43.090595,12.752429,25.541666,33.168327,56.205757,62.073196,59.757347,-38.52,-43.27,-48.91,panicle_initiation,-41.56,1.81,5.7899999999999965,Kuruvai,IRRIGATE,IRRIGATE,False,117.08297729492188,agronomic_irrigate
Kuruvai-2020,2020-08-04,-54.037838,-55.067177,-44.682034,13.050373,24.173822,30.391356,55.277546,62.073196,58.893642,-43.27,-48.91,-54.1,panicle_initiation,-37.5,0.8500000000000001,3.469999999999996,Kuruvai,IRRIGATE,IRRIGATE,False,117.14037322998047,agronomic_irrigate
Kuruvai-2020,2020-08-05,-51.54893,-53.71038,-51.66156,8.990226,23.916952,32.237946,54.914185,61.79939,58.70691,-48.91,-54.1,-59.43,panicle_initiation,-33.05,13.219999999999999,0.7799999999999965,Kuruvai,IRRIGATE,IRRIGATE,False,115.50976943969727,agronomic_irrigate
Kuruvai-2020,2020-08-06,-66.273834,-64.045044,-36.112682,10.376414,26.132414,32.24565,56.988213,61.613693,59.038696,-54.1,-59.43,27.68,panicle_initiation,-55.35,22.939999999999998,0.6799999999999965,Kuruvai,IRRIGATE,IRRIGATE,False,125.65873718261719,agronomic_irrigate
Kuruvai-2020,2020-08-07,-68.36694,-66.06836,-32.525368,8.635655,27.656696,27.203123,55.179947,61.39593,58.746113,-59.43,27.68,31.61,panicle_initiation,-53.95,32.82,0.7999999999999965,Kuruvai,IRRIGATE,IRRIGATE,False,127.46429061889648,agronomic_irrigate
Kuruvai-2020,2020-08-08,-65.263916,-60.29383,-30.214478,16.769035,33.535934,32.1702,55.1012,63.477516,60.32937,27.68,31.61,44.23,panicle_initiation,-60.56,25.150000000000002,13.679999999999996,Kuruvai,IRRIGATE,MAINTAIN,False,123.77134704589844,agronomic_irrigate
Kuruvai-2020,2020-08-09,-7.567334,-4.7698383,-8.363508,33.71332,28.796387,29.100931,58.038975,63.65686,61.251408,31.61,44.23,38.27,panicle_initiation,28.16,2.94,23.409999999999997,Kuruvai,DELAY,MAINTAIN,False,69.61491584777832,agronomic_delay
Kuruvai-2020,2020-08-10,-8.349336,-11.035403,-14.178491,28.635315,23.548056,18.846594,56.954933,58.22619,58.513153,44.23,38.27,31.16,panicle_initiation,32.58,3.33,23.209999999999997,Kuruvai,DELAY,MAINTAIN,False,72.69164371490479,agronomic_delay
Kuruvai-2020,2020-08-11,1.6888733,-3.6103232,-8.555663,39.59612,34.22844,27.5901,61.831367,59.273182,58.546364,38.27,31.16,24.23,panicle_initiation,49.93,0.92,11.969999999999997,Kuruvai,DELAY,MAINTAIN,False,67.10202693939209,agronomic_delay
Kuruvai-2020,2020-08-12,-7.182607,-10.973462,-12.379847,30.80265,27.556822,22.618326,58.4952,56.860756,58.510757,31.16,24.23,16.85,panicle_initiation,38.69,12.28,2.1399999999999966,Kuruvai,DELAY,MAINTAIN,False,70.89060401916504,agronomic_delay
Kuruvai-2020,2020-08-13,-7.3091826,-11.285305,-13.529266,29.061287,25.398062,19.791447,58.394897,56.43986,57.582123,24.23,16.85,9.72,panicle_initiation,37.55,1.06,2.1899999999999964,Kuruvai,DELAY,DELAY,False,71.11138916015625,agronomic_delay
Kuruvai-2020,2020-08-14,-13.14976,-16.365854,-18.41928,19.42114,14.6680355,12.855794,54.14377,54.813152,55.735126,16.85,9.72,1.97,flowering,23.64,1.31,0.7799999999999965,Kuruvai,DELAY,IRRIGATE,False,74.15440559387207,agronomic_delay
Kuruvai-2020,2020-08-15,-18.750011,-20.186632,-19.154816,12.009604,10.203128,19.549305,52.792843,54.84743,57.665047,9.72,1.97,-5.54,flowering,15.1,1.54,0.5999999999999965,Kuruvai,DELAY,IRRIGATE,False,76.81986236572266,agronomic_delay
Kuruvai-2020,2020-08-16,-24.222538,-24.22334,-23.074797,4.589437,14.22317,18.060331,47.987263,59.593025,56.56282,1.97,-5.54,-10.92,flowering,6.37,3.67,0.36999999999999644,Kuruvai,IRRIGATE,IRRIGATE,False,83.81636428833008,agronomic_irrigate
Kuruvai-2020,2020-08-17,-31.809235,-30.161806,-27.750662,5.6843452,18.717049,27.53158,48.489002,60.081142,57.42274,-5.54,-10.92,-15.9,flowering,-7.12,3.9699999999999998,0.43999999999999645,Kuruvai,IRRIGATE,IRRIGATE,False,90.24294853210449,agronomic_irrigate
Kuruvai-2020,2020-08-18,-31.078997,-28.96975,-25.88433,-0.62290466,17.430243,20.979769,46.540764,59.685436,56.118458,-10.92,-15.9,45.31,flowering,-4.16,1.65,2.2099999999999964,Kuruvai,IRRIGATE,IRRIGATE,False,88.65518569946289,agronomic_irrigate
Kuruvai-2020,2020-08-19,-31.061506,-28.106936,-25.186098,-2.6487563,14.670576,25.997105,48.127594,59.619408,57.5657,-15.9,45.31,38.34,flowering,-0.65,7.66,2.999999999999997,Kuruvai,IRRIGATE,IRRIGATE,False,87.72634315490723,agronomic_irrigate
Kuruvai-2020,2020-08-20,-36.043453,-34.651867,-34.818615,0.97219324,24.262573,30.229652,46.615746,61.75085,59.180336,45.31,38.34,35.31,flowering,-13.61,26.310000000000002,3.0599999999999965,Kuruvai,DELAY,MAINTAIN,False,96.40271759033203,agronomic_delay
Kuruvai-2020,2020-08-21,-1.4293535,-4.847547,-5.2004495,39.156666,34.786285,37.4501,60.165356,57.949894,58.571686,38.34,35.31,41.48,flowering,48.74,24.13,1.6899999999999966,Kuruvai,DELAY,MAINTAIN,False,63.77213525772095,agronomic_delay
Kuruvai-2020,2020-08-22,-7.237242,-9.018061,-6.089741,33.86375,39.381542,47.43624,58.23197,57.153057,64.60686,35.31,41.48,48.03,flowering,36.27,46.28,4.639999999999997,Kuruvai,DELAY,MAINTAIN,False,70.69659852981567,agronomic_delay
Kuruvai-2020,2020-08-23,-4.701524,-1.410577,-3.6075451,41.629913,42.537544,41.226578,60.041393,66.94014,71.96951,41.48,48.03,45.0,flowering,34.09,15.760000000000002,16.859999999999996,Kuruvai,DELAY,MAINTAIN,False,75.57705807685852,agronomic_delay
Kuruvai-2020,2020-08-24,1.3757423,3.2252834,-1.7296146,50.287666,50.363064,44.935814,62.6342,69.72096,72.30662,48.03,45.0,41.69,flowering,46.4,10.45,28.99,Kuruvai,DELAY,MAINTAIN,False,74.03623235225677,agronomic_delay
Kuruvai-2020,2020-08-25,7.836594,5.1055408,2.9705873,48.96956,48.855328,43.86354,71.508484,72.60263,73.808266,45.0,41.69,40.34,flowering,58.07,8.09,28.579999999999995,Kuruvai,MAINTAIN,MAINTAIN,False,70.8376784324646,maintain
Kuruvai-2020,2020-08-26,4.5656004,1.9238485,-2.3159595,46.606205,43.041496,38.39978,65.98437,72.84327,68.62324,41.69,40.34,34.54,flowering,52.44,4.46,18.459999999999997,Kuruvai,DELAY,MAINTAIN,False,70.93919706344604,agronomic_delay
Kuruvai-2020,2020-08-27,-1.0012466,-3.4524896,-6.7992663,41.46812,37.994514,34.31742,60.48309,61.42302,66.31052,40.34,34.54,29.21,grain_filling,45.72,2.7,9.549999999999997,Kuruvai,MAINTAIN,MAINTAIN,False,73.10978269577026,maintain
Kuruvai-2020,2020-08-28,-7.182607,-11.158123,-10.959861,32.932796,26.05023,24.714815,57.48832,56.25599,54.503166,34.54,29.21,26.54,grain_filling,40.52,13.16,6.7399999999999975,Kuruvai,MAINTAIN,MAINTAIN,False,67.41411209106445,maintain
Kuruvai-2020,2020-08-29,-7.5593724,-11.05404,-9.545161,30.757698,27.590014,28.671247,57.18783,56.236652,54.728294,29.21,26.54,27.41,grain_filling,35.59,16.740000000000002,4.659999999999998,Kuruvai,MAINTAIN,MAINTAIN,False,67.29069232940674,maintain
Kuruvai-2020,2020-08-30,-12.959991,-13.443057,-13.272195,23.371292,25.547266,24.19799,52.050987,48.94474,46.68471,26.54,27.41,33.01,grain_filling,25.44,27.82,3.9099999999999984,Kuruvai,MAINTAIN,MAINTAIN,False,65.01097869873047,maintain
Kuruvai-2020,2020-08-31,-16.280008,-13.661284,-13.149259,21.72921,20.252216,22.05392,49.769165,51.387035,50.541374,27.41,33.01,37.63,grain_filling,19.3,10.66,9.52,Kuruvai,MAINTAIN,MAINTAIN,False,66.04917335510254,maintain
Kuruvai-2020,2020-09-01,-10.674888,-8.257747,-12.225863,28.233627,30.673553,26.58513,50.699837,57.431473,56.98894,33.01,37.63,35.57,grain_filling,21.78,10.83,18.759999999999998,Kuruvai,MAINTAIN,MAINTAIN,False,69.21480464935303,maintain
Kuruvai-2020,2020-09-02,-4.782776,-1.5917698,-4.7049,36.335724,35.942196,32.181156,57.672855,69.4171,73.66453,37.63,35.57,31.76,grain_filling,33.26,7.220000000000001,25.1,Kuruvai,MAINTAIN,MAINTAIN,False,78.36942768096924,maintain
Kuruvai-2020,2020-09-03,-7.2576337,-8.561802,-11.2037525,32.560955,32.115616,28.899412,57.59701,61.12231,65.21024,35.57,31.76,28.54,grain_filling,36.17,5.95,21.84,Kuruvai,MAINTAIN,MAINTAIN,False,76.41399574279785,maintain
Kuruvai-2020,2020-09-04,-9.982093,-12.553476,-15.699646,27.074663,22.622936,21.400866,53.936134,54.429398,48.398262,31.76,28.54,25.14,grain_filling,28.22,6.5,13.459999999999999,Kuruvai,MAINTAIN,MAINTAIN,False,66.98287391662598,maintain
Kuruvai-2020,2020-09-05,-9.198379,-12.248265,-15.227363,28.510923,26.421309,23.320362,56.116516,52.165947,47.574577,28.54,25.14,20.68,grain_filling,31.57,5.949999999999999,5.67,Kuruvai,MAINTAIN,MAINTAIN,False,65.3148946762085,maintain
Kuruvai-2020,2020-09-06,-12.738236,-14.99661,-14.609206,21.46295,19.253994,18.8727,52.050987,48.14821,46.14116,25.14,20.68,16.99,grain_filling,26.95,18.27,5.18,Kuruvai,MAINTAIN,MAINTAIN,False,64.78922367095947,maintain
Kuruvai-2020,2020-09-07,-17.547886,-18.991035,-15.515364,17.152742,13.266696,23.537281,50.333996,46.739613,46.37237,20.68,16.99,35.63,grain_filling,19.28,36.34,4.86,Kuruvai,MAINTAIN,MAINTAIN,False,67.88188171386719,maintain
Kuruvai-2020,2020-09-08,-17.547886,-18.515831,-16.01108,15.1617775,18.121347,20.81574,50.23805,46.630867,51.565742,16.99,35.63,38.07,grain_filling,18.83,41.870000000000005,4.88,Kuruvai,MAINTAIN,MAINTAIN,False,67.78593444824219,maintain
Kuruvai-2020,2020-09-09,-15.823698,-14.974695,-17.593164,26.243687,33.699688,27.13497,51.606636,59.28939,59.025314,35.63,38.07,35.08,grain_filling,15.39,12.779999999999998,25.83,Kuruvai,MAINTAIN,MAINTAIN,False,76.61847877502441,maintain
Kuruvai-2020,2020-09-10,-5.222625,-2.3605962,-6.7552395,34.65724,30.7118,27.19886,57.622482,63.584328,62.319237,38.07,35.08,31.98,grain_filling,32.55,4.94,32.73,Kuruvai,MAINTAIN,MAINTAIN,False,69.07447624206543,maintain
Kuruvai-2020,2020-09-11,-3.2860188,-7.0475564,-5.8758254,35.9082,38.641937,35.655884,57.437454,62.057495,67.72436,35.08,31.98,32.78,ripening,42.7,8.4,32.129999999999995,Kuruvai,MAINTAIN,MAINTAIN,False,73.60018301010132,maintain
Kuruvai-2020,2020-09-12,-12.956656,-15.671646,-18.040855,24.316656,20.039818,18.4897,50.80185,49.035683,46.539555,31.98,32.78,29.04,ripening,25.57,5.92,9.65,Kuruvai,MAINTAIN,MAINTAIN,False,64.70732879638672,maintain
Kuruvai-2020,2020-09-13,-12.059842,-12.396825,-15.526625,24.12569,22.182419,18.004076,51.72758,47.785553,46.735477,32.78,29.04,25.55,ripening,22.05,2.9000000000000004,6.33,Kuruvai,MAINTAIN,MAINTAIN,False,63.7874231338501,maintain
Kuruvai-2020,2020-09-14,-8.45552,-11.850563,-14.260345,27.864264,23.08498,17.451086,55.05808,54.413216,55.581367,29.04,25.55,21.46,ripening,32.8,1.92,6.050000000000001,Kuruvai,MAINTAIN,MAINTAIN,False,69.84171295166016,maintain
Kuruvai-2020,2020-09-15,-9.96091,-13.03326,-15.8611555,25.341223,19.413284,15.59433,54.83877,51.55312,47.761814,25.55,21.46,17.93,ripening,29.52,2.1500000000000004,6.0200000000000005,Kuruvai,MAINTAIN,MAINTAIN,False,64.79968166351318,maintain
Kuruvai-2020,2020-09-16,-12.295083,-14.209138,-16.26232,21.689497,16.674347,14.139832,50.701546,48.460365,45.712994,21.46,17.93,14.19,ripening,27.57,1.5,1.780000000000001,Kuruvai,MAINTAIN,MAINTAIN,False,62.996628761291504,maintain
Kuruvai-2020,2020-09-17,-17.547886,-19.079044,-21.285475,16.917242,10.899513,6.5808797,49.444706,46.55903,44.584805,17.93,14.19,10.46,ripening,18.77,1.49,1.810000000000001,Kuruvai,MAINTAIN,MAINTAIN,False,66.99259185791016,maintain
Kuruvai-2020,2020-09-18,-18.848347,-20.701464,-23.530212,11.625728,7.2900395,1.1900508,49.236496,46.139755,44.617672,14.19,10.46,7.12,ripening,13.34,1.3399999999999999,1.640000000000001,Kuruvai,MAINTAIN,MAINTAIN,False,68.14788436889648,maintain
Kuruvai-2020,2020-09-19,-18.789131,-20.660393,-23.425928,10.711568,5.896395,1.4787241,50.096893,46.484325,43.83786,10.46,7.12,2.91,ripening,14.15,10.05,1.870000000000001,Kuruvai,MAINTAIN,MAINTAIN,False,68.88602447509766,maintain
Kuruvai-2020,2020-09-20,-23.420008,-26.731112,-29.668875,4.906937,1.4082478,-1.1966127,44.870384,41.73862,39.36294,7.12,2.91,-1.58,ripening,8.25,12.54,1.7000000000000006,Kuruvai,MAINTAIN,MAINTAIN,False,69.03181648254395,maintain
Kuruvai-2020,2020-09-21,-19.703789,-21.760366,-23.158777,7.8438334,3.805342,-2.615935,47.88635,45.909,43.07367,2.91,-1.58,-5.53,ripening,14.88,0.51,1.1400000000000008,Kuruvai,MAINTAIN,MAINTAIN,False,67.66936683654785,maintain
Kuruvai-2020,2020-09-22,-25.94944,-28.035656,-31.24459,-1.7084427,-2.6724758,-7.869346,41.89097,36.707527,39.949566,-1.58,-5.53,-8.93,ripening,1.29,1.69,0.6500000000000009,Kuruvai,MAINTAIN,MAINTAIN,False,71.19415664672852,maintain
Kuruvai-2020,2020-09-23,-29.578382,-31.76345,-34.12483,-7.465377,-10.056731,-13.111732,39.255257,36.42325,39.7706,-5.53,-8.93,-9.28,ripening,-1.85,3.3200000000000003,0.24000000000000088,Kuruvai,MAINTAIN,MAINTAIN,False,73.89542770385742,maintain
Kuruvai-2020,2020-09-24,-26.728155,-28.452503,-30.80054,-1.960322,-5.4901414,-4.1237507,43.029842,36.471855,39.778324,-8.93,-9.28,-11.2,ripening,6.85,10.14,0.35000000000000087,Kuruvai,MAINTAIN,MAINTAIN,False,70.57886505126953,maintain
Kuruvai-2020,2020-09-25,-33.036545,-33.68676,-34.08085,-9.054479,-4.790757,0.6076095,38.551357,32.375008,35.44776,-9.28,-11.2,-3.32,ripening,-9.9,26.02,2.830000000000001,Kuruvai,MAINTAIN,MAINTAIN,False,71.5879020690918,maintain
Kuruvai-2020,2020-09-26,-31.232935,-32.848106,-33.10762,-8.06301,-2.8200202,8.209364,39.99833,34.32981,50.82735,-11.2,-3.32,9.54,ripening,-6.5,78.89,4.040000000000001,Kuruvai,MAINTAIN,MAINTAIN,False,83.93497085571289,maintain
Kuruvai-2020,2020-09-27,-32.44423,-30.527973,-30.755356,3.1295269,8.120784,8.584431,39.878628,36.91761,50.95403,-3.32,9.54,29.66,ripening,-7.97,47.66,15.650000000000002,Kuruvai,MAINTAIN,MAINTAIN,False,81.70938491821289,maintain
Kuruvai-2020,2020-09-28,-29.55881,-28.524446,-29.483555,11.14282,15.147215,11.589342,41.079582,37.821617,52.92003,9.54,29.66,50.06,ripening,0.34,43.85999999999999,29.580000000000002,Kuruvai,MAINTAIN,MAINTAIN,False,82.40358352661133,maintain
Kuruvai-2020,2020-09-29,-22.949135,-24.204685,-24.524345,19.46982,37.126823,20.189322,51.548126,53.655884,52.436516,29.66,50.06,46.92,ripening,10.99,17.79,51.58,Kuruvai,MAINTAIN,MAINTAIN,False,77.86056900024414,maintain
Kuruvai-2020,2020-09-30,-6.557382,-3.6063123,-7.9204082,48.427612,49.190746,42.015224,63.352837,60.449913,60.211937,50.06,46.92,43.5,ripening,30.63,2.5300000000000002,63.620000000000005,Kuruvai,MAINTAIN,MAINTAIN,False,69.91021871566772,maintain
Kuruvai-2020,2020-10-01,1.7600174,-0.844025,-1.8642825,44.40328,45.446365,43.273197,63.913586,65.508484,76.33633,46.92,43.5,44.28,ripening,50.56,6.7,47.730000000000004,Kuruvai,MAINTAIN,MAINTAIN,False,78.20060908794403,maintain
Kuruvai-2020,2020-10-02,-1.1588598,-3.6745074,-4.855186,42.765465,41.561993,40.592865,59.72456,63.624195,70.94858,43.5,44.28,40.77,ripening,44.04,13.59,25.12,Kuruvai,MAINTAIN,MAINTAIN,False,75.80376386642456,maintain
Kuruvai-2020,2020-10-03,-0.8822845,-3.2897468,-6.729984,42.834293,42.689255,38.86086,60.33775,64.47275,65.30051,44.28,40.77,37.13,ripening,45.13,1.2999999999999998,5.3,Kuruvai,MAINTAIN,MAINTAIN,False,72.03049039840698,maintain
Kuruvai-2020,2020-10-04,6.205245,2.6879196,-0.79236823,48.501675,49.247215,44.731823,67.6107,69.204414,76.35981,40.77,37.13,34.88,ripening,54.42,7.03,5.029999999999999,Kuruvai,MAINTAIN,MAINTAIN,False,77.15217810869217,maintain
Kuruvai-2020,2020-10-05,-1.1588598,-4.0741835,-5.677562,41.89386,39.599243,38.14137,60.507915,60.08312,69.08169,37.13,34.88,35.26,ripening,46.82,20.759999999999998,4.89,Kuruvai,MAINTAIN,MAINTAIN,False,74.75925016403198,maintain
Kuruvai-2020,2020-10-06,-7.182607,-10.639245,-7.519368,32.932034,32.203827,35.78851,57.34829,57.471596,68.330635,34.88,35.26,41.42,ripening,38.65,18.759999999999998,2.95,Kuruvai,MAINTAIN,MAINTAIN,False,75.85000324249268,maintain
Kuruvai-2020,2020-10-07,-6.1825924,-7.566631,-8.37104,35.469913,34.423378,33.1998,57.24799,57.537815,67.22725,35.26,41.42,41.0,ripening,39.16,12.46,7.140000000000001,Kuruvai,MAINTAIN,MAINTAIN,False,75.5982894897461,maintain
Kuruvai-2020,2020-10-08,-6.342314,-3.2192829,-6.2234163,39.110622,37.27215,30.001467,55.40917,61.688835,60.76154,41.42,41.0,38.58,ripening,30.91,7.720000000000001,16.12,Kuruvai,MAINTAIN,MAINTAIN,False,66.98495578765869,maintain
Kuruvai-2020,2020-10-09,-7.0453825,-8.561802,-11.129984,34.877117,36.290924,34.94007,57.279423,64.07133,66.00908,41.0,38.58,35.73,ripening,40.12,1.88,16.84,Kuruvai,MAINTAIN,MAINTAIN,False,77.13906288146973,maintain
Kuruvai-2021,2021-06-22,-1.6351647,0.22638814,-2.3167567,38.5662,45.053864,37.387997,59.293896,62.887325,65.34609,45.13,50.12,46.11,establishment,42.41,25.68,6.409999999999999,Kuruvai,MAINTAIN,MAINTAIN,False,67.66284894943237,maintain
Kuruvai-2021,2021-06-23,-0.122406885,3.9302526,0.1604024,46.060863,49.53943,41.775597,60.643654,67.29289,67.924805,50.12,46.11,39.21,establishment,44.02,12.120000000000001,16.95,Kuruvai,MAINTAIN,MAINTAIN,False,67.76440228521824,maintain
Kuruvai-2021,2021-06-24,4.5241103,1.9624605,-1.7134596,42.48578,39.273026,34.542973,65.499565,66.25938,59.85268,46.11,39.21,33.48,establishment,52.49,3.11,18.119999999999997,Kuruvai,MAINTAIN,MAINTAIN,False,64.2969160079956,maintain
Kuruvai-2021,2021-06-25,-6.3318496,-9.760039,-12.509333,32.28362,27.068836,24.117468,59.26526,60.092438,57.86679,39.21,33.48,28.9,establishment,38.3,4.31,13.01,Kuruvai,MAINTAIN,MAINTAIN,False,70.37612342834473,maintain
Kuruvai-2021,2021-06-26,-6.9338493,-10.619605,-12.785565,29.7027,26.6161,23.01694,59.223057,56.24372,56.18951,33.48,28.9,22.71,establishment,36.35,3.13,3.2199999999999998,Kuruvai,MAINTAIN,MAINTAIN,False,68.97507572174072,maintain
Kuruvai-2021,2021-06-27,-6.6514807,-10.619605,-12.736308,31.95956,27.22996,22.47777,58.60062,55.431667,56.08502,28.9,22.71,16.95,establishment,40.65,2.25,2.86,Kuruvai,MAINTAIN,MAINTAIN,False,68.82132625579834,maintain
Kuruvai-2021,2021-06-28,-12.817225,-16.2176,-16.575127,18.17929,14.694117,11.633253,53.825478,50.639744,46.5058,22.71,16.95,11.9,establishment,23.67,23.91,2.94,Kuruvai,MAINTAIN,MAINTAIN,False,66.85734367370605,maintain
Kuruvai-2021,2021-06-29,-16.774374,-18.129654,-15.730621,13.798676,9.098897,14.355832,51.02154,47.750057,44.726746,16.95,11.9,21.28,tillering,18.96,18.54,2.98,Kuruvai,MAINTAIN,MAINTAIN,False,67.7959156036377,maintain
Kuruvai-2021,2021-06-30,-17.651894,-20.012308,-19.03009,11.964548,14.216863,10.5081415,49.51908,47.474415,46.15287,11.9,21.28,20.46,tillering,17.02,30.43,2.95,Kuruvai,MAINTAIN,MAINTAIN,False,67.48672294616699,maintain
Kuruvai-2021,2021-07-01,-17.558123,-14.351541,-13.534994,17.564129,24.574945,27.397259,52.76835,58.654808,55.38996,21.28,20.46,19.23,tillering,13.32,51.71,17.7,Kuruvai,MAINTAIN,MAINTAIN,False,73.00634860992432,maintain
Kuruvai-2021,2021-07-02,-16.6121,-11.450844,-12.289902,18.165863,20.787416,24.412176,48.79344,54.29324,46.072296,20.46,19.23,38.2,tillering,18.15,33.92,22.060000000000002,Kuruvai,MAINTAIN,MAINTAIN,False,65.74408340454102,maintain
Kuruvai-2021,2021-07-03,-15.390263,-10.969559,-9.40378,19.786818,29.317339,37.324627,49.35551,55.88313,58.134064,19.23,38.2,33.83,tillering,20.84,67.86,24.78,Kuruvai,MAINTAIN,MAINTAIN,False,67.53784370422363,maintain
Kuruvai-2021,2021-07-04,-9.792942,-7.9159794,-10.782639,35.48878,35.158756,35.71334,56.083782,60.001583,55.638496,38.2,33.83,28.25,tillering,22.27,3.9799999999999995,33.32,Kuruvai,MAINTAIN,MAINTAIN,False,67.91756248474121,maintain
Kuruvai-2021,2021-07-05,-1.3346702,-3.6095433,-7.435434,42.1724,35.198,31.150757,59.2462,58.81473,55.85401,33.83,28.25,24.76,tillering,48.01,8.76,30.220000000000002,Kuruvai,MAINTAIN,MAINTAIN,False,63.28944540023804,maintain
Kuruvai-2021,2021-07-06,-7.1389956,-9.672773,-10.140193,32.518257,26.869238,25.83213,56.77976,57.68547,57.66058,28.25,24.76,27.51,tillering,33.2,15.16,26.06,Kuruvai,MAINTAIN,MAINTAIN,False,67.80077266693115,maintain
Kuruvai-2021,2021-07-07,-8.612232,-10.524604,-8.076782,26.98451,26.756096,24.150724,54.454044,48.308945,46.310665,24.76,27.51,27.56,tillering,28.04,15.819999999999999,5.15,Kuruvai,MAINTAIN,MAINTAIN,False,63.06627655029297,maintain
Kuruvai-2021,2021-07-08,-4.201608,-1.0086882,-1.9553719,36.008656,34.04334,30.087297,56.720802,55.36276,57.145004,27.51,27.56,22.53,tillering,32.4,9.329999999999998,11.88,Kuruvai,MAINTAIN,MAINTAIN,False,60.92241048812866,maintain
Kuruvai-2021,2021-07-09,-9.543276,-8.039746,-11.368181,27.617563,24.264284,21.216223,53.066776,55.707787,49.85729,27.56,22.53,16.61,tillering,24.76,3.61,17.650000000000002,Kuruvai,MAINTAIN,MAINTAIN,False,63.74753284454346,maintain
Kuruvai-2021,2021-07-10,-16.284132,-16.293688,-18.97632,18.540182,14.120327,11.543261,50.32405,52.70402,44.14415,22.53,16.61,10.14,tillering,20.94,3.41,16.080000000000002,Kuruvai,MAINTAIN,MAINTAIN,False,68.99770927429199,maintain
Kuruvai-2021,2021-07-11,-12.78157,-16.264936,-18.907438,20.647163,15.390045,10.503297,54.385284,47.788998,43.517494,16.61,10.14,3.67,tillering,23.78,6.180000000000001,7.470000000000001,Kuruvai,MAINTAIN,MAINTAIN,False,67.16685485839844,maintain
Kuruvai-2021,2021-07-12,-12.817225,-16.264936,-17.636917,18.202263,12.731579,12.536988,52.68789,48.54556,43.662746,10.14,3.67,3.35,tillering,21.99,8.66,1.8699999999999999,Kuruvai,MAINTAIN,MAINTAIN,False,65.50511455535889,maintain
Kuruvai-2021,2021-07-13,-20.370178,-21.734049,-21.628387,8.983226,7.584155,3.4769487,49.744358,46.861813,42.28781,3.67,3.35,-0.82,tillering,11.95,17.21,0.9700000000000001,Kuruvai,MAINTAIN,MAINTAIN,False,70.11453628540039,maintain
Kuruvai-2021,2021-07-14,-24.917852,-25.82677,-27.243528,6.7280264,1.9948964,1.9103737,46.053703,36.52962,44.22649,3.35,-0.82,-4.35,tillering,3.18,15.17,6.79,Kuruvai,MAINTAIN,MAINTAIN,False,71.47001838684082,maintain
Kuruvai-2021,2021-07-15,-29.239597,-32.242905,-32.599102,-4.600222,-7.0109963,0.6303961,41.22288,34.70027,39.37098,-0.82,-4.35,-4.78,tillering,-3.89,21.01,9.280000000000001,Kuruvai,MAINTAIN,MAINTAIN,False,71.9700813293457,maintain
Kuruvai-2021,2021-07-16,-31.118378,-30.221827,-32.030796,-7.120774,-7.4570546,-0.0122097805,39.408558,35.05912,39.29166,-4.35,-4.78,-1.98,tillering,-1.11,15.610000000000001,11.71,Kuruvai,MAINTAIN,MAINTAIN,False,71.32245635986328,maintain
Kuruvai-2021,2021-07-17,-27.252668,-26.651615,-27.118656,1.5627875,0.122648075,3.1963391,42.383755,36.388344,41.66573,-4.78,-1.98,-8.48,tillering,1.82,15.99,11.52,Kuruvai,MAINTAIN,MAINTAIN,False,69.63642311096191,maintain
Kuruvai-2021,2021-07-18,-33.023994,-34.239635,-38.782463,-4.4434514,-10.188118,-20.14121,37.202995,30.941225,19.034035,-1.98,-8.48,-15.15,tillering,-10.95,1.74,17.090000000000003,Kuruvai,MAINTAIN,MAINTAIN,False,70.22698974609375,maintain
Kuruvai-2021,2021-07-19,-31.33853,-33.130127,-34.846416,-13.032512,-16.60602,-18.500463,39.248096,31.302242,38.11217,-8.48,-15.15,-21.37,stem_elongation,-3.2,0.6,14.680000000000001,Kuruvai,MAINTAIN,MAINTAIN,False,72.95858764648438,maintain
Kuruvai-2021,2021-07-20,-35.83295,-37.937206,-41.041676,-16.211163,-22.324873,-30.785242,37.571156,27.884806,18.49118,-15.15,-21.37,-26.88,stem_elongation,-10.42,2.8400000000000003,9.000000000000002,Kuruvai,MAINTAIN,MAINTAIN,False,73.40410614013672,maintain
Kuruvai-2021,2021-07-21,-38.6993,-40.77401,-42.99824,-22.351654,-26.649578,-29.43924,39.26398,24.947493,17.62281,-21.37,-26.88,-31.74,stem_elongation,-18.64,10.399999999999999,0.79,Kuruvai,MAINTAIN,MAINTAIN,False,77.9632797241211,maintain
Kuruvai-2021,2021-07-22,-38.728935,-41.609554,-43.88111,-19.296396,-25.067614,-30.92928,25.320992,24.810461,17.62281,-26.88,-31.74,-37.35,stem_elongation,-20.13,2.69,0.75,Kuruvai,MAINTAIN,MAINTAIN,False,66.42001533508301,maintain
Kuruvai-2021,2021-07-23,-44.208595,-47.589912,-50.230213,-30.623188,-33.15785,-37.149136,21.380426,17.531414,13.772599,-31.74,-37.35,-42.58,stem_elongation,-24.66,2.5,1.37,Kuruvai,MAINTAIN,MAINTAIN,False,65.58902168273926,maintain
Kuruvai-2021,2021-07-24,-47.2819,-49.5286,-53.086346,-33.88198,-35.09041,-39.48515,10.988188,16.057793,12.5231495,-37.35,-42.58,-45.79,stem_elongation,-29.58,6.12,1.37,Kuruvai,MAINTAIN,MAINTAIN,False,65.60949516296387,maintain
Kuruvai-2021,2021-07-25,-54.599495,-58.16211,-60.375004,-42.257374,-47.67731,-53.562004,9.30711,9.115328,8.787234,-42.58,-45.79,-47.82,stem_elongation,-42.23,3.47,2.09,Kuruvai,MAINTAIN,MAINTAIN,False,69.16223812103271,maintain
Kuruvai-2021,2021-07-26,-59.273994,-63.639336,-64.95505,-48.6421,-51.70598,-55.48812,8.773222,7.408331,6.875043,-45.79,-47.82,-53.3,stem_elongation,-50.81,3.0,4.0600000000000005,Kuruvai,MAINTAIN,MAINTAIN,False,71.83009052276611,maintain
Kuruvai-2021,2021-07-27,-58.69565,-59.38385,-61.101456,-46.21318,-50.628876,-49.189472,8.977394,9.728475,8.787234,-47.82,-53.3,-58.78,stem_elongation,-44.48,13.06,5.86,Kuruvai,MAINTAIN,MAINTAIN,False,69.88868999481201,maintain
Kuruvai-2021,2021-07-28,-59.899147,-63.421707,-65.93847,-51.511177,-53.881496,-54.29584,8.773222,9.25487,8.635944,-53.3,-58.78,-63.96,stem_elongation,-50.35,10.3,5.23,Kuruvai,MAINTAIN,MAINTAIN,False,74.57441329956055,maintain
Kuruvai-2021,2021-07-29,-59.53635,-62.40447,-66.45936,-50.49143,-49.990753,-50.24087,8.977394,9.221919,8.635944,-58.78,-63.96,-69.32,stem_elongation,-44.11,10.69,2.36,Kuruvai,MAINTAIN,MAINTAIN,False,75.09530258178711,maintain
Kuruvai-2021,2021-07-30,-59.868507,-63.811848,-67.07541,-52.748928,-56.118637,-59.862995,8.773222,9.115328,8.729307,-63.96,-69.32,-74.56,stem_elongation,-49.36,0.25,0.47,Kuruvai,MAINTAIN,MAINTAIN,False,75.80471611022949,maintain
Kuruvai-2021,2021-07-31,-63.315605,-67.24329,-72.201035,-54.7914,-59.385727,-62.728867,6.415776,3.1063025,7.4287887,-69.32,-74.56,-79.32,stem_elongation,-54.01,0.38,0.29000000000000004,Kuruvai,MAINTAIN,MAINTAIN,False,79.62982320785522,maintain
Kuruvai-2021,2021-08-01,-76.53323,-81.92474,-84.49016,-69.03648,-70.81155,-33.197914,-8.151208,0.14876619,51.97818,-74.56,-79.32,-84.62,stem_elongation,-74.02,0.36,0.33,Kuruvai,INSPECT,MAINTAIN,True,136.4683380126953,uncertainty_gate
Kuruvai-2021,2021-08-02,-79.54476,-85.170975,-86.587814,-74.348915,-41.969173,-43.57962,-9.845891,45.74344,53.093887,-79.32,-84.62,-89.95,stem_elongation,-71.71,0.65,0.36,Kuruvai,INSPECT,MAINTAIN,True,139.68170166015625,uncertainty_gate
Kuruvai-2021,2021-08-03,-82.65206,-80.40404,-47.740337,1.868385,31.442148,33.541435,54.82885,60.62407,60.60628,-84.62,-89.95,19.82,panicle_initiation,-74.97,6.29,0.38,Kuruvai,IRRIGATE,IRRIGATE,False,141.02810668945312,agronomic_irrigate
Kuruvai-2021,2021-08-04,-88.92034,-87.029686,-50.20764,2.8748317,34.458824,33.32987,55.14199,61.569042,60.60628,-89.95,19.82,13.75,panicle_initiation,-80.83,11.9,0.4,Kuruvai,IRRIGATE,IRRIGATE,False,148.59872817993164,agronomic_irrigate
Kuruvai-2021,2021-08-05,-95.465645,-85.645935,-43.931805,4.8059893,31.464085,33.0657,52.98657,61.162437,59.592293,19.82,13.75,17.32,panicle_initiation,-91.72,13.81,0.56,Kuruvai,IRRIGATE,DELAY,False,148.45221328735352,agronomic_irrigate
Kuruvai-2021,2021-08-06,-15.857983,-14.686335,-15.539115,18.010796,16.903843,26.386206,56.855934,57.497936,59.604908,13.75,17.32,12.03,panicle_initiation,26.22,30.230000000000004,2.32,Kuruvai,DELAY,DELAY,False,75.14402294158936,agronomic_delay
Kuruvai-2021,2021-08-07,-17.593073,-14.720517,-12.396162,11.026673,20.164286,30.576244,58.83121,69.324585,63.578575,17.32,12.03,33.17,panicle_initiation,13.75,14.229999999999999,12.65,Kuruvai,DELAY,DELAY,False,84.0451021194458,agronomic_delay
Kuruvai-2021,2021-08-08,-17.382364,-19.496304,-14.729206,11.1457405,12.391162,25.890818,58.475998,64.469345,60.205376,12.03,33.17,32.19,panicle_initiation,17.96,30.98,14.27,Kuruvai,DELAY,DELAY,False,83.96564865112305,agronomic_delay
Kuruvai-2021,2021-08-09,-23.400558,-20.204594,-16.299582,12.209311,30.44961,35.961987,55.85938,63.55161,62.823994,33.17,32.19,34.19,panicle_initiation,4.34,35.36,22.61,Kuruvai,DELAY,MAINTAIN,False,83.7562026977539,agronomic_delay
Kuruvai-2021,2021-08-10,-3.9444091,-1.335663,0.6016672,36.510666,36.759953,36.614048,57.579136,65.90132,65.55166,32.19,34.19,33.67,panicle_initiation,36.39,19.740000000000002,18.71,Kuruvai,DELAY,MAINTAIN,False,67.23698437213898,agronomic_delay
Kuruvai-2021,2021-08-11,-4.7274384,-1.5972614,-3.578382,36.84713,33.706142,31.518162,57.684177,67.19055,63.415653,34.19,33.67,29.82,panicle_initiation,30.89,10.08,25.44,Kuruvai,DELAY,MAINTAIN,False,68.78781318664551,agronomic_delay
Kuruvai-2021,2021-08-12,-4.0340858,-1.1205821,-4.0496426,35.702274,33.602066,30.629438,58.54586,66.10357,63.521107,33.67,29.82,28.51,panicle_initiation,36.51,7.04,20.8,Kuruvai,DELAY,MAINTAIN,False,67.57074928283691,agronomic_delay
Kuruvai-2021,2021-08-13,-6.775994,-9.450174,-11.040177,31.8632,29.66759,28.470646,58.575928,66.64648,70.14298,29.82,28.51,23.26,panicle_initiation,34.85,23.17,15.830000000000002,Kuruvai,DELAY,MAINTAIN,False,81.18315982818604,agronomic_delay
Kuruvai-2021,2021-08-14,-5.1355505,-1.9691273,-3.9501674,31.795502,29.188736,28.035862,57.601845,65.848785,61.90229,28.51,23.26,16.15,panicle_initiation,30.72,22.630000000000003,12.990000000000002,Kuruvai,DELAY,MAINTAIN,False,67.81791269779205,agronomic_delay
Kuruvai-2021,2021-08-15,-8.630204,-10.904753,-10.056772,25.823143,21.950647,29.034842,56.43807,55.60538,59.67884,23.26,16.15,22.54,flowering,28.28,32.36,9.910000000000002,Kuruvai,DELAY,MAINTAIN,False,69.7356128692627,agronomic_delay
Kuruvai-2021,2021-08-16,-11.734306,-13.888295,-11.308414,20.86414,17.796114,25.15808,54.828415,54.849674,59.36475,16.15,22.54,26.96,flowering,27.19,25.04,8.990000000000002,Kuruvai,DELAY,MAINTAIN,False,70.67316436767578,agronomic_delay
Kuruvai-2021,2021-08-17,-16.250778,-14.222943,-9.178244,18.336725,24.851234,29.615204,54.79489,67.610886,64.713524,22.54,26.96,19.99,flowering,15.16,27.93,16.44,Kuruvai,DELAY,MAINTAIN,False,81.83382892608643,agronomic_delay
Kuruvai-2021,2021-08-18,-16.250778,-14.673181,-11.543743,17.042435,21.314602,29.00218,55.0005,66.993576,64.35809,26.96,19.99,15.74,flowering,15.26,19.72,25.71,Kuruvai,DELAY,MAINTAIN,False,81.66675662994385,agronomic_delay
Kuruvai-2021,2021-08-19,-8.173652,-10.668584,-11.368789,26.83318,20.978018,23.217562,57.730537,62.85106,59.20652,19.99,15.74,19.67,flowering,29.8,20.64,26.119999999999997,Kuruvai,DELAY,MAINTAIN,False,73.51964282989502,agronomic_delay
Kuruvai-2021,2021-08-20,-17.45619,-19.296873,-15.251595,17.639399,18.143728,26.836845,53.746056,60.268887,59.986015,15.74,19.67,20.99,flowering,15.94,25.41,14.47,Kuruvai,DELAY,MAINTAIN,False,79.56575965881348,agronomic_delay
Kuruvai-2021,2021-08-21,-21.592741,-18.753464,-14.372956,14.088887,21.224926,29.59788,51.33712,62.966866,63.19451,19.67,20.99,18.67,flowering,9.12,24.87,12.330000000000002,Kuruvai,DELAY,MAINTAIN,False,81.72032928466797,agronomic_delay
Kuruvai-2021,2021-08-22,-18.754095,-16.97277,-12.343834,16.790861,21.687162,30.161682,52.51173,64.83818,65.16562,20.99,18.67,23.25,flowering,14.56,15.65,18.18,Kuruvai,DELAY,MAINTAIN,False,81.81095123291016,agronomic_delay
Kuruvai-2021,2021-08-23,-11.454716,-11.116277,-13.145449,23.614445,25.75259,27.67441,54.563442,58.001835,58.93278,18.67,23.25,16.86,flowering,22.41,12.02,20.46,Kuruvai,DELAY,MAINTAIN,False,72.0782299041748,agronomic_delay
Kuruvai-2021,2021-08-24,-15.650188,-10.578442,-12.795016,23.468973,23.104744,29.311123,54.412674,61.93061,63.095604,23.25,16.86,11.09,flowering,18.19,8.17,22.150000000000002,Kuruvai,DELAY,DELAY,False,75.89062023162842,agronomic_delay
Kuruvai-2021,2021-08-25,-20.210894,-21.06716,-19.63702,9.663293,9.730569,23.868486,53.955692,56.03838,56.867447,16.86,11.09,9.7,flowering,12.59,10.07,16.480000000000004,Kuruvai,DELAY,DELAY,False,77.10553932189941,agronomic_delay
Kuruvai-2021,2021-08-26,-19.663828,-20.071602,-17.800293,10.339622,13.75384,25.45173,52.431892,57.667385,57.26769,11.09,9.7,9.43,flowering,14.94,9.870000000000001,13.520000000000003,Kuruvai,DELAY,DELAY,False,77.73898696899414,agronomic_delay
Kuruvai-2021,2021-08-27,-17.039429,-16.766148,-13.525797,17.224333,18.743923,28.507715,51.50723,50.076122,56.321953,9.7,9.43,5.67,flowering,16.94,8.09,6.550000000000003,Kuruvai,DELAY,DELAY,False,69.84774971008301,agronomic_delay
Kuruvai-2021,2021-08-28,-23.478777,-23.35551,-27.504217,7.549557,8.348167,2.7989388,43.586235,46.57523,45.719196,9.43,5.67,0.31,grain_filling,7.44,3.71,9.880000000000003,Kuruvai,MAINTAIN,MAINTAIN,False,73.22341346740723,maintain
Kuruvai-2021,2021-08-29,-24.18031,-26.127283,-28.852484,5.806826,3.497647,5.035846,45.71293,42.78973,42.16304,5.67,0.31,-4.04,grain_filling,8.6,9.21,10.410000000000004,Kuruvai,MAINTAIN,MAINTAIN,False,71.01552391052246,maintain
Kuruvai-2021,2021-08-30,-22.655071,-24.45648,-25.711876,5.844061,3.6415052,5.0045357,49.348194,46.103477,43.781105,0.31,-4.04,-6.15,grain_filling,10.88,26.08,6.590000000000003,Kuruvai,MAINTAIN,MAINTAIN,False,72.00326538085938,maintain
Kuruvai-2021,2021-08-31,-25.98243,-28.14205,-28.205261,0.017865011,-3.0109987,5.0461674,44.14267,36.902645,42.962223,-4.04,-6.15,14.82,grain_filling,4.29,38.03,3.8500000000000036,Kuruvai,MAINTAIN,MAINTAIN,False,71.16748428344727,maintain
Kuruvai-2021,2021-09-01,-28.451563,-28.793644,-29.775488,-3.9406245,6.132835,8.630507,41.026367,36.458157,43.184807,-6.15,14.82,26.76,grain_filling,1.07,36.71,5.1700000000000035,Kuruvai,MAINTAIN,MAINTAIN,False,72.96029472351074,maintain
Kuruvai-2021,2021-09-02,-36.846794,-35.112217,-35.19275,9.5541115,12.152566,8.652637,27.421522,32.32925,31.816656,14.82,26.76,26.01,grain_filling,-20.01,13.55,30.340000000000003,Kuruvai,MAINTAIN,MAINTAIN,False,67.44146728515625,maintain
Kuruvai-2021,2021-09-03,-10.204308,-7.860203,-6.6613936,24.92015,30.29595,34.457222,53.43098,56.16272,54.33473,26.76,26.01,23.8,grain_filling,23.49,16.62,44.790000000000006,Kuruvai,MAINTAIN,MAINTAIN,False,64.02292251586914,maintain
Kuruvai-2021,2021-09-04,-6.5329576,-6.0405717,-7.594916,31.291222,30.93351,27.101274,57.164345,55.941612,50.216118,26.01,23.8,19.72,grain_filling,29.94,5.8999999999999995,46.440000000000005,Kuruvai,MAINTAIN,MAINTAIN,False,63.69730234146118,maintain
Kuruvai-2021,2021-09-05,-5.506088,-6.517078,-8.087735,35.545685,34.839874,32.682743,57.301212,59.778217,60.850624,23.8,19.72,13.78,grain_filling,38.32,19.570000000000004,24.230000000000004,Kuruvai,MAINTAIN,MAINTAIN,False,68.93835926055908,maintain
Kuruvai-2021,2021-09-06,-16.614191,-17.481392,-19.228334,19.115908,16.14968,15.583589,49.66452,48.88836,45.82346,19.72,13.78,9.37,grain_filling,19.89,2.58,9.250000000000004,Kuruvai,MAINTAIN,MAINTAIN,False,66.3697509765625,maintain
Kuruvai-2021,2021-09-07,-21.840961,-23.7066,-27.932623,10.22014,4.782477,-1.7814984,51.82089,45.64096,43.061752,13.78,9.37,3.65,grain_filling,10.9,4.75,5.020000000000003,Kuruvai,MAINTAIN,MAINTAIN,False,73.66184997558594,maintain
Kuruvai-2021,2021-09-08,-20.223686,-21.808636,-23.609371,12.183258,7.747993,3.8497896,49.27807,46.363495,43.93069,9.37,3.65,-0.92,grain_filling,13.82,1.58,2.3000000000000034,Kuruvai,MAINTAIN,MAINTAIN,False,69.50175476074219,maintain
Kuruvai-2021,2021-09-09,-23.549297,-24.866116,-27.130224,4.581037,3.341184,1.5712781,44.30181,41.205193,41.422848,3.65,-0.92,-5.58,grain_filling,7.99,13.870000000000001,1.0800000000000036,Kuruvai,MAINTAIN,MAINTAIN,False,68.55307197570801,maintain
Kuruvai-2021,2021-09-10,-24.49857,-27.481674,-30.69953,2.4780836,-5.1794777,-7.894585,43.388233,37.092846,41.775112,-0.92,-5.58,-8.72,grain_filling,6.92,1.27,1.8900000000000037,Kuruvai,MAINTAIN,MAINTAIN,False,72.47464179992676,maintain
Kuruvai-2021,2021-09-11,-26.070435,-28.347807,-30.942844,-0.13095336,-6.609878,-7.9783373,42.526024,37.076344,41.85443,-5.58,-8.72,-12.12,grain_filling,4.45,3.02,2.1500000000000035,Kuruvai,MAINTAIN,MAINTAIN,False,72.79727554321289,maintain
Kuruvai-2021,2021-09-12,-29.28578,-31.820581,-32.7545,-5.6430397,-8.548041,-5.30613,42.34955,35.784683,41.28402,-8.72,-12.12,-14.96,ripening,-6.02,6.75,2.4200000000000035,Kuruvai,MAINTAIN,MAINTAIN,False,74.03852081298828,maintain
Kuruvai-2021,2021-09-13,-34.889687,-35.991146,-37.44383,-11.565514,-11.058222,-13.104255,39.09894,32.186146,33.920956,-12.12,-14.96,-15.31,ripening,-9.92,4.03,1.5900000000000034,Kuruvai,MAINTAIN,MAINTAIN,False,73.98862838745117,maintain
Kuruvai-2021,2021-09-14,-34.051823,-33.227608,-34.47322,-10.94625,-12.459956,-8.66882,40.842834,32.71929,39.225742,-14.96,-15.31,-16.05,ripening,-9.51,13.44,0.9800000000000035,Kuruvai,MAINTAIN,MAINTAIN,False,74.89465713500977,maintain
Kuruvai-2021,2021-09-15,-37.272423,-38.79826,-38.081627,-12.525706,-15.563104,-13.766223,38.73936,30.08836,27.188248,-15.31,-16.05,-11.19,ripening,-16.24,16.77,3.8500000000000036,Kuruvai,MAINTAIN,MAINTAIN,False,76.01178359985352,maintain
Kuruvai-2021,2021-09-16,-38.662815,-39.882046,-39.764927,-16.638212,-16.753788,-17.07209,37.737957,28.28912,26.520815,-16.05,-11.19,-9.33,ripening,-17.01,17.950000000000003,6.2100000000000035,Kuruvai,MAINTAIN,MAINTAIN,False,76.40077209472656,maintain
Kuruvai-2021,2021-09-17,-35.857212,-33.920685,-33.617573,-9.58722,-4.825377,-8.547418,38.48702,29.509378,28.07267,-11.19,-9.33,-3.77,ripening,-10.86,23.330000000000002,13.600000000000003,Kuruvai,MAINTAIN,MAINTAIN,False,74.34423065185547,maintain
Kuruvai-2021,2021-09-18,-31.291574,-31.336868,-30.447985,-7.654666,-2.7565455,1.4422904,40.324345,33.754936,42.960613,-9.33,-3.77,-2.97,ripening,-4.89,16.080000000000002,15.200000000000003,Kuruvai,MAINTAIN,MAINTAIN,False,73.40859794616699,maintain
Kuruvai-2021,2021-09-19,-30.397736,-30.498621,-29.050186,0.6692015,9.419337,9.724368,38.89008,36.93703,47.225754,-3.77,-2.97,-3.46,ripening,-3.91,21.73,21.320000000000004,Kuruvai,MAINTAIN,MAINTAIN,False,76.27593994140625,maintain
Kuruvai-2021,2021-09-20,-31.118378,-31.55713,-32.953213,-4.414324,-3.6766856,-2.2927277,39.665836,36.400517,43.695446,-2.97,-3.46,-6.84,ripening,-4.61,4.58,18.040000000000003,Kuruvai,MAINTAIN,MAINTAIN,False,76.6486587524414,maintain
Kuruvai-2021,2021-09-21,-35.38037,-36.770824,-38.49285,-10.170034,-12.153787,-15.679251,39.07409,31.68498,27.330475,-3.46,-6.84,-7.25,ripening,-13.67,10.17,16.120000000000005,Kuruvai,MAINTAIN,MAINTAIN,False,74.45446014404297,maintain
Kuruvai-2021,2021-09-22,-31.318562,-33.47154,-32.888695,-11.151185,-13.463576,-4.1888475,39.505375,33.093117,40.31775,-6.84,-7.25,-6.33,ripening,-4.2,10.14,7.860000000000003,Kuruvai,MAINTAIN,MAINTAIN,False,73.2064437866211,maintain
Kuruvai-2021,2021-09-23,-36.191498,-36.729008,-36.28168,-11.791953,-12.423404,-13.1747265,38.64748,30.773884,28.95654,-7.25,-6.33,-5.38,ripening,-10.63,26.98,6.270000000000003,Kuruvai,MAINTAIN,MAINTAIN,False,74.8389778137207,maintain
Kuruvai-2021,2021-09-24,-33.367016,-32.414238,-32.107727,-9.874095,-8.92254,-2.6415055,39.415108,33.072033,41.060722,-6.33,-5.38,5.06,ripening,-7.9,16.96,7.5000000000000036,Kuruvai,MAINTAIN,MAINTAIN,False,73.16844940185547,maintain
Kuruvai-2021,2021-09-25,-33.545006,-31.9488,-31.47086,-8.306102,-0.13749468,0.28482482,40.484806,34.764683,40.892803,-5.38,5.06,2.23,ripening,-9.69,15.829999999999998,11.270000000000003,Kuruvai,MAINTAIN,MAINTAIN,False,74.02981185913086,maintain
Kuruvai-2021,2021-09-26,-29.765102,-29.221472,-31.624695,8.436583,5.305022,0.30171612,40.14688,36.527523,48.54875,5.06,2.23,-1.5,ripening,-5.48,3.0,22.030000000000005,Kuruvai,MAINTAIN,MAINTAIN,False,80.17344665527344,maintain
Kuruvai-2021,2021-09-27,-30.52445,-30.309605,-32.570282,-6.333691,-6.5079885,-2.179583,41.83106,37.65283,41.818153,2.23,-1.5,-4.2,ripening,-0.14,7.64,19.28,Kuruvai,MAINTAIN,MAINTAIN,False,74.38843536376953,maintain
Kuruvai-2021,2021-09-28,-29.24463,-31.97342,-31.631367,-5.5047393,-7.161462,2.3395936,40.911415,36.053944,41.80355,-1.5,-4.2,5.21,ripening,-4.17,24.43,15.340000000000003,Kuruvai,MAINTAIN,MAINTAIN,False,73.43491744995117,maintain
Kuruvai-2021,2021-09-29,-28.130144,-28.03782,-27.516563,-3.1213522,-3.829581,3.8761122,43.809654,36.458138,42.552414,-4.2,5.21,9.83,ripening,4.61,30.7,3.0100000000000033,Kuruvai,MAINTAIN,MAINTAIN,False,71.93979835510254,maintain
Kuruvai-2021,2021-09-30,-30.855013,-29.110353,-30.84402,3.7051964,3.3088102,2.7890863,41.482727,36.983536,48.745663,5.21,9.83,14.39,ripening,-9.05,17.57,14.810000000000002,Kuruvai,MAINTAIN,MAINTAIN,False,79.58968353271484,maintain
Kuruvai-2021,2021-10-01,-27.057192,-26.624352,-26.15846,7.5064073,7.3466377,8.092216,43.763588,39.269466,47.523335,9.83,14.39,13.9,ripening,5.21,15.329999999999998,22.78,Kuruvai,MAINTAIN,MAINTAIN,False,73.68179512023926,maintain
Kuruvai-2021,2021-10-02,-18.990274,-17.727123,-17.61709,16.249496,17.439579,15.944298,49.662495,55.183945,51.969578,14.39,13.9,13.46,ripening,14.6,13.64,29.16,Kuruvai,MAINTAIN,MAINTAIN,False,72.91106796264648,maintain
Kuruvai-2021,2021-10-03,-15.961047,-13.503371,-11.986104,17.587492,19.173363,22.511206,49.00872,51.091,46.440517,13.9,13.46,23.62,ripening,18.96,26.070000000000004,19.21,Kuruvai,MAINTAIN,MAINTAIN,False,64.9697675704956,maintain
Kuruvai-2021,2021-10-04,-17.000008,-17.155655,-18.258402,17.992933,18.243689,12.7829275,48.701572,50.960995,45.934597,13.46,23.62,23.56,ripening,17.87,10.53,14.140000000000004,Kuruvai,MAINTAIN,MAINTAIN,False,68.11664962768555,maintain
Kuruvai-2021,2021-10-05,-17.425386,-14.812332,-13.987432,18.026703,23.665054,20.23513,50.843723,57.39164,55.110397,23.62,23.56,21.29,ripening,14.97,14.19,19.600000000000005,Kuruvai,MAINTAIN,MAINTAIN,False,72.20397186279297,maintain
Kuruvai-2021,2021-10-06,-9.764008,-9.709212,-10.83524,29.210808,28.196014,30.656199,53.045353,53.503963,53.35391,23.56,21.29,32.14,ripening,27.24,44.64,20.150000000000006,Kuruvai,MAINTAIN,MAINTAIN,False,64.18914890289307,maintain
Kuruvai-2021,2021-10-07,-7.826284,-10.406623,-9.341428,32.553795,30.665075,30.925486,56.10634,55.06431,52.09235,21.29,32.14,37.68,ripening,30.43,32.730000000000004,18.370000000000005,Kuruvai,MAINTAIN,MAINTAIN,False,65.47093105316162,maintain
Kuruvai-2021,2021-10-08,-9.792942,-7.1552,-5.552439,30.087599,34.438564,49.450764,53.665318,58.624805,69.50243,32.14,37.68,41.62,ripening,23.42,63.31,19.450000000000003,Kuruvai,MAINTAIN,MAINTAIN,False,75.05487298965454,maintain
Kuruvai-2021,2021-10-09,-9.792942,-7.206374,-5.552439,29.56851,33.835136,32.597607,53.547848,59.06072,58.187183,37.68,41.62,69.25,ripening,22.95,38.06,24.410000000000004,Kuruvai,MAINTAIN,MAINTAIN,False,66.26709270477295,maintain
Kuruvai-2022,2022-06-22,-4.822057,-6.1838946,-9.122419,36.24172,32.21714,28.81392,60.534706,58.308514,56.74265,41.27,35.6,30.6,establishment,42.08,2.9,6.15,Kuruvai,MAINTAIN,MAINTAIN,False,65.86506843566895,maintain
Kuruvai-2022,2022-06-23,2.496148,-1.8529651,-4.1703744,39.223194,34.302326,31.16633,63.79685,59.038094,57.574574,35.6,30.6,24.19,establishment,50.51,3.8,5.390000000000001,Kuruvai,MAINTAIN,MAINTAIN,False,61.74494791030884,maintain
Kuruvai-2022,2022-06-24,-7.130308,-11.139365,-13.217248,35.029247,28.151297,23.825102,59.781006,57.382378,55.296352,30.6,24.19,17.49,establishment,40.65,1.5,4.800000000000001,Kuruvai,MAINTAIN,MAINTAIN,False,68.52174282073975,maintain
Kuruvai-2022,2022-06-25,-7.8266172,-11.225757,-13.607414,29.053339,22.865868,19.780573,59.450344,56.062767,54.809444,24.19,17.49,10.79,establishment,33.47,1.6,1.6900000000000002,Kuruvai,MAINTAIN,MAINTAIN,False,68.4168586730957,maintain
Kuruvai-2022,2022-06-26,-12.927081,-15.54676,-17.666384,21.333107,14.628998,11.040138,54.57911,52.94636,48.522015,17.49,10.79,4.34,establishment,26.09,1.3,1.13,Kuruvai,MAINTAIN,MAINTAIN,False,68.49312114715576,maintain
Kuruvai-2022,2022-06-27,-17.818779,-20.579548,-23.418383,13.775149,6.945975,2.4648647,53.701023,51.33359,47.57248,10.79,4.34,42.4,establishment,16.67,4.3,0.41000000000000003,Kuruvai,DELAY,MAINTAIN,False,71.91313934326172,threshold_delay
Kuruvai-2022,2022-06-28,-16.478697,-17.982727,-19.1617,12.498578,6.6091657,11.766533,51.29787,49.85924,45.792778,4.34,42.4,36.96,establishment,20.79,6.2,0.44000000000000006,Kuruvai,MAINTAIN,MAINTAIN,False,67.84196853637695,maintain
Kuruvai-2022,2022-06-29,-23.88265,-26.375437,-29.896723,8.977149,2.5584571,-5.4400196,46.544857,40.993965,38.480865,42.4,36.96,31.83,establishment,8.35,5.7,0.65,Kuruvai,DELAY,MAINTAIN,False,70.4275074005127,threshold_delay
Kuruvai-2022,2022-06-30,-7.550475,-11.396276,-13.524637,30.986805,27.558323,23.134813,56.578514,52.67547,53.970337,36.96,31.83,28.56,tillering,38.65,6.5,1.3599999999999999,Kuruvai,MAINTAIN,MAINTAIN,False,67.49497413635254,maintain
Kuruvai-2022,2022-07-01,-9.26799,-12.3551,-15.223332,24.922039,20.261015,17.73099,54.321632,48.944057,46.303185,31.83,28.56,23.76,tillering,29.96,4.6,3.2,Kuruvai,MAINTAIN,MAINTAIN,False,63.589622497558594,maintain
Kuruvai-2022,2022-07-02,-7.6365395,-10.628036,-10.268883,29.528934,27.512186,25.863829,56.34967,53.196922,53.37871,28.56,23.76,16.71,tillering,34.66,4.0,5.42,Kuruvai,MAINTAIN,MAINTAIN,False,63.986209869384766,maintain
Kuruvai-2022,2022-07-03,-9.675738,-12.805777,-15.595805,25.528006,21.720081,16.951422,54.452568,47.565914,48.50381,23.76,16.71,10.14,tillering,28.28,0.3,5.67,Kuruvai,MAINTAIN,MAINTAIN,False,64.12830638885498,maintain
Kuruvai-2022,2022-07-04,-17.818779,-20.427084,-23.418383,13.407935,6.361058,1.335938,49.93421,45.934654,45.851093,16.71,10.14,3.39,tillering,16.62,0.9,3.9299999999999997,Kuruvai,MAINTAIN,MAINTAIN,False,69.26947593688965,maintain
Kuruvai-2022,2022-07-05,-16.660189,-18.217924,-19.269365,14.041529,6.7159815,9.683092,49.991043,47.01096,45.33969,10.14,3.39,-1.85,tillering,18.85,0.8,1.41,Kuruvai,MAINTAIN,MAINTAIN,False,66.65123176574707,maintain
Kuruvai-2022,2022-07-06,-23.88265,-26.511848,-30.61196,8.860187,1.3650151,-9.219021,47.51223,38.765564,38.999317,3.39,-1.85,-7.84,tillering,8.79,1.3,0.31,Kuruvai,MAINTAIN,MAINTAIN,False,71.3948802947998,maintain
Kuruvai-2022,2022-07-07,-26.21217,-28.28737,-31.696497,-1.8988239,-6.0942974,-9.9455385,42.001926,34.20243,36.876965,-1.85,-7.84,-12.41,tillering,6.04,1.8,1.24,Kuruvai,MAINTAIN,MAINTAIN,False,68.57346153259277,maintain
Kuruvai-2022,2022-07-08,-29.384193,-30.804956,-34.184963,-6.885262,-8.171333,-14.540899,38.476185,32.89072,36.587334,-7.84,-12.41,-18.61,tillering,0.36,2.0,1.53,Kuruvai,MAINTAIN,MAINTAIN,False,70.77229690551758,maintain
Kuruvai-2022,2022-07-09,-34.572956,-37.852066,-41.18765,-10.1569195,-13.496932,-24.162628,37.26032,30.783941,20.574986,-12.41,-18.61,-19.39,tillering,-10.88,1.4,2.51,Kuruvai,MAINTAIN,MAINTAIN,False,71.8332748413086,maintain
Kuruvai-2022,2022-07-10,-34.078873,-34.325108,-36.668823,-17.44066,-21.401468,-24.63557,38.476185,29.860785,36.739044,-18.61,-19.39,-25.41,tillering,-9.25,0.2,1.6700000000000002,Kuruvai,MAINTAIN,MAINTAIN,False,73.40786743164062,maintain
Kuruvai-2022,2022-07-11,-39.297615,-37.49002,-43.455696,-15.436351,-18.702936,-27.717693,27.039515,29.679081,20.346767,-19.39,-25.41,-31.19,tillering,-21.1,0.2,6.83,Kuruvai,MAINTAIN,MAINTAIN,False,67.16910171508789,maintain
Kuruvai-2022,2022-07-12,-40.86644,-46.60368,-47.86104,-25.24441,-30.834007,-33.947704,27.665215,22.782747,18.625134,-25.41,-31.19,-36.88,tillering,-21.55,0.4,5.97,Kuruvai,MAINTAIN,MAINTAIN,False,69.38642692565918,maintain
Kuruvai-2022,2022-07-13,-45.66651,-48.677692,-52.557926,-29.76971,-31.622562,-40.737053,15.037338,17.167406,14.508702,-31.19,-36.88,-42.41,tillering,-28.07,1.4,5.87,Kuruvai,MAINTAIN,MAINTAIN,False,67.06662845611572,maintain
Kuruvai-2022,2022-07-14,-47.349808,-50.223675,-54.06659,-35.85235,-37.025932,-45.718464,20.204403,16.731897,14.087747,-36.88,-42.41,-44.03,tillering,-25.54,4.3,0.53,Kuruvai,MAINTAIN,MAINTAIN,False,68.15433597564697,maintain
Kuruvai-2022,2022-07-15,-53.1885,-57.904972,-58.734074,-38.083412,-44.853737,-46.063946,9.542126,8.590951,8.918552,-42.41,-44.03,-48.44,tillering,-38.28,6.1,0.37,Kuruvai,MAINTAIN,MAINTAIN,False,67.65262603759766,maintain
Kuruvai-2022,2022-07-16,-54.63662,-54.32386,-56.158085,-43.83345,-42.33256,-44.919243,9.107407,8.590951,9.05554,-44.03,-48.44,-52.2,tillering,-35.55,5.8,3.72,Kuruvai,MAINTAIN,MAINTAIN,False,65.21362495422363,maintain
Kuruvai-2022,2022-07-17,-55.675976,-56.651978,-58.301857,-43.62425,-48.198067,-49.64894,9.107407,8.590951,9.191564,-48.44,-52.2,-57.59,tillering,-35.11,3.6,4.4,Kuruvai,MAINTAIN,MAINTAIN,False,67.49342060089111,maintain
Kuruvai-2022,2022-07-18,-60.97027,-62.82147,-64.949554,-46.026573,-52.511547,-53.46831,6.884528,6.5169473,6.638853,-52.2,-57.59,-60.69,tillering,-52.13,19.8,5.44,Kuruvai,MAINTAIN,MAINTAIN,False,71.58840751647949,maintain
Kuruvai-2022,2022-07-19,-72.90487,-74.86247,-77.79415,-64.76693,-69.40086,-67.178986,-5.6813626,-1.1622086,0.93793565,-57.59,-60.69,-55.02,stem_elongation,-66.8,23.5,2.12,Kuruvai,MAINTAIN,MAINTAIN,False,78.732086956501,maintain
Kuruvai-2022,2022-07-20,-64.870735,-66.10904,-66.13672,-54.345253,-54.367527,-51.62486,6.3985167,1.8030076,6.587591,-60.69,-55.02,-45.1,stem_elongation,-52.37,29.3,2.46,Kuruvai,MAINTAIN,MAINTAIN,False,72.72430992126465,maintain
Kuruvai-2022,2022-07-21,-67.357056,-68.352425,-73.89884,-55.946198,-54.719776,-55.114044,-1.7795686,1.408916,2.0249372,-55.02,-45.1,-44.48,stem_elongation,-62.4,12.5,12.27,Kuruvai,MAINTAIN,MAINTAIN,False,75.9237790107727,maintain
Kuruvai-2022,2022-07-22,-64.85098,-64.34673,-67.38998,-48.10333,-46.616863,-52.277954,-2.0129309,1.6115355,2.9288118,-45.1,-44.48,-47.3,stem_elongation,-59.35,8.9,26.43,Kuruvai,MAINTAIN,MAINTAIN,False,70.3187882900238,maintain
Kuruvai-2022,2022-07-23,-55.52624,-57.044807,-61.58584,-42.175915,-45.95844,-50.403347,8.418254,8.492029,10.101932,-44.48,-47.3,-47.36,stem_elongation,-48.04,14.5,31.12,Kuruvai,MAINTAIN,MAINTAIN,False,71.68776988983154,maintain
Kuruvai-2022,2022-07-24,-57.986458,-60.68179,-62.758812,-45.300823,-48.504833,-49.120422,8.418254,8.759605,9.685976,-47.3,-47.36,-30.03,stem_elongation,-46.55,22.4,23.009999999999998,Kuruvai,MAINTAIN,MAINTAIN,False,72.44478797912598,maintain
Kuruvai-2022,2022-07-25,-53.02952,-55.07825,-56.842518,-41.81351,-39.675,-35.814686,8.923644,8.952661,9.680393,-47.36,-30.03,-31.13,stem_elongation,-40.81,22.1,13.58,Kuruvai,MAINTAIN,MAINTAIN,False,66.52291107177734,maintain
Kuruvai-2022,2022-07-26,-53.59988,-53.82125,-58.07162,-28.245275,-24.844273,-29.246874,8.418254,10.414658,11.037489,-30.03,-31.13,-34.65,stem_elongation,-46.56,10.8,28.97,Kuruvai,MAINTAIN,MAINTAIN,False,69.10910987854004,maintain
Kuruvai-2022,2022-07-27,-47.72138,-46.242878,-48.7479,-30.025076,-27.858776,-38.88901,19.405901,17.31476,14.946793,-31.13,-34.65,-37.62,stem_elongation,-23.61,2.0,30.14,Kuruvai,MAINTAIN,MAINTAIN,False,67.12727928161621,maintain
Kuruvai-2022,2022-07-28,-46.440125,-46.48279,-48.352226,-27.159626,-27.780182,-35.43055,10.710319,16.416023,17.008364,-34.65,-37.62,-39.62,stem_elongation,-28.66,5.5,26.71,Kuruvai,MAINTAIN,MAINTAIN,False,65.3605899810791,maintain
Kuruvai-2022,2022-07-29,-52.195107,-53.06375,-52.07967,-33.854256,-39.892567,-35.14535,9.542126,8.590951,9.12415,-37.62,-39.62,-37.0,stem_elongation,-36.2,17.4,7.730000000000004,Kuruvai,MAINTAIN,MAINTAIN,False,61.73723220825195,maintain
Kuruvai-2022,2022-07-30,-54.394924,-55.577175,-57.219334,-40.97318,-40.787502,-34.523705,8.923644,8.590951,9.407231,-39.62,-37.0,-33.93,stem_elongation,-39.57,21.6,7.6700000000000035,Kuruvai,MAINTAIN,MAINTAIN,False,66.62656497955322,maintain
Kuruvai-2022,2022-07-31,-51.644768,-52.289818,-51.76773,-35.866425,-29.812061,-24.94895,9.107407,11.114569,10.417105,-37.0,-33.93,-34.32,stem_elongation,-36.81,22.8,13.650000000000002,Kuruvai,MAINTAIN,MAINTAIN,False,63.40438652038574,maintain
Kuruvai-2022,2022-08-01,-50.1212,-50.953876,-51.864033,-31.502798,-28.43601,-13.063092,9.25636,12.42629,49.6297,-33.93,-34.32,51.46,stem_elongation,-32.9,26.2,20.200000000000003,Kuruvai,INSPECT,MAINTAIN,True,101.49373245239258,uncertainty_gate
Kuruvai-2022,2022-08-02,-47.451435,-46.32916,-46.189728,-32.852306,-24.189562,-6.695444,9.442777,46.581696,49.92999,-34.32,51.46,51.12,stem_elongation,-28.95,22.6,20.360000000000003,Kuruvai,INSPECT,MAINTAIN,True,96.11971664428711,uncertainty_gate
Kuruvai-2022,2022-08-03,-49.137756,-49.968468,-48.269375,-5.656542,18.392622,23.493017,45.829315,57.24598,55.78348,51.46,51.12,44.15,panicle_initiation,-35.63,18.6,18.710000000000004,Kuruvai,IRRIGATE,MAINTAIN,False,107.21444702148438,agronomic_irrigate
Kuruvai-2022,2022-08-04,2.987307,2.657402,-0.12406236,43.91209,44.78251,38.528862,63.68814,72.43811,69.56989,51.12,44.15,37.99,panicle_initiation,52.34,2.8,14.970000000000002,Kuruvai,DELAY,MAINTAIN,False,69.78070831298828,agronomic_delay
Kuruvai-2022,2022-08-05,5.9145236,1.3142804,-3.089602,42.212616,38.107548,31.552355,66.306564,66.098236,63.807453,44.15,37.99,31.24,panicle_initiation,54.04,1.7,11.060000000000002,Kuruvai,DELAY,MAINTAIN,False,66.89705514907837,agronomic_delay
Kuruvai-2022,2022-08-06,-5.186841,-7.570322,-10.365091,35.05535,29.249794,23.49004,59.264942,56.91946,55.81706,37.99,31.24,24.33,panicle_initiation,42.23,0.5,5.7500000000000036,Kuruvai,DELAY,MAINTAIN,False,66.18214988708496,agronomic_delay
Kuruvai-2022,2022-08-07,-7.9686127,-11.408748,-13.607414,29.636814,22.62521,17.561659,56.957905,56.99771,55.29892,31.24,24.33,16.69,panicle_initiation,32.32,0.0,1.0200000000000036,Kuruvai,DELAY,MAINTAIN,False,68.90633392333984,agronomic_delay
Kuruvai-2022,2022-08-08,-12.842882,-14.48699,-15.821736,21.5315,16.474792,15.736853,54.129177,56.85603,56.49801,24.33,16.69,8.87,panicle_initiation,27.21,0.3,1.0100000000000036,Kuruvai,DELAY,IRRIGATE,False,72.31974506378174,agronomic_delay
Kuruvai-2022,2022-08-09,-12.927081,-15.993192,-18.603336,17.026236,13.62699,17.93172,54.057465,56.877167,55.536922,16.69,8.87,0.69,panicle_initiation,23.12,0.3,0.44000000000000355,Kuruvai,DELAY,IRRIGATE,False,74.1402587890625,agronomic_delay
Kuruvai-2022,2022-08-10,-16.478697,-18.184212,-18.603336,12.437441,7.1429296,16.601267,52.9171,56.783504,56.489674,8.87,0.69,-6.98,panicle_initiation,20.0,0.8,0.11000000000000355,Kuruvai,IRRIGATE,IRRIGATE,False,75.09300994873047,agronomic_irrigate
Kuruvai-2022,2022-08-11,-17.818779,-19.99079,-19.622477,10.141156,7.72302,23.743093,53.59846,58.45929,56.83198,0.69,-6.98,36.52,panicle_initiation,15.16,0.6,0.03000000000000355,Kuruvai,IRRIGATE,IRRIGATE,False,78.4500789642334,agronomic_irrigate
Kuruvai-2022,2022-08-12,-28.430143,-29.589067,-28.167845,1.0212742,6.868557,18.478228,50.912426,59.212708,54.426533,-6.98,36.52,28.76,panicle_initiation,-6.09,0.7,0.05000000000000355,Kuruvai,IRRIGATE,IRRIGATE,False,88.8017749786377,agronomic_irrigate
Kuruvai-2022,2022-08-13,-36.560814,-35.777634,-35.013668,-6.487881,11.87332,29.93489,46.678524,58.802437,54.415485,36.52,28.76,21.38,panicle_initiation,-9.97,1.6,0.11000000000000354,Kuruvai,IRRIGATE,MAINTAIN,False,94.58007049560547,agronomic_irrigate
Kuruvai-2022,2022-08-14,-7.8032866,-11.527797,-13.676444,28.802061,22.636099,20.208838,61.89859,54.90627,58.1161,28.76,21.38,15.07,panicle_initiation,34.73,3.2,0.10000000000000356,Kuruvai,DELAY,MAINTAIN,False,71.7925443649292,agronomic_delay
Kuruvai-2022,2022-08-15,-7.9686127,-11.225757,-13.607414,26.835571,21.623753,20.357405,60.755695,56.00501,56.963833,21.38,15.07,14.41,flowering,32.73,10.8,0.16000000000000356,Kuruvai,DELAY,DELAY,False,70.57124710083008,agronomic_delay
Kuruvai-2022,2022-08-16,-16.660189,-18.065466,-16.777891,13.623762,9.447238,25.992153,56.905914,56.11237,55.812286,15.07,14.41,11.45,flowering,18.74,14.8,0.5100000000000036,Kuruvai,DELAY,DELAY,False,74.17783546447754,agronomic_delay
Kuruvai-2022,2022-08-17,-18.441439,-15.907308,-14.466679,17.159266,20.414064,28.210407,52.860268,60.410515,57.667282,14.41,11.45,10.92,flowering,12.92,13.1,5.980000000000004,Kuruvai,DELAY,DELAY,False,76.31782245635986,agronomic_delay
Kuruvai-2022,2022-08-18,-24.286083,-23.748926,-22.775858,7.7684917,11.381073,19.95381,48.925205,55.69668,56.253807,11.45,10.92,4.82,flowering,7.35,6.0,8.480000000000004,Kuruvai,DELAY,DELAY,False,79.44560432434082,agronomic_delay
Kuruvai-2022,2022-08-19,-19.612547,-17.007322,-16.131023,14.849464,13.355863,21.26504,51.392056,62.323654,59.330555,10.92,4.82,0.02,flowering,13.87,2.0,14.030000000000005,Kuruvai,DELAY,DELAY,False,79.33097648620605,agronomic_delay
Kuruvai-2022,2022-08-20,-22.966618,-24.729559,-23.653753,6.2764206,7.021168,21.459984,54.798283,55.25766,56.396603,4.82,0.02,13.9,flowering,10.11,8.5,9.510000000000003,Kuruvai,DELAY,IRRIGATE,False,80.05035591125488,agronomic_delay
Kuruvai-2022,2022-08-21,-27.00347,-26.121181,-24.264124,3.5293612,11.13539,23.774649,47.541874,56.38294,56.146744,0.02,13.9,57.86,flowering,1.55,11.2,9.390000000000004,Kuruvai,DELAY,IRRIGATE,False,82.50411987304688,agronomic_delay
Kuruvai-2022,2022-08-22,-29.032455,-27.054712,-23.35417,16.267902,26.84139,35.509163,47.266117,58.874306,58.72792,13.9,57.86,55.9,flowering,-1.28,22.8,24.470000000000002,Kuruvai,DELAY,DELAY,False,85.92901802062988,agronomic_delay
Kuruvai-2022,2022-08-23,-15.019963,-12.542418,-7.3100567,19.894926,19.997581,38.710747,51.772858,60.7533,60.76028,57.86,55.9,57.88,flowering,19.53,33.7,33.010000000000005,Kuruvai,DELAY,MAINTAIN,False,73.29571723937988,agronomic_delay
Kuruvai-2022,2022-08-24,4.089604,0.9563699,1.1377969,42.127224,45.79699,48.171024,65.84211,70.695885,73.74905,55.9,57.88,55.25,flowering,52.84,41.0,34.730000000000004,Kuruvai,MAINTAIN,MAINTAIN,False,72.6112494468689,maintain
Kuruvai-2022,2022-08-25,3.936522,4.668939,4.9319615,45.85443,53.32599,50.00932,64.44718,80.86199,81.127205,57.88,55.25,54.4,flowering,51.69,29.1,21.040000000000003,Kuruvai,MAINTAIN,MAINTAIN,False,76.19524335861206,maintain
Kuruvai-2022,2022-08-26,10.678951,10.017483,10.071384,54.430912,49.944893,52.47864,73.20667,78.96012,76.20629,55.25,54.4,59.37,flowering,64.14,18.5,15.360000000000003,Kuruvai,MAINTAIN,MAINTAIN,False,68.9426383972168,maintain
Kuruvai-2022,2022-08-27,7.821569,4.3159447,2.6372519,53.897747,48.684578,42.172,71.436966,78.067566,74.65327,54.4,59.37,56.88,flowering,55.63,9.6,16.85,Kuruvai,MAINTAIN,MAINTAIN,False,73.75162124633789,maintain
Kuruvai-2022,2022-08-28,7.7090735,6.118281,5.6162853,61.53439,59.772346,53.045013,74.513596,85.96311,83.04248,59.37,56.88,56.48,flowering,57.75,19.5,20.67,Kuruvai,MAINTAIN,MAINTAIN,False,79.84483098983765,maintain
Kuruvai-2022,2022-08-29,10.678951,11.137683,13.140429,56.734253,51.42773,62.552364,73.36151,80.79075,91.20727,56.88,56.48,59.63,grain_filling,61.38,28.7,19.6,Kuruvai,MAINTAIN,MAINTAIN,False,78.06683921813965,maintain
Kuruvai-2022,2022-08-30,7.821569,5.4847555,6.1904593,54.357086,54.939716,55.990936,72.67032,85.34828,95.56002,56.48,59.63,65.12,grain_filling,56.7,28.6,18.470000000000002,Kuruvai,MAINTAIN,MAINTAIN,False,89.36956119537354,maintain
Kuruvai-2022,2022-08-31,7.280792,7.201536,8.758886,50.920883,60.997692,50.89535,74.79617,90.39444,87.545006,59.63,65.12,62.22,grain_filling,54.74,19.6,14.910000000000004,Kuruvai,MAINTAIN,MAINTAIN,False,83.19290351867676,maintain
Kuruvai-2022,2022-09-01,10.821047,14.054609,15.46215,67.38281,67.753334,64.26322,80.72807,92.52836,89.429245,65.12,62.22,57.89,grain_filling,63.79,10.6,21.92,Kuruvai,MAINTAIN,MAINTAIN,False,78.4737491607666,maintain
Kuruvai-2022,2022-09-02,14.770944,15.38231,15.582309,62.609943,58.24189,60.19015,79.377304,86.02331,93.396454,62.22,57.89,63.76,grain_filling,70.93,17.7,19.750000000000004,Kuruvai,MAINTAIN,MAINTAIN,False,77.8141450881958,maintain
Kuruvai-2022,2022-09-03,11.291416,10.733811,10.957198,59.73622,57.89794,62.90744,75.76402,78.41757,91.68027,57.89,63.76,65.04,grain_filling,67.64,17.1,13.260000000000003,Kuruvai,MAINTAIN,MAINTAIN,False,80.723069190979,maintain
Kuruvai-2022,2022-09-04,4.458669,6.0232487,3.485359,58.447033,61.319016,52.38481,65.549805,81.06996,83.11837,63.76,65.04,66.38,grain_filling,51.96,12.5,14.460000000000004,Kuruvai,MAINTAIN,MAINTAIN,False,79.63301110267639,maintain
Kuruvai-2022,2022-09-05,13.845937,16.481295,16.499166,61.69176,61.261707,58.45002,80.02251,88.19167,87.25371,65.04,66.38,69.06,grain_filling,70.28,4.2,18.320000000000007,Kuruvai,MAINTAIN,MAINTAIN,False,71.71037864685059,maintain
Kuruvai-2022,2022-09-06,11.066423,12.956897,14.382341,64.419464,60.20633,60.981796,76.23399,82.5929,88.06482,66.38,69.06,65.5,grain_filling,63.25,3.8,23.630000000000003,Kuruvai,MAINTAIN,MAINTAIN,False,73.6824779510498,maintain
Kuruvai-2022,2022-09-07,10.933542,13.745583,15.724334,64.658554,63.158726,63.402092,76.772896,87.52532,81.722626,69.06,65.5,60.3,grain_filling,62.6,1.4,19.900000000000006,Kuruvai,MAINTAIN,MAINTAIN,False,73.77973937988281,maintain
Kuruvai-2022,2022-09-08,11.158535,11.19853,12.753409,59.326084,54.99273,51.184372,74.17931,77.87635,83.39016,65.5,60.3,55.11,grain_filling,68.21,1.4,15.230000000000004,Kuruvai,MAINTAIN,MAINTAIN,False,70.63675022125244,maintain
Kuruvai-2022,2022-09-09,14.032654,14.061904,12.388729,60.37673,56.41733,52.260906,77.44058,76.421745,75.04426,60.3,55.11,49.83,grain_filling,69.66,0.4,9.100000000000003,Kuruvai,MAINTAIN,MAINTAIN,False,63.407928466796875,maintain
Kuruvai-2022,2022-09-10,11.066423,10.227146,8.201558,58.743244,52.354485,48.90683,72.90689,68.98182,67.461975,55.11,49.83,43.83,grain_filling,63.0,0.4,2.2400000000000038,Kuruvai,MAINTAIN,MAINTAIN,False,61.84046745300293,maintain
Kuruvai-2022,2022-09-11,6.1691165,2.1363966,-2.1679902,46.634632,42.90786,34.42209,66.81085,65.14649,60.484844,49.83,43.83,39.44,grain_filling,53.83,0.7,0.9300000000000035,Kuruvai,MAINTAIN,MAINTAIN,False,63.0100953578949,maintain
Kuruvai-2022,2022-09-12,5.9145236,1.3142804,-3.2280412,43.26832,38.927273,32.84425,66.40598,63.70653,58.58125,43.83,39.44,35.34,grain_filling,54.02,0.7,0.7300000000000035,Kuruvai,MAINTAIN,MAINTAIN,False,62.39225113391876,maintain
Kuruvai-2022,2022-09-13,-1.5254438,-4.5723367,-8.292454,40.691833,35.238735,31.35853,60.419147,57.93821,61.221912,39.44,35.34,31.3,ripening,44.53,0.7,0.49000000000000354,Kuruvai,MAINTAIN,MAINTAIN,False,69.51436614990234,maintain
Kuruvai-2022,2022-09-14,-7.49053,-11.0958805,-13.157688,32.490055,28.115921,24.666553,57.51824,56.057518,60.058533,35.34,31.3,27.29,ripening,36.58,0.2,0.38000000000000356,Kuruvai,MAINTAIN,MAINTAIN,False,73.21622085571289,maintain
Kuruvai-2022,2022-09-15,-8.459399,-12.444708,-15.318224,29.780418,23.181683,19.022215,56.09175,52.201385,48.678986,31.3,27.29,23.25,ripening,31.8,3.8,0.38000000000000356,Kuruvai,MAINTAIN,MAINTAIN,False,64.64609336853027,maintain
Kuruvai-2022,2022-09-16,-7.8266172,-11.182272,-13.410533,29.28844,24.253092,24.30112,57.24564,54.8878,61.108524,27.29,23.25,19.51,ripening,33.35,3.8,0.2900000000000036,Kuruvai,MAINTAIN,MAINTAIN,False,74.51905727386475,maintain
Kuruvai-2022,2022-09-17,-12.927081,-15.280858,-16.377571,23.155134,18.243544,16.774641,52.27688,50.113785,48.172195,23.25,19.51,16.03,ripening,26.88,3.9,0.27000000000000357,Kuruvai,MAINTAIN,MAINTAIN,False,65.39464282989502,maintain
Kuruvai-2022,2022-09-18,-17.818779,-20.579548,-23.313326,15.718562,9.869444,2.9044755,50.449684,47.911346,46.614574,19.51,16.03,12.14,ripening,16.37,0.4,0.5200000000000036,Kuruvai,MAINTAIN,MAINTAIN,False,69.92790031433105,maintain
Kuruvai-2022,2022-09-19,-12.927081,-16.14565,-19.207123,19.661171,16.504425,11.711321,52.205166,49.666054,46.401737,16.03,12.14,7.39,ripening,23.75,0.4,0.8200000000000036,Kuruvai,MAINTAIN,MAINTAIN,False,65.81170463562012,maintain
Kuruvai-2022,2022-09-20,-18.839027,-20.579548,-23.586329,12.497285,8.552294,0.2555328,49.93421,48.349457,45.43587,12.14,7.39,2.72,ripening,13.63,0.2,0.7800000000000036,Kuruvai,MAINTAIN,MAINTAIN,False,69.0221996307373,maintain
Kuruvai-2022,2022-09-21,-16.513021,-17.982727,-19.207123,12.204281,5.676973,9.6502075,48.986664,47.968132,45.840816,7.39,2.72,-1.24,ripening,20.1,1.9,0.4500000000000036,Kuruvai,MAINTAIN,MAINTAIN,False,65.95085906982422,maintain
Kuruvai-2022,2022-09-22,-27.930176,-29.677517,-33.1196,-2.9317095,-4.1855526,-9.42919,42.875587,36.981903,42.160755,2.72,-1.24,-4.7,ripening,0.38,4.9,0.1600000000000036,Kuruvai,MAINTAIN,MAINTAIN,False,75.28035354614258,maintain
Kuruvai-2022,2022-09-23,-27.402632,-29.490128,-31.373053,-3.576486,-6.8846335,-6.795484,40.98318,36.158936,41.601753,-1.24,-4.7,-2.24,ripening,1.82,7.3,0.17000000000000362,Kuruvai,MAINTAIN,MAINTAIN,False,72.97480583190918,maintain
Kuruvai-2022,2022-09-24,-30.113386,-32.456947,-33.77765,-6.306015,-9.443063,-7.2606516,38.72192,35.636375,41.276276,-4.7,-2.24,22.6,ripening,-4.74,11.4,0.3200000000000036,Kuruvai,MAINTAIN,MAINTAIN,False,75.05392456054688,maintain
Kuruvai-2022,2022-09-25,-33.219017,-32.057365,-33.152306,-7.4150033,-7.5689077,-6.9631743,38.476185,35.18418,42.14103,-2.24,22.6,21.29,ripening,-9.58,10.1,6.910000000000004,Kuruvai,MAINTAIN,MAINTAIN,False,75.2933349609375,maintain
Kuruvai-2022,2022-09-26,-30.675049,-30.201218,-31.452633,15.481917,18.655752,7.1156077,40.61289,35.857662,47.28971,22.6,21.29,30.79,ripening,-4.67,7.9,35.45,Kuruvai,MAINTAIN,MAINTAIN,False,78.74234390258789,maintain
Kuruvai-2022,2022-09-27,-8.626143,-11.397014,-12.981073,31.673952,26.735062,23.497387,53.204002,51.6582,48.420513,21.29,30.79,29.11,ripening,31.45,2.0,37.86,Kuruvai,MAINTAIN,MAINTAIN,False,63.05521297454834,maintain
Kuruvai-2022,2022-09-28,-11.024359,-7.8619404,-13.160661,28.946852,28.567696,26.511276,50.547012,58.358494,57.23802,30.79,29.11,28.24,ripening,22.01,7.0,44.68000000000001,Kuruvai,MAINTAIN,MAINTAIN,False,70.39868259429932,maintain
Kuruvai-2022,2022-09-29,-12.855639,-14.608427,-15.288577,24.02134,21.731892,20.275642,51.08082,51.010548,48.514854,29.11,28.24,24.71,ripening,26.83,7.5,17.920000000000005,Kuruvai,MAINTAIN,MAINTAIN,False,65.61897468566895,maintain
Kuruvai-2022,2022-09-30,-16.238794,-14.8305025,-14.945827,21.062204,19.730495,21.090748,50.060585,49.777378,48.859333,28.24,24.71,20.87,ripening,19.97,7.7,18.160000000000004,Kuruvai,MAINTAIN,MAINTAIN,False,66.29937934875488,maintain
Kuruvai-2022,2022-10-01,-16.478697,-18.184212,-19.207123,16.497362,11.778555,14.27094,48.986664,47.57135,47.016235,24.71,20.87,17.1,ripening,19.63,1.0,4.860000000000003,Kuruvai,MAINTAIN,MAINTAIN,False,66.22335815429688,maintain
Kuruvai-2022,2022-10-02,-13.895964,-16.183393,-19.207123,19.515984,17.505737,11.055798,50.561947,49.42861,46.466393,20.87,17.1,13.82,ripening,22.03,1.3,3.5900000000000034,Kuruvai,MAINTAIN,MAINTAIN,False,65.67351531982422,maintain
Kuruvai-2022,2022-10-03,-17.818779,-20.296951,-18.609861,13.211318,10.593242,9.778091,49.07919,47.57135,46.159084,17.1,13.82,15.89,ripening,17.7,17.9,0.9800000000000035,Kuruvai,MAINTAIN,MAINTAIN,False,67.86830139160156,maintain
Kuruvai-2022,2022-10-04,-17.818779,-20.536093,-19.809393,13.261911,9.677138,10.604791,48.833454,48.06333,46.94713,13.82,15.89,13.96,ripening,15.98,18.0,1.4500000000000035,Kuruvai,MAINTAIN,MAINTAIN,False,68.59942436218262,maintain
Kuruvai-2022,2022-10-05,-25.420465,-26.658264,-26.670305,5.342741,12.251408,8.489935,42.7456,37.54129,44.359047,15.89,13.96,11.31,ripening,2.46,29.2,6.400000000000003,Kuruvai,MAINTAIN,MAINTAIN,False,71.02935218811035,maintain
Kuruvai-2022,2022-10-06,-19.396524,-21.247368,-19.55713,13.334492,11.494955,14.438575,47.562496,47.419174,53.63142,13.96,11.31,11.82,ripening,15.43,44.9,8.290000000000003,Kuruvai,MAINTAIN,MAINTAIN,False,73.18855094909668,maintain
Kuruvai-2022,2022-10-07,-16.660189,-16.866243,-13.454818,15.375414,17.95114,25.602642,49.13602,48.36477,55.35371,11.31,11.82,19.33,ripening,19.1,51.7,9.310000000000002,Kuruvai,MAINTAIN,MAINTAIN,False,68.80852794647217,maintain
Kuruvai-2022,2022-10-08,-16.04758,-13.262569,-8.811086,19.457426,25.097008,30.150663,48.986664,53.55169,54.603848,11.82,19.33,31.98,ripening,19.42,41.7,8.150000000000004,Kuruvai,MAINTAIN,MAINTAIN,False,66.81425857543945,maintain
Kuruvai-2022,2022-10-09,-24.317942,-25.376755,-28.312975,12.628253,14.077898,9.128864,43.12158,38.39255,48.101025,19.33,31.98,32.96,ripening,2.35,13.7,16.860000000000007,Kuruvai,MAINTAIN,MAINTAIN,False,76.41399955749512,maintain
Kuruvai-2023,2023-06-22,-16.228365,-14.346465,-17.01597,16.110289,14.041099,13.2005825,51.728355,52.761494,52.169662,12.44,6.76,0.35,establishment,17.96,1.1,9.11,Kuruvai,MAINTAIN,MAINTAIN,False,69.18563270568848,maintain
Kuruvai-2023,2023-06-23,-16.387913,-19.87881,-21.573843,13.777202,7.513522,2.578763,51.767925,55.347504,51.914814,6.76,0.35,-3.73,establishment,15.83,0.9,6.57,Kuruvai,DELAY,MAINTAIN,False,75.22631454467773,threshold_delay
Kuruvai-2023,2023-06-24,-26.130919,-28.811777,-32.137226,-3.086525,-5.7612934,-7.4788938,46.75763,50.710846,48.65809,0.35,-3.73,-9.74,establishment,0.53,7.6,4.470000000000001,Kuruvai,DELAY,DELAY,False,80.79531478881836,threshold_delay
Kuruvai-2023,2023-06-25,-28.433556,-31.145638,-32.031708,-5.873366,-8.231008,-2.9934564,45.731167,51.76765,50.79326,-3.73,-9.74,-10.97,establishment,-4.27,7.5,2.400000000000001,Kuruvai,DELAY,DELAY,False,82.91328811645508,threshold_delay
Kuruvai-2023,2023-06-26,-26.979387,-26.983955,-29.041697,-4.9063797,-6.6434364,-6.2255883,48.454212,53.587868,46.299145,-9.74,-10.97,-17.41,establishment,4.01,9.9,1.740000000000001,Kuruvai,DELAY,IRRIGATE,False,80.57182312011719,threshold_delay
Kuruvai-2023,2023-06-27,-30.542612,-30.802277,-33.2502,-7.317321,-10.045415,-7.485463,42.45998,53.028873,49.618656,-10.97,-17.41,-22.45,establishment,-8.29,2.9,6.400000000000001,Kuruvai,DELAY,IRRIGATE,False,83.83115005493164,threshold_delay
Kuruvai-2023,2023-06-28,-34.982555,-37.40387,-40.43526,-15.636515,-19.598122,-26.953566,38.847637,40.8415,25.919693,-17.41,-22.45,-28.45,establishment,-13.87,3.2,5.540000000000001,Kuruvai,IRRIGATE,IRRIGATE,False,78.24536895751953,threshold_irrigate
Kuruvai-2023,2023-06-29,-37.951874,-39.576767,-42.98781,-19.191946,-25.165289,-29.140524,42.075115,33.14685,21.510567,-22.45,-28.45,-31.97,tillering,-18.04,7.2,7.090000000000002,Kuruvai,MAINTAIN,MAINTAIN,False,80.0269889831543,maintain
Kuruvai-2023,2023-06-30,-39.21351,-41.19443,-43.910213,-24.326708,-27.830078,-30.003992,38.52627,25.965935,17.935291,-28.45,-31.97,-23.83,tillering,-17.02,8.1,2.460000000000001,Kuruvai,MAINTAIN,MAINTAIN,False,77.73978042602539,maintain
Kuruvai-2023,2023-07-01,-43.132835,-45.189713,-47.334354,-30.958384,-28.855696,-32.007725,23.042559,17.741848,14.768922,-31.97,-23.83,-26.82,tillering,-23.78,8.2,4.5600000000000005,Kuruvai,MAINTAIN,MAINTAIN,False,66.17539405822754,maintain
Kuruvai-2023,2023-07-02,-48.845707,-49.5103,-52.183956,-24.949015,-32.9859,-39.277447,9.974206,9.091869,9.709292,-23.83,-26.82,-31.62,tillering,-39.3,4.8,15.96,Kuruvai,MAINTAIN,MAINTAIN,False,61.893248558044434,maintain
Kuruvai-2023,2023-07-03,-40.568424,-42.062363,-45.997902,-24.231972,-26.12087,-28.997265,33.40289,25.30228,17.565199,-26.82,-31.62,-36.67,tillering,-15.66,4.2,18.22,Kuruvai,MAINTAIN,MAINTAIN,False,73.9713134765625,maintain
Kuruvai-2023,2023-07-04,-43.204437,-46.88635,-50.273342,-28.31139,-31.767864,-36.387493,20.76325,17.487768,14.49244,-31.62,-36.67,-41.97,tillering,-21.99,3.8,17.040000000000003,Kuruvai,MAINTAIN,MAINTAIN,False,64.7657823562622,maintain
Kuruvai-2023,2023-07-05,-47.737938,-51.20957,-52.52204,-37.822094,-41.79332,-49.154213,10.274972,10.007037,10.252589,-36.67,-41.97,-47.19,tillering,-32.38,3.0,4.22,Kuruvai,MAINTAIN,MAINTAIN,False,62.774630546569824,maintain
Kuruvai-2023,2023-07-06,-55.88457,-56.68534,-58.185673,-43.05089,-49.131668,-54.460175,8.431701,8.390177,8.809297,-41.97,-47.19,-50.41,tillering,-42.63,2.6,1.52,Kuruvai,MAINTAIN,MAINTAIN,False,66.99496936798096,maintain
Kuruvai-2023,2023-07-07,-54.279266,-56.610962,-58.91008,-45.472134,-48.320534,-50.06485,9.051692,9.142225,10.1121855,-47.19,-50.41,-50.41,tillering,-36.7,36.0,0.61,Kuruvai,MAINTAIN,MAINTAIN,False,69.02226543426514,maintain
Kuruvai-2023,2023-07-08,-56.78261,-60.477165,-63.184963,-46.874737,-49.72078,-42.915936,8.242911,8.390177,10.667628,-50.41,-50.41,-39.21,tillering,-44.81,34.6,2.45,Kuruvai,MAINTAIN,MAINTAIN,False,73.8525915145874,maintain
Kuruvai-2023,2023-07-09,-64.83052,-66.95979,-73.599,-57.31569,-50.935787,-48.731403,-1.1086037,1.3215331,6.2428308,-50.41,-39.21,-31.28,tillering,-57.7,34.7,7.699999999999999,Kuruvai,MAINTAIN,MAINTAIN,False,79.84182977676392,maintain
Kuruvai-2023,2023-07-10,-57.79594,-58.401577,-63.420876,-35.680443,-47.76351,-49.02209,6.626605,2.8879843,5.9462624,-39.21,-31.28,-34.0,tillering,-51.57,4.1,23.53,Kuruvai,MAINTAIN,MAINTAIN,False,69.36713790893555,maintain
Kuruvai-2023,2023-07-11,-47.010204,-44.689766,-49.914043,-20.758478,-26.717731,-35.011982,16.460335,17.5479,14.679889,-31.28,-34.0,-35.41,tillering,-23.58,3.5,34.95,Kuruvai,MAINTAIN,MAINTAIN,False,64.59393215179443,maintain
Kuruvai-2023,2023-07-12,-47.462437,-48.322174,-50.55847,-31.076433,-32.50289,-41.94199,10.1865835,12.938922,13.425609,-34.0,-35.41,-40.41,tillering,-31.2,4.1,32.43,Kuruvai,MAINTAIN,MAINTAIN,False,63.98408031463623,maintain
Kuruvai-2023,2023-07-13,-50.070686,-51.07944,-55.84632,-34.63234,-40.96525,-45.350784,9.078525,9.305884,10.639128,-35.41,-40.41,-45.98,tillering,-37.71,1.7,21.25,Kuruvai,MAINTAIN,MAINTAIN,False,66.48544883728027,maintain
Kuruvai-2023,2023-07-14,-54.724716,-56.95862,-61.174995,-44.245148,-48.655758,-52.425213,8.738364,8.545705,9.2116785,-40.41,-45.98,-50.71,tillering,-40.45,1.3,8.8,Kuruvai,MAINTAIN,MAINTAIN,False,70.38667392730713,maintain
Kuruvai-2023,2023-07-15,-51.082638,-53.30431,-57.854534,-42.28374,-45.050262,-50.280792,9.190501,9.826044,12.8373995,-45.98,-50.71,-55.8,tillering,-31.55,0.6,6.110000000000001,Kuruvai,MAINTAIN,MAINTAIN,False,70.69193363189697,maintain
Kuruvai-2023,2023-07-16,-53.55852,-56.324345,-58.35811,-44.831448,-50.364822,-56.557426,8.927154,8.390177,8.809297,-50.71,-55.8,-60.95,tillering,-41.74,0.3,1.65,Kuruvai,MAINTAIN,MAINTAIN,False,67.167405128479,maintain
Kuruvai-2023,2023-07-17,-58.321945,-59.83029,-64.24855,-50.822254,-54.026283,-61.00975,8.242911,8.390177,8.809297,-55.8,-60.95,-66.56,tillering,-43.67,0.1,0.55,Kuruvai,MAINTAIN,MAINTAIN,False,73.05784702301025,maintain
Kuruvai-2023,2023-07-18,-67.64858,-72.831535,-76.70693,-52.09672,-62.709854,-64.635735,4.9439363,2.2894645,3.8588285,-60.95,-66.56,-71.95,tillering,-54.56,0.2,0.39999999999999997,Kuruvai,MAINTAIN,MAINTAIN,False,80.5657606124878,maintain
Kuruvai-2023,2023-07-19,-68.440414,-73.003815,-77.461464,-54.728165,-67.64375,-68.48042,4.9439363,2.2894645,3.8588285,-66.56,-71.95,-77.37,stem_elongation,-54.68,1.4,0.09,Kuruvai,MAINTAIN,MAINTAIN,False,81.32029247283936,maintain
Kuruvai-2023,2023-07-20,-76.54765,-80.47689,-85.26706,-70.10639,-75.82386,-76.550575,-7.8898554,-0.55973244,2.7336535,-71.95,-77.37,-81.82,stem_elongation,-70.8,16.5,0.03,Kuruvai,MAINTAIN,MAINTAIN,False,88.00071287155151,maintain
Kuruvai-2023,2023-07-21,-80.78152,-85.6561,-84.56481,-76.57025,-82.31751,-76.1949,-9.26857,-0.55973244,2.6367707,-77.37,-81.82,-85.15,stem_elongation,-71.14,18.5,0.09999999999999999,Kuruvai,MAINTAIN,MAINTAIN,False,87.20158243179321,maintain
Kuruvai-2023,2023-07-22,-82.59282,-86.73718,-84.149536,-80.015274,-78.04281,-80.61125,-9.407199,-0.55973244,2.4792,-81.82,-85.15,-88.2,stem_elongation,-75.93,19.1,0.57,Kuruvai,MAINTAIN,MAINTAIN,False,86.62873601913452,maintain
Kuruvai-2023,2023-07-23,-82.76534,-87.536896,-86.31691,-79.727974,-86.07991,-85.78605,-9.407199,-0.55973244,2.8472505,-85.15,-88.2,-90.55,stem_elongation,-74.91,5.4,2.07,Kuruvai,MAINTAIN,MAINTAIN,False,89.16416025161743,maintain
Kuruvai-2023,2023-07-24,-88.24372,-87.55453,-89.269554,-82.67604,-83.19936,-92.027855,-9.551293,-0.30193138,2.7837563,-88.2,-90.55,-94.53,stem_elongation,-83.56,3.8,2.7199999999999998,Kuruvai,INSPECT,MAINTAIN,True,92.05331039428711,uncertainty_gate
Kuruvai-2023,2023-07-25,-91.2933,-95.454185,-94.10483,-88.761345,-91.9178,-98.049576,-9.551293,-0.30193138,2.8472505,-90.55,-94.53,-99.17,stem_elongation,-91.33,1.9,3.55,Kuruvai,INSPECT,MAINTAIN,True,96.95207834243774,uncertainty_gate
Kuruvai-2023,2023-07-26,-98.66784,-96.98872,-99.822876,-93.79486,-97.700005,-104.375565,-9.551293,-0.30193138,2.7837563,-94.53,-99.17,-104.13,stem_elongation,-90.23,1.3,2.6999999999999997,Kuruvai,INSPECT,MAINTAIN,True,102.60663223266602,uncertainty_gate
Kuruvai-2023,2023-07-27,-108.64503,-107.50933,-107.48533,-101.71552,-104.4873,-111.22237,-9.551293,-0.30193138,2.0430775,-99.17,-104.13,-108.83,stem_elongation,-102.91,1.0,2.01,Kuruvai,INSPECT,MAINTAIN,True,109.52840614318848,uncertainty_gate
Kuruvai-2023,2023-07-28,-113.44462,-113.07346,-103.6167,-109.118546,-110.53619,-114.20164,-9.551293,-0.30193138,2.0430775,-104.13,-108.83,-113.61,stem_elongation,-110.77,1.1,0.7299999999999998,Kuruvai,INSPECT,MAINTAIN,True,112.77153205871582,uncertainty_gate
Kuruvai-2023,2023-07-29,-109.68654,-122.204544,-125.45692,-112.18207,-119.617905,-119.930824,-9.551293,-0.30193138,2.0430775,-108.83,-113.61,-118.01,stem_elongation,-99.97,1.3,0.15999999999999978,Kuruvai,INSPECT,MAINTAIN,True,127.4999942779541,uncertainty_gate
Kuruvai-2023,2023-07-30,-120.29344,-125.843185,-125.0895,-120.21085,-117.24463,-114.92123,-9.551293,0.17046475,2.6369863,-113.61,-118.01,-122.35,stem_elongation,-110.7,1.1,0.17999999999999977,Kuruvai,INSPECT,MAINTAIN,True,127.72648668289185,uncertainty_gate
Kuruvai-2023,2023-07-31,-124.76809,-130.715,-106.56152,-122.41012,-115.34476,-109.96462,-9.551293,1.3404499,44.32128,-118.01,-122.35,-126.18,stem_elongation,-114.92,1.1,0.18999999999999978,Kuruvai,INSPECT,MAINTAIN,True,150.88280487060547,uncertainty_gate
Kuruvai-2023,2023-08-01,-121.456276,-106.28275,-105.664955,-116.976616,-72.10361,-53.84466,-9.551293,50.46477,52.517673,-122.35,-126.18,54.98,stem_elongation,-113.86,0.4,0.11999999999999979,Kuruvai,INSPECT,MAINTAIN,True,158.1826286315918,uncertainty_gate
Kuruvai-2023,2023-08-02,-111.66829,-109.61556,-68.775955,-13.662995,24.940935,29.228756,54.728256,63.73975,60.900852,-126.18,54.98,46.44,panicle_initiation,-115.36,1.0,0.04999999999999978,Kuruvai,IRRIGATE,IRRIGATE,False,173.3553123474121,agronomic_irrigate
Kuruvai-2023,2023-08-03,-118.904335,-101.00753,-70.53299,-22.046663,20.595703,25.637173,54.448017,65.29177,61.35978,54.98,46.44,38.38,panicle_initiation,-123.51,1.0,0.04999999999999978,Kuruvai,IRRIGATE,MAINTAIN,False,173.35235214233398,agronomic_irrigate
Kuruvai-2023,2023-08-04,9.913735,5.1232986,6.5945096,49.94802,38.98012,34.676956,72.32862,68.256,65.86974,46.44,38.38,30.78,panicle_initiation,64.62,0.8,0.1399999999999998,Kuruvai,MAINTAIN,MAINTAIN,False,63.13269805908203,maintain
Kuruvai-2023,2023-08-05,-0.23223646,-3.8747852,-7.109513,41.660084,35.25552,31.392847,61.705082,59.70297,59.300144,38.38,30.78,23.83,panicle_initiation,48.95,1.5,0.2399999999999998,Kuruvai,DELAY,MAINTAIN,False,66.40965700149536,agronomic_delay
Kuruvai-2023,2023-08-06,-5.712793,-9.579129,-10.852559,32.77957,26.70899,24.40017,64.8437,57.968395,59.32402,30.78,23.83,17.57,panicle_initiation,39.89,16.3,0.4999999999999998,Kuruvai,DELAY,MAINTAIN,False,70.55648946762085,agronomic_delay
Kuruvai-2023,2023-08-07,-6.6721463,-10.879,-11.0944805,27.82244,21.469988,22.924215,61.084095,57.67748,59.380642,23.83,17.57,25.51,panicle_initiation,31.98,27.4,0.9499999999999998,Kuruvai,DELAY,MAINTAIN,False,70.47512245178223,agronomic_delay
Kuruvai-2023,2023-08-08,-16.387913,-19.025703,-13.686914,14.251554,16.511602,25.105078,58.682907,57.52051,58.989437,17.57,25.51,33.33,panicle_initiation,17.4,36.8,1.92,Kuruvai,DELAY,MAINTAIN,False,76.54621505737305,agronomic_delay
Kuruvai-2023,2023-08-09,-9.11283,-6.9286733,-5.2351046,25.276257,32.52909,39.649918,58.204777,67.50558,66.95276,25.51,33.33,36.34,panicle_initiation,22.35,34.6,16.53,Kuruvai,DELAY,MAINTAIN,False,74.43425035476685,agronomic_delay
Kuruvai-2023,2023-08-10,-16.488117,-13.986625,-11.415984,22.061811,28.006374,32.952915,54.596973,66.9118,64.943756,33.33,36.34,37.6,panicle_initiation,13.28,23.4,29.97,Kuruvai,DELAY,MAINTAIN,False,80.89842128753662,agronomic_delay
Kuruvai-2023,2023-08-11,-5.457029,-1.291675,-4.5655084,32.924694,39.20642,31.12481,59.468987,67.683395,63.056656,36.34,37.6,33.94,panicle_initiation,30.4,12.7,38.739999999999995,Kuruvai,DELAY,MAINTAIN,False,68.97507035732269,agronomic_delay
Kuruvai-2023,2023-08-12,-2.8150184,-0.076140866,-3.2622674,38.322273,34.90795,29.060423,59.01114,68.25072,68.61331,37.6,33.94,28.43,panicle_initiation,36.45,0.1,32.019999999999996,Kuruvai,DELAY,MAINTAIN,False,71.87557911872864,agronomic_delay
Kuruvai-2023,2023-08-13,-6.099007,-6.112711,-9.296358,31.773607,29.552618,24.645401,58.584103,59.843597,57.41617,33.94,28.43,21.48,panicle_initiation,33.65,0.1,20.979999999999997,Kuruvai,DELAY,MAINTAIN,False,66.71252632141113,agronomic_delay
Kuruvai-2023,2023-08-14,-6.914351,-9.965246,-13.848301,29.12863,25.08205,19.467285,56.429802,59.537148,57.228924,28.43,21.48,13.49,flowering,31.68,0.2,12.599999999999998,Kuruvai,DELAY,DELAY,False,71.07722473144531,agronomic_delay
Kuruvai-2023,2023-08-15,-5.835653,-9.6800585,-11.605881,30.196894,27.538445,20.943144,58.687737,56.41931,56.614986,21.48,13.49,5.41,flowering,37.63,0.1,4.989999999999998,Kuruvai,DELAY,DELAY,False,68.22086715698242,agronomic_delay
Kuruvai-2023,2023-08-16,-11.070893,-14.254442,-15.306485,21.504488,15.624004,15.382515,53.976723,55.411976,56.49027,13.49,5.41,-2.59,flowering,27.0,0.1,2.1399999999999983,Kuruvai,DELAY,IRRIGATE,False,71.79675388336182,agronomic_delay
Kuruvai-2023,2023-08-17,-21.092047,-23.687407,-22.251001,9.2696705,8.151152,9.5809965,53.3781,57.49591,56.8552,5.41,-2.59,-10.39,flowering,10.06,0.4,0.7199999999999982,Kuruvai,IRRIGATE,IRRIGATE,False,81.18331718444824,agronomic_irrigate
Kuruvai-2023,2023-08-18,-25.550362,-25.102556,-23.951675,6.105864,8.343297,15.265187,52.142056,57.415512,57.195915,-2.59,-10.39,50.85,flowering,3.06,2.2,0.28999999999999826,Kuruvai,IRRIGATE,IRRIGATE,False,82.51806831359863,agronomic_irrigate
Kuruvai-2023,2023-08-19,-31.281244,-31.160076,-28.647163,2.1767633,11.207664,17.823992,58.299946,57.614117,57.56439,-10.39,50.85,44.34,flowering,-8.98,4.6,0.25999999999999823,Kuruvai,IRRIGATE,IRRIGATE,False,89.58119010925293,agronomic_irrigate
Kuruvai-2023,2023-08-20,-32.304234,-31.153252,-28.191174,-7.2487903,7.3989253,21.830105,45.567406,57.77737,58.085533,50.85,44.34,40.25,flowering,-6.87,5.6,0.28999999999999826,Kuruvai,IRRIGATE,MAINTAIN,False,88.93062210083008,agronomic_irrigate
Kuruvai-2023,2023-08-21,-0.7542458,-4.1665325,-6.922593,38.79164,34.580734,30.628222,59.14892,58.346664,57.55095,44.34,40.25,35.48,flowering,49.6,4.1,1.1599999999999984,Kuruvai,DELAY,MAINTAIN,False,64.47354221343994,agronomic_delay
Kuruvai-2023,2023-08-22,-6.089461,-6.6349096,-9.230979,32.72976,28.889235,25.560387,59.164955,56.115826,57.998806,40.25,35.48,28.26,flowering,34.51,1.7,4.489999999999998,Kuruvai,DELAY,MAINTAIN,False,67.22978496551514,agronomic_delay
Kuruvai-2023,2023-08-23,-4.287831,-9.199175,-11.454979,32.69593,29.548254,23.412313,58.46584,56.969944,56.496765,35.48,28.26,21.18,flowering,40.75,0.3,6.389999999999998,Kuruvai,DELAY,MAINTAIN,False,67.95174407958984,agronomic_delay
Kuruvai-2023,2023-08-24,-5.835653,-9.6800585,-11.605881,29.684301,26.618729,20.344002,58.18155,56.834984,56.502674,28.26,21.18,15.14,flowering,37.67,0.2,5.699999999999998,Kuruvai,DELAY,MAINTAIN,False,68.10855484008789,agronomic_delay
Kuruvai-2023,2023-08-25,-6.5684857,-9.758435,-12.358603,28.329262,22.23322,18.770061,60.52784,55.203552,55.52452,21.18,15.14,10.7,flowering,33.08,2.9,2.359999999999998,Kuruvai,DELAY,DELAY,False,67.88312339782715,agronomic_delay
Kuruvai-2023,2023-08-26,-15.12222,-15.503887,-15.944956,16.208027,15.182763,17.92367,53.271927,49.750587,46.051666,15.14,10.7,5.79,grain_filling,20.81,30.0,0.4399999999999982,Kuruvai,MAINTAIN,MAINTAIN,False,68.39414691925049,maintain
Kuruvai-2023,2023-08-27,-18.508978,-19.064157,-18.086004,12.31497,8.565118,14.427358,50.474945,48.67765,49.113304,10.7,5.79,11.71,grain_filling,13.28,36.1,1.7099999999999982,Kuruvai,MAINTAIN,MAINTAIN,False,68.98392295837402,maintain
Kuruvai-2023,2023-08-28,-15.165654,-15.188349,-13.200841,12.819236,22.617085,22.871998,50.826427,49.968826,55.96293,5.79,11.71,13.48,grain_filling,20.63,55.3,2.429999999999998,Kuruvai,MAINTAIN,MAINTAIN,False,69.16376972198486,maintain
Kuruvai-2023,2023-08-29,-22.463215,-22.272703,-23.715942,17.907633,14.777405,16.196066,44.17614,41.18828,52.26707,11.71,13.48,24.13,grain_filling,5.82,30.1,12.939999999999998,Kuruvai,MAINTAIN,MAINTAIN,False,75.98301315307617,maintain
Kuruvai-2023,2023-08-30,-17.998621,-15.870508,-12.203553,18.405005,25.48601,20.721043,49.73247,54.264435,56.344738,13.48,24.13,21.44,grain_filling,15.31,43.6,17.34,Kuruvai,MAINTAIN,MAINTAIN,False,70.13494300842285,maintain
Kuruvai-2023,2023-08-31,-19.369814,-20.405436,-22.320427,20.829807,16.33902,17.685396,51.4299,55.944542,56.009388,24.13,21.44,18.11,grain_filling,10.78,22.0,31.77,Kuruvai,MAINTAIN,MAINTAIN,False,78.32981491088867,maintain
Kuruvai-2023,2023-09-01,-10.911604,-8.650182,-9.537387,25.817469,29.36525,25.802135,51.493073,51.553207,48.034386,21.44,18.11,16.44,grain_filling,27.58,20.4,23.990000000000002,Kuruvai,MAINTAIN,MAINTAIN,False,62.40467643737793,maintain
Kuruvai-2023,2023-09-02,-18.256197,-18.363815,-19.637453,14.520932,8.943505,6.858101,49.792717,49.513367,45.293633,18.11,16.44,10.81,grain_filling,14.16,1.1,20.44,Kuruvai,MAINTAIN,MAINTAIN,False,68.04891395568848,maintain
Kuruvai-2023,2023-09-03,-16.073788,-16.004524,-17.884281,15.692058,13.076721,9.185135,49.277763,47.445328,45.260147,16.44,10.81,7.27,grain_filling,15.8,1.6,9.299999999999999,Kuruvai,MAINTAIN,MAINTAIN,False,65.3515510559082,maintain
Kuruvai-2023,2023-09-04,-21.092047,-24.79958,-27.329742,8.57603,-0.24028707,-4.2142015,50.934784,46.662205,43.4663,10.81,7.27,5.08,grain_filling,10.4,6.9,6.76,Kuruvai,MAINTAIN,MAINTAIN,False,72.02683067321777,maintain
Kuruvai-2023,2023-09-05,-23.775848,-24.4021,-27.107979,3.12493,-1.0210779,-1.92112,44.77877,42.785976,41.67477,7.27,5.08,5.57,grain_filling,7.79,6.5,6.0299999999999985,Kuruvai,MAINTAIN,MAINTAIN,False,68.78274917602539,maintain
Kuruvai-2023,2023-09-06,-19.449259,-17.017292,-18.872952,10.02564,10.881914,7.2022943,49.08632,46.922424,45.213005,5.08,5.57,0.27,grain_filling,13.52,6.6,5.719999999999998,Kuruvai,MAINTAIN,MAINTAIN,False,68.53557777404785,maintain
Kuruvai-2023,2023-09-07,-23.894014,-24.389357,-28.539661,5.7240477,-0.5558006,-5.15903,42.540585,38.453766,45.621082,5.57,0.27,-4.28,grain_filling,2.02,1.7,11.979999999999997,Kuruvai,MAINTAIN,MAINTAIN,False,74.1607437133789,maintain
Kuruvai-2023,2023-09-08,-23.333403,-24.443853,-27.154024,0.7517776,-1.8686187,-0.9521295,45.940918,43.363617,42.69602,0.27,-4.28,-7.89,grain_filling,9.16,11.0,11.579999999999998,Kuruvai,MAINTAIN,MAINTAIN,False,69.85004234313965,maintain
Kuruvai-2023,2023-09-09,-23.982626,-24.443853,-26.503523,1.5544511,-2.4695961,2.1639943,45.241947,42.86379,42.519257,-4.28,-7.89,-10.09,grain_filling,7.86,13.5,9.849999999999998,Kuruvai,MAINTAIN,MAINTAIN,False,69.22457313537598,maintain
Kuruvai-2023,2023-09-10,-28.67623,-31.433435,-30.733273,-7.674364,-4.5364566,2.6525464,39.359997,35.826473,41.2746,-7.89,-10.09,-10.78,ripening,-4.42,13.9,3.639999999999998,Kuruvai,MAINTAIN,MAINTAIN,False,72.00787353515625,maintain
Kuruvai-2023,2023-09-11,-29.89847,-31.50949,-31.556644,-9.087828,-7.652002,-6.362552,38.968746,35.826473,42.26359,-10.09,-10.78,-10.88,ripening,-2.92,5.3,4.109999999999998,Kuruvai,MAINTAIN,MAINTAIN,False,73.82023620605469,maintain
Kuruvai-2023,2023-09-12,-32.207775,-32.445946,-31.730618,-10.313068,-6.569286,-0.21605544,42.400852,35.826473,41.82285,-10.78,-10.88,-12.98,ripening,-7.43,15.8,5.049999999999999,Kuruvai,MAINTAIN,MAINTAIN,False,74.60862731933594,maintain
Kuruvai-2023,2023-09-13,-34.170616,-35.552433,-34.63141,-12.277454,-15.423317,-12.098916,39.296688,32.725468,27.378082,-10.88,-12.98,-16.45,ripening,-10.2,15.7,8.329999999999998,Kuruvai,MAINTAIN,MAINTAIN,False,73.46730422973633,maintain
Kuruvai-2023,2023-09-14,-32.659004,-33.429222,-32.681786,-13.907646,-8.484067,-2.4083438,43.289707,33.52135,42.990665,-12.98,-16.45,-16.43,ripening,-7.13,27.2,8.669999999999998,Kuruvai,MAINTAIN,MAINTAIN,False,75.94871139526367,maintain
Kuruvai-2023,2023-09-15,-29.923882,-31.47994,-30.509808,-12.623015,-9.666889,1.8365092,42.284863,35.87508,42.73018,-16.45,-16.43,-8.62,ripening,-3.78,35.0,6.259999999999998,Kuruvai,MAINTAIN,MAINTAIN,False,73.23998641967773,maintain
Kuruvai-2023,2023-09-16,-37.010723,-37.268456,-34.559357,-13.151681,-10.763285,-4.096566,36.19569,31.487278,31.455418,-16.43,-8.62,-5.19,ripening,-19.64,50.2,6.399999999999999,Kuruvai,MAINTAIN,MAINTAIN,False,73.20641326904297,maintain
Kuruvai-2023,2023-09-17,-37.380203,-37.121662,-36.65373,-10.348225,-4.813263,-5.5526075,25.844433,28.5469,31.101463,-8.62,-5.19,-2.2,ripening,-21.23,38.3,15.27,Kuruvai,MAINTAIN,MAINTAIN,False,67.75519180297852,maintain
Kuruvai-2023,2023-09-18,-35.036915,-33.47063,-33.512688,-9.449467,-6.4281373,-9.714106,38.74157,31.013988,28.994833,-5.19,-2.2,-4.21,ripening,-13.71,17.7,21.82,Kuruvai,MAINTAIN,MAINTAIN,False,73.77848434448242,maintain
Kuruvai-2023,2023-09-19,-28.19679,-28.134892,-30.80321,-1.618794,0.9035381,-2.860831,39.539158,36.161156,47.206425,-2.2,-4.21,-4.94,ripening,-0.22,7.3,24.49,Kuruvai,MAINTAIN,MAINTAIN,False,78.00963401794434,maintain
Kuruvai-2023,2023-09-20,-25.945883,-27.124176,-26.785118,0.40924156,-1.7610897,5.1734047,42.614716,38.239845,43.240005,-4.21,-4.94,-6.63,ripening,3.45,32.2,14.290000000000001,Kuruvai,MAINTAIN,MAINTAIN,False,70.0251235961914,maintain
Kuruvai-2023,2023-09-21,-30.74192,-32.445007,-31.108479,-6.0258718,-0.3234397,6.330493,39.56856,35.826473,46.45195,-4.94,-6.63,-9.74,ripening,-6.9,37.3,9.8,Kuruvai,MAINTAIN,MAINTAIN,False,77.56042861938477,maintain
Kuruvai-2023,2023-09-22,-35.78599,-37.728416,-37.6979,-11.953882,-6.4913316,-6.0248165,38.349266,31.581081,28.286882,-6.63,-9.74,-11.34,ripening,-15.62,31.8,5.3,Kuruvai,MAINTAIN,MAINTAIN,False,74.13525772094727,maintain
Kuruvai-2023,2023-09-23,-35.499374,-38.422314,-40.696224,-14.57422,-20.147316,-21.083557,38.349266,30.420353,26.883087,-9.74,-11.34,-8.44,ripening,-10.0,7.0,5.08,Kuruvai,MAINTAIN,MAINTAIN,False,73.84864044189453,maintain
Kuruvai-2023,2023-09-24,-32.564507,-33.092705,-34.26063,-13.848991,-13.347765,-11.145135,38.852757,33.52135,41.685055,-11.34,-8.44,-7.42,ripening,-7.0,1.7,4.05,Kuruvai,MAINTAIN,MAINTAIN,False,75.94568634033203,maintain
Kuruvai-2023,2023-09-25,-33.531246,-32.824986,-35.06366,-7.252855,-10.252613,-15.094576,38.605106,32.725468,28.94677,-8.44,-7.42,-8.88,ripening,-11.67,9.7,8.34,Kuruvai,MAINTAIN,MAINTAIN,False,72.1363525390625,maintain
Kuruvai-2023,2023-09-26,-32.656643,-31.885624,-30.243217,-10.128185,-7.649865,0.36407095,39.340576,33.689728,41.944283,-7.42,-8.88,-8.81,ripening,-7.54,14.0,11.75,Kuruvai,MAINTAIN,MAINTAIN,False,72.1875,maintain
Kuruvai-2023,2023-09-27,-34.336758,-36.232063,-36.524887,-11.673643,-9.236731,-8.916755,38.605106,32.893845,27.47354,-8.88,-8.81,-9.56,ripening,-10.04,15.8,12.24,Kuruvai,MAINTAIN,MAINTAIN,False,72.94186401367188,maintain
Kuruvai-2023,2023-09-28,-30.030573,-30.633434,-29.835451,-7.8933444,-8.110058,2.287069,39.06746,33.52135,41.59593,-8.81,-9.56,-10.46,ripening,-3.81,10.1,10.22,Kuruvai,MAINTAIN,MAINTAIN,False,71.4313793182373,maintain
Kuruvai-2023,2023-09-29,-31.946743,-32.406246,-32.99005,-9.778828,-4.1268263,-3.3752596,38.852757,35.826473,41.8818,-9.56,-10.46,-13.83,ripening,-7.09,6.5,9.09,Kuruvai,MAINTAIN,MAINTAIN,False,74.87185287475586,maintain
Kuruvai-2023,2023-09-30,-31.943012,-31.130133,-32.421284,-12.172158,-7.8828673,-6.8207364,38.968746,35.826473,41.733723,-10.46,-13.83,-17.43,ripening,-6.63,3.9,10.08,Kuruvai,MAINTAIN,MAINTAIN,False,74.1550064086914,maintain
Kuruvai-2023,2023-10-01,-32.905907,-33.02423,-34.191944,-13.50179,-10.728966,-11.140761,38.349266,35.684513,39.919502,-13.83,-17.43,-21.29,ripening,-9.66,1.5,6.46,Kuruvai,MAINTAIN,MAINTAIN,False,74.11144638061523,maintain
Kuruvai-2023,2023-10-02,-34.804283,-37.192005,-40.12796,-15.992063,-21.77065,-24.7427,38.349266,32.429516,26.798058,-17.43,-21.29,-24.91,ripening,-11.21,0.4,3.92,Kuruvai,MAINTAIN,MAINTAIN,False,73.15354919433594,maintain
Kuruvai-2023,2023-10-03,-36.605972,-39.914726,-42.78344,-18.888092,-23.59779,-27.720585,38.233276,29.275963,26.524778,-21.29,-24.91,-28.13,ripening,-15.14,0.3,0.93,Kuruvai,MAINTAIN,MAINTAIN,False,74.83924865722656,maintain
Kuruvai-2023,2023-10-04,-42.836838,-47.38728,-48.743546,-26.351084,-28.106348,-32.61651,24.517933,27.431593,25.303738,-24.91,-28.13,-31.43,ripening,-25.93,1.9,0.67,Kuruvai,MAINTAIN,MAINTAIN,False,74.81887245178223,maintain
Kuruvai-2023,2023-10-05,-45.708336,-48.410294,-50.163815,-30.66646,-32.75692,-34.819942,18.661469,27.225569,24.950527,-28.13,-31.43,-34.42,ripening,-23.04,3.6,0.71,Kuruvai,MAINTAIN,MAINTAIN,False,75.63586235046387,maintain
Kuruvai-2023,2023-10-06,-46.489265,-48.64864,-48.468136,-32.212036,-28.997118,-30.360708,18.144482,27.225569,24.950527,-31.43,-34.42,-36.81,ripening,-24.17,13.3,0.98,Kuruvai,MAINTAIN,MAINTAIN,False,75.87420845031738,maintain
Kuruvai-2023,2023-10-07,-46.619522,-48.64864,-47.874134,-33.4981,-28.79873,-23.387667,18.485493,27.225569,25.960487,-34.42,-36.81,-38.38,ripening,-25.65,23.4,1.18,Kuruvai,MAINTAIN,MAINTAIN,False,75.87420845031738,maintain
Kuruvai-2023,2023-10-08,-49.10248,-51.145866,-48.017925,-33.345325,-29.905201,-19.825926,11.7818365,23.183044,27.901577,-36.81,-38.38,-38.71,ripening,-32.34,43.2,1.5499999999999998,Kuruvai,MAINTAIN,MAINTAIN,False,75.91950225830078,maintain
Kuruvai-2023,2023-10-09,-52.781906,-53.984562,-51.178127,-37.98342,-33.88149,-19.075008,10.897125,23.132614,28.905613,-38.38,-38.71,-36.55,ripening,-41.64,52.4,2.69,Kuruvai,MAINTAIN,MAINTAIN,False,80.083740234375,maintain
Kuruvai-2024,2024-06-22,-5.3134046,-6.469947,-9.184172,33.121246,31.233582,25.440428,59.06524,57.150925,58.090424,34.67,32.96,27.37,establishment,37.25,2.0,3.4999999999999982,Kuruvai,MAINTAIN,MAINTAIN,False,67.27459526062012,maintain
Kuruvai-2024,2024-06-23,-4.8874145,-5.705437,-7.6756535,29.52231,27.023708,22.497524,58.832863,56.68784,58.67864,32.96,27.37,25.73,establishment,33.77,3.3,7.539999999999998,Kuruvai,MAINTAIN,MAINTAIN,False,66.35429191589355,maintain
Kuruvai-2024,2024-06-24,-8.245089,-11.730491,-14.184629,25.22012,19.012281,17.202745,54.405323,53.3604,49.9936,27.37,25.73,21.24,establishment,28.14,2.7,7.739999999999998,Kuruvai,MAINTAIN,MAINTAIN,False,65.09089183807373,maintain
Kuruvai-2024,2024-06-25,-11.039205,-10.950379,-13.237019,23.464756,22.497818,18.263674,53.028656,51.214542,50.978638,25.73,21.24,14.52,establishment,22.36,2.2,8.869999999999997,Kuruvai,MAINTAIN,MAINTAIN,False,64.21565628051758,maintain
Kuruvai-2024,2024-06-26,-5.864243,-9.559392,-12.203625,29.26195,25.421999,20.212742,58.844757,56.196644,55.346294,21.24,14.52,7.82,establishment,34.92,0.2,6.139999999999999,Kuruvai,MAINTAIN,MAINTAIN,False,67.54991912841797,maintain
Kuruvai-2024,2024-06-27,-6.69232,-9.931288,-13.06745,26.721312,20.580397,16.875574,56.114403,52.8248,48.81545,14.52,7.82,0.82,establishment,30.61,6.8,5.899999999999999,Kuruvai,MAINTAIN,MAINTAIN,False,62.80672264099121,maintain
Kuruvai-2024,2024-06-28,-17.79569,-20.101437,-21.563591,10.745784,6.0164614,2.1427794,49.485027,49.70887,45.556347,7.82,0.82,-4.0,establishment,14.51,7.3,1.8699999999999983,Kuruvai,DELAY,MAINTAIN,False,69.81030654907227,threshold_delay
Kuruvai-2024,2024-06-29,-22.08979,-24.204395,-27.963037,4.9611435,3.3388712,-5.172799,46.880882,44.376976,43.681038,0.82,-4.0,-7.88,tillering,9.23,7.3,0.19999999999999823,Kuruvai,MAINTAIN,MAINTAIN,False,71.64407539367676,maintain
Kuruvai-2024,2024-06-30,-28.18553,-31.365602,-32.796505,-2.2048337,-7.5506783,-11.333146,45.70592,33.28,41.466743,-4.0,-7.88,-14.17,tillering,-4.08,1.2,1.4799999999999982,Kuruvai,MAINTAIN,MAINTAIN,False,74.26324844360352,maintain
Kuruvai-2024,2024-07-01,-29.29617,-28.257557,-30.152775,-8.055959,-8.483573,-10.741914,39.827477,33.374702,40.403618,-7.88,-14.17,-19.27,tillering,-0.79,5.7,2.679999999999998,Kuruvai,MAINTAIN,MAINTAIN,False,70.55639266967773,maintain
Kuruvai-2024,2024-07-02,-26.846933,-27.622974,-30.544886,-10.257084,-11.568895,-8.316754,40.991005,34.24582,39.458145,-14.17,-19.27,-25.22,tillering,0.92,10.7,3.129999999999998,Kuruvai,MAINTAIN,MAINTAIN,False,70.00303077697754,maintain
Kuruvai-2024,2024-07-03,-42.392895,-45.245434,-46.633305,-25.899305,-26.194498,-27.444624,21.529642,25.145622,15.993121,-19.27,-25.22,-26.97,tillering,-21.82,10.2,2.739999999999998,Kuruvai,MAINTAIN,MAINTAIN,False,70.39105606079102,maintain
Kuruvai-2024,2024-07-04,-39.819077,-41.700634,-43.827026,-22.35954,-28.03248,-31.903713,34.087906,26.04416,17.429787,-25.22,-26.97,-31.88,tillering,-16.95,5.6,2.099999999999998,Kuruvai,MAINTAIN,MAINTAIN,False,73.906982421875,maintain
Kuruvai-2024,2024-07-05,-42.83872,-44.167694,-47.15837,-27.838423,-26.71007,-33.323082,20.678316,18.658024,14.4281845,-26.97,-31.88,-37.12,tillering,-22.52,0.4,5.349999999999998,Kuruvai,MAINTAIN,MAINTAIN,False,63.51703453063965,maintain
Kuruvai-2024,2024-07-06,-45.29129,-47.540688,-50.55132,-34.177933,-35.094578,-39.348473,16.056797,18.596395,13.435295,-31.88,-37.12,-41.29,tillering,-24.33,1.0,4.9899999999999975,Kuruvai,MAINTAIN,MAINTAIN,False,66.13708305358887,maintain
Kuruvai-2024,2024-07-07,-45.95924,-48.028538,-51.417725,-34.730904,-37.54728,-40.562965,15.970017,17.97764,13.564672,-37.12,-41.29,-46.59,tillering,-23.67,0.9,5.169999999999998,Kuruvai,MAINTAIN,MAINTAIN,False,66.00617790222168,maintain
Kuruvai-2024,2024-07-08,-45.825016,-46.558075,-48.518406,-33.82775,-34.741978,-40.38138,15.970017,17.407171,13.212814,-41.29,-46.59,-47.15,tillering,-26.94,1.2,1.8299999999999983,Kuruvai,MAINTAIN,MAINTAIN,False,63.96524620056152,maintain
Kuruvai-2024,2024-07-09,-52.270878,-57.17744,-60.066765,-41.04518,-47.92889,-53.426434,9.807855,7.95829,7.7578764,-46.59,-47.15,-51.74,tillering,-42.46,5.3,1.3799999999999981,Kuruvai,MAINTAIN,MAINTAIN,False,67.82464122772217,maintain
Kuruvai-2024,2024-07-10,-55.98647,-56.67064,-59.667793,-44.47411,-46.43036,-48.8948,8.844211,8.767475,7.8714876,-47.15,-51.74,-46.61,tillering,-43.22,5.9,3.729999999999998,Kuruvai,MAINTAIN,MAINTAIN,False,67.53928089141846,maintain
Kuruvai-2024,2024-07-11,-56.6116,-59.141758,-63.7356,-48.888824,-52.103348,-54.84426,8.844211,8.372843,7.980357,-51.74,-46.61,-51.47,tillering,-46.73,6.7,3.9099999999999984,Kuruvai,MAINTAIN,MAINTAIN,False,71.71595668792725,maintain
Kuruvai-2024,2024-07-12,-60.940907,-63.04963,-70.03098,-50.450455,-47.57548,-52.17786,-0.5784805,2.249935,3.7858694,-46.61,-51.47,-57.25,tillering,-54.9,5.1,13.879999999999999,Kuruvai,MAINTAIN,MAINTAIN,False,73.8168523311615,maintain
Kuruvai-2024,2024-07-13,-58.954605,-61.456158,-64.01206,-49.83246,-53.346855,-53.56355,8.844211,8.901571,7.980357,-51.47,-57.25,-60.59,tillering,-45.26,10.8,10.879999999999997,Kuruvai,MAINTAIN,MAINTAIN,False,71.99241924285889,maintain
Kuruvai-2024,2024-07-14,-58.184082,-63.44111,-69.06473,-49.493748,-54.881184,-51.348892,8.844211,8.406573,7.980357,-57.25,-60.59,-64.15,tillering,-48.11,10.2,10.449999999999998,Kuruvai,MAINTAIN,MAINTAIN,False,77.0450849533081,maintain
Kuruvai-2024,2024-07-15,-65.316795,-69.34701,-75.29936,-61.594654,-58.272327,-59.117455,-1.0405152,1.7431782,2.9658844,-60.59,-64.15,-66.61,tillering,-56.17,8.1,1.589999999999998,Kuruvai,MAINTAIN,MAINTAIN,False,78.26524662971497,maintain
Kuruvai-2024,2024-07-16,-71.712074,-74.278786,-78.23119,-65.41772,-64.051315,-70.49522,-4.95874,1.1344594,2.789696,-64.15,-66.61,-70.61,tillering,-65.0,1.5,2.7899999999999983,Kuruvai,MAINTAIN,MAINTAIN,False,81.02088952064514,maintain
Kuruvai-2024,2024-07-17,-74.74649,-74.402756,-76.41756,-68.81223,-71.66165,-77.98537,-5.2201033,1.2917742,2.8336353,-66.61,-70.61,-75.7,tillering,-66.47,1.0,4.869999999999998,Kuruvai,MAINTAIN,MAINTAIN,False,79.25119209289551,maintain
Kuruvai-2024,2024-07-18,-76.31477,-80.700096,-84.772255,-74.87337,-80.70387,-85.11024,-8.183044,0.9520029,2.795103,-70.61,-75.7,-80.73,tillering,-68.89,0.0,4.129999999999998,Kuruvai,MAINTAIN,MAINTAIN,False,87.56735801696777,maintain
Kuruvai-2024,2024-07-19,-81.45963,-86.6199,-90.12635,-76.72384,-81.72466,-89.126205,-8.183044,0.18865761,2.5726228,-75.7,-80.73,-85.75,stem_elongation,-74.82,0.0,2.9699999999999984,Kuruvai,INSPECT,MAINTAIN,True,92.69897317886353,uncertainty_gate
Kuruvai-2024,2024-07-20,-82.802345,-87.6136,-90.38081,-79.28651,-83.54929,-89.45121,-8.183044,0.18865761,2.6628232,-80.73,-85.75,-90.68,stem_elongation,-74.13,0.4,0.7199999999999982,Kuruvai,INSPECT,MAINTAIN,True,93.04363679885864,uncertainty_gate
Kuruvai-2024,2024-07-21,-88.67685,-92.23765,-95.700745,-84.34544,-84.569786,-94.3157,-8.183044,0.22417721,2.5726228,-85.75,-90.68,-95.57,stem_elongation,-78.64,1.0,0.23999999999999824,Kuruvai,INSPECT,MAINTAIN,True,98.27336740493774,uncertainty_gate
Kuruvai-2024,2024-07-22,-91.16402,-91.783844,-99.060524,-89.61779,-89.056786,-95.945435,-8.183044,0.22417721,2.6628232,-90.68,-95.57,-99.79,stem_elongation,-80.85,1.9,0.10999999999999822,Kuruvai,INSPECT,MAINTAIN,True,101.72334718704224,uncertainty_gate
Kuruvai-2024,2024-07-23,-97.03189,-106.18646,-114.58233,-94.20826,-98.568726,-101.32032,-8.183044,0.3658094,2.6628232,-95.57,-99.79,-103.9,stem_elongation,-94.97,2.3,0.12999999999999823,Kuruvai,INSPECT,MAINTAIN,True,117.24515199661255,uncertainty_gate
Kuruvai-2024,2024-07-24,-105.302155,-118.07424,-120.940285,-100.65144,-102.20128,-106.13442,-8.183044,0.22417721,2.6628232,-99.79,-103.9,-107.81,stem_elongation,-98.46,1.9,0.37999999999999823,Kuruvai,INSPECT,MAINTAIN,True,123.60310792922974,uncertainty_gate
Kuruvai-2024,2024-07-25,-108.77213,-110.76373,-120.23166,-105.639305,-107.25959,-115.01203,-8.183044,0.22417721,2.6628232,-103.9,-107.81,-111.97,stem_elongation,-92.02,1.0,0.9299999999999983,Kuruvai,INSPECT,MAINTAIN,True,122.8944821357727,uncertainty_gate
Kuruvai-2024,2024-07-26,-113.9045,-116.730545,-118.293304,-105.620285,-112.08149,-113.13206,-8.183044,0.6612171,2.6628232,-107.81,-111.97,-116.25,stem_elongation,-104.72,0.3,0.8499999999999983,Kuruvai,INSPECT,MAINTAIN,True,120.9561276435852,uncertainty_gate
Kuruvai-2024,2024-07-27,-119.77302,-123.405,-120.91905,-110.76777,-111.600075,-116.31911,-8.183044,0.22417721,2.6628232,-111.97,-116.25,-120.13,stem_elongation,-107.66,5.5,0.5899999999999983,Kuruvai,INSPECT,MAINTAIN,True,123.62917599081993,uncertainty_gate
Kuruvai-2024,2024-07-28,-122.89374,-127.562,-124.31859,-113.74868,-118.31035,-112.41208,-8.183044,0.22417721,3.3878512,-116.25,-120.13,-123.2,stem_elongation,-112.85,9.6,0.029999999999998223,Kuruvai,INSPECT,MAINTAIN,True,127.786173671484,uncertainty_gate
Kuruvai-2024,2024-07-29,-130.84038,-126.34244,-128.18996,-120.0795,-114.59618,-110.95514,-8.183044,0.18865761,2.8599646,-120.13,-123.2,-126.64,stem_elongation,-110.58,14.5,0.16999999999999824,Kuruvai,INSPECT,MAINTAIN,True,131.04992127418518,uncertainty_gate
Kuruvai-2024,2024-07-30,-116.315254,-117.4132,-120.643196,-116.34003,-117.03327,-107.0052,-8.183044,0.69673765,3.6598437,-123.2,-126.64,-129.37,stem_elongation,-114.27,9.9,0.16999999999999824,Kuruvai,INSPECT,MAINTAIN,True,124.30303978919983,uncertainty_gate
Kuruvai-2024,2024-07-31,-117.01663,-114.73934,-112.50215,-119.214874,-117.33844,-107.068855,-8.183044,4.7472215,3.6598437,-126.64,-129.37,-132.84,stem_elongation,-117.63,6.2,0.29999999999999827,Kuruvai,INSPECT,MAINTAIN,True,119.486563205719,uncertainty_gate
Kuruvai-2024,2024-08-01,-112.42796,-107.82051,-89.5264,-115.43242,-110.31513,-44.596737,-8.183044,7.4411197,53.533535,-129.37,-132.84,54.68,stem_elongation,-126.51,1.4,0.8899999999999982,Kuruvai,INSPECT,MAINTAIN,True,143.05993270874023,uncertainty_gate
Kuruvai-2024,2024-08-02,-124.54236,-118.267166,-91.084946,-119.00754,-83.24504,-48.135475,-8.183044,49.109596,53.623737,-132.84,54.68,59.09,stem_elongation,-133.73,22.6,1.1099999999999983,Kuruvai,INSPECT,MAINTAIN,True,167.37676239013672,uncertainty_gate
Kuruvai-2024,2024-08-03,-114.53914,-85.34841,-40.30649,-14.460863,35.02311,24.254995,57.014114,62.49387,59.966637,54.68,59.09,63.26,panicle_initiation,-123.21,27.9,2.0799999999999983,Kuruvai,IRRIGATE,MAINTAIN,False,171.55325317382812,agronomic_irrigate
Kuruvai-2024,2024-08-04,9.066161,9.862537,9.42728,57.03577,59.134403,62.847553,74.185005,77.83129,71.581985,59.09,63.26,60.28,panicle_initiation,58.96,29.3,12.499999999999998,Kuruvai,MAINTAIN,MAINTAIN,False,67.96875381469727,maintain
Kuruvai-2024,2024-08-05,9.489949,7.28469,4.104482,59.587826,50.89137,47.619167,74.7769,75.80397,68.19392,63.26,60.28,71.38,panicle_initiation,56.81,12.3,23.339999999999996,Kuruvai,MAINTAIN,MAINTAIN,False,68.51928043365479,maintain
Kuruvai-2024,2024-08-06,15.505185,13.461178,10.259884,57.114418,52.691616,48.70034,76.90057,74.18589,70.96199,60.28,71.38,76.84,panicle_initiation,70.38,19.8,26.379999999999995,Kuruvai,MAINTAIN,MAINTAIN,False,61.39538860321045,maintain
Kuruvai-2024,2024-08-07,9.624995,10.962701,11.633411,69.368515,70.72272,75.372,84.22683,85.06408,86.252716,71.38,76.84,81.89,panicle_initiation,57.6,19.7,31.509999999999998,Kuruvai,MAINTAIN,MAINTAIN,False,74.61930465698242,maintain
Kuruvai-2024,2024-08-08,23.868729,22.774239,21.475994,75.87684,78.47649,82.233734,92.00836,86.35569,85.38572,76.84,81.89,86.53,panicle_initiation,78.43,23.5,32.39,Kuruvai,MAINTAIN,MAINTAIN,False,68.13963317871094,maintain
Kuruvai-2024,2024-08-09,29.851023,27.142952,23.43079,87.34761,86.135895,87.46184,94.74749,91.52938,84.817604,81.89,86.53,85.55,panicle_initiation,84.23,14.7,40.099999999999994,Kuruvai,MAINTAIN,MAINTAIN,False,64.8964672088623,maintain
Kuruvai-2024,2024-08-10,24.268888,23.329927,22.556606,82.67341,84.39326,87.636635,93.334175,90.66486,85.15159,86.53,85.55,79.65,panicle_initiation,77.28,15.5,34.61,Kuruvai,MAINTAIN,MAINTAIN,False,69.06528663635254,maintain
Kuruvai-2024,2024-08-11,30.466291,27.782795,25.546852,88.38418,85.91127,85.93642,95.21299,92.42446,86.814835,85.55,79.65,74.64,panicle_initiation,89.44,10.8,27.65,Kuruvai,MAINTAIN,MAINTAIN,False,64.7466983795166,agronomic_hold
Kuruvai-2024,2024-08-12,30.466291,26.600183,22.938019,83.9547,82.0166,79.49212,93.18728,87.96528,82.32398,79.65,74.64,72.12,panicle_initiation,89.46,7.9,16.74,Kuruvai,MAINTAIN,MAINTAIN,False,62.72098731994629,agronomic_hold
Kuruvai-2024,2024-08-13,30.466291,26.600183,25.018242,83.63971,82.349686,76.86683,92.79669,88.78979,83.63445,74.64,72.12,66.0,panicle_initiation,92.72,7.8,7.229999999999997,Kuruvai,MAINTAIN,MAINTAIN,False,62.330400466918945,agronomic_hold
Kuruvai-2024,2024-08-14,16.019855,13.99309,10.387033,67.538414,65.10526,53.97449,81.405556,78.541504,72.71999,72.12,66.0,61.66,panicle_initiation,70.93,15.3,6.719999999999997,Kuruvai,MAINTAIN,MAINTAIN,False,65.38570022583008,maintain
Kuruvai-2024,2024-08-15,24.707088,22.43542,18.961056,72.99481,71.62681,73.818306,87.480484,79.714165,73.76845,66.0,61.66,57.54,flowering,79.28,16.4,6.249999999999997,Kuruvai,MAINTAIN,MAINTAIN,False,62.77339553833008,maintain
Kuruvai-2024,2024-08-16,12.484971,11.003111,10.954821,61.840965,61.357445,61.61317,75.583984,74.248726,69.63971,61.66,57.54,53.99,flowering,66.09,29.1,7.149999999999997,Kuruvai,MAINTAIN,MAINTAIN,False,63.245615005493164,maintain
Kuruvai-2024,2024-08-17,8.656006,4.644713,2.419108,48.9752,44.66846,49.65046,72.31428,70.99491,67.12229,57.54,53.99,51.29,flowering,55.45,22.8,5.029999999999996,Kuruvai,MAINTAIN,MAINTAIN,False,66.35019826889038,maintain
Kuruvai-2024,2024-08-18,8.729613,4.4801335,3.8670108,48.96706,50.390366,48.882576,70.88453,73.24916,75.77828,53.99,51.29,47.39,flowering,56.94,28.1,7.279999999999997,Kuruvai,MAINTAIN,MAINTAIN,False,71.91127133369446,maintain
Kuruvai-2024,2024-08-19,5.803948,2.4277027,0.4715634,46.513577,42.369034,38.56682,65.01903,66.2292,65.29102,51.29,47.39,44.18,flowering,54.0,13.2,8.989999999999997,Kuruvai,MAINTAIN,MAINTAIN,False,64.81945985555649,maintain
Kuruvai-2024,2024-08-20,-0.13676456,-3.134416,-5.0085645,40.754383,36.48117,29.994318,60.394253,57.698765,58.43481,47.39,44.18,37.59,flowering,46.0,7.9,9.279999999999998,Kuruvai,DELAY,MAINTAIN,False,63.44337511062622,agronomic_delay
Kuruvai-2024,2024-08-21,0.20609859,-2.5221171,-5.9002466,39.982777,34.569588,28.266449,60.229813,57.516262,57.84048,44.18,37.59,30.3,flowering,48.95,0.1,9.509999999999996,Kuruvai,DELAY,MAINTAIN,False,63.74072742462158,agronomic_delay
Kuruvai-2024,2024-08-22,-0.17725852,-3.4703066,-7.24342,38.552216,33.05243,27.34465,60.31968,57.070995,56.332603,37.59,30.3,23.49,flowering,48.97,0.1,5.809999999999997,Kuruvai,DELAY,MAINTAIN,False,63.5760235786438,agronomic_delay
Kuruvai-2024,2024-08-23,-5.6601424,-9.504679,-11.933573,31.607136,25.398731,19.800283,58.65158,55.59082,55.88026,30.3,23.49,16.41,flowering,38.78,0.2,3.4199999999999964,Kuruvai,DELAY,MAINTAIN,False,67.81383323669434,agronomic_delay
Kuruvai-2024,2024-08-24,-10.734199,-13.48261,-15.740332,21.889742,16.088356,15.162635,54.43842,53.308735,55.538086,23.49,16.41,46.23,flowering,27.59,3.7,0.8999999999999964,Kuruvai,DELAY,MAINTAIN,False,71.27841758728027,agronomic_delay
Kuruvai-2024,2024-08-25,-11.694311,-15.487898,-17.876375,18.448359,14.531512,14.142325,53.644,51.78599,53.95463,16.41,46.23,41.01,flowering,22.75,4.0,0.9499999999999964,Kuruvai,DELAY,MAINTAIN,False,71.83100700378418,agronomic_delay
Kuruvai-2024,2024-08-26,-17.00227,-19.667555,-16.54523,11.875667,10.190717,17.268764,52.84299,51.298847,54.694626,46.23,41.01,35.78,flowering,16.39,23.4,0.7599999999999965,Kuruvai,DELAY,MAINTAIN,False,71.2398567199707,agronomic_delay
Kuruvai-2024,2024-08-27,-0.30041197,-3.5680468,-4.623627,36.74355,31.646353,33.388737,59.452312,56.543777,55.017864,41.01,35.78,32.37,grain_filling,47.32,21.4,1.2699999999999965,Kuruvai,MAINTAIN,MAINTAIN,False,60.11182427406311,maintain
Kuruvai-2024,2024-08-28,-0.17725852,-3.217136,-4.792515,37.81961,42.04506,35.0722,59.77214,57.56723,60.488594,35.78,32.37,33.31,grain_filling,46.56,22.8,1.3999999999999964,Kuruvai,MAINTAIN,MAINTAIN,False,65.28110885620117,maintain
Kuruvai-2024,2024-08-29,-5.7410903,-9.322054,-9.534365,31.969673,29.147282,25.420547,57.274323,55.393368,57.14999,32.37,33.31,29.15,grain_filling,37.14,3.6,3.609999999999996,Kuruvai,MAINTAIN,MAINTAIN,False,66.68435478210449,maintain
Kuruvai-2024,2024-08-30,-9.076243,-7.989158,-11.294256,27.793034,25.403894,21.944523,51.514946,55.089382,53.845753,33.31,29.15,24.32,grain_filling,25.36,2.3,8.729999999999997,Kuruvai,MAINTAIN,MAINTAIN,False,65.1400089263916,maintain
Kuruvai-2024,2024-08-31,-6.657654,-9.736483,-12.856974,28.732971,24.115864,19.161049,54.33164,51.922295,48.4232,29.15,24.32,18.2,grain_filling,30.5,1.7,9.729999999999997,Kuruvai,MAINTAIN,MAINTAIN,False,61.65877723693848,maintain
Kuruvai-2024,2024-09-01,-7.029952,-9.885968,-13.317093,26.97683,22.581968,18.41219,54.33164,51.274323,48.44601,24.32,18.2,13.91,grain_filling,29.98,2.3,8.199999999999998,Kuruvai,MAINTAIN,MAINTAIN,False,61.76310348510742,maintain
Kuruvai-2024,2024-09-02,-7.029952,-9.931288,-13.427372,25.545101,21.46036,16.36394,54.33164,51.076122,47.730576,18.2,13.91,11.71,grain_filling,29.94,2.5,2.3499999999999974,Kuruvai,MAINTAIN,MAINTAIN,False,61.36159038543701,maintain
Kuruvai-2024,2024-09-03,-11.526482,-14.600646,-17.47514,19.032469,15.926208,12.33715,51.706635,50.403812,46.81926,13.91,11.71,7.03,grain_filling,24.69,3.0,2.889999999999997,Kuruvai,MAINTAIN,MAINTAIN,False,65.0044584274292,maintain
Kuruvai-2024,2024-09-04,-11.121144,-11.298516,-14.533007,21.031034,22.165302,17.795362,51.63774,49.39267,46.41144,11.71,7.03,2.67,grain_filling,22.78,2.8,5.389999999999997,Kuruvai,MAINTAIN,MAINTAIN,False,62.75888538360596,maintain
Kuruvai-2024,2024-09-05,-19.616142,-20.079807,-21.515776,13.220331,9.532558,2.7150466,49.78874,48.266346,46.041576,7.03,2.67,-1.59,grain_filling,12.36,3.2,7.189999999999997,Kuruvai,MAINTAIN,MAINTAIN,False,69.40488052368164,maintain
Kuruvai-2024,2024-09-06,-21.55822,-23.834522,-26.191822,7.270392,4.0634637,-3.0309982,49.628998,47.5569,43.967102,2.67,-1.59,-5.52,grain_filling,10.85,2.4,6.4499999999999975,Kuruvai,MAINTAIN,MAINTAIN,False,71.39142227172852,maintain
Kuruvai-2024,2024-09-07,-28.267012,-31.47006,-32.025356,-1.8348421,-4.27299,-8.786672,39.478214,37.308792,42.560158,-1.59,-5.52,-10.46,grain_filling,-4.6,1.7,4.9499999999999975,Kuruvai,MAINTAIN,MAINTAIN,False,74.58551406860352,maintain
Kuruvai-2024,2024-09-08,-28.564798,-26.57607,-29.5713,-7.4524555,-3.4848578,-9.574791,39.13221,38.898865,42.22777,-5.52,-10.46,-16.02,grain_filling,0.56,1.3,4.629999999999997,Kuruvai,MAINTAIN,MAINTAIN,False,71.799072265625,maintain
Kuruvai-2024,2024-09-09,-32.935966,-36.597214,-39.433704,-11.43591,-15.944524,-20.61425,38.430553,35.7965,28.21747,-10.46,-16.02,-14.56,grain_filling,-10.9,0.8,3.799999999999997,Kuruvai,MAINTAIN,MAINTAIN,False,72.39371490478516,maintain
Kuruvai-2024,2024-09-10,-34.879505,-36.965332,-40.18059,-19.178734,-22.742537,-22.91662,38.34969,34.11279,27.842373,-16.02,-14.56,-18.19,grain_filling,-10.77,2.0,2.2299999999999973,Kuruvai,MAINTAIN,MAINTAIN,False,73.22919464111328,maintain
Kuruvai-2024,2024-09-11,-28.973774,-27.352093,-29.25327,-6.9730124,-6.4503503,-11.478463,38.367664,36.9347,42.889446,-14.56,-18.19,-21.89,ripening,-0.87,1.8,5.939999999999998,Kuruvai,MAINTAIN,MAINTAIN,False,72.14271545410156,maintain
Kuruvai-2024,2024-09-12,-33.462036,-36.77767,-39.552692,-12.86338,-17.539465,-20.88855,37.654552,34.950333,28.365473,-18.19,-21.89,-25.22,ripening,-13.04,2.0,5.839999999999997,Kuruvai,MAINTAIN,MAINTAIN,False,71.7280044555664,maintain
Kuruvai-2024,2024-09-13,-42.320934,-45.608006,-47.360073,-25.225,-26.83636,-30.009327,22.601458,30.322067,27.141882,-21.89,-25.22,-29.11,ripening,-22.51,0.8,5.789999999999997,Kuruvai,MAINTAIN,MAINTAIN,False,75.93007278442383,maintain
Kuruvai-2024,2024-09-14,-40.01676,-41.612137,-44.189674,-19.908716,-26.737013,-27.739616,22.744516,31.318968,27.8232,-25.22,-29.11,-33.06,ripening,-19.85,2.1,0.8399999999999974,Kuruvai,MAINTAIN,MAINTAIN,False,72.93110466003418,maintain
Kuruvai-2024,2024-09-15,-44.148983,-46.575798,-48.059326,-28.046959,-29.928198,-31.485231,22.671082,29.663383,27.003222,-29.11,-33.06,-37.01,ripening,-27.81,1.6,0.8299999999999974,Kuruvai,MAINTAIN,MAINTAIN,False,76.23918151855469,maintain
Kuruvai-2024,2024-09-16,-50.046658,-52.502213,-55.187172,-35.522938,-38.893524,-39.02154,12.282762,23.432375,25.110718,-33.06,-37.01,-40.66,ripening,-33.91,2.1,0.7199999999999973,Kuruvai,MAINTAIN,MAINTAIN,False,80.29788970947266,maintain
Kuruvai-2024,2024-09-17,-47.719124,-48.27056,-51.027306,-36.68268,-35.707554,-38.418686,16.793182,29.476776,26.991266,-37.01,-40.66,-43.88,ripening,-22.54,0.5,0.2999999999999973,Kuruvai,MAINTAIN,MAINTAIN,False,78.0185718536377,maintain
Kuruvai-2024,2024-09-18,-48.35091,-50.682053,-52.66167,-34.609943,-39.07708,-38.53881,12.195983,23.432375,26.384325,-40.66,-43.88,-46.8,ripening,-31.68,0.5,0.10999999999999734,Kuruvai,MAINTAIN,MAINTAIN,False,79.04599571228027,maintain
Kuruvai-2024,2024-09-19,-53.73885,-55.830223,-59.716778,-40.310295,-42.354996,-41.93141,11.404389,24.40914,25.133192,-43.88,-46.8,-45.92,ripening,-38.93,0.0,0.17999999999999733,Kuruvai,MAINTAIN,MAINTAIN,False,84.8499698638916,maintain
Kuruvai-2024,2024-09-20,-57.321575,-58.444275,-61.14532,-42.86787,-44.195484,-47.015965,10.958344,23.432375,25.133192,-46.8,-45.92,-48.97,ripening,-45.84,0.5,0.5899999999999973,Kuruvai,MAINTAIN,MAINTAIN,False,86.27851295471191,maintain
Kuruvai-2024,2024-09-21,-56.371662,-57.01694,-61.8071,-43.090496,-39.99316,-46.187923,10.958344,24.241558,25.56413,-45.92,-48.97,-49.55,ripening,-48.35,0.6,4.389999999999997,Kuruvai,MAINTAIN,MAINTAIN,False,87.37122917175293,maintain
Kuruvai-2024,2024-09-22,-54.1909,-55.573925,-59.252857,-41.779583,-46.940098,-47.525875,11.477349,24.222519,25.362055,-48.97,-49.55,-43.24,ripening,-38.21,0.6,4.969999999999998,Kuruvai,MAINTAIN,MAINTAIN,False,84.61491203308105,maintain
Kuruvai-2024,2024-09-23,-56.071686,-58.36623,-61.292416,-42.309963,-41.862415,-45.903664,10.958344,24.392008,25.56413,-49.55,-43.24,-46.07,ripening,-47.44,3.7,7.309999999999997,Kuruvai,MAINTAIN,MAINTAIN,False,86.85654640197754,maintain
Kuruvai-2024,2024-09-24,-66.23119,-66.68535,-70.77066,-51.574253,-34.71213,-30.646711,-1.3741984,24.18563,26.181917,-43.24,-46.07,-48.99,ripening,-64.96,17.7,12.599999999999998,Kuruvai,INSPECT,MAINTAIN,True,96.95257759094238,uncertainty_gate
Kuruvai-2024,2024-09-25,-51.69463,-50.89809,-48.858192,-38.477856,-42.724514,-31.149496,11.232335,24.06686,26.840397,-46.07,-48.99,-50.8,ripening,-31.14,21.2,12.839999999999998,Kuruvai,MAINTAIN,MAINTAIN,False,75.69858932495117,maintain
Kuruvai-2024,2024-09-26,-55.747776,-58.73579,-57.599625,-40.24628,-38.035442,-32.592434,11.130399,23.773287,25.686459,-48.99,-50.8,-51.21,ripening,-45.15,22.8,10.339999999999998,Kuruvai,MAINTAIN,MAINTAIN,False,83.28608322143555,maintain
Kuruvai-2024,2024-09-27,-57.076862,-58.90645,-59.96426,-45.41697,-43.42403,-37.60689,10.958344,25.649487,25.245068,-50.8,-51.21,-52.03,ripening,-47.27,10.3,2.5599999999999983,Kuruvai,MAINTAIN,MAINTAIN,False,85.2093276977539,maintain
Kuruvai-2024,2024-09-28,-56.57546,-57.684093,-60.722397,-43.950947,-39.39333,-38.51922,10.958344,23.892057,25.47393,-51.21,-52.03,-53.35,ripening,-45.37,9.1,4.379999999999998,Kuruvai,MAINTAIN,MAINTAIN,False,86.19632720947266,maintain
Kuruvai-2024,2024-09-29,-56.90278,-58.812508,-61.723507,-44.287167,-41.332634,-42.403637,10.958344,23.892057,25.426804,-52.03,-53.35,-55.79,ripening,-48.88,4.7,5.899999999999998,Kuruvai,MAINTAIN,MAINTAIN,False,87.15031051635742,maintain
Kuruvai-2024,2024-09-30,-58.424854,-58.84026,-61.723507,-44.554176,-42.19521,-43.771484,10.958344,23.773287,25.47393,-53.35,-55.79,-57.22,ripening,-48.3,7.3,6.079999999999998,Kuruvai,MAINTAIN,MAINTAIN,False,87.19743728637695,maintain
Kuruvai-2024,2024-10-01,-65.38087,-68.58965,-65.52724,-54.22408,-48.64781,-42.81269,2.3647652,24.07207,25.118073,-55.79,-57.22,-58.77,ripening,-55.47,22.6,3.959999999999998,Kuruvai,INSPECT,MAINTAIN,True,92.66172218322754,uncertainty_gate
Kuruvai-2024,2024-10-02,-68.43746,-67.69823,-67.73148,-59.15329,-46.67484,-34.43866,0.99078393,24.016413,25.320148,-57.22,-58.77,-44.72,ripening,-61.94,26.2,3.7599999999999985,Kuruvai,INSPECT,MAINTAIN,True,93.05163192749023,uncertainty_gate
Kuruvai-2024,2024-10-03,-68.77806,-69.701805,-66.669495,-57.486217,-48.526432,-41.91515,2.3647652,24.016413,25.437447,-58.77,-44.72,-38.51,ripening,-55.82,24.1,3.799999999999998,Kuruvai,INSPECT,MAINTAIN,True,93.71821784973145,uncertainty_gate
Kuruvai-2024,2024-10-04,-60.136013,-56.63379,-60.209072,-34.111748,-20.92477,-26.533682,8.187037,24.534008,26.85161,-44.72,-38.51,-32.06,ripening,-51.61,14.3,19.74,Kuruvai,MAINTAIN,MAINTAIN,False,87.06068229675293,maintain
Kuruvai-2024,2024-10-05,-54.459946,-55.245483,-56.1528,-37.6154,-29.735085,-26.245178,11.203359,24.368288,26.327387,-38.51,-32.06,-32.5,ripening,-47.96,14.9,27.119999999999997,Kuruvai,MAINTAIN,MAINTAIN,False,82.48018836975098,maintain
Kuruvai-2024,2024-10-06,-51.887707,-51.514717,-52.35832,-32.901493,-23.17578,-16.438478,10.958344,24.368288,27.81615,-32.06,-32.5,-30.51,ripening,-42.15,25.9,34.01,Kuruvai,MAINTAIN,MAINTAIN,False,80.17446899414062,maintain
Kuruvai-2024,2024-10-07,-46.804432,-44.943504,-43.837887,-30.476963,-22.161709,-17.3356,16.44257,30.262241,29.394968,-32.5,-30.51,-28.26,ripening,-25.95,34.3,19.389999999999997,Kuruvai,MAINTAIN,MAINTAIN,False,75.20574569702148,maintain
Kuruvai-2024,2024-10-08,-47.405174,-47.0394,-46.21532,-27.484838,-22.326258,-15.568371,12.440999,24.368288,28.461414,-30.51,-28.26,-22.85,ripening,-34.79,40.0,15.379999999999995,Kuruvai,MAINTAIN,MAINTAIN,False,74.6767349243164,maintain
Kuruvai-2024,2024-10-09,-47.674137,-46.747383,-44.444202,-29.977001,-23.204046,-13.057534,11.232335,25.543615,30.109697,-28.26,-22.85,-8.87,ripening,-32.56,57.6,12.459999999999996,Kuruvai,MAINTAIN,MAINTAIN,False,74.55389976501465,maintain
Samba-2015,2015-08-22,1.8081827,4.1911836,-0.31981748,61.898094,58.49424,54.524242,67.53176,73.93057,73.01489,59.43,58.14,50.99,establishment,47.77,10.200000000000001,27.610000000000003,Samba,MAINTAIN,MAINTAIN,False,73.33471006155014,maintain
Samba-2015,2015-08-23,11.629646,10.457363,7.8081613,56.35578,49.813435,45.456665,72.69903,69.94373,67.76851,58.14,50.99,43.84,establishment,59.76,0.39,31.86,Samba,MAINTAIN,MAINTAIN,False,61.06938171386719,maintain
Samba-2015,2015-08-24,11.955004,9.802112,6.127639,57.219193,49.5208,43.534504,72.63496,69.35517,65.10173,50.99,43.84,37.28,establishment,67.48,6.83,25.890000000000004,Samba,MAINTAIN,MAINTAIN,False,60.67995262145996,maintain
Samba-2015,2015-08-25,11.885025,9.797454,6.6296473,55.631817,47.80929,44.79215,71.85286,68.79278,64.16954,43.84,37.28,32.65,establishment,60.78,4.21,5.609999999999999,Samba,MAINTAIN,MAINTAIN,False,59.96783447265625,maintain
Samba-2015,2015-08-26,-0.98513573,-3.4405987,-7.627286,39.915222,36.74787,31.002962,60.212894,58.33865,55.978367,37.28,32.65,26.08,establishment,43.66,2.5799999999999996,0.48,Samba,MAINTAIN,MAINTAIN,False,63.605652809143066,maintain
Samba-2015,2015-08-27,-6.2169957,-10.184058,-12.928422,31.292307,27.852406,21.591286,58.692356,56.876106,56.351357,32.65,26.08,18.77,establishment,37.19,1.31,1.97,Samba,MAINTAIN,MAINTAIN,False,69.27977848052979,maintain
Samba-2015,2015-08-28,-8.41856,-11.37823,-14.917322,22.702162,17.921782,14.678273,56.43317,52.579414,50.06448,26.08,18.77,12.61,establishment,29.74,1.0699999999999998,2.38,Samba,MAINTAIN,MAINTAIN,False,64.98180198669434,maintain
Samba-2015,2015-08-29,-12.084746,-16.03581,-18.854803,17.016562,12.408844,8.971249,58.52554,50.800907,50.270058,18.77,12.61,6.38,establishment,24.66,3.8499999999999996,2.33,Samba,MAINTAIN,MAINTAIN,False,70.61028575897217,maintain
Samba-2015,2015-08-30,-21.000978,-24.691528,-26.07783,8.995069,5.328247,0.88290966,54.937412,49.31354,47.1063,12.61,6.38,2.42,establishment,11.34,18.19,1.1400000000000001,Samba,DELAY,MAINTAIN,False,75.93839073181152,threshold_delay
Samba-2015,2015-08-31,-25.99825,-28.22806,-30.60013,2.1843753,-5.4187675,-5.08508,49.83692,40.17578,42.853527,6.38,2.42,0.23,establishment,5.16,12.879999999999999,0.98,Samba,DELAY,MAINTAIN,False,75.83517074584961,threshold_delay
Samba-2015,2015-09-01,-28.909405,-30.200476,-32.43419,-4.216063,-5.4913526,-3.4407816,41.636303,38.011604,42.044292,2.42,0.23,-0.33,tillering,-2.23,10.84,3.11,Samba,MAINTAIN,MAINTAIN,False,74.47848129272461,maintain
Samba-2015,2015-09-02,-25.176744,-24.10604,-27.566515,0.16924147,6.089172,-1.4438862,44.84882,41.142475,40.02576,0.23,-0.33,-5.83,tillering,7.84,7.630000000000001,6.71,Samba,MAINTAIN,MAINTAIN,False,70.02556419372559,maintain
Samba-2015,2015-09-03,-30.19466,-30.50861,-32.60946,-6.585425,-7.027999,-3.7073557,40.35934,34.634094,40.529964,-0.33,-5.83,-6.38,tillering,-7.58,11.329999999999998,11.219999999999999,Samba,MAINTAIN,MAINTAIN,False,73.13942337036133,maintain
Samba-2015,2015-09-04,-24.346815,-25.541273,-28.068796,3.0401144,2.2301555,-1.0796195,49.64594,44.72175,40.7466,-5.83,-6.38,-4.06,tillering,9.42,14.129999999999999,9.54,Samba,MAINTAIN,MAINTAIN,False,73.99275398254395,maintain
Samba-2015,2015-09-05,-30.691029,-30.514572,-31.65669,-5.486997,-3.752357,-3.215722,39.517216,33.565228,37.52189,-6.38,-4.06,-6.96,tillering,-9.48,7.81,10.41,Samba,MAINTAIN,MAINTAIN,False,70.20824432373047,maintain
Samba-2015,2015-09-06,-26.682251,-26.378344,-29.367214,3.9797575,0.06613896,-2.100772,41.895126,34.892887,41.315845,-4.06,-6.96,-13.31,tillering,2.31,3.04,13.440000000000001,Samba,MAINTAIN,MAINTAIN,False,70.68305969238281,maintain
Samba-2015,2015-09-07,-29.087725,-31.47534,-33.684704,-5.3465896,-9.700926,-10.309991,38.86197,33.236263,39.855915,-6.96,-13.31,-17.88,tillering,-5.89,1.98,14.590000000000002,Samba,MAINTAIN,MAINTAIN,False,73.54061889648438,maintain
Samba-2015,2015-09-08,-37.444973,-40.55492,-43.507996,-14.349462,-21.30127,-30.566195,37.687794,28.55434,19.621353,-13.31,-17.88,-23.5,tillering,-14.79,2.09,9.79,Samba,MAINTAIN,MAINTAIN,False,75.13276672363281,maintain
Samba-2015,2015-09-09,-31.07787,-33.498432,-35.402805,-14.902265,-20.167437,-14.781729,38.54908,28.834578,38.656204,-17.88,-23.5,-28.47,tillering,-6.89,1.53,3.79,Samba,MAINTAIN,MAINTAIN,False,74.05900955200195,maintain
Samba-2015,2015-09-10,-35.570744,-37.135,-40.390602,-19.281239,-23.209917,-27.669605,37.44981,28.499615,18.821152,-23.5,-28.47,-33.67,tillering,-10.87,1.11,2.45,Samba,MAINTAIN,MAINTAIN,False,73.02055358886719,maintain
Samba-2015,2015-09-11,-43.047714,-46.130333,-48.201984,-25.772573,-32.09147,-38.841213,18.884918,16.113037,13.614793,-28.47,-33.67,-39.23,tillering,-28.03,0.56,2.4599999999999995,Samba,MAINTAIN,MAINTAIN,False,62.243370056152344,maintain
Samba-2015,2015-09-12,-46.40791,-51.91478,-52.61955,-32.41258,-39.89936,-44.21468,10.570842,11.463419,12.47689,-33.67,-39.23,-45.3,tillering,-30.13,0.37,1.23,Samba,MAINTAIN,MAINTAIN,False,65.09643840789795,maintain
Samba-2015,2015-09-13,-52.909206,-56.785645,-58.915913,-37.35336,-47.035297,-53.8019,9.613433,8.44244,9.359439,-39.23,-45.3,-50.75,tillering,-38.2,0.51,0.9799999999999999,Samba,MAINTAIN,MAINTAIN,False,68.27535152435303,maintain
Samba-2015,2015-09-14,-54.68156,-58.8898,-61.88891,-47.1828,-52.148968,-56.449142,9.058634,8.485649,9.472217,-45.3,-50.75,-56.23,tillering,-39.83,0.99,0.78,Samba,MAINTAIN,MAINTAIN,False,71.3611249923706,maintain
Samba-2015,2015-09-15,-58.298492,-62.589462,-67.34846,-49.45367,-56.481506,-61.619743,8.368157,8.554957,9.472217,-50.75,-56.23,-60.61,tillering,-44.76,1.26,0.3099999999999999,Samba,MAINTAIN,MAINTAIN,False,76.82067394256592,maintain
Samba-2015,2015-09-16,-63.70492,-67.96159,-74.00774,-52.077415,-63.038338,-66.829834,6.403774,2.7796655,7.162026,-56.23,-60.61,-65.11,tillering,-52.51,2.58,0.4099999999999999,Samba,MAINTAIN,MAINTAIN,False,81.169762134552,maintain
Samba-2015,2015-09-17,-72.0822,-74.880745,-79.24309,-62.71401,-64.68569,-73.766136,-3.6064873,2.213561,3.8209348,-60.61,-65.11,-68.76,tillering,-65.32,1.94,1.3599999999999999,Samba,MAINTAIN,MAINTAIN,False,83.06402254104614,maintain
Samba-2015,2015-09-18,-73.25965,-75.13734,-78.601944,-66.89806,-70.35307,-79.624695,-1.6825063,2.232757,3.735584,-65.11,-68.76,-72.62,tillering,-63.51,4.26,1.5499999999999998,Samba,MAINTAIN,MAINTAIN,False,82.33752799034119,maintain
Samba-2015,2015-09-19,-70.558815,-74.04774,-75.43891,-65.3656,-70.933556,-75.58639,-1.4190398,2.4030943,4.0297422,-68.76,-72.62,-75.54,tillering,-61.59,2.39,2.28,Samba,MAINTAIN,MAINTAIN,False,79.46865367889404,maintain
Samba-2015,2015-09-20,-75.52975,-78.31302,-85.83174,-73.6598,-80.32525,-86.37931,-8.003658,-0.19658092,2.5114622,-72.62,-75.54,-79.84,tillering,-69.8,3.57,2.05,Samba,MAINTAIN,MAINTAIN,False,88.3432035446167,maintain
Samba-2015,2015-09-21,-79.792816,-79.11761,-85.237465,-75.672356,-77.50179,-79.07406,-10.241725,2.8144531,3.0584984,-75.54,-79.84,-82.22,tillering,-74.26,24.73,3.0999999999999996,Samba,MAINTAIN,MAINTAIN,False,88.29596328735352,maintain
Samba-2015,2015-09-22,-86.02446,-89.70203,-91.604866,-84.09756,-81.16793,-92.05058,-11.594378,-0.41121867,2.2682617,-79.84,-82.22,-85.72,tillering,-80.19,3.34,2.7199999999999998,Samba,INSPECT,MAINTAIN,True,93.87312769889832,uncertainty_gate
Samba-2015,2015-09-23,-89.03946,-89.838844,-93.73653,-83.34869,-88.22802,-88.32457,-11.594378,-1.006455,2.3986845,-82.22,-85.72,-89.43,tillering,-82.89,3.0,3.1499999999999995,Samba,INSPECT,MAINTAIN,True,96.13521099090576,uncertainty_gate
Samba-2015,2015-09-24,-83.25994,-83.12418,-90.95473,-80.449135,-89.584335,-92.68254,-10.690936,-1.6395785,2.3986845,-85.72,-89.43,-92.95,tillering,-75.18,10.91,2.4299999999999997,Samba,INSPECT,MAINTAIN,True,93.35341167449951,uncertainty_gate
Samba-2015,2015-09-25,-92.54377,-98.38652,-94.32444,-88.68544,-90.28801,-90.05959,-11.594378,-1.9950457,2.827451,-89.43,-92.95,-87.0,stem_elongation,-91.42,19.34,2.9499999999999997,Samba,INSPECT,MAINTAIN,True,97.15189099311829,uncertainty_gate
Samba-2015,2015-09-26,-95.74281,-96.36094,-97.25462,-93.05337,-99.18408,-95.48512,-11.594378,-0.22713052,2.3986845,-92.95,-87.0,-84.11,stem_elongation,-85.83,15.14,2.86,Samba,INSPECT,MAINTAIN,True,99.65330791473389,uncertainty_gate
Samba-2015,2015-09-27,-95.8322,-97.76898,-98.05126,-83.97513,-82.78053,-80.104095,-11.594378,0.7378216,2.3612306,-87.0,-84.11,-79.04,stem_elongation,-92.71,18.9,11.98,Samba,INSPECT,MAINTAIN,True,100.41249251365662,uncertainty_gate
Samba-2015,2015-09-28,-90.39315,-90.73123,-95.015526,-92.0365,-88.01626,-70.77728,-11.594378,0.6925699,2.059035,-84.11,-79.04,-75.67,stem_elongation,-85.78,18.77,18.12,Samba,INSPECT,MAINTAIN,True,97.07456088066101,uncertainty_gate
Samba-2015,2015-09-29,-89.81648,-91.86287,-91.12048,-83.79713,-80.057236,-66.39589,-11.594378,0.010691494,3.6380718,-79.04,-75.67,-72.35,stem_elongation,-87.77,28.080000000000002,25.77,Samba,INSPECT,MAINTAIN,True,94.7585551738739,uncertainty_gate
Samba-2015,2015-09-30,-82.88734,-84.659195,-87.8779,-78.08473,-75.869286,-59.37646,-11.594378,0.3279127,7.97093,-75.67,-72.35,-61.13,stem_elongation,-80.8,25.83,22.98,Samba,INSPECT,MAINTAIN,True,95.84882926940918,uncertainty_gate
Samba-2015,2015-10-01,-77.07759,-77.628456,-79.7532,-70.827286,-72.58977,-51.64852,-10.690936,0.9410101,8.0438385,-72.35,-61.13,-62.34,stem_elongation,-75.7,29.4,22.8,Samba,MAINTAIN,MAINTAIN,False,87.79703521728516,maintain
Samba-2015,2015-10-02,-75.75979,-76.25646,-78.939026,-58.052273,-57.874874,-48.82273,-10.241725,4.691143,9.367675,-61.13,-62.34,-56.89,stem_elongation,-74.95,23.65,29.830000000000002,Samba,MAINTAIN,MAINTAIN,False,88.30670070648193,maintain
Samba-2015,2015-10-03,-68.36416,-70.67326,-70.88305,-60.927235,-50.298664,-29.937994,-3.1027536,9.522333,15.316231,-62.34,-56.89,-39.74,stem_elongation,-59.47,78.50999999999999,26.67,Samba,MAINTAIN,MAINTAIN,False,86.19927978515625,maintain
Samba-2015,2015-10-04,-66.16832,-63.762825,-63.807587,-51.828724,-41.706184,-23.385168,-1.1525232,9.735415,14.888154,-56.89,-39.74,-36.63,stem_elongation,-60.05,53.980000000000004,28.470000000000002,Samba,MAINTAIN,MAINTAIN,False,78.69574069976807,maintain
Samba-2015,2015-10-05,-54.300285,-53.412827,-55.323013,-26.965828,-26.342958,-8.040169,8.368157,14.361907,20.108643,-39.74,-36.63,-23.31,stem_elongation,-46.03,39.510000000000005,33.25,Samba,MAINTAIN,MAINTAIN,False,75.43165588378906,maintain
Samba-2015,2015-10-06,-50.18699,-51.69109,-55.835514,-31.556746,-33.19106,-27.61198,9.444551,12.2068205,12.794312,-36.63,-23.31,-24.62,stem_elongation,-38.35,11.25,37.85,Samba,MAINTAIN,MAINTAIN,False,68.62982559204102,maintain
Samba-2015,2015-10-07,-52.36979,-53.850285,-59.38981,-28.657,-27.392138,-33.695736,8.368157,12.413022,13.833929,-23.31,-24.62,-29.47,stem_elongation,-46.19,4.140000000000001,47.32,Samba,MAINTAIN,MAINTAIN,False,73.2237377166748,maintain
Samba-2015,2015-10-08,-42.064632,-40.84874,-40.751785,-19.40788,-20.280846,-20.30716,26.979355,26.985212,18.591934,-24.62,-29.47,-31.77,stem_elongation,-17.49,15.3,29.96,Samba,MAINTAIN,MAINTAIN,False,69.04398727416992,maintain
Samba-2015,2015-10-09,-43.837444,-46.608627,-47.45371,-24.974985,-29.591875,-28.452627,23.376345,20.338348,14.857032,-29.47,-31.77,-26.87,stem_elongation,-25.64,13.899999999999999,21.730000000000004,Samba,MAINTAIN,MAINTAIN,False,67.21378898620605,maintain
Samba-2015,2015-10-10,-40.208298,-39.84968,-37.239548,-21.96251,-14.322841,-16.382872,18.40759,26.481094,41.49951,-31.77,-26.87,-22.6,stem_elongation,-19.41,26.66,6.580000000000004,Samba,MAINTAIN,MAINTAIN,False,78.73905944824219,maintain
Samba-2015,2015-10-11,-42.241497,-40.36238,-39.490612,-20.14021,-13.115492,-9.482081,22.606787,20.39606,50.3965,-26.87,-22.6,46.63,stem_elongation,-24.42,13.64,13.240000000000002,Samba,MAINTAIN,MAINTAIN,False,89.88711166381836,maintain
Samba-2015,2015-10-12,-44.24026,-43.851173,-45.912895,-21.436934,-14.180337,-17.581469,10.570842,48.848854,50.825085,-22.6,46.63,40.53,stem_elongation,-29.4,0.82,21.660000000000004,Samba,INSPECT,MAINTAIN,True,96.73797988891602,uncertainty_gate
Samba-2015,2015-10-13,-41.441708,-42.121582,-42.65656,-9.417024,13.305939,27.27527,49.463272,59.371975,58.71061,46.63,40.53,34.01,panicle_initiation,-18.99,0.25,19.220000000000002,Samba,IRRIGATE,MAINTAIN,False,101.49355697631836,agronomic_irrigate
Samba-2015,2015-10-14,-1.5009534,-3.6962903,-8.397391,36.12647,33.406128,26.846167,58.308678,58.05341,58.304214,40.53,34.01,27.4,panicle_initiation,43.66,0.43,9.620000000000001,Samba,DELAY,MAINTAIN,False,66.70160579681396,agronomic_delay
Samba-2015,2015-10-15,-6.1528134,-10.288718,-12.65923,32.66776,26.23798,24.216255,58.646008,56.60334,57.207764,34.01,27.4,21.04,panicle_initiation,40.54,10.8,1.0300000000000018,Samba,DELAY,MAINTAIN,False,69.86699390411377,agronomic_delay
Samba-2015,2015-10-16,-6.3383794,-10.412758,-13.018586,29.57549,25.437508,22.334562,58.02413,56.780304,56.983856,27.4,21.04,20.37,panicle_initiation,37.39,4.41,0.3300000000000018,Samba,DELAY,MAINTAIN,False,70.00244235992432,agronomic_delay
Samba-2015,2015-10-17,-7.1454253,-10.495268,-12.122238,26.818022,23.31374,22.81715,56.631264,55.65514,57.375507,21.04,20.37,19.64,panicle_initiation,32.97,11.28,0.4400000000000018,Samba,DELAY,MAINTAIN,False,69.49774551391602,agronomic_delay
Samba-2015,2015-10-18,-9.457874,-10.178889,-10.644549,25.881796,25.127745,26.421381,54.42125,60.26133,61.00054,20.37,19.64,35.68,panicle_initiation,25.52,8.25,5.290000000000002,Samba,DELAY,MAINTAIN,False,71.64509105682373,agronomic_delay
Samba-2015,2015-10-19,-15.755179,-13.058885,-14.164599,20.96207,16.117085,22.238365,52.936657,56.890915,59.9104,19.64,35.68,29.48,panicle_initiation,20.74,0.99,9.670000000000002,Samba,DELAY,MAINTAIN,False,74.07499980926514,agronomic_delay
Samba-2015,2015-10-20,-7.1015887,-10.353658,-14.0807905,27.295523,24.04526,19.410088,56.196938,56.850254,58.704716,35.68,29.48,22.81,panicle_initiation,32.06,2.01,9.750000000000002,Samba,DELAY,MAINTAIN,False,72.78550624847412,agronomic_delay
Samba-2015,2015-10-21,-7.055255,-10.64874,-13.746479,28.459694,23.225714,19.031656,58.413227,56.45407,58.31371,29.48,22.81,38.36,panicle_initiation,33.85,2.5700000000000003,5.130000000000002,Samba,DELAY,MAINTAIN,False,72.06018829345703,agronomic_delay
Samba-2015,2015-10-22,-12.248677,-16.123585,-18.603941,19.679064,15.180585,14.23312,53.230125,55.661896,58.11739,22.81,38.36,35.39,panicle_initiation,21.44,3.31,0.7600000000000018,Samba,DELAY,MAINTAIN,False,76.7213306427002,agronomic_delay
Samba-2015,2015-10-23,-17.252699,-19.935379,-19.765062,14.897987,10.827159,14.547256,52.453365,53.566063,55.289165,38.36,35.39,29.51,panicle_initiation,15.74,3.72,0.5600000000000018,Samba,DELAY,MAINTAIN,False,75.05422782897949,agronomic_delay
Samba-2015,2015-10-24,-0.16744192,-2.6316578,-5.9238605,38.90293,36.766434,31.721668,59.997585,57.922054,58.299263,35.39,29.51,23.65,panicle_initiation,45.73,17.05,3.290000000000002,Samba,DELAY,MAINTAIN,False,64.22312355041504,agronomic_delay
Samba-2015,2015-10-25,-6.527057,-10.288718,-10.125337,30.661428,26.750637,30.994932,58.579502,56.77187,58.88759,29.51,23.65,26.54,panicle_initiation,35.01,27.27,3.880000000000002,Samba,DELAY,MAINTAIN,False,69.01292514801025,agronomic_delay
Samba-2015,2015-10-26,-8.052684,-10.995497,-10.636667,26.819502,38.73145,47.58045,56.622536,58.134705,70.62344,23.65,26.54,35.28,panicle_initiation,30.31,73.36999999999999,4.350000000000001,Samba,DELAY,MAINTAIN,False,81.26011085510254,agronomic_delay
Samba-2015,2015-10-27,-13.285488,-8.426811,-6.6719565,22.897995,26.025663,35.031395,54.186733,56.15584,65.15849,26.54,35.28,31.91,panicle_initiation,20.94,35.1,10.110000000000001,Samba,DELAY,MAINTAIN,False,71.83044958114624,agronomic_delay
Samba-2015,2015-10-28,-9.151069,-7.1636515,-6.547666,29.025488,32.65866,33.932243,55.79169,60.22793,66.4003,35.28,31.91,37.47,flowering,24.28,31.23,23.240000000000002,Samba,DELAY,MAINTAIN,False,72.94796514511108,agronomic_delay
Samba-2015,2015-10-29,-7.936202,-9.717712,-6.6524796,27.935884,29.043724,36.352535,56.906357,58.8361,68.00354,31.91,37.47,43.12,flowering,31.34,58.41,24.980000000000004,Samba,DELAY,MAINTAIN,False,74.65601968765259,agronomic_delay
Samba-2015,2015-10-30,-3.593126,-0.6151047,0.88995886,41.53564,56.976677,66.923515,59.196564,70.93615,85.65951,37.47,43.12,54.14,flowering,34.27,72.57,27.000000000000004,Samba,DELAY,MAINTAIN,False,84.76954889297485,agronomic_delay
Samba-2015,2015-10-31,-3.2778668,-0.31076312,1.2203285,42.021496,46.69759,56.976303,59.16182,74.11985,90.78939,43.12,54.14,72.85,flowering,36.98,63.88,23.400000000000002,Samba,DELAY,MAINTAIN,False,89.5690621137619,agronomic_delay
Samba-2015,2015-11-01,1.7594423,4.3174806,4.175829,51.707855,61.506973,61.11589,65.90668,76.46718,83.73656,54.14,72.85,75.05,flowering,45.3,33.29,36.64,Samba,MAINTAIN,MAINTAIN,False,79.56072807312012,maintain
Samba-2015,2015-11-02,8.26885,10.293424,11.660155,71.610085,72.42951,72.78242,87.37404,94.16896,97.2002,72.85,75.05,84.2,flowering,55.84,42.68000000000001,49.45,Samba,MAINTAIN,MAINTAIN,False,85.54004764556885,maintain
Samba-2015,2015-11-03,15.405118,16.37928,17.980265,63.864048,75.00548,82.85926,79.83732,91.09925,97.38971,75.05,84.2,94.83,flowering,70.72,53.43,46.54,Samba,MAINTAIN,MAINTAIN,False,79.40944480895996,maintain
Samba-2015,2015-11-04,12.141008,12.659697,12.777712,72.074844,78.474754,81.63906,84.40081,91.41665,87.793015,84.2,94.83,95.46,flowering,67.76,86.1,45.42,Samba,MAINTAIN,MAINTAIN,False,78.7569522857666,maintain
Samba-2015,2015-11-05,22.368668,23.91928,25.316013,80.54568,85.97215,95.00544,90.34386,97.73893,97.74977,94.83,95.46,95.54,flowering,76.47,100.6,37.24,Samba,MAINTAIN,MAINTAIN,False,73.81965065002441,maintain
Samba-2015,2015-11-06,29.668682,28.939108,28.313965,96.29657,97.76946,96.65873,97.59984,98.01245,97.99668,95.46,95.54,96.02,flowering,109.96,90.98,44.97,Samba,MAINTAIN,MAINTAIN,False,69.6827163696289,agronomic_hold
Samba-2015,2015-11-07,29.668682,28.939108,28.313965,98.0619,98.0786,97.20624,97.65177,98.01245,98.0682,95.54,96.02,96.33,flowering,102.85,68.7,65.08,Samba,MAINTAIN,MAINTAIN,False,69.75423431396484,agronomic_hold
Samba-2015,2015-11-08,29.668682,28.997404,28.313965,95.962685,97.92957,96.94105,98.11206,98.45325,98.696754,96.02,96.33,94.91,flowering,102.24,143.32,89.03999999999999,Samba,MAINTAIN,MAINTAIN,False,70.3827896118164,agronomic_hold
Samba-2015,2015-11-09,29.668682,28.997404,28.313965,97.56682,97.039444,96.25437,98.329056,98.33204,98.33778,96.33,94.91,94.11,flowering,92.65,19.82,142.26,Samba,MAINTAIN,MAINTAIN,False,70.02381896972656,agronomic_hold
Samba-2015,2015-11-10,29.668682,28.446518,28.313965,93.049774,93.307884,93.86286,95.25064,96.158264,97.674034,94.91,94.11,92.24,flowering,96.38,31.79,117.79,Samba,MAINTAIN,MAINTAIN,False,69.36006927490234,agronomic_hold
Samba-2015,2015-11-11,29.668682,28.997404,28.313965,94.99986,93.803535,95.52901,97.08076,97.789925,98.08101,94.11,92.24,96.88,flowering,90.83,31.86,82.37000000000002,Samba,MAINTAIN,MAINTAIN,False,69.76704406738281,agronomic_hold
Samba-2015,2015-11-12,29.668682,28.94222,28.162487,91.44016,90.95644,95.70944,96.27925,97.4742,98.03049,92.24,96.88,96.61,flowering,87.55,76.98,17.26,Samba,MAINTAIN,MAINTAIN,False,69.86800003051758,agronomic_hold
Samba-2015,2015-11-13,29.668682,28.997404,28.313965,96.119385,95.890305,97.39785,98.83237,98.680275,98.90125,96.88,96.61,96.88,grain_filling,89.3,50.779999999999994,19.799999999999997,Samba,DRAIN,DRAIN,False,70.58728790283203,bund_drain
Samba-2015,2015-11-14,29.668682,28.997404,28.313965,96.78592,96.88508,97.13781,98.53477,98.5452,98.850845,96.61,96.88,96.84,grain_filling,103.51,84.91,32.53999999999999,Samba,DRAIN,DRAIN,False,70.53688049316406,bund_drain
Samba-2015,2015-11-15,29.668682,28.997404,28.313965,96.86979,96.91838,96.7501,98.83237,98.75047,98.64167,96.88,96.84,94.67,grain_filling,100.81,34.77,82.33999999999999,Samba,DRAIN,DRAIN,False,70.32770538330078,bund_drain
Samba-2015,2015-11-16,29.668682,28.997404,28.313965,96.7369,95.86044,96.53505,98.83237,98.61759,98.60742,96.84,94.67,95.81,grain_filling,92.03,25.64,81.47999999999999,Samba,DRAIN,DRAIN,False,70.29345703125,bund_drain
Samba-2015,2015-11-17,29.668682,28.259659,27.470945,93.54399,92.24011,91.62121,96.376,95.5386,96.88123,94.67,95.81,96.69,grain_filling,95.27,13.25,66.67999999999998,Samba,DRAIN,DRAIN,False,69.41028785705566,bund_drain
Samba-2015,2015-11-18,29.668682,28.997404,28.313965,96.08784,96.103386,97.07783,98.66211,98.58339,98.7729,95.81,96.69,96.38,grain_filling,98.42,31.62,18.269999999999985,Samba,DRAIN,DRAIN,False,70.45893859863281,bund_drain
Samba-2015,2015-11-19,29.668682,28.997404,28.313965,95.04017,96.24016,96.903694,98.74198,98.65446,98.7729,96.69,96.38,96.67,grain_filling,92.96,133.74,12.899999999999986,Samba,DRAIN,DRAIN,False,70.45893859863281,bund_drain
Samba-2015,2015-11-20,29.668682,28.997404,28.313965,96.67869,96.50349,97.36088,98.29133,98.29502,98.95448,96.38,96.67,96.89,grain_filling,97.09,117.22000000000001,26.069999999999986,Samba,DRAIN,DRAIN,False,70.64051818847656,bund_drain
Samba-2015,2015-11-21,29.668682,28.997404,28.313965,96.70016,96.828476,96.77208,98.744156,98.775665,98.850845,96.67,96.89,96.27,grain_filling,98.39,63.72,29.919999999999987,Samba,DRAIN,DRAIN,False,70.53688049316406,bund_drain
Samba-2015,2015-11-22,29.668682,28.997404,28.313965,97.038536,97.10675,96.53286,98.83237,98.75047,98.44327,96.89,96.27,95.51,grain_filling,98.62,25.02,80.29999999999998,Samba,DRAIN,DRAIN,False,70.12930297851562,bund_drain
Samba-2015,2015-11-23,29.668682,28.997404,27.709852,96.66692,95.32055,91.42004,98.22526,97.11946,95.05547,96.27,95.51,91.75,grain_filling,98.16,3.84,86.12999999999998,Samba,DRAIN,DRAIN,False,68.55657577514648,bund_drain
Samba-2015,2015-11-24,29.668682,28.94222,27.558374,95.98409,92.11364,89.01903,98.20184,96.07913,93.92951,95.51,91.75,91.0,grain_filling,93.0,4.6,80.79999999999998,Samba,DRAIN,DRAIN,False,68.53316116333008,bund_drain
Samba-2015,2015-11-25,29.668682,28.259659,27.091507,92.93778,88.10151,86.36066,96.26771,93.370804,93.48137,91.75,91.0,91.61,grain_filling,92.76,4.1499999999999995,23.969999999999988,Samba,DRAIN,DRAIN,False,66.59902572631836,bund_drain
Samba-2015,2015-11-26,29.668682,28.935923,27.992794,90.16501,90.65215,89.50059,95.1107,96.485085,96.74648,91.0,91.61,89.2,grain_filling,86.08,21.58,6.329999999999986,Samba,DRAIN,DRAIN,False,68.75368881225586,bund_drain
Samba-2015,2015-11-27,29.37746,28.811947,27.907173,89.47678,88.926414,90.330154,93.80846,95.393074,96.70983,91.61,89.2,96.58,grain_filling,83.19,67.36,7.6799999999999855,Samba,MAINTAIN,MAINTAIN,False,68.80265808105469,maintain
Samba-2015,2015-11-28,29.668682,28.198177,27.632421,88.889786,89.60037,91.712364,93.75956,97.30587,98.65547,89.2,96.58,96.9,grain_filling,91.04,105.53999999999999,8.659999999999986,Samba,DRAIN,DRAIN,False,71.02305030822754,bund_drain
Samba-2015,2015-11-29,29.668682,28.997404,28.313965,97.223366,97.1804,97.58092,98.496826,98.56466,98.871864,96.58,96.9,97.09,grain_filling,93.28,69.42,26.609999999999985,Samba,DRAIN,DRAIN,False,70.55789947509766,bund_drain
Samba-2015,2015-11-30,29.668682,28.997404,28.313965,97.254265,97.59879,97.447784,98.83237,98.89114,98.95463,96.9,97.09,96.93,grain_filling,89.68,75.63,58.51999999999999,Samba,DRAIN,DRAIN,False,70.64066314697266,bund_drain
Samba-2015,2015-12-01,29.668682,28.997404,28.313965,97.15308,97.82734,97.76703,98.858406,99.1444,99.307274,97.09,96.93,97.53,grain_filling,98.26,114.27999999999999,83.49999999999999,Samba,DRAIN,DRAIN,False,70.9933090209961,bund_drain
Samba-2015,2015-12-02,29.668682,28.997404,28.313965,96.89132,97.7458,97.68296,98.83237,99.07011,98.95463,96.93,97.53,97.44,grain_filling,101.01,108.88,97.39999999999999,Samba,DRAIN,DRAIN,False,70.64066314697266,bund_drain
Samba-2015,2015-12-03,29.668682,28.997404,28.313965,98.323265,98.74729,98.56921,98.998085,99.05822,99.22078,97.53,97.44,97.59,ripening,87.75,52.23,96.63999999999999,Samba,DRAIN,DRAIN,False,70.90681457519531,bund_drain
Samba-2015,2015-12-04,29.668682,28.997404,28.313965,97.48626,98.04168,98.26593,98.998085,99.16635,99.22078,97.44,97.59,97.86,ripening,96.18,59.47,89.53,Samba,DRAIN,DRAIN,False,70.90681457519531,bund_drain
Samba-2015,2015-12-05,29.668682,28.997404,28.313965,97.37576,98.44008,98.2202,98.998085,99.05822,99.0713,97.59,97.86,97.54,ripening,105.67,96.91,74.52,Samba,DRAIN,DRAIN,False,70.75733184814453,bund_drain
Samba-2015,2015-12-06,29.668682,28.997404,28.313965,97.91492,98.64629,97.942635,98.998085,99.04121,99.40236,97.86,97.54,97.66,ripening,100.35,67.07000000000001,64.8,Samba,DRAIN,DRAIN,False,71.08839416503906,bund_drain
Samba-2015,2015-12-07,29.668682,28.997404,28.313965,97.12524,99.26064,97.55868,98.998085,99.17943,98.823814,97.54,97.66,97.1,ripening,88.51,51.44,59.599999999999994,Samba,DRAIN,DRAIN,False,70.50984954833984,bund_drain
Samba-2015,2015-12-08,29.668682,28.997404,27.709852,97.9756,97.30668,95.95928,98.998085,98.20188,97.40261,97.66,97.1,97.31,ripening,100.83,11.439999999999998,80.64999999999999,Samba,DRAIN,DRAIN,False,69.69275856018066,bund_drain
Samba-2015,2015-12-09,29.668682,28.997404,28.313965,97.14031,97.29232,95.17612,98.73119,98.81286,98.27804,97.1,97.31,96.09,ripening,93.92,13.59,58.599999999999994,Samba,DRAIN,DRAIN,False,69.96407318115234,bund_drain
Samba-2015,2015-12-10,29.668682,28.997404,28.089293,97.49196,94.74644,95.45664,98.998085,96.94978,97.34282,97.31,96.09,95.71,ripening,100.56,16.76,51.75999999999999,Samba,DRAIN,DRAIN,False,69.32940292358398,bund_drain
Samba-2015,2015-12-11,29.668682,28.259659,27.31618,94.24672,93.34796,89.25449,96.9025,95.69407,94.328445,96.09,95.71,93.19,ripening,93.86,5.0,12.309999999999993,Samba,DRAIN,DRAIN,False,67.43441009521484,bund_drain
Samba-2015,2015-12-12,29.668682,28.259659,27.379608,95.18249,94.17238,91.53411,97.567635,98.50176,96.08131,95.71,93.19,91.47,ripening,95.82,5.85,11.129999999999992,Samba,DRAIN,DRAIN,False,70.24210357666016,bund_drain
Samba-2015,2015-12-13,29.668682,27.814451,26.82162,88.70947,85.76423,81.60966,93.2294,91.09927,90.89329,93.19,91.47,88.53,ripening,93.02,1.22,4.769999999999993,Samba,DRAIN,DRAIN,False,64.0716667175293,bund_drain
Samba-2015,2015-12-14,29.668682,27.814451,26.82162,88.41902,85.33807,82.26639,93.51408,91.95543,90.21477,91.47,88.53,85.55,ripening,93.21,0.8099999999999999,4.229999999999993,Samba,DRAIN,DRAIN,False,64.14097785949707,bund_drain
Samba-2015,2015-12-15,29.610521,27.47388,26.21939,84.20092,82.80254,80.03908,90.63698,89.06932,88.13398,88.53,85.55,82.59,ripening,88.63,3.09,1.8399999999999928,Samba,DRAIN,DRAIN,False,61.914588928222656,bund_drain
Samba-2015,2015-12-16,29.610521,27.47388,26.21939,83.2122,81.72459,79.66996,89.61431,88.82323,88.16354,85.55,82.59,81.48,ripening,87.41,3.25,1.3299999999999927,Samba,DRAIN,DRAIN,False,61.94415283203125,bund_drain
Samba-2015,2015-12-17,23.94142,23.050932,22.471247,80.073395,77.41429,75.3313,86.07376,84.55079,88.172035,82.59,81.48,79.76,ripening,79.67,4.28,0.3199999999999929,Samba,MAINTAIN,MAINTAIN,False,65.7007884979248,maintain
Samba-2015,2015-12-18,29.610521,27.324675,25.730263,82.69554,83.70434,79.34486,86.73631,90.411,90.20923,81.48,79.76,76.84,ripening,85.04,1.67,2.029999999999993,Samba,DRAIN,DRAIN,False,64.47896575927734,bund_drain
Samba-2015,2015-12-19,27.446756,26.74888,25.481916,79.47577,79.263176,73.946236,85.92129,86.662155,83.34878,79.76,76.84,73.61,ripening,82.36,0.11,3.2999999999999927,Samba,MAINTAIN,MAINTAIN,False,59.91327476501465,maintain
Samba-2015,2015-12-20,15.968298,15.178626,15.304142,70.67514,66.40153,63.689438,80.89388,78.698425,81.28632,76.84,73.61,70.33,ripening,71.68,9.52,3.299999999999993,Samba,MAINTAIN,MAINTAIN,False,65.98218154907227,maintain
Samba-2015,2015-12-21,27.080797,26.31402,25.025486,73.91953,74.39793,70.63487,83.557976,83.31085,80.78912,73.61,70.33,67.3,ripening,81.8,0.03,1.4599999999999929,Samba,MAINTAIN,MAINTAIN,False,56.9968318939209,maintain
Samba-2015,2015-12-22,18.359224,18.258512,16.243689,69.78446,65.398895,63.74565,80.731606,81.56445,78.67656,70.33,67.3,64.2,ripening,72.73,0.06,0.1699999999999929,Samba,MAINTAIN,MAINTAIN,False,63.30594062805176,maintain
Samba-2015,2015-12-23,15.734543,15.120328,15.063259,65.62533,63.594738,63.999126,78.62221,77.74429,85.106316,67.3,64.2,61.1,ripening,71.14,5.620000000000001,0.019999999999992895,Samba,MAINTAIN,MAINTAIN,False,70.04305648803711,maintain
Samba-2015,2015-12-24,15.602337,14.987935,14.708264,64.19259,62.158585,59.996662,76.75745,77.63053,77.42521,64.2,61.1,58.28,ripening,71.12,0.98,0.039999999999992895,Samba,MAINTAIN,MAINTAIN,False,62.71694469451904,maintain
Samba-2015,2015-12-25,11.9075985,12.18879,12.927181,61.294174,60.355057,61.274567,73.58732,74.43187,82.01866,61.1,58.28,56.61,ripening,65.84,11.46,0.06,Samba,MAINTAIN,MAINTAIN,False,69.09148025512695,maintain
Samba-2015,2015-12-26,11.977577,12.055739,13.559998,61.33724,61.410496,67.29987,73.55956,76.39205,90.92211,58.28,56.61,54.63,ripening,66.93,13.95,0.15999999999999287,Samba,MAINTAIN,MAINTAIN,False,77.36211395263672,maintain
Samba-2015,2015-12-27,8.2800665,7.135742,5.4264956,58.35216,57.18029,53.053513,72.14254,71.9688,80.24174,56.61,54.63,51.79,ripening,56.81,1.57,1.3099999999999927,Samba,MAINTAIN,MAINTAIN,False,74.81524181365967,maintain
Samba-2015,2015-12-28,11.65222,11.731052,12.347857,59.548733,56.286697,53.78548,73.45742,72.24602,76.848274,54.63,51.79,48.75,ripening,61.78,6.76,2.2699999999999925,Samba,MAINTAIN,MAINTAIN,False,64.50041675567627,maintain
Samba-2015,2015-12-29,8.2800665,7.135742,5.175048,56.52481,53.140266,46.195793,71.585396,71.657845,82.347824,51.79,48.75,45.74,ripening,55.24,4.2,2.4399999999999924,Samba,MAINTAIN,MAINTAIN,False,77.172776222229,maintain
Samba-2015,2015-12-30,7.215383,4.6819,0.8664223,49.321537,46.285355,41.832638,68.31535,66.88741,69.66282,48.75,45.74,42.55,ripening,54.33,0.07,1.319999999999993,Samba,MAINTAIN,MAINTAIN,False,68.79639661312103,maintain
Samba-2015,2015-12-31,3.8381565,-0.6505257,-1.1307018,46.73098,40.925457,39.879513,64.00241,61.299408,68.13505,45.74,42.55,39.39,ripening,50.77,0.03,0.3699999999999929,Samba,MAINTAIN,MAINTAIN,False,69.26574969291687,maintain
Samba-2015,2016-01-01,5.567631,3.3120875,0.7083298,45.46853,45.726944,42.496185,65.907745,66.37433,71.21063,42.55,39.39,36.08,ripening,51.94,3.2899999999999996,0.0799999999999929,Samba,MAINTAIN,MAINTAIN,False,70.50230252742767,maintain
Samba-2015,2016-01-02,-0.3189525,-3.1515315,-7.166294,43.08267,38.068123,34.11078,60.267593,59.701298,61.512444,39.39,36.08,32.84,ripening,46.16,0.09,0.029999999999992893,Samba,MAINTAIN,MAINTAIN,False,68.67873764038086,maintain
Samba-2015,2016-01-03,-6.2169957,-10.114628,-12.792172,34.722916,32.894554,30.225977,56.950783,58.598427,61.42785,36.08,32.84,29.67,ripening,37.18,0.47,0.019999999999992895,Samba,MAINTAIN,MAINTAIN,False,74.22002124786377,maintain
Samba-2015,2016-01-04,-7.1454253,-10.51672,-13.742493,31.351824,28.750298,24.900276,55.14644,57.61898,61.38999,32.84,29.67,26.88,ripening,32.87,0.45,0.05999999999999289,Samba,MAINTAIN,MAINTAIN,False,75.13248443603516,maintain
Samba-2015,2016-01-05,-7.1454253,-10.371144,-12.821382,30.582941,28.581453,25.285944,55.14644,55.41212,55.49475,29.67,26.88,23.87,ripening,32.59,4.830000000000001,0.11999999999999289,Samba,MAINTAIN,MAINTAIN,False,68.31613254547119,maintain
Samba-2015,2016-01-06,-11.861232,-14.853873,-16.505253,23.9745,24.9282,19.21432,52.27836,49.47416,49.283867,26.88,23.87,20.81,ripening,25.87,11.96,0.3599999999999929,Samba,MAINTAIN,MAINTAIN,False,65.78911972045898,maintain
Samba-2015,2016-01-07,-12.248677,-16.076305,-18.940632,22.047028,17.409689,13.11514,50.95772,47.897175,48.466133,23.87,20.81,17.67,ripening,21.62,0.11,0.4899999999999929,Samba,MAINTAIN,MAINTAIN,False,67.40676498413086,maintain
Samba-2015,2016-01-08,-20.35914,-20.233273,-23.00358,11.554038,8.2366495,4.1619134,49.527195,46.98194,47.56839,20.81,17.67,14.49,ripening,13.23,0.13,0.5399999999999929,Samba,MAINTAIN,MAINTAIN,False,70.57196998596191,maintain
Samba-2016,2016-08-22,-23.745398,-26.915495,-27.229753,-0.57614625,-8.798975,-6.0099683,55.693413,49.904507,50.29207,-11.47,35.63,29.82,establishment,5.62,18.43,2.15,Samba,DELAY,DELAY,False,79.43881034851074,threshold_delay
Samba-2016,2016-08-23,-28.528206,-31.043926,-31.69535,-6.512235,-9.138531,-6.1473722,49.28318,47.50355,51.78108,35.63,29.82,28.74,establishment,-5.38,18.32,2.6500000000000004,Samba,DELAY,MAINTAIN,False,83.4764289855957,threshold_delay
Samba-2016,2016-08-24,-6.147385,-9.421247,-9.061272,28.809702,22.982218,22.666855,57.421246,55.541588,51.339462,29.82,28.74,32.97,establishment,32.28,17.900000000000002,2.23,Samba,MAINTAIN,MAINTAIN,False,64.96283435821533,maintain
Samba-2016,2016-08-25,-4.5293365,-5.02248,-3.8658867,32.031807,30.749216,31.49905,58.898212,59.32298,61.354652,28.74,32.97,35.26,establishment,34.06,24.71,6.37,Samba,MAINTAIN,MAINTAIN,False,65.22053909301758,maintain
Samba-2016,2016-08-26,-3.0010233,-0.33093363,0.98844784,37.538063,41.523785,44.358826,57.908787,63.7238,67.343796,32.97,35.26,40.17,establishment,32.29,50.89,15.129999999999999,Samba,MAINTAIN,MAINTAIN,False,66.35534793138504,maintain
Samba-2016,2016-08-27,0.07738836,1.6920476,2.1280005,42.16995,43.3934,45.764404,59.462353,67.8232,71.25773,35.26,40.17,46.75,establishment,42.57,45.269999999999996,22.29,Samba,MAINTAIN,MAINTAIN,False,69.12972807884216,maintain
Samba-2016,2016-08-28,-4.472389,-1.512032,-1.3447065,38.311535,42.47605,53.008194,57.769447,59.381752,73.85327,40.17,46.75,62.26,establishment,30.42,71.89,29.59,Samba,MAINTAIN,MAINTAIN,False,75.19797801971436,maintain
Samba-2016,2016-08-29,0.8550653,2.0719616,1.962621,47.8442,60.374474,59.454216,60.602932,72.38906,77.332054,46.75,62.26,70.38,establishment,42.96,54.21,32.57,Samba,MAINTAIN,MAINTAIN,False,75.36943316459656,maintain
Samba-2016,2016-08-30,0.8550653,2.3520885,-0.17166567,55.82795,58.860195,45.61461,67.001205,73.488014,70.41046,62.26,70.38,65.5,establishment,43.34,14.43,45.760000000000005,Samba,MAINTAIN,MAINTAIN,False,71.13592576980591,maintain
Samba-2016,2016-08-31,12.584914,12.996781,10.107382,64.81621,62.134705,58.447033,84.15327,82.55083,77.394646,70.38,65.5,60.29,establishment,64.82,4.300000000000001,48.33,Samba,MAINTAIN,MAINTAIN,False,71.56835269927979,maintain
Samba-2016,2016-09-01,14.709936,13.234028,9.535918,60.117664,53.88567,49.58134,76.55776,73.84843,71.02024,65.5,60.29,53.67,tillering,69.31,2.5500000000000003,36.73,Samba,MAINTAIN,MAINTAIN,False,61.84782600402832,maintain
Samba-2016,2016-09-02,12.775288,10.958318,7.8682847,57.97872,52.10479,46.705482,73.8419,73.44008,67.42672,60.29,53.67,47.3,tillering,67.9,0.52,16.91,Samba,MAINTAIN,MAINTAIN,False,62.48176097869873,maintain
Samba-2016,2016-09-03,5.8534937,2.5503097,-1.1837461,45.492138,40.47171,40.003593,65.97775,65.20973,61.914444,53.67,47.3,40.61,tillering,53.24,8.36,2.84,Samba,MAINTAIN,MAINTAIN,False,63.09819006919861,maintain
Samba-2016,2016-09-04,9.294109,6.0083466,1.7663918,47.5333,40.585144,36.026688,70.18298,67.68412,62.754025,47.3,40.61,34.0,tillering,57.64,0.53,1.8299999999999998,Samba,MAINTAIN,MAINTAIN,False,61.67577362060547,maintain
Samba-2016,2016-09-05,0.3387717,-3.5507379,-7.621883,40.532032,32.970055,29.36596,59.710083,56.13173,55.335472,40.61,34.0,26.65,tillering,48.33,1.6700000000000002,0.5,Samba,MAINTAIN,MAINTAIN,False,62.95735502243042,maintain
Samba-2016,2016-09-06,-3.118267,-6.7061796,-10.531857,33.178253,28.202732,22.866316,57.488106,55.678837,54.260986,34.0,26.65,19.62,tillering,41.37,1.3,0.7,Samba,MAINTAIN,MAINTAIN,False,64.79284286499023,maintain
Samba-2016,2016-09-07,-2.1224608,-4.1030097,-7.8978024,33.772343,29.622427,24.597666,58.896114,55.900433,54.423664,26.65,19.62,12.83,tillering,43.75,3.4299999999999997,0.56,Samba,MAINTAIN,MAINTAIN,False,62.32146644592285,maintain
Samba-2016,2016-09-08,-11.542934,-14.766555,-17.564302,20.408552,15.097487,12.855182,52.747993,48.51309,46.567833,19.62,12.83,8.07,tillering,24.74,4.0200000000000005,0.5199999999999999,Samba,MAINTAIN,MAINTAIN,False,64.29092788696289,maintain
Samba-2016,2016-09-09,-11.808123,-14.555794,-15.998907,16.526184,13.546461,15.370878,52.191326,47.670834,46.60803,12.83,8.07,3.25,tillering,21.33,7.970000000000001,0.87,Samba,MAINTAIN,MAINTAIN,False,63.99944877624512,maintain
Samba-2016,2016-09-10,-17.197412,-18.76165,-21.781338,12.407864,8.064749,5.774469,52.12581,47.58618,45.51964,8.07,3.25,-2.24,tillering,13.33,7.83,2.8,Samba,MAINTAIN,MAINTAIN,False,69.32322120666504,maintain
Samba-2016,2016-09-11,-21.238796,-23.904924,-27.89895,6.485754,-0.17880115,1.0370973,49.64254,47.601757,41.13835,3.25,-2.24,-4.99,tillering,9.06,12.780000000000001,4.32,Samba,MAINTAIN,MAINTAIN,False,71.50668144226074,maintain
Samba-2016,2016-09-12,-17.55803,-19.864996,-21.268478,7.425902,4.0382457,4.151916,50.17872,48.641914,43.390957,-2.24,-4.99,-9.07,tillering,14.36,7.42,4.76,Samba,MAINTAIN,MAINTAIN,False,68.50691032409668,maintain
Samba-2016,2016-09-13,-27.540918,-29.931168,-31.982262,-4.569472,-6.107105,-9.1067505,39.559338,36.95551,40.44173,-4.99,-9.07,-14.3,tillering,-1.92,3.16,6.59,Samba,MAINTAIN,MAINTAIN,False,72.42399215698242,maintain
Samba-2016,2016-09-14,-31.664316,-32.374004,-34.71092,-8.737217,-10.056148,-9.912128,38.866737,36.52236,39.496372,-9.07,-14.3,-19.75,tillering,-7.83,3.92,7.16,Samba,MAINTAIN,MAINTAIN,False,74.20729064941406,maintain
Samba-2016,2016-09-15,-27.709423,-27.503214,-31.450788,-10.651373,-10.454036,-10.373318,39.09713,37.683723,39.564205,-14.3,-19.75,-24.88,tillering,0.28,6.889999999999999,7.0600000000000005,Samba,MAINTAIN,MAINTAIN,False,71.01499366760254,maintain
Samba-2016,2016-09-16,-35.916435,-39.506157,-42.7186,-14.600545,-22.881247,-29.35499,37.55125,32.788994,18.644484,-19.75,-24.88,-30.81,tillering,-15.84,0.78,3.9899999999999998,Samba,MAINTAIN,MAINTAIN,False,73.46768569946289,maintain
Samba-2016,2016-09-17,-42.315212,-46.620193,-48.344837,-26.444746,-29.8414,-40.560192,21.716599,17.184664,13.811277,-24.88,-30.81,-36.68,tillering,-27.78,1.22,2.32,Samba,MAINTAIN,MAINTAIN,False,64.03181076049805,maintain
Samba-2016,2016-09-18,-47.463615,-47.97595,-52.256676,-31.603664,-37.786015,-45.369987,10.70048,16.095161,12.939148,-30.81,-36.68,-40.68,tillering,-28.58,3.53,1.38,Samba,MAINTAIN,MAINTAIN,False,65.1958236694336,maintain
Samba-2016,2016-09-19,-51.489838,-55.972485,-58.78948,-39.200485,-45.90272,-49.99281,10.430139,8.324299,8.294662,-36.68,-40.68,-44.58,tillering,-37.04,6.86,0.9,Samba,MAINTAIN,MAINTAIN,False,67.08414077758789,maintain
Samba-2016,2016-09-20,-56.41504,-59.03632,-63.07198,-46.44314,-48.722366,-57.090866,8.58885,8.165035,8.450107,-40.68,-44.58,-49.84,tillering,-45.68,1.6400000000000001,1.63,Samba,MAINTAIN,MAINTAIN,False,71.52208614349365,maintain
Samba-2016,2016-09-21,-56.946835,-56.232727,-61.0859,-48.675667,-53.038532,-58.316772,8.58885,8.165035,8.450107,-44.58,-49.84,-55.57,tillering,-42.5,0.71,3.06,Samba,MAINTAIN,MAINTAIN,False,69.53600597381592,maintain
Samba-2016,2016-09-22,-57.89824,-61.65571,-67.67676,-51.20828,-54.65362,-62.356678,8.58885,8.165035,8.294662,-49.84,-55.57,-61.07,tillering,-44.93,0.27,3.49,Samba,MAINTAIN,MAINTAIN,False,75.97142028808594,maintain
Samba-2016,2016-09-23,-58.777336,-63.222866,-68.78618,-51.894447,-55.796497,-61.24037,8.58885,8.299316,8.294662,-55.57,-61.07,-66.8,tillering,-43.94,1.1700000000000002,2.37,Samba,MAINTAIN,MAINTAIN,False,77.08084106445312,maintain
Samba-2016,2016-09-24,-62.74354,-66.90654,-70.22159,-53.681473,-60.247356,-65.78366,6.6945014,2.3512864,4.916794,-61.07,-66.8,-72.14,tillering,-52.42,3.3600000000000003,0.8899999999999999,Samba,MAINTAIN,MAINTAIN,False,75.13838195800781,maintain
Samba-2016,2016-09-25,-69.27748,-72.89707,-76.91102,-63.23796,-65.21936,-68.40012,-0.1525166,1.119521,3.0385027,-66.8,-72.14,-74.38,stem_elongation,-58.15,6.74,0.23,Samba,MAINTAIN,MAINTAIN,False,79.9495210647583,maintain
Samba-2016,2016-09-26,-80.246864,-83.53684,-86.196976,-74.00737,-76.404366,-79.07088,-8.506337,-2.2968025,0.6351665,-72.14,-74.38,-76.93,stem_elongation,-71.27,15.65,0.3,Samba,MAINTAIN,MAINTAIN,False,86.83214223384857,maintain
Samba-2016,2016-09-27,-73.92984,-75.68002,-79.44067,-69.06799,-76.36777,-75.00209,-2.5388982,-2.1249495,0.5923182,-74.38,-76.93,-70.77,stem_elongation,-67.72,11.61,1.88,Samba,MAINTAIN,MAINTAIN,False,80.03298437595367,maintain
Samba-2016,2016-09-28,-73.95602,-76.71528,-80.11562,-71.06145,-73.07663,-69.059235,-2.4023612,-2.1249495,0.5923182,-76.93,-70.77,-69.8,stem_elongation,-67.42,9.74,3.54,Samba,MAINTAIN,MAINTAIN,False,80.7079416513443,maintain
Samba-2016,2016-09-29,-75.78682,-74.78801,-79.37902,-66.96605,-62.16752,-56.95405,-9.878505,-2.1519601,1.2100719,-70.77,-69.8,-73.95,stem_elongation,-74.96,11.129999999999999,13.47,Samba,MAINTAIN,MAINTAIN,False,80.58909261226654,maintain
Samba-2016,2016-09-30,-72.00963,-70.38105,-72.2333,-68.76206,-68.86981,-65.865585,-8.184657,-1.2996289,1.2100719,-69.8,-73.95,-79.04,stem_elongation,-68.66,0.81,17.06,Samba,MAINTAIN,MAINTAIN,False,73.44337117671967,maintain
Samba-2016,2016-10-01,-77.43477,-78.81403,-79.92402,-76.85604,-77.26146,-58.268932,-10.91596,-1.6057631,7.011236,-73.95,-79.04,-83.72,stem_elongation,-76.12,3.42,16.11,Samba,MAINTAIN,MAINTAIN,False,86.93525505065918,maintain
Samba-2016,2016-10-02,-76.214134,-77.09211,-76.13342,-77.39516,-66.34223,-50.853653,-8.184657,2.7821279,7.597465,-79.04,-83.72,-83.94,stem_elongation,-68.68,15.14,6.1899999999999995,Samba,MAINTAIN,MAINTAIN,False,83.73088788986206,maintain
Samba-2016,2016-10-03,-76.3165,-79.8548,-81.890884,-75.27254,-62.53185,-51.73753,-8.184657,4.070714,7.011236,-83.72,-83.94,-80.31,stem_elongation,-70.14,11.79,0.97,Samba,MAINTAIN,MAINTAIN,False,88.90212059020996,maintain
Samba-2016,2016-10-04,-83.724625,-81.02245,-81.86608,-76.991104,-52.11548,-50.37715,-11.062634,3.127026,7.8753705,-83.94,-80.31,-83.23,stem_elongation,-82.11,18.800000000000004,4.92,Samba,MAINTAIN,MAINTAIN,False,89.74145174026489,maintain
Samba-2016,2016-10-05,-84.19092,-81.42988,-78.181046,-75.89381,-51.387768,-51.236034,-11.062634,3.6148913,8.13874,-80.31,-83.23,-86.91,stem_elongation,-86.91,1.89,11.690000000000001,Samba,MAINTAIN,MAINTAIN,False,86.31978511810303,maintain
Samba-2016,2016-10-06,-87.93155,-80.34753,-79.3859,-80.21853,-61.999115,-57.692352,-11.062634,4.7233725,7.966265,-83.23,-86.91,-90.97,stem_elongation,-81.12,1.76,12.860000000000001,Samba,MAINTAIN,MAINTAIN,False,87.35216760635376,maintain
Samba-2016,2016-10-07,-86.08279,-87.827614,-82.427246,-82.23427,-63.261868,-60.252777,-11.062634,4.4156103,7.810821,-86.91,-90.97,-94.95,stem_elongation,-85.33,1.58,8.53,Samba,INSPECT,MAINTAIN,True,92.24322414398193,uncertainty_gate
Samba-2016,2016-10-08,-90.27968,-91.59471,-85.070206,-85.776596,-64.518654,-66.79957,-11.062634,4.5498915,7.810821,-90.97,-94.95,-99.38,stem_elongation,-88.71,4.51,1.87,Samba,INSPECT,MAINTAIN,True,96.14460277557373,uncertainty_gate
Samba-2016,2016-10-09,-91.47301,-92.91493,-82.218,-87.40295,-66.00335,-61.781662,-11.062634,4.5785303,8.813849,-94.95,-99.38,-100.07,stem_elongation,-87.73,11.31,1.07,Samba,INSPECT,MAINTAIN,True,97.49346256256104,uncertainty_gate
Samba-2016,2016-10-10,-87.31157,-90.87533,-75.37444,-87.771126,-64.811356,-52.074448,-11.062634,6.416007,41.691303,-99.38,-100.07,-94.31,stem_elongation,-93.55,24.37,0.96,Samba,INSPECT,MAINTAIN,True,117.06574630737305,uncertainty_gate
Samba-2016,2016-10-11,-91.20223,-86.30991,-64.67358,-88.06957,-55.140278,-1.5343223,-11.062634,6.4454036,56.87515,-100.07,-94.31,-95.28,stem_elongation,-94.36,21.5,3.7,Samba,INSPECT,MAINTAIN,True,121.54872512817383,uncertainty_gate
Samba-2016,2016-10-12,-94.06499,-75.13375,-61.280346,-82.02628,-28.183043,-1.8722191,-11.062634,52.880905,56.924267,-94.31,-95.28,-98.15,stem_elongation,-98.22,4.920000000000001,12.58,Samba,INSPECT,MAINTAIN,True,128.01465606689453,uncertainty_gate
Samba-2016,2016-10-13,-92.57061,-65.67551,-37.127495,17.964306,37.96673,32.046463,59.64008,64.87144,59.587772,-95.28,-98.15,53.09,panicle_initiation,-98.63,2.2800000000000002,15.45,Samba,IRRIGATE,IRRIGATE,False,152.21068954467773,agronomic_irrigate
Samba-2016,2016-10-14,-93.0251,-64.81914,-37.152294,16.635641,39.59625,29.237537,64.07523,63.48803,58.63612,-98.15,53.09,46.04,panicle_initiation,-97.78,0.08,13.629999999999999,Samba,IRRIGATE,IRRIGATE,False,157.10033416748047,agronomic_irrigate
Samba-2016,2016-10-15,-94.56146,-69.09575,-40.362583,1.7959021,32.467857,23.25816,58.418785,55.671387,58.480675,53.09,46.04,38.94,panicle_initiation,-100.96,0.06999999999999999,4.38,Samba,IRRIGATE,MAINTAIN,False,152.9802474975586,agronomic_irrigate
Samba-2016,2016-10-16,4.953153,1.7168628,-1.8073604,42.75577,35.91482,29.849567,64.82778,63.417534,60.555637,46.04,38.94,32.27,panicle_initiation,52.16,0.64,1.26,Samba,DELAY,MAINTAIN,False,62.36299777030945,agronomic_delay
Samba-2016,2016-10-17,9.212734,5.911318,1.6352417,45.47912,36.5133,32.939632,70.31299,67.072266,63.024315,38.94,32.27,26.23,panicle_initiation,55.01,2.14,0.09999999999999999,Samba,MAINTAIN,MAINTAIN,False,61.38907313346863,maintain
Samba-2016,2016-10-18,0.3387717,-3.4274347,-7.2214317,42.340023,33.799557,30.096819,60.33003,56.862568,58.010986,32.27,26.23,22.61,panicle_initiation,48.71,14.68,0.04,Samba,DELAY,MAINTAIN,False,65.23241806030273,agronomic_delay
Samba-2016,2016-10-19,-5.240034,-9.060971,-9.014848,32.538662,28.472145,29.136734,58.48945,55.983997,57.063564,26.23,22.61,21.32,panicle_initiation,36.45,8.129999999999999,0.49,Samba,DELAY,MAINTAIN,False,66.07841205596924,agronomic_delay
Samba-2016,2016-10-20,-11.576068,-12.986808,-13.542218,24.16201,23.210339,25.068804,54.39212,55.45386,58.05309,22.61,21.32,17.79,panicle_initiation,26.82,14.41,2.5599999999999996,Samba,DELAY,MAINTAIN,False,71.59530735015869,agronomic_delay
Samba-2016,2016-10-21,-16.664534,-15.495135,-13.487892,18.246878,20.328793,28.779293,54.136513,55.111347,62.27315,21.32,17.79,14.44,panicle_initiation,15.8,9.940000000000001,6.300000000000001,Samba,DELAY,DELAY,False,75.76104354858398,agronomic_delay
Samba-2016,2016-10-22,-11.674484,-12.98457,-13.739263,21.307484,21.088528,24.329393,53.916462,55.220222,61.395786,17.79,14.44,9.36,panicle_initiation,22.42,3.3,8.22,Samba,DELAY,DELAY,False,75.13504886627197,agronomic_delay
Samba-2016,2016-10-23,-17.044662,-15.90928,-14.896062,14.784849,16.34139,26.432198,53.762306,54.14967,62.387043,14.44,9.36,2.96,panicle_initiation,13.84,1.67,9.129999999999999,Samba,DELAY,DELAY,False,77.28310489654541,agronomic_delay
Samba-2016,2016-10-24,-11.674484,-14.602383,-17.072266,18.99564,17.959414,20.932459,54.938576,53.28824,57.431152,9.36,2.96,-3.91,panicle_initiation,22.59,0.13,6.41,Samba,DELAY,IRRIGATE,False,74.50341796875,agronomic_delay
Samba-2016,2016-10-25,-24.963154,-23.86094,-20.95462,9.063737,15.698024,24.541954,50.222977,56.214275,56.277386,2.96,-3.91,-9.9,panicle_initiation,1.33,3.14,4.17,Samba,DELAY,IRRIGATE,False,80.07521629333496,agronomic_delay
Samba-2016,2016-10-26,-25.480623,-24.49385,-21.023659,3.453407,8.442511,23.438725,48.94484,52.469475,54.87442,-3.91,-9.9,-16.2,panicle_initiation,4.88,4.74,1.2,Samba,IRRIGATE,IRRIGATE,False,76.96332550048828,agronomic_irrigate
Samba-2016,2016-10-27,-30.892687,-28.184303,-23.752556,4.781908,18.204725,31.643686,48.141407,53.649734,55.93744,-9.9,-16.2,-18.69,flowering,-8.28,10.169999999999998,0.17,Samba,DELAY,IRRIGATE,False,81.83403778076172,agronomic_delay
Samba-2016,2016-10-28,-33.14249,-31.82653,-31.948603,-0.52689046,18.653667,28.68668,47.785458,52.717915,53.37147,-16.2,-18.69,-13.63,flowering,-9.95,39.89,0.14,Samba,DELAY,IRRIGATE,False,85.3200740814209,agronomic_delay
Samba-2016,2016-10-29,-34.53945,-31.716408,-30.392395,0.108305864,21.218632,32.216396,46.58412,50.144344,54.677013,-18.69,-13.63,42.4,flowering,-12.87,33.17,4.21,Samba,DELAY,IRRIGATE,False,85.06940841674805,agronomic_delay
Samba-2016,2016-10-30,-33.947014,-30.27179,-28.69598,5.443501,27.21665,31.2691,48.43351,48.878838,53.666443,-13.63,42.4,37.15,flowering,-13.58,26.869999999999997,14.400000000000002,Samba,DELAY,IRRIGATE,False,82.38052368164062,agronomic_delay
Samba-2016,2016-10-31,-34.625916,-31.181423,-30.377296,7.055821,21.604834,28.604094,47.93329,50.78612,54.34859,42.4,37.15,52.09,flowering,-13.93,19.7,19.68,Samba,DELAY,MAINTAIN,False,84.72588729858398,agronomic_delay
Samba-2016,2016-11-01,-0.18790329,-3.700142,-2.5585434,39.667797,44.885853,42.34929,60.039783,60.12482,63.822956,37.15,52.09,52.68,flowering,46.21,41.13,16.720000000000002,Samba,DELAY,MAINTAIN,False,66.38149952888489,agronomic_delay
Samba-2016,2016-11-02,-2.379453,0.57620573,-2.4877894,53.678535,53.824852,51.020275,62.32992,72.81286,78.673225,52.09,52.68,46.92,flowering,33.84,7.98,25.82,Samba,DELAY,MAINTAIN,False,81.16101479530334,agronomic_delay
Samba-2016,2016-11-03,6.424929,6.116984,4.092617,44.745743,46.220123,40.09184,66.74931,74.528,74.682594,52.68,46.92,40.95,flowering,53.32,2.1100000000000003,26.15,Samba,MAINTAIN,MAINTAIN,False,70.5899772644043,maintain
Samba-2016,2016-11-04,9.294109,6.421043,3.2577014,48.262257,43.426853,36.54531,71.73054,71.68435,70.18582,46.92,40.95,35.33,flowering,57.69,1.99,25.67,Samba,MAINTAIN,MAINTAIN,False,66.92812013626099,maintain
Samba-2016,2016-11-05,0.3387717,-3.1875346,-7.1634536,42.92026,33.745865,29.897646,60.39296,58.979885,61.138943,40.95,35.33,29.51,flowering,48.58,1.0,6.569999999999999,Samba,DELAY,MAINTAIN,False,68.30239629745483,agronomic_delay
Samba-2016,2016-11-06,-5.1583385,-9.194295,-11.617148,32.86554,27.99268,24.92971,58.484932,57.371048,57.290775,35.33,29.51,23.53,flowering,38.3,0.53,1.62,Samba,DELAY,MAINTAIN,False,68.9079236984253,agronomic_delay
Samba-2016,2016-11-07,-5.645377,-9.297828,-12.145253,29.998253,25.21755,21.790756,58.297585,56.632965,57.068584,29.51,23.53,17.3,flowering,33.93,0.06,1.37,Samba,DELAY,MAINTAIN,False,69.21383762359619,agronomic_delay
Samba-2016,2016-11-08,-5.60872,-8.632098,-10.453176,30.435585,26.779512,25.780771,58.938774,57.23179,58.634388,23.53,17.3,10.8,flowering,34.59,7.8,1.22,Samba,DELAY,DELAY,False,69.08756351470947,agronomic_delay
Samba-2016,2016-11-09,-16.84738,-17.950537,-17.625334,16.94141,13.910682,20.950623,52.642162,51.725227,56.553303,17.3,10.8,4.43,flowering,18.07,0.5800000000000001,0.45,Samba,DELAY,IRRIGATE,False,74.17863655090332,agronomic_delay
Samba-2016,2016-11-10,-20.105133,-19.293852,-17.718702,10.530454,10.738807,23.68915,54.812916,52.476128,54.836067,10.8,4.43,44.83,flowering,12.58,7.67,0.06,Samba,DELAY,IRRIGATE,False,74.91804885864258,agronomic_delay
Samba-2016,2016-11-11,-17.151052,-19.293852,-17.292,10.254945,8.209561,25.090364,54.055523,52.267403,54.540394,4.43,44.83,46.67,flowering,13.81,8.89,0.02,Samba,DELAY,IRRIGATE,False,71.83239364624023,agronomic_delay
Samba-2016,2016-11-12,-24.948507,-23.267172,-19.255495,6.6901174,15.0848255,24.718086,48.846905,52.63002,52.236744,44.83,46.67,44.34,flowering,2.23,16.48,0.51,Samba,DELAY,MAINTAIN,False,75.89719200134277,agronomic_delay
Samba-2016,2016-11-13,-3.3093028,-1.5602257,-3.698332,35.959274,36.262413,33.805016,55.692696,61.449265,67.267624,46.67,44.34,40.41,grain_filling,37.56,5.87,7.09,Samba,MAINTAIN,MAINTAIN,False,70.96595597267151,maintain
Samba-2016,2016-11-14,5.4688063,3.159558,1.0887116,41.85352,41.686676,38.78162,65.16267,68.188225,77.592255,44.34,40.41,38.22,grain_filling,53.42,15.11,9.540000000000001,Samba,MAINTAIN,MAINTAIN,False,76.50354301929474,maintain
Samba-2016,2016-11-15,-5.1583385,-8.624667,-8.491891,34.046455,32.214455,33.863766,56.469067,58.517315,70.07165,40.41,38.22,40.78,grain_filling,38.84,15.649999999999999,9.9,Samba,MAINTAIN,MAINTAIN,False,78.56353855133057,maintain
Samba-2016,2016-11-16,-5.2898846,-8.056214,-7.3689227,32.798534,33.516422,34.918472,57.19865,59.44078,73.4889,38.22,40.78,38.68,grain_filling,39.41,15.89,5.76,Samba,MAINTAIN,MAINTAIN,False,80.85782194137573,maintain
Samba-2016,2016-11-17,-3.1189723,-0.459292,-4.05564,37.368675,37.36473,34.51855,56.993042,65.952675,77.31292,40.78,38.68,36.52,grain_filling,35.12,6.8999999999999995,10.5,Samba,MAINTAIN,MAINTAIN,False,81.36855983734131,maintain
Samba-2016,2016-11-18,-5.069988,-6.034877,-7.752764,34.20895,34.448284,31.47082,57.148422,63.961243,72.602554,38.68,36.52,32.44,grain_filling,39.29,5.45,12.440000000000001,Samba,MAINTAIN,MAINTAIN,False,80.35531854629517,maintain
Samba-2016,2016-11-19,-5.571746,-7.96071,-9.325185,31.794394,31.169367,31.65753,57.1082,63.29896,72.24204,36.52,32.44,28.36,grain_filling,34.26,2.2399999999999998,12.59,Samba,MAINTAIN,MAINTAIN,False,81.56722736358643,maintain
Samba-2016,2016-11-20,-5.2898846,-8.824073,-11.176286,32.473793,29.561953,26.760695,57.08748,58.563335,69.1831,32.44,28.36,23.3,grain_filling,40.09,0.47000000000000003,6.21,Samba,MAINTAIN,MAINTAIN,False,80.35938358306885,maintain
Samba-2016,2016-11-21,-6.005404,-8.776299,-11.50771,30.154537,27.414455,26.153587,55.522926,55.05936,65.65583,28.36,23.3,18.39,grain_filling,32.99,4.58,4.02,Samba,MAINTAIN,MAINTAIN,False,77.16354084014893,maintain
Samba-2016,2016-11-22,-5.8105693,-9.250947,-12.081138,28.621737,24.567385,22.675934,55.481964,55.967567,64.35203,23.3,18.39,13.27,grain_filling,33.28,0.09999999999999999,1.52,Samba,MAINTAIN,MAINTAIN,False,76.43316555023193,maintain
Samba-2016,2016-11-23,-15.54889,-16.91736,-17.770592,19.006136,16.834652,15.944294,51.842552,48.78623,49.426643,18.39,13.27,8.04,grain_filling,20.25,3.23,0.74,Samba,MAINTAIN,MAINTAIN,False,67.39144229888916,maintain
Samba-2016,2016-11-24,-7.7584143,-10.879725,-13.861928,24.92554,20.993532,18.44122,54.349083,50.919643,50.404743,13.27,8.04,2.79,grain_filling,29.06,0.0,0.15,Samba,MAINTAIN,MAINTAIN,False,64.2666711807251,maintain
Samba-2016,2016-11-25,-24.871553,-26.631464,-29.093245,6.4345083,0.33385766,-4.8371944,43.30744,40.21935,43.615612,8.04,2.79,-2.56,grain_filling,3.75,0.01,0.060000000000000005,Samba,MAINTAIN,MAINTAIN,False,72.7088565826416,maintain
Samba-2016,2016-11-26,-26.509262,-27.456684,-30.676825,-3.344012,-4.1852884,-8.176713,39.01618,40.37149,41.0526,2.79,-2.56,-7.14,grain_filling,0.11,0.0,0.02,Samba,MAINTAIN,MAINTAIN,False,71.72942543029785,maintain
Samba-2016,2016-11-27,-20.908262,-23.492023,-26.035208,9.283683,2.9738681,4.209819,49.447044,46.97874,44.544106,-2.56,-7.14,-11.71,grain_filling,11.56,12.719999999999999,0.01,Samba,MAINTAIN,MAINTAIN,False,70.57931327819824,maintain
Samba-2016,2016-11-28,-26.376398,-27.020628,-28.830147,-5.820655,-4.1123486,-3.93272,40.091003,40.842987,41.17345,-7.14,-11.71,-14.73,grain_filling,-0.19,32.76,0.01,Samba,MAINTAIN,MAINTAIN,False,70.00359725952148,maintain
Samba-2016,2016-11-29,-28.31388,-30.909773,-30.909594,-7.7971725,-7.113149,-1.6223423,39.688133,39.569077,46.11155,-11.71,-14.73,2.21,grain_filling,-5.43,38.6,0.0,Samba,MAINTAIN,MAINTAIN,False,77.02114295959473,maintain
Samba-2016,2016-11-30,-32.345287,-31.43195,-32.05228,-9.641782,-1.6472105,1.7709172,37.635807,38.5447,41.509594,-14.73,2.21,8.71,grain_filling,-9.55,26.98,0.82,Samba,MAINTAIN,MAINTAIN,False,73.56187438964844,maintain
Samba-2016,2016-12-01,-33.207607,-32.566757,-32.568104,9.396681,12.243594,6.990824,38.026253,32.878075,30.97366,2.21,8.71,6.74,grain_filling,-11.87,19.669999999999998,21.67,Samba,MAINTAIN,MAINTAIN,False,71.23386001586914,maintain
Samba-2016,2016-12-02,-24.63961,-24.617708,-26.975164,10.021329,6.199614,5.303267,41.96105,36.16248,45.851795,8.71,6.74,5.16,ripening,3.71,5.38,31.26,Samba,MAINTAIN,MAINTAIN,False,72.82695960998535,maintain
Samba-2016,2016-12-03,-25.708088,-26.262402,-27.584255,3.5934536,-0.71666163,1.2694938,41.57981,41.06205,42.348316,6.74,5.16,2.85,ripening,3.88,5.6499999999999995,31.85,Samba,MAINTAIN,MAINTAIN,False,69.93257141113281,maintain
Samba-2016,2016-12-04,-21.005415,-22.873116,-25.676113,10.597327,4.2855372,2.6781535,48.765774,48.068306,44.067257,5.16,2.85,-0.67,ripening,10.83,8.95,12.99,Samba,MAINTAIN,MAINTAIN,False,70.94142150878906,maintain
Samba-2016,2016-12-05,-21.93288,-24.926094,-27.731201,6.355682,-0.53966206,-3.7520413,45.314487,44.85585,41.40387,2.85,-0.67,-3.63,ripening,8.46,1.21,4.65,Samba,MAINTAIN,MAINTAIN,False,69.78194427490234,maintain
Samba-2016,2016-12-06,-21.648506,-25.04725,-26.892597,6.707326,-1.2183555,-3.8910875,49.88438,46.732574,43.015633,-0.67,-3.63,-6.28,ripening,9.99,0.85,3.3,Samba,MAINTAIN,MAINTAIN,False,71.77982521057129,maintain
Samba-2016,2016-12-07,-21.93288,-25.146471,-28.613245,6.5574274,-1.2084236,-4.0856905,45.314487,44.85585,41.745136,-3.63,-6.28,-9.47,ripening,8.15,0.33,2.0300000000000002,Samba,MAINTAIN,MAINTAIN,False,70.3583812713623,maintain
Samba-2016,2016-12-08,-27.724842,-30.888243,-31.931185,-5.246094,-4.960321,-7.3020806,39.181515,38.820435,40.74616,-6.28,-9.47,-12.84,ripening,-1.98,1.78,1.1,Samba,MAINTAIN,MAINTAIN,False,72.67734336853027,maintain
Samba-2016,2016-12-09,-33.389027,-36.10449,-37.656174,-8.871423,-13.334167,-15.232479,38.391632,35.674973,27.469217,-9.47,-12.84,-16.31,ripening,-12.42,21.02,1.04,Samba,MAINTAIN,MAINTAIN,False,71.78065872192383,maintain
Samba-2016,2016-12-10,-29.727318,-27.752914,-30.362135,-11.785318,-9.083903,-8.489415,38.711918,34.4864,40.305832,-12.84,-16.31,-12.93,ripening,-0.61,6.88,0.32,Samba,MAINTAIN,MAINTAIN,False,70.66796684265137,maintain
Samba-2016,2016-12-11,-36.15703,-38.510998,-39.30439,-10.76892,-11.584596,-13.806563,36.419384,35.720932,27.476774,-16.31,-12.93,-14.65,ripening,-17.93,12.32,0.05,Samba,MAINTAIN,MAINTAIN,False,74.23192977905273,maintain
Samba-2016,2016-12-12,-34.94638,-35.352203,-38.76323,-9.567593,-13.690434,-17.49785,36.721943,30.558586,28.048954,-12.93,-14.65,-17.4,ripening,-14.62,1.41,6.91,Samba,MAINTAIN,MAINTAIN,False,71.6683235168457,maintain
Samba-2016,2016-12-13,-35.670277,-38.10602,-37.793167,-13.665589,-13.822818,-12.158261,37.332382,30.290762,27.017048,-14.65,-17.4,-20.25,ripening,-14.21,14.05,8.33,Samba,MAINTAIN,MAINTAIN,False,73.00265884399414,maintain
Samba-2016,2016-12-14,-37.949158,-40.49523,-41.97731,-15.949758,-17.416716,-20.466928,35.74564,30.425049,26.79129,-17.4,-20.25,-19.61,ripening,-16.8,2.6,8.459999999999999,Samba,MAINTAIN,MAINTAIN,False,73.69479751586914,maintain
Samba-2016,2016-12-15,-35.791492,-38.694454,-40.193405,-15.993435,-18.214272,-18.976768,36.4761,30.425049,26.79129,-20.25,-19.61,-22.4,ripening,-13.58,3.99,1.63,Samba,MAINTAIN,MAINTAIN,False,72.26759338378906,maintain
Samba-2016,2016-12-16,-37.75378,-38.916298,-38.761158,-15.590615,-14.596867,-20.559336,35.349796,30.393974,27.077528,-19.61,-22.4,-25.36,ripening,-19.03,0.16,3.71,Samba,MAINTAIN,MAINTAIN,False,73.10357666015625,maintain
Samba-2016,2016-12-17,-38.000626,-40.564247,-41.682693,-17.289265,-18.922071,-20.492205,36.741585,30.425049,26.79129,-22.4,-25.36,-28.25,ripening,-17.04,9.08,3.65,Samba,MAINTAIN,MAINTAIN,False,74.7422103881836,maintain
Samba-2016,2016-12-18,-42.724926,-45.75706,-46.313557,-24.452318,-23.930649,-26.849594,22.388273,27.510658,26.738075,-25.36,-28.25,-27.91,ripening,-26.48,2.88,3.62,Samba,MAINTAIN,MAINTAIN,False,73.26771926879883,maintain
Samba-2016,2016-12-19,-44.91791,-46.10077,-46.01727,-29.893246,-27.232492,-31.189133,17.019112,27.510658,26.498463,-28.25,-27.91,-30.12,ripening,-26.23,5.0,0.13,Samba,MAINTAIN,MAINTAIN,False,73.6114273071289,maintain
Samba-2016,2016-12-20,-47.665096,-47.662212,-47.66626,-30.845613,-31.690561,-29.539434,12.311955,23.551876,26.395744,-27.91,-30.12,-33.14,ripening,-32.1,0.53,3.1100000000000003,Samba,MAINTAIN,MAINTAIN,False,74.06200408935547,maintain
Samba-2016,2016-12-21,-47.0512,-47.121696,-49.371323,-32.60622,-29.400707,-34.42781,11.732908,27.644936,26.498463,-30.12,-33.14,-36.05,ripening,-28.91,0.0,3.71,Samba,MAINTAIN,MAINTAIN,False,75.86978530883789,maintain
Samba-2016,2016-12-22,-46.81958,-49.940342,-49.20233,-31.709726,-31.26156,-35.4168,12.076841,23.724201,26.16472,-33.14,-36.05,-38.93,ripening,-30.71,0.0,3.7,Samba,MAINTAIN,MAINTAIN,False,75.36705207824707,maintain
Samba-2016,2016-12-23,-45.23603,-46.415855,-47.868225,-32.252758,-28.84758,-31.052946,16.44006,27.644936,26.498463,-36.05,-38.93,-41.89,ripening,-23.92,2.88,0.6,Samba,MAINTAIN,MAINTAIN,False,74.3666877746582,maintain
Samba-2016,2016-12-24,-49.958714,-53.201305,-54.10952,-36.472275,-35.935207,-32.46669,12.1146755,23.551876,25.526192,-38.93,-41.89,-44.91,ripening,-37.35,0.63,0.0,Samba,MAINTAIN,MAINTAIN,False,79.63571166992188,maintain
Samba-2016,2016-12-25,-60.85973,-62.518074,-60.82574,-42.104073,-40.56815,-36.940887,9.806362,23.392603,25.526192,-41.89,-44.91,-46.45,ripening,-49.56,18.72,0.0,Samba,MAINTAIN,MAINTAIN,False,86.35193252563477,maintain
Samba-2016,2016-12-26,-52.509842,-54.892895,-55.603683,-42.04024,-37.340595,-29.31131,11.535628,23.392603,25.526192,-44.91,-46.45,-35.79,ripening,-34.91,15.56,0.0,Samba,MAINTAIN,MAINTAIN,False,81.12987518310547,maintain
Samba-2016,2016-12-27,-56.11281,-55.32031,-56.966103,-43.45716,-34.683247,-37.034313,10.471831,23.392603,25.94652,-46.45,-35.79,-38.15,ripening,-42.66,12.469999999999999,1.22,Samba,MAINTAIN,MAINTAIN,False,82.91262245178223,maintain
Samba-2016,2016-12-28,-53.46696,-52.91656,-55.554333,-30.636034,-29.37256,-28.675816,10.174845,23.985374,26.917946,-35.79,-38.15,-40.87,ripening,-47.11,2.22,14.450000000000001,Samba,MAINTAIN,MAINTAIN,False,82.4722785949707,maintain
Samba-2016,2016-12-29,-52.927895,-54.789963,-58.798527,-39.751503,-40.554203,-37.159298,11.535628,23.537445,25.791077,-38.15,-40.87,-43.64,ripening,-37.98,0.29000000000000004,14.770000000000001,Samba,MAINTAIN,MAINTAIN,False,84.58960342407227,maintain
Samba-2016,2016-12-30,-56.696793,-56.577297,-58.441975,-40.91369,-40.607735,-39.888325,10.471831,23.671732,25.526192,-40.87,-43.64,-46.1,ripening,-42.88,1.98,13.55,Samba,MAINTAIN,MAINTAIN,False,83.96816635131836,maintain
Samba-2016,2016-12-31,-49.10027,-51.51248,-53.58366,-39.4481,-32.4714,-33.46989,11.732908,23.699215,26.26002,-43.64,-46.1,-48.7,ripening,-31.18,8.28,0.32,Samba,MAINTAIN,MAINTAIN,False,79.84367942810059,maintain
Samba-2016,2017-01-01,-57.05749,-55.784122,-57.872272,-40.898487,-40.877087,-40.533913,10.471831,23.551876,25.791077,-46.1,-48.7,-51.55,ripening,-43.38,0.15,0.21,Samba,MAINTAIN,MAINTAIN,False,83.66334915161133,maintain
Samba-2016,2017-01-02,-66.66753,-66.68415,-66.12897,-47.71153,-46.08591,-41.48007,6.9358907,23.392603,25.791077,-48.7,-51.55,-54.37,ripening,-54.79,0.17,0.32,Samba,INSPECT,MAINTAIN,True,91.9200439453125,uncertainty_gate
Samba-2016,2017-01-03,-59.463512,-60.99874,-61.72386,-46.14899,-47.69284,-44.67496,10.174845,23.392603,25.791077,-51.55,-54.37,-57.08,ripening,-47.06,1.99,0.32,Samba,MAINTAIN,MAINTAIN,False,87.51493835449219,maintain
Samba-2016,2017-01-04,-58.564342,-60.434193,-62.359562,-47.050312,-47.411423,-48.58853,10.471831,23.52689,25.791077,-54.37,-57.08,-59.83,ripening,-45.52,1.53,0.11,Samba,MAINTAIN,MAINTAIN,False,88.15063858032227,maintain
Samba-2016,2017-01-05,-63.012566,-66.37578,-66.19129,-50.017765,-46.182728,-46.160645,8.9112215,23.52689,25.791077,-57.08,-59.83,-62.47,ripening,-53.59,1.99,0.0,Samba,INSPECT,MAINTAIN,True,91.98236846923828,uncertainty_gate
Samba-2016,2017-01-06,-67.97739,-68.23714,-67.20514,-57.34537,-50.53869,-48.46586,1.6548343,23.392603,25.791077,-59.83,-62.47,-65.12,ripening,-61.59,3.27,0.0,Samba,INSPECT,MAINTAIN,True,92.9962158203125,uncertainty_gate
Samba-2016,2017-01-07,-70.13971,-71.64325,-69.292946,-58.787426,-54.165802,-48.275627,1.5133665,23.392603,25.791077,-62.47,-65.12,-67.82,ripening,-64.79,0.0,0.0,Samba,INSPECT,MAINTAIN,True,95.08402252197266,uncertainty_gate
Samba-2016,2017-01-08,-71.3104,-72.24958,-69.84608,-61.68657,-55.55679,-48.436733,0.9443852,23.392603,25.730598,-65.12,-67.82,-70.53,ripening,-67.06,0.0,0.0,Samba,INSPECT,MAINTAIN,True,95.64218330383301,uncertainty_gate
Samba-2017,2017-08-22,-13.163232,-15.74839,-16.874268,19.165369,18.23153,17.276836,56.129124,53.874447,51.597103,18.19,13.47,16.83,establishment,24.54,13.24,6.739999999999998,Samba,MAINTAIN,MAINTAIN,False,69.62283706665039,maintain
Samba-2017,2017-08-23,-7.6199894,-11.527721,-11.965016,29.284168,27.660393,25.714722,59.77595,58.53851,59.812817,13.47,16.83,11.45,establishment,34.19,19.270000000000003,5.549999999999999,Samba,MAINTAIN,MAINTAIN,False,71.77783298492432,maintain
Samba-2017,2017-08-24,-17.88602,-16.675533,-19.867212,17.488596,14.266914,8.437098,53.888405,57.997673,53.800537,16.83,11.45,7.62,establishment,14.51,4.5,11.329999999999998,Samba,MAINTAIN,MAINTAIN,False,74.6732063293457,maintain
Samba-2017,2017-08-25,-22.511145,-26.717745,-30.254171,6.4418902,6.3407607,-7.7292657,51.765343,49.64125,47.802555,11.45,7.62,2.43,establishment,11.38,4.26,10.29,Samba,DELAY,MAINTAIN,False,78.05672645568848,threshold_delay
Samba-2017,2017-08-26,-25.208054,-27.199123,-30.462748,6.2985754,3.9008248,-7.7671595,51.168877,47.13157,46.910076,7.62,2.43,-3.61,establishment,10.04,1.38,11.309999999999999,Samba,DELAY,MAINTAIN,False,77.37282371520996,threshold_delay
Samba-2017,2017-08-27,-18.927208,-21.621866,-22.721344,10.809678,7.1871586,0.86161995,53.13087,50.392563,48.83395,2.43,-3.61,-9.35,establishment,15.38,2.64,4.509999999999998,Samba,DELAY,DELAY,False,72.05807876586914,threshold_delay
Samba-2017,2017-08-28,-28.723501,-31.20377,-33.33291,-4.871842,-11.188299,-11.298618,45.028503,45.591232,45.323254,-3.61,-9.35,-12.99,establishment,-4.04,3.83,3.9799999999999978,Samba,DELAY,DELAY,False,78.65616226196289,threshold_delay
Samba-2017,2017-08-29,-33.409462,-33.477234,-34.356808,-11.585377,-12.612166,-8.905956,44.195107,46.574306,44.602985,-9.35,-12.99,-15.57,establishment,-7.37,13.75,1.619999999999998,Samba,DELAY,IRRIGATE,False,80.05154037475586,threshold_delay
Samba-2017,2017-08-30,-31.53915,-32.61657,-31.441912,-9.820713,-11.105521,0.66817594,43.78931,46.20094,46.554977,-12.99,-15.57,-10.12,establishment,-3.82,24.869999999999997,3.0999999999999983,Samba,DELAY,IRRIGATE,False,78.81750869750977,threshold_delay
Samba-2017,2017-08-31,-35.80092,-38.52263,-41.372078,-11.614474,-14.647496,-18.086842,38.20586,34.094124,23.954067,-15.57,-10.12,-6.04,establishment,-14.35,13.69,5.189999999999998,Samba,DELAY,IRRIGATE,False,74.00677871704102,threshold_delay
Samba-2017,2017-09-01,-37.04685,-35.485504,-35.77842,-8.109814,-2.0179436,-8.886814,38.353844,30.339083,24.173294,-10.12,-6.04,-10.84,establishment,-16.12,28.77,13.929999999999998,Samba,DELAY,DELAY,False,75.40069198608398,threshold_delay
Samba-2017,2017-09-02,-30.656862,-30.429358,-31.911026,-2.0401645,-1.648719,-4.442506,39.012794,34.47945,40.75909,-6.04,-10.84,-13.53,tillering,-4.75,8.79,20.379999999999995,Samba,MAINTAIN,MAINTAIN,False,72.67011642456055,maintain
Samba-2017,2017-09-03,-33.953434,-33.346207,-35.86458,-14.029966,-11.850597,-8.11459,39.286713,36.03005,30.832813,-10.84,-13.53,-14.65,tillering,-9.62,10.31,19.299999999999997,Samba,MAINTAIN,MAINTAIN,False,73.24014663696289,maintain
Samba-2017,2017-09-04,-38.82668,-39.681065,-42.94152,-12.325733,-16.56892,-24.007841,37.159145,29.212269,18.256248,-13.53,-14.65,-16.35,tillering,-18.18,13.219999999999999,12.809999999999999,Samba,MAINTAIN,MAINTAIN,False,75.98582458496094,maintain
Samba-2017,2017-09-05,-39.59838,-39.84535,-38.496082,-14.618214,-15.952638,-17.22107,27.539415,26.63357,18.533232,-14.65,-16.35,-17.29,tillering,-20.47,30.42,7.679999999999998,Samba,MAINTAIN,MAINTAIN,False,67.13779640197754,maintain
Samba-2017,2017-09-06,-36.37337,-37.92375,-39.671425,-14.086462,-17.24458,-18.582232,37.10278,25.723738,18.307325,-16.35,-17.29,-15.24,tillering,-11.74,15.7,9.27,Samba,MAINTAIN,MAINTAIN,False,73.47615051269531,maintain
Samba-2017,2017-09-07,-38.024357,-38.509857,-37.875813,-12.755501,-15.268462,-20.202433,37.71569,26.472866,17.546192,-17.29,-15.24,-16.59,tillering,-15.05,13.15,10.829999999999998,Samba,MAINTAIN,MAINTAIN,False,75.74004745483398,maintain
Samba-2017,2017-09-08,-38.62251,-36.592113,-41.71449,-12.427135,-14.324426,-24.893156,27.500406,26.285162,17.969816,-15.24,-16.59,-20.49,tillering,-20.75,4.960000000000001,13.739999999999998,Samba,MAINTAIN,MAINTAIN,False,66.12291526794434,maintain
Samba-2017,2017-09-09,-39.989685,-40.190876,-43.44772,-15.723893,-19.721855,-27.164633,26.818113,25.555574,17.208683,-16.59,-20.49,-24.59,tillering,-21.03,4.66,14.109999999999996,Samba,MAINTAIN,MAINTAIN,False,66.80779838562012,maintain
Samba-2017,2017-09-10,-40.13173,-41.64064,-43.097176,-16.960335,-21.292425,-21.738024,37.55235,25.69846,17.546192,-20.49,-24.59,-27.9,tillering,-17.94,16.439999999999998,11.469999999999997,Samba,MAINTAIN,MAINTAIN,False,77.68407821655273,maintain
Samba-2017,2017-09-11,-38.517647,-41.477745,-41.986317,-16.969131,-18.662994,-17.90233,37.71569,25.69846,18.247824,-24.59,-27.9,-25.51,tillering,-14.91,21.049999999999997,5.539999999999998,Samba,MAINTAIN,MAINTAIN,False,76.23333740234375,maintain
Samba-2017,2017-09-12,-45.24389,-45.73115,-46.924587,-29.704523,-25.889996,-30.255762,16.578276,17.95497,13.794151,-27.9,-25.51,-25.12,tillering,-28.77,12.629999999999999,3.689999999999998,Samba,MAINTAIN,MAINTAIN,False,63.68612098693848,maintain
Samba-2017,2017-09-13,-48.121628,-46.879272,-45.61694,-25.215796,-24.826077,-27.740772,10.202503,11.419441,11.693134,-25.51,-25.12,-29.02,tillering,-31.21,21.02,9.04,Samba,MAINTAIN,MAINTAIN,False,58.32413101196289,maintain
Samba-2017,2017-09-14,-49.75989,-47.43645,-47.709126,-31.522003,-30.508272,-31.81563,10.007694,11.322926,12.454264,-25.12,-29.02,-25.82,tillering,-31.46,8.61,12.689999999999998,Samba,MAINTAIN,MAINTAIN,False,60.16338920593262,maintain
Samba-2017,2017-09-15,-47.840794,-47.764404,-49.028214,-34.41709,-26.81601,-39.06804,16.520447,15.906111,12.921325,-29.02,-25.82,-29.95,tillering,-26.96,15.88,11.829999999999998,Samba,MAINTAIN,MAINTAIN,False,64.36124038696289,maintain
Samba-2017,2017-09-16,-45.598194,-42.97545,-45.57727,-22.357862,-24.46137,-33.55014,16.715256,16.704254,12.459893,-25.82,-29.95,-33.11,tillering,-27.33,2.63,12.809999999999999,Samba,MAINTAIN,MAINTAIN,False,62.31344985961914,maintain
Samba-2017,2017-09-17,-40.878143,-43.265747,-45.706795,-17.719128,-25.306072,-36.561874,31.23155,23.649597,17.308023,-29.95,-33.11,-38.45,tillering,-15.24,2.32,9.069999999999999,Samba,MAINTAIN,MAINTAIN,False,72.10969352722168,maintain
Samba-2017,2017-09-18,-45.41523,-46.16079,-49.55796,-30.00911,-28.667109,-39.177383,16.61508,17.95497,13.131125,-33.11,-38.45,-43.81,tillering,-28.86,0.46,10.839999999999998,Samba,MAINTAIN,MAINTAIN,False,64.11575889587402,maintain
Samba-2017,2017-09-19,-51.098236,-54.1077,-56.784836,-37.503853,-43.416153,-48.553257,10.202503,9.229861,10.389212,-38.45,-43.81,-49.22,tillering,-33.38,2.2600000000000002,3.3499999999999983,Samba,MAINTAIN,MAINTAIN,False,67.17404747009277,maintain
Samba-2017,2017-09-20,-52.83151,-55.07864,-58.755848,-40.870815,-43.37137,-51.527077,10.007694,9.052642,8.66137,-43.81,-49.22,-54.25,tillering,-34.14,1.35,2.5199999999999982,Samba,MAINTAIN,MAINTAIN,False,67.41721820831299,maintain
Samba-2017,2017-09-21,-56.02442,-58.13725,-61.78915,-46.143345,-52.152637,-52.51737,9.442333,9.052642,8.66137,-49.22,-54.25,-58.33,tillering,-40.33,9.94,0.20999999999999822,Samba,MAINTAIN,MAINTAIN,False,70.4505205154419,maintain
Samba-2017,2017-09-22,-61.677624,-66.65567,-68.12302,-49.43832,-55.130802,-47.007496,8.415588,7.033952,6.23041,-54.25,-58.33,-53.11,tillering,-52.11,25.46,0.21999999999999822,Samba,MAINTAIN,MAINTAIN,False,74.35342645645142,maintain
Samba-2017,2017-09-23,-56.901043,-58.081734,-58.748352,-51.146233,-49.73014,-42.418022,9.442333,9.002276,10.196389,-58.33,-53.11,-50.21,tillering,-42.74,23.06,0.7599999999999982,Samba,MAINTAIN,MAINTAIN,False,68.94474124908447,maintain
Samba-2017,2017-09-24,-61.93175,-63.257927,-67.02448,-52.44787,-41.32516,-39.131542,-0.39767033,4.6434793,2.4492655,-53.11,-50.21,-51.5,tillering,-58.45,16.77,9.799999999999999,Samba,MAINTAIN,MAINTAIN,False,69.47374820709229,maintain
Samba-2017,2017-09-25,-58.286568,-60.49119,-60.38011,-46.082676,-44.73248,-38.2691,8.415588,7.9596252,6.203655,-50.21,-51.5,-50.32,tillering,-51.93,21.740000000000002,16.38,Samba,MAINTAIN,MAINTAIN,False,68.4508171081543,maintain
Samba-2017,2017-09-26,-56.79876,-58.258675,-58.494934,-45.574783,-47.075806,-42.71283,9.251078,8.958135,8.66137,-51.5,-50.32,-45.4,stem_elongation,-47.45,14.670000000000002,18.89,Samba,MAINTAIN,MAINTAIN,False,67.21680927276611,maintain
Samba-2017,2017-09-27,-57.823048,-59.67525,-60.15314,-41.82374,-41.69053,-45.2823,9.156733,8.552758,8.600215,-50.32,-45.4,-50.64,stem_elongation,-49.77,12.72,15.369999999999997,Samba,MAINTAIN,MAINTAIN,False,68.75335597991943,maintain
Samba-2017,2017-09-28,-52.148827,-53.241302,-54.65305,-37.18983,-38.514797,-39.248917,9.442333,9.756274,8.66137,-45.4,-50.64,-55.64,stem_elongation,-42.69,0.35,17.81,Samba,MAINTAIN,MAINTAIN,False,63.314419746398926,maintain
Samba-2017,2017-09-29,-57.86775,-62.30707,-64.72549,-43.844864,-51.157726,-54.571815,9.156733,8.189857,8.79308,-50.64,-55.64,-60.0,stem_elongation,-48.35,0.9,14.799999999999999,Samba,MAINTAIN,MAINTAIN,False,73.51856708526611,maintain
Samba-2017,2017-09-30,-58.25796,-62.12466,-66.018715,-45.319477,-53.283398,-56.270283,9.251078,9.436299,9.456105,-55.64,-60.0,-64.59,stem_elongation,-46.72,1.8599999999999999,9.54,Samba,MAINTAIN,MAINTAIN,False,75.47482013702393,maintain
Samba-2017,2017-10-01,-65.24962,-69.27169,-73.25864,-54.116642,-58.804752,-56.554848,3.744287,3.8008416,5.4840083,-60.0,-64.59,-66.17,stem_elongation,-54.82,5.1000000000000005,0.7299999999999982,Samba,MAINTAIN,MAINTAIN,False,78.74264478683472,maintain
Samba-2017,2017-10-02,-66.80031,-71.87744,-73.59243,-59.74154,-58.216347,-48.180565,0.2886576,3.6015303,6.4074483,-64.59,-66.17,-65.52,stem_elongation,-55.09,12.39,0.9599999999999983,Samba,MAINTAIN,MAINTAIN,False,79.99987840652466,maintain
Samba-2017,2017-10-03,-68.77619,-69.3662,-72.51223,-58.449085,-49.311687,-37.263783,-1.2474289,4.675374,7.1311917,-66.17,-65.52,-63.22,stem_elongation,-65.66,25.99,3.3099999999999983,Samba,MAINTAIN,MAINTAIN,False,79.64342164993286,maintain
Samba-2017,2017-10-04,-72.80256,-74.59517,-74.55267,-66.05277,-59.828728,-52.140327,-9.747467,3.8253953,1.3265858,-65.52,-63.22,-62.08,stem_elongation,-67.92,9.169999999999998,7.709999999999999,Samba,MAINTAIN,MAINTAIN,False,78.42056441307068,maintain
Samba-2017,2017-10-05,-68.409294,-72.013306,-70.07727,-60.433434,-54.381294,-44.181274,-2.9268444,6.3478475,6.421265,-63.22,-62.08,-65.86,stem_elongation,-61.86,5.069999999999999,13.569999999999997,Samba,MAINTAIN,MAINTAIN,False,78.36115312576294,maintain
Samba-2017,2017-10-06,-67.33275,-69.80851,-67.37637,-59.36097,-55.51536,-49.136276,-1.1248858,6.532375,6.421265,-62.08,-65.86,-69.07,stem_elongation,-61.43,4.89,15.369999999999997,Samba,MAINTAIN,MAINTAIN,False,76.34088468551636,maintain
Samba-2017,2017-10-07,-69.22147,-72.00198,-74.757355,-62.819492,-59.40638,-53.41335,-1.3869176,6.7314997,6.0317492,-65.86,-69.07,-69.98,stem_elongation,-66.18,7.67,11.249999999999996,Samba,MAINTAIN,MAINTAIN,False,80.78910398483276,maintain
Samba-2017,2017-10-08,-68.14322,-70.66827,-72.70831,-61.656258,-57.116417,-50.876736,-1.0418844,5.3193803,6.4074483,-69.07,-69.98,-71.33,stem_elongation,-59.13,10.45,6.289999999999997,Samba,MAINTAIN,MAINTAIN,False,79.11576128005981,maintain
Samba-2017,2017-10-09,-69.652954,-69.5984,-70.74445,-60.37756,-53.635128,-43.346386,-1.2474289,4.8061266,6.5566635,-69.98,-71.33,-66.61,stem_elongation,-65.41,16.42,4.719999999999997,Samba,MAINTAIN,MAINTAIN,False,77.30111694335938,maintain
Samba-2017,2017-10-10,-74.907585,-75.8997,-73.021935,-68.896835,-59.00227,-53.7291,-10.126698,3.1743045,3.0473464,-71.33,-66.61,-66.22,stem_elongation,-70.35,24.29,6.549999999999997,Samba,MAINTAIN,MAINTAIN,False,79.0740008354187,maintain
Samba-2017,2017-10-11,-75.106384,-75.76315,-72.34442,-65.59562,-56.48917,-46.29333,-11.161898,4.2445354,42.400494,-66.61,-66.22,-67.75,stem_elongation,-73.67,20.35,13.609999999999996,Samba,INSPECT,MAINTAIN,True,114.74491500854492,uncertainty_gate
Samba-2017,2017-10-12,-70.228905,-73.66437,-75.27326,-61.187916,-54.745373,-29.144194,-2.9268444,6.4249787,51.975304,-66.22,-67.75,46.61,stem_elongation,-64.79,11.79,15.789999999999996,Samba,INSPECT,MAINTAIN,True,127.24856567382812,uncertainty_gate
Samba-2017,2017-10-13,-70.19684,-72.06919,-67.15066,-60.663197,-45.11747,-26.276527,-1.6600425,42.336433,51.834557,-67.75,46.61,41.79,stem_elongation,-62.92,20.09,15.229999999999997,Samba,INSPECT,MAINTAIN,True,118.98521423339844,uncertainty_gate
Samba-2017,2017-10-14,-74.22916,-76.44824,-39.569736,-12.724099,32.335697,31.611568,58.181877,56.09082,58.483646,46.61,41.79,38.0,panicle_initiation,-75.72,6.79,13.729999999999997,Samba,IRRIGATE,MAINTAIN,False,132.5390625,agronomic_irrigate
Samba-2017,2017-10-15,-2.6558442,-5.1383743,-9.582735,40.606457,35.44567,30.426699,61.092865,57.753696,56.78004,41.79,38.0,33.27,panicle_initiation,48.49,3.31,10.119999999999994,Samba,DELAY,MAINTAIN,False,66.3627758026123,agronomic_delay
Samba-2017,2017-10-16,-1.5548685,-4.312879,-8.359156,40.123833,34.655643,31.769424,60.02526,60.749187,56.890785,38.0,33.27,26.33,panicle_initiation,45.05,1.17,10.259999999999994,Samba,DELAY,MAINTAIN,False,65.24994087219238,agronomic_delay
Samba-2017,2017-10-17,-13.043866,-15.394589,-17.617205,25.34202,20.780828,18.828674,53.018387,53.917423,54.455704,33.27,26.33,20.34,panicle_initiation,26.24,0.9400000000000001,4.759999999999996,Samba,DELAY,MAINTAIN,False,72.07290840148926,agronomic_delay
Samba-2017,2017-10-18,-7.6199894,-11.810167,-9.877947,28.803925,25.10849,28.062563,59.218105,56.46118,58.949802,26.33,20.34,15.09,panicle_initiation,34.25,32.06,3.4399999999999964,Samba,DELAY,MAINTAIN,False,68.82774925231934,agronomic_delay
Samba-2017,2017-10-19,-9.4654875,-12.931823,-15.7809305,26.37711,21.861204,21.310783,56.18764,55.087044,54.372257,20.34,15.09,16.4,panicle_initiation,29.8,11.14,1.5599999999999965,Samba,DELAY,MAINTAIN,False,70.15318775177002,agronomic_delay
Samba-2017,2017-10-20,-13.163232,-16.21149,-13.843973,21.043583,23.193325,24.66533,52.897236,53.73066,55.093357,15.09,16.4,14.67,panicle_initiation,23.24,20.740000000000002,1.0899999999999965,Samba,DELAY,DELAY,False,69.9421501159668,agronomic_delay
Samba-2017,2017-10-21,-14.547196,-12.006534,-13.273706,20.860762,23.054071,26.243795,52.172375,58.424004,57.34438,16.4,14.67,74.38,panicle_initiation,19.1,5.08,8.249999999999996,Samba,DELAY,DELAY,False,70.61808586120605,agronomic_delay
Samba-2017,2017-10-22,-19.055157,-18.063282,-17.696651,15.580027,12.025409,19.420391,49.84188,53.280975,55.096878,14.67,74.38,69.4,panicle_initiation,14.76,2.15,12.649999999999997,Samba,DELAY,DELAY,False,72.79352951049805,agronomic_delay
Samba-2017,2017-10-23,-24.335302,-25.301348,-24.383135,6.50238,8.713515,19.629711,48.091824,53.19441,55.30791,74.38,69.4,65.7,panicle_initiation,9.47,7.7700000000000005,12.469999999999995,Samba,DELAY,MAINTAIN,False,79.6910457611084,agronomic_delay
Samba-2017,2017-10-24,9.487433,8.642,7.5353665,53.689587,50.25889,48.947144,72.21672,73.249374,68.318756,69.4,65.7,63.17,panicle_initiation,65.38,11.54,5.909999999999997,Samba,MAINTAIN,MAINTAIN,False,64.60737419128418,maintain
Samba-2017,2017-10-25,21.49074,19.20797,17.486408,66.715866,65.34053,71.293106,78.47789,84.151764,84.91965,65.7,63.17,63.53,panicle_initiation,74.86,26.310000000000002,3.2899999999999965,Samba,MAINTAIN,MAINTAIN,False,67.4332389831543,maintain
Samba-2017,2017-10-26,13.829412,11.384377,9.669766,63.1462,61.714767,59.05973,76.69697,77.9044,74.55219,63.17,63.53,65.95,panicle_initiation,69.22,12.17,6.069999999999997,Samba,MAINTAIN,MAINTAIN,False,66.52002716064453,maintain
Samba-2017,2017-10-27,13.406664,11.83815,11.045639,65.09059,71.869545,70.8871,76.95275,79.80126,80.45623,63.53,65.95,62.49,panicle_initiation,69.01,55.540000000000006,11.709999999999997,Samba,MAINTAIN,MAINTAIN,False,69.41059112548828,maintain
Samba-2017,2017-10-28,9.852521,12.977709,14.443037,67.71487,68.93692,81.48345,74.79907,81.05596,93.871086,65.95,62.49,95.82,flowering,59.9,67.69999999999999,17.31,Samba,MAINTAIN,MAINTAIN,False,79.42804908752441,maintain
Samba-2017,2017-10-29,13.978106,11.791783,10.4093895,60.593426,64.92279,66.50123,76.73255,79.904854,85.02728,62.49,95.82,95.87,flowering,69.97,121.02,16.199999999999996,Samba,MAINTAIN,MAINTAIN,False,74.61789321899414,maintain
Samba-2017,2017-10-30,7.0353136,8.840553,10.941983,76.059944,83.5251,82.29167,93.315216,95.602104,96.91892,95.82,95.87,95.93,flowering,54.98,72.17,63.349999999999994,Samba,MAINTAIN,MAINTAIN,False,86.76155090332031,maintain
Samba-2017,2017-10-31,28.29766,28.019316,27.556587,92.67755,92.578,95.82874,97.913124,98.340096,98.43313,95.87,95.93,95.8,flowering,91.47,43.26,81.1,Samba,MAINTAIN,MAINTAIN,False,70.87654113769531,agronomic_hold
Samba-2017,2017-11-01,28.78687,28.262384,27.775324,94.215805,95.417206,97.3728,98.03771,98.387054,98.53217,95.93,95.8,95.66,flowering,96.5,91.75999999999999,89.69,Samba,MAINTAIN,MAINTAIN,False,70.75684928894043,agronomic_hold
Samba-2017,2017-11-02,28.78687,28.262384,27.838026,96.65592,96.45601,97.52989,97.99802,98.387054,98.38701,95.8,95.66,96.08,flowering,99.25,96.99000000000001,58.15,Samba,MAINTAIN,MAINTAIN,False,70.54898262023926,agronomic_hold
Samba-2017,2017-11-03,28.78687,28.262384,27.838026,96.15642,96.696686,96.96822,97.811745,98.30746,98.62842,95.66,96.08,95.47,flowering,104.2,114.84,61.11,Samba,MAINTAIN,MAINTAIN,False,70.79039192199707,agronomic_hold
Samba-2017,2017-11-04,28.78687,28.262384,27.838026,96.41877,96.64004,96.321815,98.18462,98.387054,98.648834,96.08,95.47,96.31,flowering,94.46,37.57,91.27,Samba,MAINTAIN,MAINTAIN,False,70.8108081817627,agronomic_hold
Samba-2017,2017-11-05,28.78687,28.262384,27.838026,96.22161,96.56091,96.87505,97.811745,98.080284,98.274376,95.47,96.31,95.92,flowering,91.75,40.89,89.86999999999999,Samba,MAINTAIN,MAINTAIN,False,70.43634986877441,agronomic_hold
Samba-2017,2017-11-06,28.78687,28.262384,27.838026,96.59376,97.03172,96.1751,98.39139,98.43436,98.45985,96.31,95.92,95.88,flowering,90.88,23.71,74.4,Samba,MAINTAIN,MAINTAIN,False,70.6218204498291,agronomic_hold
Samba-2017,2017-11-07,28.78687,28.262384,27.838026,96.35986,96.21665,94.553406,98.03771,98.377,97.77568,95.92,95.88,90.77,flowering,92.87,26.85,43.71,Samba,MAINTAIN,MAINTAIN,False,70.11461448669434,agronomic_hold
Samba-2017,2017-11-08,28.78687,28.262384,27.66448,96.55057,94.139404,93.63163,98.01232,96.434555,96.38977,95.88,90.77,95.61,flowering,107.03,25.490000000000002,33.06,Samba,MAINTAIN,MAINTAIN,False,69.2254524230957,agronomic_hold
Samba-2017,2017-11-09,28.636675,25.912949,26.896173,88.19605,87.32501,89.72281,93.991,95.9945,93.97071,90.77,95.61,95.56,flowering,99.66,50.07,20.479999999999997,Samba,MAINTAIN,MAINTAIN,False,70.08155059814453,agronomic_hold
Samba-2017,2017-11-10,28.78687,28.262384,27.806173,96.270615,96.71205,93.6326,97.76866,98.22952,97.707436,95.61,95.56,92.02,flowering,96.33,15.63,33.84,Samba,MAINTAIN,MAINTAIN,False,69.96713829040527,agronomic_hold
Samba-2017,2017-11-11,28.78687,28.262384,27.66448,96.15972,95.712555,92.6497,97.76866,96.651024,96.73498,95.56,92.02,88.05,flowering,94.42,20.439999999999998,32.22,Samba,MAINTAIN,MAINTAIN,False,69.07049751281738,agronomic_hold
Samba-2017,2017-11-12,28.78687,27.563976,27.007027,93.06275,89.884895,92.75136,96.2262,94.44267,97.278656,92.02,88.05,90.95,flowering,95.55,18.33,33.03,Samba,MAINTAIN,MAINTAIN,False,70.2716293334961,agronomic_hold
Samba-2017,2017-11-13,28.636675,25.912949,26.896173,89.38307,86.90725,85.52791,94.169075,92.51281,91.09124,88.05,90.95,94.17,flowering,95.52,13.47,10.68,Samba,MAINTAIN,MAINTAIN,False,66.59986114501953,agronomic_hold
Samba-2017,2017-11-14,28.78687,28.262384,27.480734,92.474724,95.642914,89.299835,96.15819,98.055786,96.87619,90.95,94.17,91.69,flowering,85.52,11.32,10.21,Samba,MAINTAIN,MAINTAIN,False,69.79340171813965,agronomic_hold
Samba-2017,2017-11-15,28.78687,28.180075,26.286888,90.21648,89.08879,83.18929,97.28139,96.19197,93.64467,94.17,91.69,87.27,grain_filling,89.49,1.1,16.94,Samba,DRAIN,DRAIN,False,68.4945182800293,bund_drain
Samba-2017,2017-11-16,28.78687,27.563976,26.508793,88.05571,86.04306,84.10115,96.358635,94.472984,91.75805,91.69,87.27,82.72,grain_filling,90.8,1.31,17.41,Samba,DRAIN,DRAIN,False,67.5717658996582,bund_drain
Samba-2017,2017-11-17,28.78687,27.563976,25.752272,84.63668,82.0528,77.58184,95.224655,92.33221,90.4212,87.27,82.72,79.88,grain_filling,89.45,2.9299999999999997,9.690000000000001,Samba,DRAIN,DRAIN,False,66.43778610229492,bund_drain
Samba-2017,2017-11-18,28.727095,26.611109,24.970346,79.81329,78.93541,74.88268,89.111725,89.27339,90.04137,82.72,79.88,78.04,grain_filling,87.51,4.01,1.9500000000000002,Samba,DRAIN,DRAIN,False,65.07102012634277,bund_drain
Samba-2017,2017-11-19,23.330864,23.163937,22.15372,76.35175,74.94506,72.408844,86.80947,87.25909,89.88121,79.88,78.04,77.57,grain_filling,78.61,7.68,1.1800000000000002,Samba,MAINTAIN,MAINTAIN,False,67.72748947143555,maintain
Samba-2017,2017-11-20,24.896957,25.172668,23.719845,76.95596,77.390884,76.375175,86.79641,90.25587,89.8438,78.04,77.57,75.11,grain_filling,81.31,7.180000000000001,3.0700000000000003,Samba,MAINTAIN,MAINTAIN,False,66.12395858764648,maintain
Samba-2017,2017-11-21,23.511974,26.04577,24.712954,76.60767,80.498344,77.53562,88.250595,94.647766,90.36308,77.57,75.11,70.88,grain_filling,79.46,3.17,5.93,Samba,MAINTAIN,MAINTAIN,False,68.60199546813965,maintain
Samba-2017,2017-11-22,23.330864,23.547428,22.306208,76.98449,73.5236,70.430405,86.06973,88.010254,83.00292,75.11,70.88,66.91,grain_filling,76.67,2.93,6.039999999999999,Samba,MAINTAIN,MAINTAIN,False,64.46282577514648,maintain
Samba-2017,2017-11-23,14.557735,13.920119,13.898197,68.1057,64.78746,70.1521,80.92773,79.17701,89.7353,70.88,66.91,64.75,grain_filling,70.97,30.24,4.12,Samba,MAINTAIN,MAINTAIN,False,75.83710098266602,maintain
Samba-2017,2017-11-24,14.190785,13.439609,13.670934,65.03107,63.836338,73.30349,78.47382,78.322334,95.07554,66.91,64.75,80.01,grain_filling,71.4,38.04,1.52,Samba,MAINTAIN,MAINTAIN,False,81.4046049118042,maintain
Samba-2017,2017-11-25,9.948837,10.430909,12.1759205,64.94355,68.43869,75.12039,74.842064,78.1317,98.119644,64.75,80.01,88.02,grain_filling,64.39,39.44,1.81,Samba,MAINTAIN,MAINTAIN,False,85.94372367858887,maintain
Samba-2017,2017-11-26,10.008613,13.509617,16.020535,80.40828,79.63163,86.32841,89.615944,96.34153,98.13686,80.01,88.02,92.43,grain_filling,64.98,42.93,20.45,Samba,MAINTAIN,MAINTAIN,False,82.83191299438477,maintain
Samba-2017,2017-11-27,28.29766,28.019316,27.61929,90.17296,95.207855,95.34537,98.515114,98.69422,98.611885,88.02,92.43,96.53,grain_filling,85.5,88.46000000000001,31.6,Samba,DRAIN,DRAIN,False,70.99259567260742,bund_drain
Samba-2017,2017-11-28,24.956732,27.081528,26.798853,89.76196,94.541115,96.871284,95.33037,97.95937,98.57573,92.43,96.53,97.15,grain_filling,81.76,127.86,38.28,Samba,MAINTAIN,MAINTAIN,False,71.77687644958496,maintain
Samba-2017,2017-11-29,28.78687,28.262384,27.838026,97.7895,97.01,97.78225,98.59876,98.67417,98.84239,96.53,97.15,97.17,grain_filling,103.3,86.63,44.39,Samba,DRAIN,DRAIN,False,71.00436592102051,bund_drain
Samba-2017,2017-11-30,28.78687,28.262384,27.838026,97.4806,97.26675,97.47964,98.90433,98.98112,98.99174,97.15,97.17,96.54,grain_filling,96.17,82.31,56.97,Samba,DRAIN,DRAIN,False,71.15371131896973,bund_drain
Samba-2017,2017-12-01,28.78687,28.262384,27.838026,97.24661,97.05515,96.620255,98.90433,99.044426,98.84506,97.17,96.54,96.76,grain_filling,99.21,30.83,90.14,Samba,DRAIN,DRAIN,False,71.00703620910645,bund_drain
Samba-2017,2017-12-02,28.78687,28.262384,27.480734,97.13638,96.26435,93.94632,98.59876,98.479805,96.29634,96.54,96.76,93.8,grain_filling,93.41,6.779999999999999,98.38,Samba,DRAIN,DRAIN,False,70.21742057800293,bund_drain
Samba-2017,2017-12-03,28.78687,28.262384,27.307188,96.4621,93.79693,90.64133,98.66412,96.84655,94.21977,96.76,93.8,92.23,grain_filling,102.25,2.9699999999999998,80.56,Samba,DRAIN,DRAIN,False,69.87725448608398,bund_drain
Samba-2017,2017-12-04,28.78687,27.563976,26.707207,93.59498,89.82561,87.82339,96.63879,93.99189,94.20424,93.8,92.23,89.62,ripening,96.13,2.7799999999999994,39.29,Samba,DRAIN,DRAIN,False,67.8519172668457,bund_drain
Samba-2017,2017-12-05,28.78687,27.563976,26.649734,91.80902,88.99012,86.22063,94.89887,93.70487,92.22437,92.23,89.62,86.5,ripening,91.83,0.43,7.71,Samba,DRAIN,DRAIN,False,66.14089584350586,bund_drain
Samba-2017,2017-12-06,28.78687,27.029629,26.379492,86.936424,85.34908,82.76688,91.41355,90.479,92.77059,89.62,86.5,83.15,ripening,89.35,11.43,1.8,Samba,DRAIN,DRAIN,False,66.39109992980957,bund_drain
Samba-2017,2017-12-07,28.78687,27.029629,26.379492,85.222336,82.73739,81.868805,90.796555,90.33573,91.08866,86.5,83.15,79.7,ripening,88.28,2.73,1.77,Samba,DRAIN,DRAIN,False,64.70916938781738,bund_drain
Samba-2017,2017-12-08,28.78687,27.029629,26.253931,84.43948,83.65259,79.688545,90.5021,91.01045,91.95742,83.15,79.7,76.61,ripening,88.59,1.44,0.35,Samba,DRAIN,DRAIN,False,65.70348930358887,bund_drain
Samba-2017,2017-12-09,28.55648,26.40038,24.587675,82.30154,80.05313,74.99041,88.02012,87.13193,87.674484,79.7,76.61,73.59,ripening,84.01,0.39,0.07,Samba,MAINTAIN,MAINTAIN,False,63.086809158325195,maintain
Samba-2017,2017-12-10,23.511974,24.662159,23.286575,73.485596,74.776695,72.089165,85.73763,84.37393,85.1418,76.61,73.59,70.51,ripening,79.5,3.6199999999999997,0.11000000000000001,Samba,MAINTAIN,MAINTAIN,False,62.22565841674805,maintain
Samba-2017,2017-12-11,16.813807,15.830942,15.408786,69.33265,66.4426,63.712856,81.48053,81.58839,77.57057,73.59,70.51,67.4,ripening,73.05,6.05,0.27,Samba,MAINTAIN,MAINTAIN,False,65.75744438171387,maintain
Samba-2017,2017-12-12,13.497083,12.241031,11.430705,63.60076,62.045006,59.700428,78.16842,76.01333,76.962395,70.51,67.4,64.46,ripening,69.74,0.97,0.29,Samba,MAINTAIN,MAINTAIN,False,65.53168964385986,maintain
Samba-2017,2017-12-13,11.253365,10.713869,10.951864,62.655327,60.43668,57.723583,74.937096,74.32974,76.237144,67.4,64.46,61.84,ripening,68.21,1.1199999999999999,0.24,Samba,MAINTAIN,MAINTAIN,False,65.28528022766113,maintain
Samba-2017,2017-12-14,13.497083,12.057876,11.257881,61.714706,59.923065,57.35553,74.97622,73.33613,75.69146,64.46,61.84,58.96,ripening,69.7,0.28,0.19,Samba,MAINTAIN,MAINTAIN,False,64.43357849121094,maintain
Samba-2017,2017-12-15,11.253365,10.713869,10.951864,60.900105,60.309853,56.704372,74.45004,73.62122,75.88944,61.84,58.96,56.09,ripening,67.77,0.09999999999999999,0.5,Samba,MAINTAIN,MAINTAIN,False,64.93757820129395,maintain
Samba-2017,2017-12-16,9.948837,10.430909,10.779036,61.040207,60.859966,55.556248,73.87029,72.91147,75.66356,58.96,56.09,53.02,ripening,65.83,0.8,0.5700000000000001,Samba,MAINTAIN,MAINTAIN,False,64.88452339172363,maintain
Samba-2017,2017-12-17,7.466287,10.430909,10.601833,56.39323,57.93457,58.36474,71.28997,72.36654,81.50552,56.09,53.02,52.81,ripening,58.95,11.95,0.45,Samba,MAINTAIN,MAINTAIN,False,70.90369033813477,maintain
Samba-2017,2017-12-18,7.466287,5.215619,4.0940833,53.859077,50.10309,48.26032,70.62005,70.232,82.801445,53.02,52.81,51.35,ripening,58.01,11.239999999999998,0.13000000000000006,Samba,MAINTAIN,MAINTAIN,False,78.70736169815063,maintain
Samba-2017,2017-12-19,3.851724,1.6619852,0.21901563,49.77566,50.026333,45.85414,65.50073,68.238686,82.353645,52.81,51.35,54.76,ripening,52.18,14.440000000000001,2.7800000000000002,Samba,MAINTAIN,MAINTAIN,False,82.13462969660759,maintain
Samba-2017,2017-12-20,-1.2975113,-4.1678624,-4.4045115,44.30292,43.840828,42.0313,59.836502,62.248425,74.424164,51.35,54.76,52.61,ripening,44.1,15.23,4.2700000000000005,Samba,MAINTAIN,MAINTAIN,False,78.82867527008057,maintain
Samba-2017,2017-12-21,2.838216,1.6716182,-2.3338966,48.926,45.41462,44.71098,62.986572,66.3769,75.89534,54.76,52.61,49.69,ripening,50.27,2.03,10.850000000000001,Samba,MAINTAIN,MAINTAIN,False,78.2292366027832,maintain
Samba-2017,2017-12-22,3.8217175,1.419427,-1.5146518,45.6765,44.154636,41.83373,65.62188,69.07965,74.96729,52.61,49.69,46.68,ripening,52.88,2.4,8.98,Samba,MAINTAIN,MAINTAIN,False,76.48194456100464,maintain
Samba-2017,2017-12-23,-1.2975113,-4.1678624,-6.2943726,42.05303,40.42408,36.68982,59.525,63.65735,74.050026,49.69,46.68,44.17,ripening,47.41,4.14,7.56,Samba,MAINTAIN,MAINTAIN,False,80.34439849853516,maintain
Samba-2017,2017-12-24,-1.5926616,-4.3134303,-7.308326,41.1562,37.97606,34.934193,59.437202,63.342613,68.14601,46.68,44.17,41.19,ripening,46.85,0.39,1.1,Samba,MAINTAIN,MAINTAIN,False,75.45433712005615,maintain
Samba-2017,2017-12-25,-1.5926616,-4.3134303,-7.308326,40.76593,37.662632,34.94503,59.34567,61.211994,67.808205,44.17,41.19,38.24,ripening,47.36,0.04,0.86,Samba,MAINTAIN,MAINTAIN,False,75.116530418396,maintain
Samba-2017,2017-12-26,-7.432355,-11.296297,-13.410233,34.05849,30.15671,30.985756,58.28534,59.366676,67.25936,41.19,38.24,35.24,ripening,38.5,0.01,0.78,Samba,MAINTAIN,MAINTAIN,False,80.66959381103516,maintain
Samba-2017,2017-12-27,-7.6199894,-11.376877,-12.642453,32.842793,30.5538,31.843243,58.384506,61.61653,72.28504,38.24,35.24,32.09,ripening,37.64,2.6,0.65,Samba,MAINTAIN,MAINTAIN,False,84.92749500274658,maintain
Samba-2017,2017-12-28,-1.7120273,-4.5395737,-7.4874787,38.88664,36.958336,35.01195,59.845352,62.069305,65.65582,35.24,32.09,28.91,ripening,45.98,0.01,0.04,Samba,MAINTAIN,MAINTAIN,False,73.143301486969,maintain
Samba-2017,2017-12-29,-12.457188,-14.850934,-16.415602,27.215752,20.7235,19.956858,51.688515,53.68324,49.46466,32.09,28.91,25.61,ripening,27.23,0.36000000000000004,0.01,Samba,MAINTAIN,MAINTAIN,False,68.53417301177979,maintain
Samba-2017,2017-12-30,-9.228208,-12.602895,-15.405612,29.992275,26.299429,24.54413,55.32285,52.5888,50.731926,28.91,25.61,22.11,ripening,31.17,0.04,0.0,Samba,MAINTAIN,MAINTAIN,False,66.1375379562378,maintain
Samba-2017,2017-12-31,-13.163232,-16.368551,-19.134699,23.708261,19.76915,16.64087,51.41846,49.469612,48.640102,25.61,22.11,18.7,ripening,23.08,1.77,0.01,Samba,MAINTAIN,MAINTAIN,False,67.77480125427246,maintain
Samba-2017,2018-01-01,-13.443783,-16.419771,-19.368254,18.135393,16.865778,16.394836,51.300316,49.30223,44.103477,22.11,18.7,15.49,ripening,21.85,0.01,0.02,Samba,MAINTAIN,MAINTAIN,False,65.72200202941895,maintain
Samba-2017,2018-01-02,-15.03918,-16.461905,-19.285517,17.98909,14.546744,16.49702,49.09012,49.30223,44.103477,18.7,15.49,12.24,ripening,21.12,0.0,0.03,Samba,MAINTAIN,MAINTAIN,False,65.76413536071777,maintain
Samba-2017,2018-01-03,-19.407825,-21.163176,-23.335506,11.046619,7.3871813,3.961002,46.115837,47.452164,43.84831,15.49,12.24,8.97,ripening,13.76,0.78,0.019999999999999997,Samba,MAINTAIN,MAINTAIN,False,68.6153392791748,maintain
Samba-2017,2018-01-04,-16.892893,-18.344534,-20.167105,14.352612,7.357835,8.420099,47.900127,48.78161,44.413273,12.24,8.97,5.6,ripening,18.36,0.0,0.01,Samba,MAINTAIN,MAINTAIN,False,67.12614250183105,maintain
Samba-2017,2018-01-05,-16.7916,-18.344534,-19.83261,14.731619,8.657553,15.681606,47.900127,48.78161,44.413273,8.97,5.6,2.27,ripening,19.0,0.07,0.0,Samba,MAINTAIN,MAINTAIN,False,67.12614250183105,maintain
Samba-2017,2018-01-06,-19.498257,-21.163176,-23.43182,9.330649,5.135108,4.3285737,45.118565,47.452164,43.84831,5.6,2.27,-1.15,ripening,13.18,11.79,0.0,Samba,MAINTAIN,MAINTAIN,False,68.6153392791748,maintain
Samba-2017,2018-01-07,-24.335302,-26.681795,-27.551233,2.7073755,3.8168504,2.3005924,44.23378,42.4831,43.70273,2.27,-1.15,10.35,ripening,10.72,35.0,0.0,Samba,MAINTAIN,MAINTAIN,False,71.25396156311035,maintain
Samba-2017,2018-01-08,-29.555649,-31.889406,-30.781975,-3.7105742,-2.276007,-0.6157868,39.32213,40.08636,41.41173,-1.15,10.35,13.62,ripening,-4.63,27.78,0.04,Samba,MAINTAIN,MAINTAIN,False,72.19370651245117,maintain
Samba-2018,2018-08-22,-26.95792,-28.77202,-30.803009,1.6307818,-6.8199997,-6.3891473,55.049908,52.199738,49.719063,-9.35,-13.93,-16.46,establishment,5.19,9.08,0.05,Samba,DELAY,IRRIGATE,False,82.00782775878906,threshold_delay
Samba-2018,2018-08-23,-33.790764,-37.161655,-38.924885,-9.445271,-14.563468,-10.1633835,55.64846,54.832737,53.133247,-13.93,-16.46,-20.11,establishment,-10.8,20.35,1.4200000000000002,Samba,INSPECT,IRRIGATE,True,92.05813217163086,uncertainty_gate
Samba-2018,2018-08-24,-38.967323,-40.396038,-41.82775,-16.289768,-19.389334,-17.132887,31.093843,51.546494,51.724197,-16.46,-20.11,-22.66,establishment,-19.16,12.14,4.34,Samba,INSPECT,IRRIGATE,True,93.55194854736328,uncertainty_gate
Samba-2018,2018-08-25,-33.383354,-34.650352,-35.501118,-14.324995,-16.288372,-11.238825,47.964924,50.90503,52.065952,-20.11,-22.66,-23.53,establishment,-7.62,8.84,6.15,Samba,DELAY,IRRIGATE,False,87.56707000732422,threshold_delay
Samba-2018,2018-08-26,-40.10059,-39.53956,-41.875767,-17.542467,-15.183565,-22.864609,29.9564,55.67395,48.392685,-22.66,-23.53,43.61,establishment,-19.43,6.779999999999999,8.3,Samba,INSPECT,IRRIGATE,True,95.21350860595703,uncertainty_gate
Samba-2018,2018-08-27,-39.43137,-39.218563,-42.72683,-18.510418,-22.390596,-25.537178,41.621292,27.93807,24.656996,-23.53,43.61,37.52,establishment,-18.19,10.780000000000001,10.36,Samba,IRRIGATE,IRRIGATE,False,81.05266189575195,threshold_irrigate
Samba-2018,2018-08-28,-45.543797,-47.637383,-50.803303,-30.27637,-31.12777,-30.093052,12.928032,18.15127,17.593325,43.61,37.52,37.25,establishment,-27.34,14.9,10.61,Samba,IRRIGATE,MAINTAIN,False,68.39662742614746,threshold_irrigate
Samba-2018,2018-08-29,-2.3301494,-5.1313586,-8.227375,36.17953,33.01841,25.602818,57.38981,50.966595,51.4537,37.52,37.25,34.76,establishment,45.55,12.219999999999999,8.09,Samba,MAINTAIN,MAINTAIN,False,59.71995806694031,maintain
Samba-2018,2018-08-30,-5.3983607,-3.559286,-5.4742684,34.06308,32.220512,26.02677,53.58289,56.475235,54.908108,37.25,34.76,34.29,establishment,32.04,8.13,9.61,Samba,MAINTAIN,MAINTAIN,False,60.382376194000244,maintain
Samba-2018,2018-08-31,-7.143167,-8.868529,-10.871024,31.67877,31.483335,26.576689,57.129147,54.350594,54.882557,34.76,34.29,28.73,establishment,37.57,4.75,11.08,Samba,MAINTAIN,MAINTAIN,False,65.7535810470581,maintain
Samba-2018,2018-09-01,-7.9567723,-7.0944214,-8.947221,31.022692,31.057467,26.669643,55.904728,60.585014,54.91717,34.29,28.73,21.96,tillering,31.52,1.16,14.93,Samba,MAINTAIN,MAINTAIN,False,67.67943572998047,maintain
Samba-2018,2018-09-02,-9.767605,-12.519251,-15.622914,25.128325,19.943184,16.7267,55.149406,50.470936,49.236206,28.73,21.96,14.74,tillering,29.9,0.6000000000000001,9.040000000000001,Samba,MAINTAIN,MAINTAIN,False,64.91701126098633,maintain
Samba-2018,2018-09-03,-12.409941,-15.04889,-16.472115,21.688723,14.5274515,13.349189,52.37086,47.336613,46.01742,21.96,14.74,7.3,tillering,27.21,0.29000000000000004,5.68,Samba,MAINTAIN,MAINTAIN,False,64.78080177307129,maintain
Samba-2018,2018-09-04,-23.900394,-26.90177,-29.822645,6.773001,3.70693,-10.36743,50.626583,45.48924,42.253906,14.74,7.3,-0.5,tillering,10.49,0.03,1.03,Samba,MAINTAIN,MAINTAIN,False,74.5269775390625,maintain
Samba-2018,2018-09-05,-24.788311,-26.836102,-28.588877,3.6989176,3.3320568,-6.3825135,51.851562,41.10357,38.654236,7.3,-0.5,-8.09,tillering,8.94,6.46,0.42000000000000004,Samba,MAINTAIN,MAINTAIN,False,76.63987350463867,maintain
Samba-2018,2018-09-06,-23.339535,-23.941904,-28.534502,6.0814056,0.8684091,-9.330125,50.28887,45.62486,40.942608,-0.5,-8.09,-15.33,tillering,11.21,4.06,0.23,Samba,MAINTAIN,MAINTAIN,False,73.6284065246582,maintain
Samba-2018,2018-09-07,-27.460201,-28.702023,-31.740618,-9.296307,-9.378434,-14.300513,44.11714,37.40868,38.982025,-8.09,-15.33,-20.86,tillering,1.24,1.94,0.03,Samba,MAINTAIN,MAINTAIN,False,71.57734298706055,maintain
Samba-2018,2018-09-08,-34.580036,-38.049427,-41.054874,-14.231534,-16.767397,-25.476934,42.89445,32.885612,19.907047,-15.33,-20.86,-24.89,tillering,-13.46,1.65,0.030000000000000002,Samba,MAINTAIN,MAINTAIN,False,77.4744873046875,maintain
Samba-2018,2018-09-09,-36.73697,-38.63331,-41.361977,-20.483814,-23.563192,-30.388958,40.21194,26.15101,18.83257,-20.86,-24.89,-31.42,tillering,-12.59,1.87,0.5700000000000001,Samba,MAINTAIN,MAINTAIN,False,76.94890975952148,maintain
Samba-2018,2018-09-10,-43.950825,-46.17522,-48.45646,-26.730429,-30.979462,-34.01241,12.859581,17.162664,14.777595,-24.89,-31.42,-37.66,tillering,-25.25,2.38,1.84,Samba,MAINTAIN,MAINTAIN,False,63.3378849029541,maintain
Samba-2018,2018-09-11,-42.60644,-44.458607,-48.579998,-26.898771,-31.081924,-36.894207,18.711987,22.700985,18.712236,-31.42,-37.66,-42.12,tillering,-21.28,8.04,1.9500000000000002,Samba,MAINTAIN,MAINTAIN,False,67.29223442077637,maintain
Samba-2018,2018-09-12,-50.25579,-54.49536,-55.351658,-36.219463,-42.370525,-37.767086,12.767725,9.914993,12.546772,-37.66,-42.12,-41.38,tillering,-32.0,14.53,1.77,Samba,MAINTAIN,MAINTAIN,False,67.89842987060547,maintain
Samba-2018,2018-09-13,-54.232937,-56.660187,-57.95561,-42.490692,-42.44403,-43.36151,12.324592,9.659802,8.982577,-42.12,-41.38,-43.81,tillering,-39.29,36.65,2.23,Samba,MAINTAIN,MAINTAIN,False,66.9381856918335,maintain
Samba-2018,2018-09-14,-55.768654,-56.428265,-58.84842,-41.950607,-43.562157,-35.48959,9.401031,8.84834,10.865494,-41.38,-43.81,-23.35,tillering,-42.58,47.14,8.540000000000001,Samba,MAINTAIN,MAINTAIN,False,69.71391296386719,maintain
Samba-2018,2018-09-15,-50.108646,-48.857033,-49.321846,-39.49944,-28.181887,-28.899824,12.356074,15.399009,13.597286,-43.81,-23.35,-25.79,tillering,-28.58,29.86,10.610000000000001,Samba,MAINTAIN,MAINTAIN,False,64.25604152679443,maintain
Samba-2018,2018-09-16,-52.424065,-54.50941,-57.017433,-21.812157,-23.631775,-28.402208,9.049804,9.201434,8.45796,-23.35,-25.79,-28.8,tillering,-47.6,21.24,34.84,Samba,MAINTAIN,MAINTAIN,False,65.47539329528809,maintain
Samba-2018,2018-09-17,-45.43012,-46.161423,-50.32654,-23.176395,-32.352608,-32.835274,17.518017,16.911076,13.354025,-25.79,-28.8,-31.02,tillering,-22.22,6.960000000000001,31.1,Samba,MAINTAIN,MAINTAIN,False,63.68056678771973,maintain
Samba-2018,2018-09-18,-43.813873,-45.208916,-48.05378,-19.571177,-25.48871,-31.159908,17.929665,16.911076,13.541691,-28.8,-31.02,-36.73,tillering,-21.88,9.92,31.18,Samba,MAINTAIN,MAINTAIN,False,62.119991302490234,maintain
Samba-2018,2018-09-19,-50.04973,-52.5196,-54.673508,-36.809578,-39.6825,-46.222965,12.767725,9.889023,8.366072,-31.02,-36.73,-42.36,tillering,-33.61,1.04,8.940000000000001,Samba,MAINTAIN,MAINTAIN,False,63.03957939147949,maintain
Samba-2018,2018-09-20,-55.411858,-58.43203,-62.669952,-40.901173,-49.95258,-53.853447,12.155082,8.758797,8.069625,-36.73,-42.36,-47.73,tillering,-38.99,2.27,6.5600000000000005,Samba,MAINTAIN,MAINTAIN,False,70.739577293396,maintain
Samba-2018,2018-09-21,-55.784744,-59.32372,-64.19727,-42.677963,-52.319714,-55.699142,11.4681635,8.758797,8.069625,-42.36,-47.73,-51.09,tillering,-39.74,2.67,4.2700000000000005,Samba,MAINTAIN,MAINTAIN,False,72.2668981552124,maintain
Samba-2018,2018-09-22,-55.68986,-58.5087,-64.30756,-48.415577,-50.89956,-57.583984,12.155082,9.085182,8.069625,-47.73,-51.09,-54.47,tillering,-38.56,4.82,0.86,Samba,MAINTAIN,MAINTAIN,False,72.37718868255615,maintain
Samba-2018,2018-09-23,-59.83344,-62.631386,-64.75934,-46.1629,-49.69259,-46.129253,7.5489926,6.489338,8.000631,-51.09,-54.47,-58.14,tillering,-49.44,10.670000000000002,1.8,Samba,MAINTAIN,MAINTAIN,False,72.75996971130371,maintain
Samba-2018,2018-09-24,-63.17602,-64.36987,-67.267265,-49.41211,-55.648396,-51.406345,6.0149403,3.7037642,4.204708,-54.47,-58.14,-62.31,tillering,-52.25,32.64,2.79,Samba,MAINTAIN,MAINTAIN,False,71.47197341918945,maintain
Samba-2018,2018-09-25,-62.366993,-64.274574,-66.14138,-49.21707,-52.7584,-47.814186,7.5489926,6.2946367,7.634752,-58.14,-62.31,-52.88,stem_elongation,-49.92,15.95,3.42,Samba,MAINTAIN,MAINTAIN,False,73.776132106781,maintain
Samba-2018,2018-09-26,-69.20071,-72.17798,-74.86229,-61.622574,-62.099358,-62.867004,-3.7844653,-0.57251966,-2.4978933,-62.31,-52.88,-53.12,stem_elongation,-62.17,28.51,2.5100000000000002,Samba,MAINTAIN,MAINTAIN,False,72.36439609527588,maintain
Samba-2018,2018-09-27,-67.511345,-70.54042,-76.58797,-52.389797,-52.822216,-60.15233,-4.8918395,-0.90484774,-2.751298,-52.88,-53.12,-55.46,stem_elongation,-62.75,9.05,15.73,Samba,MAINTAIN,MAINTAIN,False,73.83666896820068,maintain
Samba-2018,2018-09-28,-67.834694,-68.3356,-69.05889,-62.24931,-64.5989,-63.49222,-6.6315627,-0.039966643,-2.7882338,-53.12,-55.46,-56.93,stem_elongation,-60.45,6.45,18.77,Samba,MAINTAIN,MAINTAIN,False,68.29563516378403,maintain
Samba-2018,2018-09-29,-61.765137,-64.18872,-65.87978,-48.71406,-54.363316,-52.521214,7.225632,6.4407043,8.305023,-55.46,-56.93,-60.35,stem_elongation,-51.52,5.859999999999999,21.179999999999996,Samba,MAINTAIN,MAINTAIN,False,74.18480682373047,maintain
Samba-2018,2018-09-30,-66.136826,-68.03353,-69.557144,-51.756138,-52.929314,-50.680374,4.0647807,5.3889,8.032874,-56.93,-60.35,-62.82,stem_elongation,-54.31,52.56,9.719999999999999,Samba,MAINTAIN,MAINTAIN,False,77.5900182723999,maintain
Samba-2018,2018-10-01,-64.12765,-65.61146,-66.12851,-50.107094,-56.149597,-45.77666,5.9035974,4.952441,8.366164,-60.35,-62.82,-44.36,stem_elongation,-52.95,37.74,6.659999999999999,Samba,MAINTAIN,MAINTAIN,False,74.49467372894287,maintain
Samba-2018,2018-10-02,-71.28958,-69.58834,-69.1522,-62.474297,-66.14194,-64.0431,-5.443271,2.4868255,2.3980947,-62.82,-44.36,-19.76,stem_elongation,-66.08,54.06,5.26,Samba,MAINTAIN,MAINTAIN,False,72.07516622543335,maintain
Samba-2018,2018-10-03,-68.36564,-67.08538,-67.71804,-49.70216,-35.83499,-35.09203,-6.9630423,4.273172,4.8608017,-44.36,-19.76,2.1,stem_elongation,-63.78,71.31,24.490000000000002,Samba,MAINTAIN,MAINTAIN,False,72.57884216308594,maintain
Samba-2018,2018-10-04,-61.069714,-59.739506,-60.341164,-36.74816,-21.739597,-12.088614,4.5581417,9.820506,10.937685,-19.76,2.1,15.49,stem_elongation,-50.75,37.379999999999995,51.84,Samba,MAINTAIN,MAINTAIN,False,71.27884864807129,maintain
Samba-2018,2018-10-05,-44.133102,-40.039486,-40.46142,-5.0752945,7.799845,4.0111046,18.02602,26.132236,23.53097,2.1,15.49,14.99,stem_elongation,-20.99,39.92,77.14,Samba,MAINTAIN,MAINTAIN,False,66.17172241210938,maintain
Samba-2018,2018-10-06,-25.144772,-23.125904,-23.619213,12.776933,19.767595,15.464459,49.540134,48.186573,46.82058,15.49,14.99,20.05,stem_elongation,9.51,17.96,73.72,Samba,MAINTAIN,MAINTAIN,False,74.68490600585938,maintain
Samba-2018,2018-10-07,-19.982475,-17.843027,-17.48169,15.778908,20.66474,20.607838,49.898785,53.604076,47.449047,14.99,20.05,17.42,stem_elongation,13.89,29.2,50.290000000000006,Samba,MAINTAIN,MAINTAIN,False,71.44710350036621,maintain
Samba-2018,2018-10-08,-22.175797,-21.878195,-26.358498,15.079468,11.719533,3.2288208,49.13083,45.64995,45.510082,20.05,17.42,11.23,stem_elongation,8.16,3.59,33.29,Samba,MAINTAIN,MAINTAIN,False,71.86857986450195,maintain
Samba-2018,2018-10-09,-18.96563,-19.898247,-20.487133,16.21134,13.094731,9.138201,49.63447,48.61704,46.95327,17.42,11.23,4.47,stem_elongation,16.65,0.71,17.009999999999998,Samba,MAINTAIN,MAINTAIN,False,68.60010147094727,maintain
Samba-2018,2018-10-10,-24.054432,-26.28066,-28.201166,4.787819,8.221101,1.3605622,51.28576,50.69838,48.687836,11.23,4.47,-1.66,stem_elongation,9.37,12.780000000000001,12.33,Samba,MAINTAIN,MAINTAIN,False,76.97904014587402,maintain
Samba-2018,2018-10-11,-27.037289,-28.940487,-31.506296,-0.3298682,-3.1088705,-1.0467359,42.725418,52.49043,47.51095,4.47,-1.66,-5.25,stem_elongation,4.75,3.75,2.8699999999999997,Samba,MAINTAIN,MAINTAIN,False,81.43091583251953,maintain
Samba-2018,2018-10-12,-25.672535,-27.321224,-29.101439,-0.11778365,2.6760418,4.7269826,44.14946,55.420956,47.705387,-1.66,-5.25,-8.43,stem_elongation,7.82,10.6,0.5700000000000001,Samba,MAINTAIN,MAINTAIN,False,82.74217987060547,maintain
Samba-2018,2018-10-13,-31.197445,-31.187843,-28.234951,1.8995329,18.177244,23.95012,47.678642,57.10468,59.015167,-5.25,-8.43,-10.52,panicle_initiation,-8.89,10.67,1.85,Samba,DELAY,IRRIGATE,False,88.29252243041992,agronomic_delay
Samba-2018,2018-10-14,-31.753431,-30.587994,-25.15917,-0.003144294,20.038568,27.983027,46.534405,57.04672,58.157642,-8.43,-10.52,39.89,panicle_initiation,-3.69,21.2,4.34,Samba,DELAY,IRRIGATE,False,87.63471221923828,agronomic_delay
Samba-2018,2018-10-15,-32.831482,-31.668463,-27.79027,2.3893464,15.870155,25.517073,46.701385,57.22859,59.037956,-10.52,39.89,39.25,panicle_initiation,-8.3,8.04,7.16,Samba,DELAY,IRRIGATE,False,88.89705085754395,agronomic_delay
Samba-2018,2018-10-16,-35.043278,-33.174877,-28.94412,1.1496286,24.65973,29.730497,46.86126,58.5029,60.196808,39.89,39.25,34.39,panicle_initiation,-13.18,14.85,10.620000000000001,Samba,DELAY,MAINTAIN,False,91.67777633666992,agronomic_delay
Samba-2018,2018-10-17,-4.8963685,-4.328521,-6.2612596,39.294884,38.161564,34.798275,58.184353,63.259552,64.31588,39.25,34.39,30.91,panicle_initiation,41.03,4.88,12.790000000000001,Samba,DELAY,MAINTAIN,False,70.577139377594,agronomic_delay
Samba-2018,2018-10-18,-7.606947,-11.431761,-14.362161,31.030094,26.972239,23.184746,58.30883,56.952938,60.933308,34.39,30.91,26.68,panicle_initiation,34.56,9.03,10.760000000000002,Samba,DELAY,MAINTAIN,False,75.2954683303833,agronomic_delay
Samba-2018,2018-10-19,-7.487174,-11.624908,-11.401088,31.912153,30.07336,30.860565,58.25476,57.89564,69.763245,30.91,26.68,33.79,panicle_initiation,38.59,12.88,7.050000000000001,Samba,DELAY,MAINTAIN,False,81.16433238983154,agronomic_delay
Samba-2018,2018-10-20,-11.702093,-14.401794,-14.545302,25.632095,25.301632,24.896204,54.547306,56.959915,61.933807,26.68,33.79,30.12,panicle_initiation,27.42,23.37,3.870000000000001,Samba,DELAY,MAINTAIN,False,76.47910976409912,agronomic_delay
Samba-2018,2018-10-21,-9.746198,-7.6554394,-11.967201,29.623375,33.747845,31.933037,56.0517,64.80422,68.15841,33.79,30.12,23.86,panicle_initiation,24.75,7.05,14.500000000000002,Samba,DELAY,MAINTAIN,False,80.1256103515625,agronomic_delay
Samba-2018,2018-10-22,-9.007618,-11.464851,-14.674888,29.495579,28.030571,24.832102,57.101322,61.1576,61.88771,30.12,23.86,18.63,panicle_initiation,31.26,3.06,14.900000000000002,Samba,DELAY,MAINTAIN,False,76.56259822845459,agronomic_delay
Samba-2018,2018-10-23,-8.213627,-11.39193,-14.324731,28.335112,23.815123,22.091658,58.616844,60.6292,60.17843,23.86,18.63,13.82,panicle_initiation,33.57,2.9299999999999997,13.230000000000002,Samba,DELAY,DELAY,False,74.50315952301025,agronomic_delay
Samba-2018,2018-10-24,-12.958746,-15.517909,-17.057869,23.520462,19.463215,20.81285,54.433327,53.332535,58.42812,18.63,13.82,8.33,panicle_initiation,26.58,4.34,2.690000000000002,Samba,DELAY,DELAY,False,75.48598861694336,agronomic_delay
Samba-2018,2018-10-25,-26.07,-26.993147,-25.401285,7.6633673,10.407332,10.684436,49.152256,51.808876,58.37201,13.82,8.33,3.04,panicle_initiation,5.52,0.6500000000000001,1.890000000000002,Samba,IRRIGATE,IRRIGATE,False,83.77329444885254,agronomic_irrigate
Samba-2018,2018-10-26,-20.393429,-21.48757,-21.428133,12.812694,7.059466,14.681714,52.58982,51.39213,57.262573,8.33,3.04,41.22,panicle_initiation,15.09,1.0,2.010000000000002,Samba,IRRIGATE,IRRIGATE,False,78.69070625305176,agronomic_irrigate
Samba-2018,2018-10-27,-27.58271,-29.016535,-27.664392,5.2572136,11.520815,19.100094,48.499992,50.55448,55.94238,3.04,41.22,34.6,panicle_initiation,-0.39,2.93,1.3200000000000018,Samba,IRRIGATE,IRRIGATE,False,83.60677146911621,agronomic_irrigate
Samba-2018,2018-10-28,-28.72408,-27.82384,-23.629736,-2.682131,13.60533,21.39183,46.93013,50.409252,55.307938,41.22,34.6,30.66,flowering,1.33,17.29,0.5500000000000018,Samba,DELAY,MAINTAIN,False,78.93767356872559,agronomic_delay
Samba-2018,2018-10-29,-6.405352,-11.702909,-10.806948,32.827427,28.978224,35.215298,57.70861,55.42508,64.06019,34.6,30.66,34.07,flowering,40.68,99.28999999999999,0.8500000000000019,Samba,DELAY,MAINTAIN,False,74.86713600158691,agronomic_delay
Samba-2018,2018-10-30,-8.649082,-11.5420475,-7.5471363,28.746517,27.019852,40.621265,56.724304,55.00386,68.541245,30.66,34.07,58.76,flowering,32.84,126.6,2.860000000000002,Samba,DELAY,MAINTAIN,False,76.08838081359863,agronomic_delay
Samba-2018,2018-10-31,-5.454189,-3.3071206,-2.0380683,34.59215,45.7316,51.19722,56.25954,67.19928,83.66641,34.07,58.76,86.62,flowering,33.16,71.35,10.920000000000002,Samba,DELAY,MAINTAIN,False,85.70448064804077,agronomic_delay
Samba-2018,2018-11-01,-4.078619,-1.8452587,-0.16347146,53.3394,57.875412,66.77575,74.131165,78.95936,91.84129,58.76,86.62,94.21,flowering,37.67,73.00000000000001,40.1,Samba,DELAY,MAINTAIN,False,92.00476479530334,agronomic_delay
Samba-2018,2018-11-02,6.5717893,7.703471,8.039224,68.457405,73.48749,59.458473,91.3894,93.5944,91.863365,86.62,94.21,89.71,flowering,54.89,9.9,69.91,Samba,MAINTAIN,MAINTAIN,False,85.8909273147583,maintain
Samba-2018,2018-11-03,26.992037,27.231739,25.887012,83.69707,85.812195,80.36775,95.80812,95.83593,91.426476,94.21,89.71,85.8,flowering,82.57,4.76,73.92999999999999,Samba,MAINTAIN,MAINTAIN,False,68.81608390808105,maintain
Samba-2018,2018-11-04,28.806908,26.21346,23.468245,85.22661,79.89061,73.61232,93.74918,92.853615,88.67436,89.71,85.8,81.08,flowering,94.03,1.6500000000000001,45.33,Samba,MAINTAIN,MAINTAIN,False,66.6401538848877,agronomic_hold
Samba-2018,2018-11-05,24.937908,26.200027,24.913528,81.483444,80.90318,80.51901,92.425186,90.26327,92.725784,85.8,81.08,76.98,flowering,81.99,22.4,14.18,Samba,MAINTAIN,MAINTAIN,False,67.812255859375,maintain
Samba-2018,2018-11-06,27.988369,26.375511,25.183165,77.48652,74.452225,72.5651,89.33395,87.20635,95.69471,81.08,76.98,92.21,flowering,83.42,28.29,2.56,Samba,MAINTAIN,MAINTAIN,False,70.51154518127441,maintain
Samba-2018,2018-11-07,28.895496,26.786057,25.770107,80.59083,84.13612,82.32519,89.94521,94.730225,95.20129,76.98,92.21,87.67,flowering,87.82,29.810000000000002,2.4,Samba,MAINTAIN,MAINTAIN,False,69.43117904663086,agronomic_hold
Samba-2018,2018-11-08,12.277772,14.458989,15.06781,81.69817,79.6073,78.38628,88.38045,91.97261,84.18869,92.21,87.67,82.27,flowering,69.45,0.73,21.29,Samba,MAINTAIN,MAINTAIN,False,77.51362133026123,maintain
Samba-2018,2018-11-09,28.37551,27.482386,25.692772,81.06863,76.21536,74.790146,94.11942,93.3315,90.44443,87.67,82.27,76.66,flowering,90.51,0.12,21.34,Samba,MAINTAIN,MAINTAIN,False,65.84911155700684,agronomic_hold
Samba-2018,2018-11-10,28.806908,26.39119,23.371428,83.23179,78.23768,72.41907,91.97775,92.52427,86.9653,82.27,76.66,70.69,flowering,84.71,1.02,20.560000000000002,Samba,MAINTAIN,MAINTAIN,False,66.1330795288086,maintain
Samba-2018,2018-11-11,28.806908,25.682276,23.014584,77.121506,72.62878,67.268234,87.99106,88.65577,85.7471,76.66,70.69,65.52,flowering,92.3,3.6399999999999997,0.63,Samba,MAINTAIN,MAINTAIN,False,62.973493576049805,agronomic_hold
Samba-2018,2018-11-12,20.213171,19.200905,16.81718,71.61428,65.953415,67.24124,85.19,83.38615,83.534424,70.69,65.52,60.39,flowering,73.97,16.18,0.11,Samba,MAINTAIN,MAINTAIN,False,66.71724319458008,maintain
Samba-2018,2018-11-13,11.265309,10.6320095,11.539301,62.944004,57.828285,65.51956,76.422386,75.68899,85.17166,65.52,60.39,67.67,grain_filling,68.29,86.19999999999999,0.05,Samba,MAINTAIN,MAINTAIN,False,73.63236045837402,maintain
Samba-2018,2018-11-14,10.44204,9.519988,10.915821,60.377476,56.664543,71.8699,73.18245,76.81514,88.32495,60.39,67.67,96.94,grain_filling,60.37,57.79,0.03,Samba,MAINTAIN,MAINTAIN,False,77.40913009643555,maintain
Samba-2018,2018-11-15,10.551152,12.5740385,14.738367,70.017426,80.92724,84.53847,80.96027,92.93449,94.67415,67.67,96.94,94.03,grain_filling,60.44,53.330000000000005,11.91,Samba,MAINTAIN,MAINTAIN,False,80.36044788360596,maintain
Samba-2018,2018-11-16,10.98049,13.488698,13.885224,80.52928,81.90222,72.84465,92.73403,94.142914,92.36137,96.94,94.03,93.48,grain_filling,69.02,10.3,46.809999999999995,Samba,MAINTAIN,MAINTAIN,False,81.75354194641113,maintain
Samba-2018,2018-11-17,28.37551,27.482386,26.260992,82.78233,79.30187,81.54176,95.41794,94.85866,97.44609,94.03,93.48,95.0,grain_filling,92.51,25.16,48.11,Samba,DRAIN,DRAIN,False,71.18509864807129,bund_drain
Samba-2018,2018-11-18,28.947018,28.172043,27.301746,91.52914,91.06807,93.71472,97.71884,97.908295,98.494896,93.48,95.0,97.04,grain_filling,98.97,35.75,39.629999999999995,Samba,DRAIN,DRAIN,False,71.19314956665039,bund_drain
Samba-2018,2018-11-19,28.895496,28.172043,27.301746,90.17114,95.23263,94.136795,97.81224,98.04471,98.47758,95.0,97.04,96.96,grain_filling,94.84,48.11000000000001,10.23,Samba,DRAIN,DRAIN,False,71.17583084106445,bund_drain
Samba-2018,2018-11-20,28.947018,28.36534,27.984402,96.760315,97.4229,97.773926,98.75991,98.789734,98.5957,97.04,96.96,97.27,grain_filling,99.26,98.27,28.009999999999998,Samba,DRAIN,DRAIN,False,70.61130142211914,bund_drain
Samba-2018,2018-11-21,28.947018,28.36534,27.984402,97.10853,96.594406,97.04567,98.75991,98.72281,98.5957,96.96,97.27,96.33,grain_filling,95.4,73.18,35.21,Samba,DRAIN,DRAIN,False,70.61130142211914,bund_drain
Samba-2018,2018-11-22,28.947018,28.36534,27.984402,96.986206,97.01255,95.82214,99.05468,98.898575,98.44828,97.27,96.33,95.0,grain_filling,98.18,29.999999999999996,41.49,Samba,DRAIN,DRAIN,False,70.53323554992676,bund_drain
Samba-2018,2018-11-23,28.947018,28.36534,27.52946,97.07934,96.6971,92.68295,98.30469,98.20173,96.63505,96.33,95.0,91.06,grain_filling,96.2,9.07,67.69999999999999,Samba,DRAIN,DRAIN,False,69.83638954162598,bund_drain
Samba-2018,2018-11-24,28.947018,27.903265,26.839342,95.51981,91.94564,89.18334,97.292404,96.15005,93.437416,95.0,91.06,86.9,grain_filling,103.62,0.38,59.81999999999999,Samba,DRAIN,DRAIN,False,68.34538650512695,bund_drain
Samba-2018,2018-11-25,28.895496,27.903265,26.778965,93.41869,88.84461,86.54625,96.04311,93.831474,92.054474,91.06,86.9,82.53,grain_filling,95.58,4.42,48.32,Samba,DRAIN,DRAIN,False,67.14761734008789,bund_drain
Samba-2018,2018-11-26,28.895496,26.979353,26.503273,86.50453,82.88017,84.37312,92.8304,91.14817,92.59166,86.9,82.53,82.78,grain_filling,91.1,15.64,3.03,Samba,DRAIN,DRAIN,False,66.08838653564453,bund_drain
Samba-2018,2018-11-27,28.895496,26.790668,26.452766,86.61461,83.66014,89.86078,91.45301,91.75065,98.10822,82.53,82.78,96.24,grain_filling,84.61,30.03,0.31999999999999995,Samba,MAINTAIN,MAINTAIN,False,71.65545654296875,maintain
Samba-2018,2018-11-28,24.519606,25.787106,25.516739,85.1085,90.90176,90.68948,90.03532,95.83698,96.8939,82.78,96.24,95.33,grain_filling,79.95,42.08,4.640000000000001,Samba,MAINTAIN,MAINTAIN,False,71.37715911865234,maintain
Samba-2018,2018-11-29,27.988369,27.862057,26.190466,92.987236,92.85891,86.682495,98.09796,96.87499,93.50921,96.24,95.33,91.49,grain_filling,83.97,2.23,30.28,Samba,MAINTAIN,MAINTAIN,False,70.10959243774414,maintain
Samba-2018,2018-11-30,28.895496,28.172043,26.800495,90.84829,85.820045,85.266594,97.726944,96.090744,93.36236,95.33,91.49,87.17,grain_filling,100.34,9.21,33.300000000000004,Samba,DRAIN,DRAIN,False,68.83144760131836,bund_drain
Samba-2018,2018-12-01,28.947018,27.709969,26.597563,88.83005,86.865234,92.08984,95.726685,95.60219,98.672874,91.49,87.17,89.64,grain_filling,91.91,31.78,28.89,Samba,DRAIN,DRAIN,False,72.0753116607666,bund_drain
Samba-2018,2018-12-02,28.895496,26.786057,25.866924,81.8325,80.47313,83.7508,91.62567,91.64328,96.20211,87.17,89.64,97.11,grain_filling,92.12,18.44,3.3200000000000034,Samba,DRAIN,DRAIN,False,70.33518600463867,bund_drain
Samba-2018,2018-12-03,28.895496,28.172043,27.20493,88.0329,92.84311,90.688774,94.466934,98.054146,97.772896,89.64,97.11,97.02,grain_filling,88.09,19.87,7.020000000000003,Samba,DRAIN,DRAIN,False,70.56796646118164,bund_drain
Samba-2018,2018-12-04,28.895496,28.172043,26.846806,93.14551,94.480576,91.7782,98.781044,98.58141,95.75346,97.11,97.02,95.27,ripening,91.43,8.75,18.750000000000004,Samba,DRAIN,DRAIN,False,70.40937042236328,bund_drain
Samba-2018,2018-12-05,28.895496,28.299633,27.48315,93.08077,92.52918,89.82939,98.187126,97.09768,94.51829,97.02,95.27,93.85,ripening,88.57,3.7199999999999998,22.040000000000006,Samba,DRAIN,DRAIN,False,69.29162979125977,bund_drain
Samba-2018,2018-12-06,28.947018,27.709969,26.825275,89.85365,86.89458,86.00455,94.13538,94.81843,94.1075,95.27,93.85,90.95,ripening,92.4,4.01,16.580000000000002,Samba,DRAIN,DRAIN,False,67.28222274780273,bund_drain
Samba-2018,2018-12-07,28.895496,27.639235,26.09631,84.52374,84.28391,81.633316,91.44186,93.42667,91.303955,93.85,90.95,87.77,ripening,88.44,0.25,6.310000000000004,Samba,DRAIN,DRAIN,False,65.78743171691895,bund_drain
Samba-2018,2018-12-08,28.895496,26.71532,25.365675,83.76652,80.32573,78.19618,90.23517,90.48135,89.070015,90.95,87.77,84.56,ripening,94.01,0.02,3.0800000000000036,Samba,DRAIN,DRAIN,False,63.76603317260742,bund_drain
Samba-2018,2018-12-09,28.895496,26.84291,26.04833,84.36609,80.335205,77.8642,89.54937,90.3907,88.16057,87.77,84.56,81.32,ripening,86.45,0.0,1.8100000000000034,Samba,DRAIN,DRAIN,False,63.54779052734375,bund_drain
Samba-2018,2018-12-10,28.838005,26.76602,25.718943,81.92572,78.87088,77.91822,88.56138,87.76667,87.35161,84.56,81.32,77.93,ripening,85.29,5.89,0.15000000000000357,Samba,DRAIN,DRAIN,False,61.63266563415527,bund_drain
Samba-2018,2018-12-11,22.586643,22.257517,21.053782,77.72666,72.8044,70.3014,84.87983,83.55886,81.87944,81.32,77.93,74.6,ripening,78.59,0.51,0.010000000000003553,Samba,MAINTAIN,MAINTAIN,False,62.29318618774414,maintain
Samba-2018,2018-12-12,22.586643,22.257517,20.891775,72.91249,70.416145,68.360504,83.99838,82.32061,80.446365,77.93,74.6,72.19,ripening,79.3,3.59,0.0,Samba,MAINTAIN,MAINTAIN,False,61.411739349365234,maintain
Samba-2018,2018-12-13,15.327107,14.485438,13.486477,68.80632,66.30804,63.895092,80.697945,80.74034,83.54057,74.6,72.19,69.75,ripening,72.31,3.4099999999999997,0.010000000000003553,Samba,MAINTAIN,MAINTAIN,False,70.05409622192383,maintain
Samba-2018,2018-12-14,22.390825,22.257517,20.846394,70.58497,69.1599,65.79597,82.20017,81.707664,79.02267,72.19,69.75,66.69,ripening,78.39,1.98,0.8700000000000035,Samba,MAINTAIN,MAINTAIN,False,59.80934715270996,maintain
Samba-2018,2018-12-15,20.244268,20.504766,18.7759,69.77781,68.84893,65.389565,82.07728,81.906105,78.44935,69.75,66.69,63.0,ripening,74.59,0.09,1.4900000000000035,Samba,MAINTAIN,MAINTAIN,False,61.83300971984863,maintain
Samba-2018,2018-12-16,15.1030035,14.485438,13.502972,65.2373,63.11607,59.66404,78.71858,76.14779,76.81603,66.69,63.0,59.68,ripening,70.5,0.01,1.5300000000000036,Samba,MAINTAIN,MAINTAIN,False,63.61557865142822,maintain
Samba-2018,2018-12-17,10.766207,10.744776,10.87456,63.506287,59.713326,55.323963,74.8413,73.616066,76.123405,63.0,59.68,56.69,ripening,65.18,0.03,0.6700000000000036,Samba,MAINTAIN,MAINTAIN,False,65.24884510040283,maintain
Samba-2018,2018-12-18,4.0074515,2.2854352,-2.5850754,53.35343,50.26926,42.31085,66.3556,66.54347,69.14383,59.68,56.69,53.41,ripening,52.81,1.1300000000000001,0.050000000000003555,Samba,MAINTAIN,MAINTAIN,False,71.7289047241211,maintain
Samba-2018,2018-12-19,6.833447,5.162266,3.703441,52.3856,50.76892,49.15558,71.492226,71.171074,78.854256,56.69,53.41,51.2,ripening,57.39,12.510000000000002,0.010000000000003553,Samba,MAINTAIN,MAINTAIN,False,75.15081477165222,maintain
Samba-2018,2018-12-20,3.7507052,2.025144,0.28255707,47.881588,46.535454,49.936028,66.282005,65.64407,82.71001,53.41,51.2,60.44,ripening,52.88,36.440000000000005,0.020000000000003553,Samba,MAINTAIN,MAINTAIN,False,82.42744964361191,maintain
Samba-2018,2018-12-21,5.1964087,2.6551797,0.13218895,46.19828,52.031574,50.024883,67.86197,70.53216,84.116776,51.2,60.44,62.47,ripening,54.65,20.71,0.9100000000000036,Samba,MAINTAIN,MAINTAIN,False,83.98458656668663,maintain
Samba-2018,2018-12-22,5.7995925,6.412425,3.2284005,60.284348,69.21749,58.313034,71.81373,86.72799,86.08599,60.44,62.47,59.99,ripening,54.3,8.23,12.800000000000004,Samba,MAINTAIN,MAINTAIN,False,82.85759043693542,maintain
Samba-2018,2018-12-23,10.286694,11.445089,12.664759,60.538498,63.165104,57.725735,75.8293,81.53459,84.90093,62.47,59.99,56.83,ripening,62.06,8.42,17.580000000000005,Samba,MAINTAIN,MAINTAIN,False,72.23617362976074,maintain
Samba-2018,2018-12-24,10.865409,12.124945,12.268767,64.10382,60.97057,58.422142,76.081215,77.76058,82.76648,59.99,56.83,53.5,ripening,68.79,0.02,17.200000000000003,Samba,MAINTAIN,MAINTAIN,False,70.49771213531494,maintain
Samba-2018,2018-12-25,7.0901904,5.749881,3.9094665,58.655144,55.626884,51.70018,71.79815,73.640884,77.43926,56.83,53.5,50.09,ripening,57.15,4.71,5.310000000000003,Samba,MAINTAIN,MAINTAIN,False,73.52979588508606,maintain
Samba-2018,2018-12-26,4.3595996,2.0945387,-2.474944,48.2022,45.76178,41.55164,66.5405,66.88533,70.60901,53.5,50.09,46.91,ripening,53.78,0.36,0.5300000000000036,Samba,MAINTAIN,MAINTAIN,False,73.08395290374756,maintain
Samba-2018,2018-12-27,6.833447,5.2973194,3.8667748,50.82631,53.70589,53.242653,71.492226,73.36731,84.83094,50.09,46.91,44.44,ripening,58.69,9.069999999999999,0.020000000000003553,Samba,MAINTAIN,MAINTAIN,False,80.96416544914246,maintain
Samba-2018,2018-12-28,1.8647068,-2.2568836,-2.7667465,45.557972,40.745934,39.978275,63.697334,61.910324,68.60994,46.91,44.44,41.27,ripening,50.92,0.55,0.020000000000003553,Samba,MAINTAIN,MAINTAIN,False,71.3766860961914,maintain
Samba-2018,2018-12-29,-1.633619,-3.9638274,-7.513695,40.61642,38.830242,33.62725,60.089706,59.97766,63.55598,44.44,41.27,38.1,ripening,45.68,0.08,0.5700000000000036,Samba,MAINTAIN,MAINTAIN,False,71.06967544555664,maintain
Samba-2018,2018-12-30,4.3595996,2.073766,-2.3527794,44.830406,48.982376,43.417,66.37226,68.43846,77.10997,41.27,38.1,34.76,ripening,53.67,11.31,0.6100000000000037,Samba,MAINTAIN,MAINTAIN,False,79.46274948120117,maintain
Samba-2018,2018-12-31,-1.8433605,-4.1596417,-7.4972,40.38519,38.9382,34.548336,60.089706,59.69168,62.684948,38.1,34.76,31.4,ripening,44.16,0.06,0.6300000000000036,Samba,MAINTAIN,MAINTAIN,False,70.18214797973633,maintain
Samba-2018,2019-01-01,-7.5720654,-11.532562,-13.714168,33.384327,31.99221,29.707418,57.74771,57.40357,62.45319,34.76,31.4,28.02,ripening,37.15,0.0,0.07000000000000356,Samba,MAINTAIN,MAINTAIN,False,76.16735744476318,maintain
Samba-2018,2019-01-02,-9.193834,-12.238491,-15.209878,31.578062,28.471916,25.283556,55.54293,53.57389,52.86878,31.4,28.02,24.63,ripening,31.33,1.79,0.03000000000000355,Samba,MAINTAIN,MAINTAIN,False,68.07865619659424,maintain
Samba-2018,2019-01-03,-7.487174,-11.624908,-13.926692,31.75471,31.046154,28.653145,57.821266,56.27848,61.88578,28.02,24.63,21.14,ripening,38.03,0.0,0.0,Samba,MAINTAIN,MAINTAIN,False,75.81247234344482,maintain
Samba-2018,2019-01-04,-10.504576,-13.417255,-15.920811,27.831745,24.10288,21.973883,54.734116,51.05047,51.417088,24.63,21.14,17.68,ripening,29.05,0.59,0.0,Samba,MAINTAIN,MAINTAIN,False,67.33789825439453,maintain
Samba-2018,2019-01-05,-13.175919,-16.263826,-19.108072,22.934498,18.646427,16.162582,52.5874,48.727383,48.89297,21.14,17.68,14.15,ripening,24.75,0.0,0.0,Samba,MAINTAIN,MAINTAIN,False,68.00104331970215,maintain
Samba-2018,2019-01-06,-13.175919,-16.263826,-19.108072,23.396235,18.674103,16.76577,52.5874,48.727383,48.89297,17.68,14.15,10.59,ripening,24.52,0.0,0.0,Samba,MAINTAIN,MAINTAIN,False,68.00104331970215,maintain
Samba-2018,2019-01-07,-13.175919,-16.317818,-19.200293,22.567535,18.419058,15.532155,52.35424,48.64272,48.62072,14.15,10.59,6.9,ripening,22.08,0.0,0.0,Samba,MAINTAIN,MAINTAIN,False,67.82101249694824,maintain
Samba-2018,2019-01-08,-18.241055,-20.600704,-22.827219,15.519192,11.827933,7.933108,50.850147,48.24392,46.856697,10.59,6.9,3.25,ripening,16.9,0.07,0.0,Samba,MAINTAIN,MAINTAIN,False,69.68391609191895,maintain
Samba-2019,2019-08-22,28.743334,25.848734,24.034578,89.914276,86.04235,76.171,95.00622,91.10861,84.21704,94.34,91.33,85.93,establishment,101.66,9.74,30.66,Samba,DRAIN,DRAIN,False,66.26288414001465,bund_drain
Samba-2019,2019-08-23,28.665506,24.828976,22.165485,88.863846,83.77987,73.5347,94.12981,89.19832,83.56967,91.33,85.93,82.92,establishment,90.75,5.37,27.580000000000002,Samba,DRAIN,DRAIN,False,65.46430015563965,bund_drain
Samba-2019,2019-08-24,28.665506,24.643847,20.346012,83.37366,80.433174,69.0961,91.61281,86.5415,77.85901,85.93,82.92,77.92,establishment,89.62,9.31,12.510000000000002,Samba,DRAIN,DRAIN,False,62.94730186462402,bund_drain
Samba-2019,2019-08-25,28.665506,24.828976,21.205147,82.71005,78.35692,67.61801,91.73657,84.11864,78.275444,82.92,77.92,71.31,establishment,86.53,2.18,7.279999999999999,Samba,DRAIN,DRAIN,False,63.07106590270996,bund_drain
Samba-2019,2019-08-26,28.665506,24.516571,20.243889,79.944046,73.13353,65.634476,90.30681,84.29972,76.07395,77.92,71.31,64.85,establishment,90.89,10.129999999999999,5.369999999999999,Samba,DRAIN,DRAIN,False,61.64130210876465,bund_drain
Samba-2019,2019-08-27,17.296215,15.858438,9.840312,67.25021,58.783722,52.446445,80.80473,79.066536,73.00725,71.31,64.85,62.08,establishment,73.63,3.23,4.72,Samba,MAINTAIN,MAINTAIN,False,63.50851821899414,maintain
Samba-2019,2019-08-28,17.050756,14.617148,9.597454,63.077908,55.05331,49.167892,80.19348,76.78602,71.34607,64.85,62.08,55.32,establishment,72.77,3.27,1.98,Samba,MAINTAIN,MAINTAIN,False,63.14272499084473,maintain
Samba-2019,2019-08-29,13.60903,10.129398,9.478577,65.46984,56.876457,56.060112,77.89176,71.75802,65.63568,62.08,55.32,50.77,establishment,68.72,5.17,3.49,Samba,MAINTAIN,MAINTAIN,False,64.2827320098877,maintain
Samba-2019,2019-08-30,10.032846,6.7542567,4.5666876,54.07744,46.33137,43.69016,73.759636,70.09438,63.36155,55.32,50.77,45.17,establishment,64.92,10.72,3.45,Samba,MAINTAIN,MAINTAIN,False,63.726789474487305,maintain
Samba-2019,2019-08-31,6.207479,3.8207135,-0.047381237,48.975834,43.06185,45.73348,70.12191,68.46321,63.8966,50.77,45.17,43.75,establishment,58.35,21.92,4.6899999999999995,Samba,MAINTAIN,MAINTAIN,False,64.64249753952026,maintain
Samba-2019,2019-09-01,5.880504,3.4334486,-0.3097635,45.007652,42.537617,40.96481,70.00194,67.23762,64.11944,45.17,43.75,40.56,establishment,54.58,17.91,2.79,Samba,MAINTAIN,MAINTAIN,False,64.42920166254044,maintain
Samba-2019,2019-09-02,-2.2612953,-3.881026,-3.6875694,39.67344,34.114258,32.317123,56.867714,56.737125,56.854507,43.75,40.56,37.78,tillering,42.4,10.120000000000001,7.15,Samba,MAINTAIN,MAINTAIN,False,60.61815142631531,maintain
Samba-2019,2019-09-03,4.296364,1.8484159,-2.5658143,42.567295,41.40238,34.66978,65.147964,63.00065,58.875294,40.56,37.78,31.71,tillering,52.19,10.01,8.74,Samba,MAINTAIN,MAINTAIN,False,61.441107988357544,maintain
Samba-2019,2019-09-04,-6.956364,-7.5326347,-10.878194,35.726513,30.695148,27.40575,56.79508,55.307083,54.46305,37.78,31.71,25.48,tillering,40.0,1.74,11.96,Samba,MAINTAIN,MAINTAIN,False,65.3412446975708,maintain
Samba-2019,2019-09-05,-7.7185826,-11.674515,-13.735724,29.116058,24.39832,20.392036,56.72263,54.235516,53.509605,31.71,25.48,18.09,tillering,36.56,1.37,8.23,Samba,MAINTAIN,MAINTAIN,False,67.24532985687256,maintain
Samba-2019,2019-09-06,-7.508856,-11.611026,-13.735724,29.151842,23.832138,20.758163,56.72263,54.350563,52.648308,25.48,18.09,11.18,tillering,38.45,1.53,5.49,Samba,MAINTAIN,MAINTAIN,False,66.38403224945068,maintain
Samba-2019,2019-09-07,-13.214077,-15.963592,-19.00493,18.293285,14.486882,9.429025,52.431244,46.987972,43.71626,18.09,11.18,5.39,tillering,22.33,2.8899999999999997,1.44,Samba,MAINTAIN,MAINTAIN,False,65.64532089233398,maintain
Samba-2019,2019-09-08,-17.032476,-17.954561,-18.864616,14.926709,8.295455,12.028857,51.224163,46.136803,44.27358,11.18,5.39,0.14,tillering,19.69,11.84,0.82,Samba,MAINTAIN,MAINTAIN,False,68.25663948059082,maintain
Samba-2019,2019-09-09,-24.930696,-26.590235,-29.467945,6.054796,1.5021833,-4.0153975,47.215603,41.882824,40.265938,5.39,0.14,8.6,tillering,7.57,15.46,1.5,Samba,MAINTAIN,MAINTAIN,False,72.14629936218262,maintain
Samba-2019,2019-09-10,-18.132626,-21.573483,-18.334652,10.034279,15.398612,12.674427,50.95715,47.722675,49.3906,0.14,8.6,10.8,tillering,17.99,47.52,2.8899999999999997,Samba,MAINTAIN,MAINTAIN,False,69.29615783691406,maintain
Samba-2019,2019-09-11,-20.64391,-19.872093,-17.906029,16.14239,17.395493,18.772064,50.991367,51.966614,48.47012,8.6,10.8,19.93,tillering,11.68,34.75,16.38,Samba,MAINTAIN,MAINTAIN,False,71.83870697021484,maintain
Samba-2019,2019-09-12,-25.404583,-26.075037,-26.989231,10.486381,10.374071,3.2622714,43.73369,44.422466,41.954033,10.8,19.93,18.77,tillering,8.05,23.959999999999997,22.71,Samba,MAINTAIN,MAINTAIN,False,70.49750328063965,maintain
Samba-2019,2019-09-13,-17.968172,-16.27617,-16.293602,20.875465,18.26703,19.035997,52.553173,52.346134,48.960125,19.93,18.77,18.32,tillering,13.4,26.18,35.6,Samba,MAINTAIN,MAINTAIN,False,70.5213451385498,maintain
Samba-2019,2019-09-14,-15.177522,-12.649351,-8.440282,19.563734,19.561085,26.984745,50.868134,52.0031,51.813934,18.77,18.32,32.56,tillering,19.96,44.41,27.19,Samba,MAINTAIN,MAINTAIN,False,66.04565525054932,maintain
Samba-2019,2019-09-15,-16.210474,-17.106827,-14.836686,20.175055,22.429539,20.983667,50.344807,52.206577,52.295094,18.32,32.56,45.8,tillering,17.03,44.0,25.380000000000003,Samba,MAINTAIN,MAINTAIN,False,69.31340408325195,maintain
Samba-2019,2019-09-16,-14.441273,-11.864741,-12.232849,28.488775,32.30797,56.047333,52.056297,55.050316,63.397846,32.56,45.8,58.65,tillering,18.92,109.52000000000001,31.089999999999996,Samba,MAINTAIN,MAINTAIN,False,75.63069534301758,maintain
Samba-2019,2019-09-17,-5.8492675,-3.160209,-1.5035905,47.48157,58.14976,63.764645,60.704884,70.33401,66.95128,45.8,58.65,71.66,tillering,32.36,60.96,45.209999999999994,Samba,MAINTAIN,MAINTAIN,False,73.49421620368958,maintain
Samba-2019,2019-09-18,-4.4937005,-2.443465,-4.7094626,51.045284,50.914944,46.73864,63.151043,67.17617,67.02437,58.65,71.66,68.47,tillering,38.2,17.060000000000002,57.53,Samba,MAINTAIN,MAINTAIN,False,71.73383092880249,maintain
Samba-2019,2019-09-19,9.616849,10.655914,9.754564,75.65291,68.95506,68.662,82.59593,83.512085,74.69676,71.66,68.47,66.62,tillering,59.97,5.46,56.00999999999999,Samba,MAINTAIN,MAINTAIN,False,72.97908306121826,maintain
Samba-2019,2019-09-20,14.928781,16.046879,16.953608,64.776184,62.116528,68.22302,80.005264,82.598145,80.519226,68.47,66.62,63.96,tillering,71.45,41.05,38.339999999999996,Samba,MAINTAIN,MAINTAIN,False,66.55126571655273,maintain
Samba-2019,2019-09-21,13.712056,16.1534,16.761074,68.558754,68.354385,71.34275,78.52088,83.271805,78.75517,66.62,63.96,77.79,tillering,70.03,24.08,23.719999999999995,Samba,MAINTAIN,MAINTAIN,False,67.11840438842773,maintain
Samba-2019,2019-09-22,10.805113,11.078874,13.392553,62.915787,65.959404,72.98877,74.41951,83.10961,80.24027,63.96,77.79,82.28,tillering,66.23,37.06,7.189999999999996,Samba,MAINTAIN,MAINTAIN,False,72.03073787689209,maintain
Samba-2019,2019-09-23,9.990011,12.177264,14.760371,72.35712,74.84355,81.87185,87.42868,88.22107,81.145355,77.79,82.28,91.16,tillering,62.16,20.85,23.839999999999996,Samba,MAINTAIN,MAINTAIN,False,77.43866920471191,maintain
Samba-2019,2019-09-24,25.39309,26.368345,25.576746,80.806786,88.23853,84.60737,94.340576,91.80773,83.14774,82.28,91.16,87.66,tillering,82.16,22.759999999999998,29.519999999999996,Samba,MAINTAIN,MAINTAIN,False,68.9474868774414,maintain
Samba-2019,2019-09-25,28.816227,28.30791,27.57753,91.51706,90.90613,85.55678,97.34245,91.61647,83.34721,91.16,87.66,82.07,tillering,84.95,2.6799999999999997,40.76,Samba,MAINTAIN,MAINTAIN,False,68.52622604370117,maintain
Samba-2019,2019-09-26,28.816227,28.022316,25.467327,86.90853,82.32793,71.96546,94.16058,88.70711,80.43931,87.66,82.07,76.74,stem_elongation,98.14,5.33,24.339999999999996,Samba,DRAIN,DRAIN,False,65.34435653686523,bund_drain
Samba-2019,2019-09-27,28.665506,25.768776,22.02281,84.96848,78.03571,73.40191,93.168526,86.90549,81.074425,82.07,76.74,77.02,stem_elongation,90.13,20.28,15.569999999999995,Samba,DRAIN,DRAIN,False,64.50301933288574,bund_drain
Samba-2019,2019-09-28,25.311129,23.25386,20.26669,75.16071,69.58781,74.44219,88.785034,84.26923,79.91233,76.74,77.02,87.46,stem_elongation,81.08,21.82,2.7299999999999964,Samba,MAINTAIN,MAINTAIN,False,63.47390556335449,maintain
Samba-2019,2019-09-29,24.186636,25.813541,25.348772,81.01593,82.3454,82.95732,88.77785,89.97397,80.23781,77.02,87.46,82.29,stem_elongation,79.82,19.63,6.2899999999999965,Samba,MAINTAIN,MAINTAIN,False,64.59121131896973,maintain
Samba-2019,2019-09-30,10.915737,12.53916,13.842383,76.40446,72.90082,74.1343,86.31789,84.50761,75.09319,87.46,82.29,77.51,stem_elongation,67.12,1.93,21.509999999999998,Samba,MAINTAIN,MAINTAIN,False,75.40214920043945,maintain
Samba-2019,2019-10-01,28.12559,25.517721,21.982876,80.95198,74.64881,65.63664,93.347015,87.391754,78.576805,82.29,77.51,72.47,stem_elongation,97.98,9.87,21.839999999999996,Samba,DRAIN,DRAIN,False,65.22142601013184,bund_drain
Samba-2019,2019-10-02,28.397392,28.133944,26.666866,83.204,79.540344,73.47288,91.50389,86.585915,79.95161,77.51,72.47,66.96,stem_elongation,83.66,2.84,16.849999999999994,Samba,MAINTAIN,MAINTAIN,False,63.10649871826172,maintain
Samba-2019,2019-10-03,28.816227,27.114134,26.316858,81.19952,75.4833,73.36454,88.91127,86.03726,80.455956,72.47,66.96,64.02,stem_elongation,88.43,4.55,1.3999999999999964,Samba,DRAIN,DRAIN,False,60.09504318237305,bund_drain
Samba-2019,2019-10-04,11.936594,9.735735,7.5646324,67.71964,60.26648,60.42498,77.66913,75.83209,68.15279,66.96,64.02,60.99,stem_elongation,68.12,6.49,0.9899999999999964,Samba,MAINTAIN,MAINTAIN,False,66.09635734558105,maintain
Samba-2019,2019-10-05,9.8162155,9.61134,11.194578,60.659416,56.317482,54.69362,75.81634,76.665146,74.79656,64.02,60.99,56.91,stem_elongation,61.37,3.77,2.7099999999999964,Samba,MAINTAIN,MAINTAIN,False,67.05380630493164,maintain
Samba-2019,2019-10-06,10.183566,10.5098295,11.252664,60.43779,57.286068,53.666122,74.11544,77.08478,72.47126,60.99,56.91,51.87,stem_elongation,65.85,1.59,4.489999999999997,Samba,MAINTAIN,MAINTAIN,False,66.57494831085205,maintain
Samba-2019,2019-10-07,9.834902,9.076359,7.640602,57.715652,52.59843,47.687218,72.85754,72.61875,64.75627,56.91,51.87,46.64,stem_elongation,62.8,2.7399999999999998,5.759999999999996,Samba,MAINTAIN,MAINTAIN,False,63.54239273071289,maintain
Samba-2019,2019-10-08,6.3581986,9.521157,3.7458766,51.683895,51.81484,44.563404,71.266624,73.63634,68.137955,51.87,46.64,41.56,stem_elongation,58.6,2.41,3.929999999999996,Samba,MAINTAIN,MAINTAIN,False,64.90842580795288,maintain
Samba-2019,2019-10-09,4.3744893,1.8052235,-0.9943166,46.742886,41.921177,35.45396,66.05169,65.40269,60.302288,46.64,41.56,37.69,stem_elongation,52.8,8.02,2.349999999999996,Samba,MAINTAIN,MAINTAIN,False,63.597463607788086,maintain
Samba-2019,2019-10-10,-2.1016731,-4.829348,-8.242195,38.27656,31.204924,28.347954,59.70502,58.491352,60.12482,41.56,37.69,33.75,stem_elongation,43.5,6.58,0.9899999999999964,Samba,MAINTAIN,MAINTAIN,False,68.36701583862305,maintain
Samba-2019,2019-10-11,-7.7537847,-11.931929,-14.220756,30.601587,25.823343,25.473608,56.818405,57.13968,62.932117,37.69,33.75,30.24,stem_elongation,34.13,5.6499999999999995,1.8399999999999963,Samba,MAINTAIN,MAINTAIN,False,77.1528730392456,maintain
Samba-2019,2019-10-12,-7.4586077,-11.30082,-11.606857,33.194923,29.073795,29.484709,56.881897,57.09546,65.13557,33.75,30.24,29.16,stem_elongation,39.11,15.969999999999999,2.5199999999999965,Samba,MAINTAIN,MAINTAIN,False,76.74242401123047,maintain
Samba-2019,2019-10-13,-13.080766,-14.677202,-15.256333,24.437387,20.735441,23.51669,52.615128,55.977432,57.26289,30.24,29.16,33.89,stem_elongation,27.34,52.05,4.129999999999996,Samba,MAINTAIN,MAINTAIN,False,72.5192232131958,maintain
Samba-2019,2019-10-14,-12.812537,-13.012127,-10.067962,22.961475,25.353859,31.44311,54.374973,57.56848,65.31927,29.16,33.89,48.34,panicle_initiation,23.35,48.61,7.059999999999996,Samba,DELAY,MAINTAIN,False,75.38722896575928,agronomic_delay
Samba-2019,2019-10-15,-9.877414,-6.2140656,-4.429581,33.36388,38.732346,40.544865,56.004894,69.003204,71.041565,33.89,48.34,60.65,panicle_initiation,27.26,47.1,15.429999999999996,Samba,DELAY,MAINTAIN,False,75.47114610671997,agronomic_delay
Samba-2019,2019-10-16,-4.588961,-2.4398422,-4.5514016,53.79329,50.26353,47.86118,62.992752,72.465744,73.30045,48.34,60.65,57.51,panicle_initiation,36.04,16.36,32.47,Samba,DELAY,MAINTAIN,False,77.85185480117798,agronomic_delay
Samba-2019,2019-10-17,6.2317286,9.18595,10.490027,64.615074,68.75331,80.519646,83.030334,85.807335,81.173256,60.65,57.51,59.83,panicle_initiation,58.28,39.31,45.73,Samba,MAINTAIN,MAINTAIN,False,76.79860591888428,maintain
Samba-2019,2019-10-18,9.926088,10.565474,13.018043,58.695568,58.5974,66.957085,74.91456,79.74217,82.4641,57.51,59.83,71.88,panicle_initiation,65.55,73.95,38.36999999999999,Samba,MAINTAIN,MAINTAIN,False,69.44606113433838,maintain
Samba-2019,2019-10-19,10.291389,11.771747,14.753033,66.84303,73.91603,83.53759,77.47947,85.03727,84.19981,59.83,71.88,88.97,panicle_initiation,64.68,77.77,26.099999999999994,Samba,MAINTAIN,MAINTAIN,False,73.26552295684814,maintain
Samba-2019,2019-10-20,10.081591,12.177264,15.072349,72.09334,78.75276,87.07126,87.266716,89.847305,84.72653,71.88,88.97,95.12,panicle_initiation,63.1,48.980000000000004,25.129999999999995,Samba,MAINTAIN,MAINTAIN,False,77.67004108428955,maintain
Samba-2019,2019-10-21,17.036062,20.436487,19.02211,79.88998,81.712746,89.40019,93.92863,92.40281,87.42123,88.97,95.12,95.31,panicle_initiation,73.71,48.61,44.699999999999996,Samba,MAINTAIN,MAINTAIN,False,76.89256477355957,maintain
Samba-2019,2019-10-22,28.816227,28.30791,27.867743,95.0014,94.2117,95.76999,96.75176,93.24472,88.2965,95.12,95.31,95.34,panicle_initiation,101.5,36.05,50.53,Samba,MAINTAIN,MAINTAIN,False,67.9355354309082,agronomic_hold
Samba-2019,2019-10-23,28.816227,28.30791,27.638317,96.67289,94.105,91.94118,97.72966,94.37712,89.63798,95.31,95.34,92.13,panicle_initiation,88.51,5.3500000000000005,54.86,Samba,MAINTAIN,MAINTAIN,False,68.91343307495117,agronomic_hold
Samba-2019,2019-10-24,28.816227,28.30791,27.638317,95.244026,93.470825,90.96286,97.69211,94.859955,89.43163,95.34,92.13,89.03,panicle_initiation,93.24,10.809999999999999,37.85999999999999,Samba,MAINTAIN,MAINTAIN,False,68.87588119506836,agronomic_hold
Samba-2019,2019-10-25,28.816227,28.133944,26.896294,92.7345,89.51093,91.27197,95.13877,91.78219,89.132515,92.13,89.03,88.55,panicle_initiation,93.66,55.32,27.169999999999998,Samba,MAINTAIN,MAINTAIN,False,66.32254409790039,agronomic_hold
Samba-2019,2019-10-26,28.816227,28.133944,26.95708,88.40565,85.39551,89.13232,94.71783,92.70621,90.189095,89.03,88.55,95.74,panicle_initiation,96.6,77.48,7.509999999999996,Samba,MAINTAIN,MAINTAIN,False,65.9015998840332,agronomic_hold
Samba-2019,2019-10-27,28.397392,28.30791,27.867743,87.09941,90.59022,91.912834,95.2771,94.93031,94.782555,88.55,95.74,96.19,panicle_initiation,84.14,115.61,7.249999999999997,Samba,MAINTAIN,MAINTAIN,False,66.9148120880127,maintain
Samba-2019,2019-10-28,28.816227,28.30791,27.867743,95.79393,95.129166,97.080185,97.966515,95.10118,98.600845,95.74,96.19,95.9,panicle_initiation,92.37,66.99,25.819999999999997,Samba,MAINTAIN,MAINTAIN,False,70.73310279846191,agronomic_hold
Samba-2019,2019-10-29,28.816227,28.30791,27.867743,96.859085,95.54062,96.52066,98.42812,97.62312,98.77387,96.19,95.9,95.48,flowering,98.64,54.94,49.47,Samba,MAINTAIN,MAINTAIN,False,70.90612983703613,agronomic_hold
Samba-2019,2019-10-30,28.816227,28.30791,27.638317,96.418465,96.84434,93.548904,98.276695,98.3902,96.98211,95.9,95.48,92.13,flowering,100.26,9.96,73.39999999999999,Samba,MAINTAIN,MAINTAIN,False,70.0822868347168,agronomic_hold
Samba-2019,2019-10-31,28.816227,28.30791,27.867743,96.4635,96.25212,94.26641,97.86873,98.45222,97.92782,95.48,92.13,88.16,flowering,99.88,19.05,60.589999999999996,Samba,MAINTAIN,MAINTAIN,False,70.14430618286133,agronomic_hold
Samba-2019,2019-11-01,28.816227,28.133944,26.666866,92.758575,89.47122,87.92445,96.50988,94.01405,93.11366,92.13,88.16,87.15,flowering,103.17,4.42,37.19,Samba,MAINTAIN,MAINTAIN,False,67.69365310668945,agronomic_hold
Samba-2019,2019-11-02,28.816227,28.133944,26.666866,90.40514,87.74475,86.55469,95.49155,94.92038,94.60765,88.16,87.15,82.89,flowering,91.88,5.64,9.549999999999997,Samba,MAINTAIN,MAINTAIN,False,67.9407844543457,agronomic_hold
Samba-2019,2019-11-03,28.816227,28.055027,27.368996,90.18946,88.15232,84.656,94.78685,95.118164,92.20926,87.15,82.89,76.82,flowering,90.81,0.51,5.449999999999997,Samba,MAINTAIN,MAINTAIN,False,67.06313705444336,agronomic_hold
Samba-2019,2019-11-04,28.397392,27.88106,26.458332,85.24675,83.22146,79.721985,91.84124,91.30581,90.63311,82.89,76.82,71.45,flowering,83.47,4.84,4.459999999999996,Samba,MAINTAIN,MAINTAIN,False,64.17477798461914,maintain
Samba-2019,2019-11-05,22.187405,20.9814,17.863117,76.359665,68.05119,65.67638,87.61513,85.350815,80.860306,76.82,71.45,67.45,flowering,78.07,3.7399999999999998,3.8199999999999967,Samba,MAINTAIN,MAINTAIN,False,65.4277229309082,maintain
Samba-2019,2019-11-06,28.816227,26.558607,23.049477,77.37432,72.256134,73.573746,86.71672,85.6496,87.33281,71.45,67.45,67.75,flowering,85.64,13.82,0.48999999999999644,Samba,MAINTAIN,MAINTAIN,False,64.28333282470703,agronomic_hold
Samba-2019,2019-11-07,10.870983,9.6571045,10.315127,65.73326,65.92992,63.263157,78.510254,79.24282,86.02234,67.45,67.75,67.36,flowering,67.39,6.450000000000001,1.0699999999999963,Samba,MAINTAIN,MAINTAIN,False,75.7072114944458,maintain
Samba-2019,2019-11-08,14.7525425,15.631731,15.926429,67.803604,66.86834,67.285095,79.42937,86.75382,84.47776,67.75,67.36,62.17,flowering,70.66,5.16,5.409999999999996,Samba,MAINTAIN,MAINTAIN,False,71.12209129333496,maintain
Samba-2019,2019-11-09,15.226588,16.13567,17.133108,68.167786,68.86328,69.82961,79.42352,86.92567,86.526306,67.36,62.17,57.42,flowering,70.41,3.26,9.639999999999995,Samba,MAINTAIN,MAINTAIN,False,70.78999710083008,maintain
Samba-2019,2019-11-10,17.381065,19.490953,15.277135,65.462006,65.789894,58.926346,77.52439,84.50852,81.24448,62.17,57.42,52.52,flowering,73.23,2.09,8.879999999999995,Samba,MAINTAIN,MAINTAIN,False,65.96734142303467,maintain
Samba-2019,2019-11-11,5.1718783,3.076086,-1.088083,54.16324,50.317204,46.5897,67.54205,71.67095,73.36711,57.42,52.52,48.85,flowering,53.88,4.24,4.7899999999999965,Samba,DELAY,MAINTAIN,False,74.45519423484802,agronomic_delay
Samba-2019,2019-11-12,9.558738,8.947035,10.399231,56.57081,54.41023,54.86168,73.89136,73.05478,82.92372,52.52,48.85,47.68,flowering,61.88,12.299999999999999,0.6199999999999964,Samba,MAINTAIN,MAINTAIN,False,72.52449035644531,maintain
Samba-2019,2019-11-13,4.631966,2.705491,-0.71669054,50.840736,50.19022,45.998367,66.49963,68.60223,83.969246,48.85,47.68,47.99,flowering,52.23,13.47,1.6599999999999964,Samba,DELAY,MAINTAIN,False,84.68593645095825,agronomic_delay
Samba-2019,2019-11-14,-1.3240825,-3.7999191,-3.133065,42.829674,40.037296,40.023857,60.14687,61.799664,73.35063,47.68,47.99,48.05,flowering,45.85,17.1,5.189999999999996,Samba,DELAY,MAINTAIN,False,76.48369669914246,agronomic_delay
Samba-2019,2019-11-15,-1.2019233,-3.0076582,-3.0006995,42.42269,44.20554,42.001453,59.6682,61.536945,76.087135,47.99,48.05,47.6,grain_filling,46.43,32.980000000000004,9.329999999999997,Samba,MAINTAIN,MAINTAIN,False,79.08783483505249,maintain
Samba-2019,2019-11-16,4.5322614,3.407522,2.5118623,46.651634,48.207863,51.922318,66.18418,74.81386,86.731255,48.05,47.6,58.52,grain_filling,53.17,21.4,12.279999999999996,Samba,MAINTAIN,MAINTAIN,False,84.2193922996521,maintain
Samba-2019,2019-11-17,4.410103,2.9980228,3.1415534,47.67355,52.100586,54.018845,66.15967,75.01197,88.92933,47.6,58.52,60.06,grain_filling,51.71,33.230000000000004,12.179999999999996,Samba,MAINTAIN,MAINTAIN,False,85.78777551651001,maintain
Samba-2019,2019-11-18,0.68353933,2.254606,3.7772777,55.28322,58.192425,61.818607,64.37975,75.0428,87.623795,58.52,60.06,62.63,grain_filling,46.96,37.55,22.819999999999997,Samba,MAINTAIN,MAINTAIN,False,83.84651684761047,maintain
Samba-2019,2019-11-19,4.704138,4.2534485,3.7857952,49.85822,50.94024,51.47832,66.08722,79.10121,89.38376,60.06,62.63,65.64,grain_filling,52.82,21.49,24.459999999999997,Samba,MAINTAIN,MAINTAIN,False,85.59796333312988,maintain
Samba-2019,2019-11-20,6.075978,8.385619,9.66691,52.862984,56.73814,67.46846,74.50747,88.39823,97.59465,62.63,65.64,79.38,grain_filling,54.72,43.08,27.269999999999996,Samba,MAINTAIN,MAINTAIN,False,87.9277400970459,maintain
Samba-2019,2019-11-21,10.181419,11.600417,14.899047,63.8765,64.40055,76.53005,76.921165,90.511024,98.43383,65.64,79.38,86.83,grain_filling,66.4,28.490000000000002,19.359999999999996,Samba,MAINTAIN,MAINTAIN,False,83.53478336334229,maintain
Samba-2019,2019-11-22,9.990011,11.802974,14.703389,71.81723,77.61427,83.61799,87.73624,96.58258,98.348,79.38,86.83,86.41,grain_filling,59.25,21.8,30.699999999999996,Samba,MAINTAIN,MAINTAIN,False,84.77960681915283,maintain
Samba-2019,2019-11-23,21.92725,23.939453,23.830042,80.081856,80.793884,85.19375,93.167015,96.50183,97.367874,86.83,86.41,86.78,grain_filling,78.79,17.15,35.599999999999994,Samba,MAINTAIN,MAINTAIN,False,73.53783226013184,maintain
Samba-2019,2019-11-24,28.816227,28.30791,27.867743,91.71249,92.579704,94.50247,97.62645,98.31559,98.61463,86.41,86.78,90.19,grain_filling,100.24,25.99,32.209999999999994,Samba,DRAIN,DRAIN,False,70.74688911437988,bund_drain
Samba-2019,2019-11-25,28.816227,28.30791,27.867743,94.30171,95.38557,95.21843,97.978775,98.430176,97.90603,86.78,90.19,95.94,grain_filling,88.71,80.35000000000001,19.419999999999998,Samba,DRAIN,DRAIN,False,70.12226486206055,bund_drain
Samba-2019,2019-11-26,28.816227,28.30791,27.867743,93.85996,95.14836,97.43737,97.74837,98.3902,98.793495,90.19,95.94,96.39,grain_filling,90.49,73.98,15.489999999999997,Samba,DRAIN,DRAIN,False,70.92575263977051,bund_drain
Samba-2019,2019-11-27,28.816227,28.30791,27.867743,95.16407,98.724655,98.75337,97.74943,98.45176,98.8287,95.94,96.39,96.29,grain_filling,84.88,120.80999999999999,23.069999999999997,Samba,MAINTAIN,MAINTAIN,False,70.9609546661377,maintain
Samba-2019,2019-11-28,28.816227,28.30791,27.867743,97.26032,97.489,98.253075,98.31193,98.567894,99.018875,96.39,96.29,96.97,grain_filling,89.8,116.14,47.15,Samba,DRAIN,DRAIN,False,71.15113258361816,bund_drain
Samba-2019,2019-11-29,28.816227,28.30791,27.867743,97.42153,97.195625,97.773994,98.209015,98.52941,99.018875,96.29,96.97,96.65,grain_filling,100.37,124.17999999999999,65.87,Samba,DRAIN,DRAIN,False,71.15113258361816,bund_drain
Samba-2019,2019-11-30,28.816227,28.30791,27.867743,96.9934,97.09651,97.229,99.06371,98.94831,98.857315,96.97,96.65,96.36,grain_filling,94.88,85.46,116.16999999999999,Samba,DRAIN,DRAIN,False,70.98957252502441,bund_drain
Samba-2019,2019-12-01,28.816227,28.30791,27.867743,96.78975,97.14784,96.720146,98.58368,98.80303,98.84001,96.65,96.36,96.37,grain_filling,102.84,22.249999999999996,112.46,Samba,DRAIN,DRAIN,False,70.97226905822754,bund_drain
Samba-2019,2019-12-02,28.816227,28.30791,27.638317,96.78462,95.308205,92.297104,98.36927,97.63902,95.55798,96.36,96.37,94.02,grain_filling,97.37,4.42,98.20999999999998,Samba,DRAIN,DRAIN,False,69.55304336547852,bund_drain
Samba-2019,2019-12-03,28.816227,28.30791,27.57753,96.54446,94.45836,90.388374,98.33172,96.59891,94.918846,96.37,94.02,92.24,grain_filling,114.14,4.41,41.019999999999996,Samba,DRAIN,DRAIN,False,69.5154914855957,bund_drain
Samba-2019,2019-12-04,28.816227,28.133944,26.896294,93.76955,89.5096,91.62103,96.53967,94.140884,96.736015,94.02,92.24,93.88,ripening,94.01,22.4,16.889999999999993,Samba,DRAIN,DRAIN,False,69.8397216796875,bund_drain
Samba-2019,2019-12-05,28.816227,28.004251,26.51912,88.746086,86.883255,87.532394,94.79875,94.12462,97.365845,92.24,93.88,97.16,ripening,95.97,14.329999999999998,6.069999999999993,Samba,DRAIN,DRAIN,False,70.84672546386719,bund_drain
Samba-2019,2019-12-06,28.816227,28.178219,27.7279,93.215935,94.67013,94.379074,96.20145,98.19227,97.384926,93.88,97.16,95.14,ripening,88.27,21.240000000000002,6.179999999999993,Samba,DRAIN,DRAIN,False,70.0140495300293,bund_drain
Samba-2019,2019-12-07,28.816227,28.30791,27.57753,96.63488,94.14638,89.908615,98.831665,96.86157,94.00009,97.16,95.14,92.1,ripening,99.54,0.4,15.489999999999993,Samba,DRAIN,DRAIN,False,70.01543807983398,bund_drain
Samba-2019,2019-12-08,28.816227,28.133944,26.666866,92.300385,87.64496,84.2189,96.07268,93.82728,90.98686,95.14,92.1,88.96,ripening,99.86,0.18,15.349999999999993,Samba,DRAIN,DRAIN,False,67.25645065307617,bund_drain
Samba-2019,2019-12-09,28.816227,28.068838,26.583479,90.001526,87.64022,85.08535,93.887146,91.87922,90.82164,92.1,88.96,85.82,ripening,90.83,5.0200000000000005,10.939999999999992,Samba,DRAIN,DRAIN,False,65.07091903686523,bund_drain
Samba-2019,2019-12-10,28.816227,26.712175,25.790909,83.95507,82.15051,84.11212,89.22437,88.54676,91.90682,88.96,85.82,84.91,ripening,91.01,45.43,1.039999999999993,Samba,DRAIN,DRAIN,False,66.11591339111328,bund_drain
Samba-2019,2019-12-11,28.816227,26.712175,25.851696,83.20721,82.99484,87.99229,89.10829,88.536064,96.22504,85.82,84.91,97.06,ripening,96.32,26.61,0.1299999999999929,Samba,DRAIN,DRAIN,False,70.37334060668945,bund_drain
Samba-2019,2019-12-12,28.816227,26.712175,25.851696,86.8478,88.06562,91.191376,90.14115,91.9211,96.75563,84.91,97.06,97.13,ripening,92.58,30.229999999999997,2.239999999999993,Samba,DRAIN,DRAIN,False,70.90393447875977,bund_drain
Samba-2019,2019-12-13,22.338125,24.104687,23.844105,91.66877,90.29027,95.1324,96.065025,98.31162,98.17601,97.06,97.13,96.12,ripening,78.34,14.75,22.389999999999993,Samba,MAINTAIN,MAINTAIN,False,74.33190536499023,maintain
Samba-2019,2019-12-14,28.816227,28.30791,27.57753,96.38933,93.6503,91.04103,98.30606,98.1459,96.100266,97.13,96.12,95.43,ripening,95.23,9.5,32.85999999999999,Samba,DRAIN,DRAIN,False,69.83798599243164,bund_drain
Samba-2019,2019-12-15,28.816227,28.133944,26.666866,93.007805,91.267006,89.44432,97.11556,96.609535,94.90417,96.12,95.43,94.94,ripening,106.74,7.78,32.53999999999999,Samba,DRAIN,DRAIN,False,68.4755916595459,bund_drain
Samba-2019,2019-12-16,28.816227,28.133944,26.666866,94.55671,91.4513,88.06029,97.179596,96.2411,92.539154,95.43,94.94,93.34,ripening,95.78,2.75,14.649999999999991,Samba,DRAIN,DRAIN,False,68.36336898803711,bund_drain
Samba-2019,2019-12-17,28.816227,28.070011,26.666866,91.34307,89.79156,86.69009,95.20571,97.26766,94.59273,94.94,93.34,91.44,ripening,96.85,4.63,6.479999999999993,Samba,DRAIN,DRAIN,False,69.19765090942383,bund_drain
Samba-2019,2019-12-18,28.816227,28.004251,26.458332,89.669235,88.823326,84.83766,94.68581,93.1502,91.66718,93.34,91.44,89.03,ripening,100.57,2.08,6.069999999999993,Samba,DRAIN,DRAIN,False,65.86957931518555,bund_drain
Samba-2019,2019-12-19,28.816227,27.88106,26.458332,87.377235,85.57162,82.380165,93.22289,92.54221,89.91211,91.44,89.03,85.98,ripening,87.18,0.65,4.809999999999993,Samba,DRAIN,DRAIN,False,64.66115379333496,bund_drain
Samba-2019,2019-12-20,28.816227,26.712175,25.561483,83.9715,82.472336,80.67285,89.313286,88.58031,87.54183,89.03,85.98,83.08,ripening,87.24,0.26,3.0699999999999927,Samba,DRAIN,DRAIN,False,61.98034858703613,bund_drain
Samba-2019,2019-12-21,28.816227,26.712175,24.937849,84.70893,83.02147,82.807365,87.990135,87.83208,88.12423,85.98,83.08,80.03,ripening,87.91,12.110000000000001,1.6699999999999928,Samba,DRAIN,DRAIN,False,63.18638038635254,bund_drain
Samba-2019,2019-12-22,28.816227,26.712175,25.167274,83.10688,81.63642,86.13383,88.411644,88.06445,92.11054,83.08,80.03,97.14,ripening,92.5,50.23,0.7799999999999929,Samba,DRAIN,DRAIN,False,66.94326782226562,bund_drain
Samba-2019,2019-12-23,28.816227,26.712175,25.228062,83.74647,86.52415,87.46083,89.24464,92.23671,95.29902,80.03,97.14,97.08,ripening,88.68,36.98,0.2199999999999929,Samba,DRAIN,DRAIN,False,70.07095718383789,bund_drain
Samba-2019,2019-12-24,28.397392,28.30791,27.638317,95.91332,95.24233,91.51495,98.17842,97.875984,94.23759,97.14,97.08,94.02,ripening,84.13,2.9199999999999995,23.969999999999995,Samba,MAINTAIN,MAINTAIN,False,69.7810287475586,maintain
Samba-2019,2019-12-25,28.816227,28.30791,27.57753,96.46886,92.489334,88.596855,98.26222,96.587814,92.0951,97.08,94.02,90.9,ripening,96.94,0.16,27.509999999999994,Samba,DRAIN,DRAIN,False,69.44599533081055,bund_drain
Samba-2019,2019-12-26,28.816227,28.133944,26.666866,91.072136,87.19473,84.27724,95.78933,93.25531,90.784584,94.02,90.9,87.68,ripening,103.23,0.43,27.499999999999993,Samba,DRAIN,DRAIN,False,66.97310256958008,bund_drain
Samba-2019,2019-12-27,28.816227,27.88106,26.458332,88.0507,83.71631,81.45273,93.5003,92.1458,89.73976,90.9,87.68,84.75,ripening,93.76,1.52,3.739999999999993,Samba,DRAIN,DRAIN,False,64.6840705871582,bund_drain
Samba-2019,2019-12-28,28.816227,27.114134,26.316858,85.417854,82.77594,82.1926,92.12102,90.45898,92.78884,87.68,84.75,83.79,ripening,94.29,4.5,0.11999999999999289,Samba,DRAIN,DRAIN,False,66.47198295593262,bund_drain
Samba-2019,2019-12-29,28.816227,27.114134,26.316858,85.40085,82.29832,81.66987,92.16419,90.37693,91.80109,84.75,83.79,81.25,ripening,92.74,6.0,0.2299999999999929,Samba,DRAIN,DRAIN,False,65.48422813415527,bund_drain
Samba-2019,2019-12-30,28.816227,27.114134,26.316858,88.242,85.85333,82.89462,93.045105,92.69934,90.02906,83.79,81.25,79.63,ripening,93.73,1.92,2.2199999999999926,Samba,DRAIN,DRAIN,False,65.58520698547363,bund_drain
Samba-2019,2019-12-31,28.397392,26.712175,24.998636,82.70638,83.37408,80.23168,89.672165,88.40106,90.26191,81.25,79.63,76.79,ripening,84.01,5.88,2.7399999999999927,Samba,MAINTAIN,MAINTAIN,False,65.26327323913574,maintain
Samba-2019,2020-01-01,24.186636,25.048664,22.24476,81.55674,80.88725,78.10127,86.41146,86.82634,85.01514,79.63,76.79,73.73,ripening,79.94,3.92,4.029999999999992,Samba,MAINTAIN,MAINTAIN,False,62.770376205444336,maintain
Samba-2019,2020-01-02,28.816227,26.712175,24.937849,80.111374,78.45407,79.67144,86.55009,86.17242,86.323944,76.79,73.73,70.67,ripening,86.61,3.9600000000000004,2.2999999999999927,Samba,DRAIN,DRAIN,False,61.38609504699707,bund_drain
Samba-2019,2020-01-03,28.397392,26.712175,24.937849,78.893135,79.92661,76.64434,86.49135,86.03542,85.67005,73.73,70.67,67.67,ripening,84.15,2.23,1.819999999999993,Samba,MAINTAIN,MAINTAIN,False,60.73220252990723,maintain
Samba-2019,2020-01-04,15.468695,14.876167,14.959465,70.52769,66.941086,65.279526,81.74293,80.04903,80.932594,70.67,67.67,66.49,ripening,71.51,4.67,0.4499999999999929,Samba,MAINTAIN,MAINTAIN,False,66.27423286437988,maintain
Samba-2019,2020-01-05,10.657606,9.6571045,10.27351,66.35943,64.29327,61.919197,77.25313,77.09985,84.54462,67.67,66.49,64.93,ripening,65.64,7.36,0.3099999999999929,Samba,MAINTAIN,MAINTAIN,False,74.2711067199707,maintain
Samba-2019,2020-01-06,16.907019,18.259176,15.166786,66.843636,63.63903,58.98347,77.687355,81.72355,79.32869,66.49,64.93,61.97,ripening,74.27,1.4500000000000002,2.0499999999999927,Samba,MAINTAIN,MAINTAIN,False,64.16190338134766,maintain
Samba-2019,2020-01-07,10.356128,9.08615,10.119139,64.04039,60.804432,59.41332,73.72394,74.76711,76.56443,64.93,61.97,58.6,ripening,58.78,0.24,3.439999999999993,Samba,MAINTAIN,MAINTAIN,False,66.44529151916504,maintain
Samba-2019,2020-01-08,6.100725,6.77256,4.4591994,53.07731,51.720173,48.125237,72.23205,74.27697,72.24998,61.97,58.6,55.3,ripening,56.97,0.04,3.519999999999993,Samba,MAINTAIN,MAINTAIN,False,67.79077768325806,maintain
Samba-2020,2020-08-22,-30.515295,-31.86626,-30.916143,-5.8275595,0.9792171,1.127735,47.406387,44.641937,48.09586,-4.03,45.09,52.28,establishment,-1.31,53.75,4.640000000000001,Samba,DELAY,MAINTAIN,False,79.01200294494629,threshold_delay
Samba-2020,2020-08-23,-32.28374,-30.322926,-29.88578,0.48039272,12.473807,4.6395936,45.818817,44.597183,49.909058,45.09,52.28,49.92,establishment,-6.66,21.96,16.86,Samba,DELAY,MAINTAIN,False,79.79483795166016,threshold_delay
Samba-2020,2020-08-24,-4.8119526,-2.5737207,-5.6945057,42.461975,39.434437,36.433678,58.697174,65.68926,67.62149,52.28,49.92,47.21,establishment,36.44,7.779999999999999,28.990000000000002,Samba,MAINTAIN,MAINTAIN,False,73.31599617004395,maintain
Samba-2020,2020-08-25,-1.3003504,-3.6855862,-6.812586,39.391056,36.530937,32.694313,61.04934,61.178555,59.728283,49.92,47.21,45.44,establishment,45.0,6.58,28.58,Samba,MAINTAIN,MAINTAIN,False,66.54086875915527,maintain
Samba-2020,2020-08-26,7.059107,7.1558743,6.598951,45.771072,48.23753,41.009495,71.621506,76.553856,82.169464,47.21,45.44,39.08,establishment,55.02,12.16,18.46,Samba,MAINTAIN,MAINTAIN,False,75.5705132484436,maintain
Samba-2020,2020-08-27,4.6378016,2.4907482,-1.7087729,46.316727,42.64417,35.521484,67.00941,63.130394,59.623642,45.44,39.08,33.25,establishment,53.62,2.9099999999999997,9.55,Samba,MAINTAIN,MAINTAIN,False,62.37160539627075,maintain
Samba-2020,2020-08-28,4.560822,1.2812366,-3.753916,43.775063,37.795902,32.87642,65.65387,59.79067,56.065643,39.08,33.25,30.09,establishment,53.44,11.26,6.740000000000001,Samba,MAINTAIN,MAINTAIN,False,61.09304761886597,maintain
Samba-2020,2020-08-29,-6.895441,-11.4324045,-11.31951,34.82625,27.617481,26.025888,58.16753,55.686127,56.250572,33.25,30.09,30.51,establishment,40.21,17.1,4.660000000000002,Samba,MAINTAIN,MAINTAIN,False,67.57008266448975,maintain
Samba-2020,2020-08-30,-10.656203,-11.941085,-10.477594,26.03807,24.823935,23.749922,54.784634,47.945114,48.705303,30.09,30.51,35.62,establishment,28.3,23.089999999999996,3.910000000000002,Samba,MAINTAIN,MAINTAIN,False,65.4408369064331,maintain
Samba-2020,2020-08-31,-8.32019,-6.051632,-5.138087,29.321896,29.453999,26.62524,53.0117,51.047737,52.909943,30.51,35.62,39.67,establishment,27.9,24.21,9.520000000000003,Samba,MAINTAIN,MAINTAIN,False,61.33189010620117,maintain
Samba-2020,2020-09-01,-10.325017,-7.660651,-10.483706,28.535484,31.951601,27.491226,53.274837,56.0953,56.190556,35.62,39.67,36.98,tillering,23.05,10.76,18.760000000000005,Samba,MAINTAIN,MAINTAIN,False,66.67426204681396,maintain
Samba-2020,2020-09-02,-7.93812,-4.5416145,-6.5778756,32.91174,31.095242,28.146738,53.605206,56.10593,57.151978,39.67,36.98,32.52,tillering,27.97,6.07,25.1,Samba,MAINTAIN,MAINTAIN,False,63.72985315322876,maintain
Samba-2020,2020-09-03,-6.686296,-5.5064173,-9.251961,33.84231,33.711918,28.180882,58.169777,60.88829,57.61571,36.98,32.52,28.73,tillering,40.95,6.92,21.840000000000003,Samba,MAINTAIN,MAINTAIN,False,66.86767196655273,maintain
Samba-2020,2020-09-04,-6.9376,-10.572027,-13.52,32.75114,28.140192,27.164923,58.292446,60.585514,59.60994,32.52,28.73,24.56,tillering,39.68,5.23,13.460000000000003,Samba,MAINTAIN,MAINTAIN,False,73.12994003295898,maintain
Samba-2020,2020-09-05,-3.6222465,-6.252789,-7.9097457,35.27985,32.804573,28.801414,57.22309,61.245277,67.806656,28.73,24.56,19.4,tillering,42.31,6.5600000000000005,5.6700000000000035,Samba,MAINTAIN,MAINTAIN,False,75.71640157699585,maintain
Samba-2020,2020-09-06,-10.801955,-12.992469,-11.278036,24.589218,21.018713,22.85049,54.712585,49.54957,53.909973,24.56,19.4,15.05,tillering,28.31,41.34,5.180000000000003,Samba,MAINTAIN,MAINTAIN,False,65.51454067230225,maintain
Samba-2020,2020-09-07,-17.882982,-19.111755,-18.843489,16.936121,14.060101,15.772812,50.13128,46.598114,48.4407,19.4,15.05,33.1,tillering,17.77,27.349999999999998,4.860000000000004,Samba,MAINTAIN,MAINTAIN,False,68.01426124572754,maintain
Samba-2020,2020-09-08,-17.082907,-18.34923,-16.73028,15.982824,18.806406,17.733467,50.054646,47.15753,46.20384,15.05,33.1,34.85,tillering,18.79,32.589999999999996,4.8800000000000034,Samba,MAINTAIN,MAINTAIN,False,67.13755226135254,maintain
Samba-2020,2020-09-09,-17.594221,-15.119679,-16.500488,25.44727,32.001324,34.39875,52.235664,57.726757,54.09454,33.1,34.85,29.85,tillering,13.64,18.169999999999998,25.830000000000002,Samba,MAINTAIN,MAINTAIN,False,72.84643650054932,maintain
Samba-2020,2020-09-10,-5.9714136,-4.0044327,-7.2197146,33.036892,32.562813,26.933918,55.12331,56.08438,55.30766,34.85,29.85,24.67,tillering,30.64,14.55,32.730000000000004,Samba,MAINTAIN,MAINTAIN,False,62.52737379074097,maintain
Samba-2020,2020-09-11,-7.499014,-10.533458,-13.734179,31.392187,28.411821,25.717081,56.691574,57.359604,55.866302,29.85,24.67,23.59,tillering,36.57,4.74,32.13,Samba,MAINTAIN,MAINTAIN,False,69.6004810333252,maintain
Samba-2020,2020-09-12,-13.253748,-15.709326,-17.925556,21.537636,19.30876,15.138757,50.75979,47.569584,47.86865,24.67,23.59,17.53,tillering,23.78,6.359999999999999,9.650000000000004,Samba,MAINTAIN,MAINTAIN,False,65.79420471191406,maintain
Samba-2020,2020-09-13,-12.187574,-11.9662,-13.004029,23.550022,22.27459,21.716202,52.206234,48.519756,48.945713,23.59,17.53,11.69,tillering,25.32,7.07,6.330000000000004,Samba,MAINTAIN,MAINTAIN,False,64.39380836486816,maintain
Samba-2020,2020-09-14,-13.05393,-15.250673,-17.83115,22.258953,17.920124,14.647628,51.51109,46.20787,47.15161,17.53,11.69,5.28,tillering,26.85,2.92,6.050000000000004,Samba,MAINTAIN,MAINTAIN,False,64.98276138305664,maintain
Samba-2020,2020-09-15,-13.33686,-16.388748,-18.742556,19.70454,16.209223,11.80272,51.848263,46.914806,46.130444,11.69,5.28,-0.45,tillering,24.63,1.24,6.020000000000004,Samba,MAINTAIN,MAINTAIN,False,65.1851224899292,maintain
Samba-2020,2020-09-16,-19.412157,-21.050524,-23.501682,10.591556,10.049129,5.34936,49.676388,45.958664,43.770855,5.28,-0.45,-6.59,tillering,13.24,6.3,1.7800000000000045,Samba,MAINTAIN,MAINTAIN,False,69.08854484558105,maintain
Samba-2020,2020-09-17,-22.965744,-26.283102,-28.474083,6.8996167,1.7617289,-1.529495,49.438324,45.97859,42.681713,-0.45,-6.59,-11.93,tillering,10.5,13.270000000000001,1.8100000000000045,Samba,MAINTAIN,MAINTAIN,False,72.40406799316406,maintain
Samba-2020,2020-09-18,-30.12009,-32.273113,-33.302658,-3.064193,-9.839786,-8.498216,41.34885,35.60663,39.623264,-6.59,-11.93,-16.5,tillering,-2.67,14.02,1.6400000000000046,Samba,MAINTAIN,MAINTAIN,False,72.92592239379883,maintain
Samba-2020,2020-09-19,-33.11332,-33.637203,-35.736965,-10.166353,-11.127964,-14.0252,37.844692,34.549866,38.01802,-11.93,-16.5,-22.17,tillering,-8.11,0.77,1.8700000000000045,Samba,MAINTAIN,MAINTAIN,False,73.75498580932617,maintain
Samba-2020,2020-09-20,-32.02614,-32.604237,-34.183716,-9.708958,-13.627189,-13.830379,37.80685,33.832966,38.236084,-16.5,-22.17,-28.06,tillering,-5.19,0.22,1.7000000000000042,Samba,MAINTAIN,MAINTAIN,False,72.4197998046875,maintain
Samba-2020,2020-09-21,-43.853527,-47.504673,-50.663696,-23.095932,-26.771116,-31.6203,22.499866,27.764746,14.401849,-22.17,-28.06,-33.81,tillering,-23.36,5.409999999999999,1.1400000000000043,Samba,MAINTAIN,MAINTAIN,False,75.26941871643066,maintain
Samba-2020,2020-09-22,-46.366165,-49.680214,-52.641666,-27.332296,-33.78831,-38.790325,17.486399,17.340395,12.819431,-28.06,-33.81,-38.79,tillering,-24.19,6.0,0.6500000000000045,Samba,MAINTAIN,MAINTAIN,False,67.02060890197754,maintain
Samba-2020,2020-09-23,-47.49964,-49.79579,-52.989086,-30.92805,-35.238773,-37.664986,17.486399,15.649678,11.452263,-33.81,-38.79,-40.27,tillering,-22.42,8.030000000000001,0.24000000000000443,Samba,MAINTAIN,MAINTAIN,False,65.4454698562622,maintain
Samba-2020,2020-09-24,-53.238243,-56.56548,-57.494545,-36.77318,-44.032944,-50.04876,10.325389,8.386837,8.017154,-38.79,-40.27,-43.66,tillering,-34.87,23.029999999999998,0.3500000000000044,Samba,MAINTAIN,MAINTAIN,False,65.51169872283936,maintain
Samba-2020,2020-09-25,-55.509857,-54.578667,-54.620327,-40.74814,-45.834053,-45.7576,8.671727,8.414506,9.202214,-40.27,-43.66,-36.9,tillering,-40.22,37.45,2.8300000000000045,Samba,MAINTAIN,MAINTAIN,False,64.18158435821533,maintain
Samba-2020,2020-09-26,-55.542004,-56.415783,-56.537468,-45.42021,-42.31174,-44.541985,8.671727,7.8845725,9.245505,-43.66,-36.9,-25.14,stem_elongation,-41.6,47.29,4.0400000000000045,Samba,MAINTAIN,MAINTAIN,False,65.78297328948975,maintain
Samba-2020,2020-09-27,-53.87228,-55.875187,-56.658142,-34.877815,-36.739044,-30.002182,8.671727,8.289832,10.259184,-36.9,-25.14,-6.16,stem_elongation,-43.07,50.39,15.650000000000006,Samba,MAINTAIN,MAINTAIN,False,66.91732597351074,maintain
Samba-2020,2020-09-28,-49.783195,-48.34013,-48.540592,-28.488262,-18.755527,-21.822573,9.158007,9.350587,11.361786,-25.14,-6.16,12.31,stem_elongation,-31.47,40.71,29.580000000000005,Samba,MAINTAIN,MAINTAIN,False,59.90237808227539,maintain
Samba-2020,2020-09-29,-42.488083,-38.9989,-38.572285,-0.28963646,6.084148,3.8478537,19.500906,23.21151,22.60997,-6.16,12.31,7.1,stem_elongation,-20.52,60.669999999999995,51.580000000000005,Samba,MAINTAIN,MAINTAIN,False,62.210411071777344,maintain
Samba-2020,2020-09-30,-32.40099,-29.934929,-32.855328,9.225666,3.2716856,9.84489,39.959045,27.548222,45.948936,12.31,7.1,1.32,stem_elongation,-6.1,5.83,63.620000000000005,Samba,MAINTAIN,MAINTAIN,False,78.80426406860352,maintain
Samba-2020,2020-10-01,-18.403502,-19.208351,-21.105112,15.534351,11.337789,11.855152,49.708786,46.658142,46.77552,7.1,1.32,0.31,stem_elongation,17.77,5.61,47.730000000000004,Samba,MAINTAIN,MAINTAIN,False,68.1122875213623,maintain
Samba-2020,2020-10-02,-23.214748,-25.681997,-29.26709,8.083345,5.844229,0.59589785,44.877876,43.42946,44.46423,1.32,0.31,-5.34,stem_elongation,8.81,5.94,25.120000000000005,Samba,MAINTAIN,MAINTAIN,False,73.73131942749023,maintain
Samba-2020,2020-10-03,-26.424099,-28.077393,-30.27363,4.1470795,-1.4788088,-2.0104651,43.27616,36.305977,41.06889,0.31,-5.34,-10.8,stem_elongation,5.62,3.98,5.300000000000003,Samba,MAINTAIN,MAINTAIN,False,71.34251976013184,maintain
Samba-2020,2020-10-04,-30.368315,-32.046627,-31.509977,-5.3271537,-7.0099626,-3.5421832,38.591454,34.769787,39.636227,-5.34,-10.8,-14.97,stem_elongation,-4.83,12.15,5.030000000000003,Samba,MAINTAIN,MAINTAIN,False,71.14620399475098,maintain
Samba-2020,2020-10-05,-28.609785,-29.435617,-30.593899,-1.7905127,-5.8073564,-4.012537,41.982643,35.395855,39.726696,-10.8,-14.97,-16.23,stem_elongation,3.35,9.27,4.890000000000003,Samba,MAINTAIN,MAINTAIN,False,70.59242820739746,maintain
Samba-2020,2020-10-06,-32.688526,-34.465588,-33.686565,-10.218928,-9.940841,3.0352473,38.582943,33.60188,34.930767,-14.97,-16.23,-11.25,stem_elongation,-9.7,18.2,2.9500000000000037,Samba,MAINTAIN,MAINTAIN,False,71.27146911621094,maintain
Samba-2020,2020-10-07,-43.776382,-42.8753,-41.819324,-23.942457,-21.41667,-24.3636,16.523735,21.977146,16.253021,-16.23,-11.25,-12.8,stem_elongation,-28.71,14.07,7.140000000000004,Samba,MAINTAIN,MAINTAIN,False,64.85244750976562,maintain
Samba-2020,2020-10-08,-33.509422,-31.258644,-32.168873,-4.456564,2.0881808,0.20609461,32.943733,26.28232,40.995148,-11.25,-12.8,-16.44,stem_elongation,-7.93,4.609999999999999,16.120000000000005,Samba,MAINTAIN,MAINTAIN,False,73.16402053833008,maintain
Samba-2020,2020-10-09,-36.00759,-37.309025,-38.71671,-9.850199,-14.376052,-15.98291,37.610462,33.773727,23.41949,-12.8,-16.44,-20.37,stem_elongation,-11.22,1.5399999999999998,16.840000000000003,Samba,MAINTAIN,MAINTAIN,False,73.6180534362793,maintain
Samba-2020,2020-10-10,-36.429413,-38.071327,-42.443806,-14.583701,-19.577335,-21.480658,37.232418,26.207561,23.410076,-16.44,-20.37,-26.07,stem_elongation,-14.78,1.82,13.450000000000003,Samba,MAINTAIN,MAINTAIN,False,73.66183090209961,maintain
Samba-2020,2020-10-11,-39.81342,-41.05529,-41.483612,-15.718814,-16.951311,-20.581715,26.232346,25.448256,45.71382,-20.37,-26.07,-31.11,stem_elongation,-19.47,9.79,4.5000000000000036,Samba,MAINTAIN,MAINTAIN,False,87.19743347167969,maintain
Samba-2020,2020-10-12,-41.029797,-42.525257,-44.42056,-22.366674,-27.972162,-14.252507,35.68954,25.426317,53.102413,-26.07,-31.11,-36.22,stem_elongation,-18.17,0.49,1.9200000000000037,Samba,INSPECT,MAINTAIN,True,97.5229721069336,uncertainty_gate
Samba-2020,2020-10-13,-47.524757,-50.91666,-53.34237,-33.464413,-27.89586,-23.296375,16.87722,47.018272,52.13687,-31.11,-36.22,34.55,stem_elongation,-30.51,4.03,1.0600000000000036,Samba,INSPECT,MAINTAIN,True,105.47924041748047,uncertainty_gate
Samba-2020,2020-10-14,-51.64302,-54.919346,-55.270115,-15.738697,3.524573,25.37691,48.67263,57.695557,58.651146,-36.22,34.55,32.74,panicle_initiation,-33.99,17.72,0.6000000000000035,Samba,IRRIGATE,IRRIGATE,False,113.92126083374023,agronomic_irrigate
Samba-2020,2020-10-15,-55.71526,-57.83691,-58.223362,-9.972013,12.197504,27.892094,48.60355,57.304974,58.514496,34.55,32.74,37.04,panicle_initiation,-38.98,35.519999999999996,0.36000000000000354,Samba,IRRIGATE,MAINTAIN,False,116.73785781860352,agronomic_irrigate
Samba-2020,2020-10-16,-8.118936,-9.603942,-5.2676277,29.142046,29.85106,32.953457,57.22213,58.47538,61.82249,32.74,37.04,43.68,panicle_initiation,33.09,33.019999999999996,4.660000000000004,Samba,DELAY,MAINTAIN,False,68.07932186126709,agronomic_delay
Samba-2020,2020-10-17,-7.7187634,-4.4075174,-2.6703453,34.884064,35.626842,36.357643,57.274807,62.738747,64.03264,37.04,43.68,46.01,panicle_initiation,30.16,32.910000000000004,14.960000000000004,Samba,DELAY,MAINTAIN,False,67.14626407623291,agronomic_delay
Samba-2020,2020-10-18,-2.005138,1.3298393,0.32892454,48.59703,49.670265,49.847557,59.081028,71.05064,76.78696,43.68,46.01,45.87,panicle_initiation,41.3,19.130000000000003,26.590000000000003,Samba,DELAY,MAINTAIN,False,76.45803225040436,agronomic_delay
Samba-2020,2020-10-19,0.7139788,2.4126241,1.752691,45.385715,45.524574,45.020897,61.502056,72.16875,78.8356,46.01,45.87,44.62,panicle_initiation,45.04,15.120000000000001,29.510000000000005,Samba,MAINTAIN,MAINTAIN,False,77.0829107761383,maintain
Samba-2020,2020-10-20,-0.7333855,-2.6915765,-4.2972674,41.075638,40.4183,38.797215,60.953705,68.28589,78.74779,45.87,44.62,41.54,panicle_initiation,47.98,10.600000000000001,24.020000000000003,Samba,DELAY,MAINTAIN,False,83.04505491256714,agronomic_delay
Samba-2020,2020-10-21,-0.7822718,-2.792662,-5.612953,40.563576,37.9577,33.83264,60.74989,68.08135,69.318,44.62,41.54,38.9,panicle_initiation,48.92,5.5200000000000005,16.910000000000004,Samba,DELAY,MAINTAIN,False,74.93095397949219,agronomic_delay
Samba-2020,2020-10-22,-1.280628,-3.9265718,-6.3590913,39.155853,34.924324,32.827877,60.513443,64.31299,67.097916,41.54,38.9,34.86,panicle_initiation,44.15,14.05,12.120000000000005,Samba,DELAY,MAINTAIN,False,73.45700693130493,agronomic_delay
Samba-2020,2020-10-23,-7.265468,-9.276584,-8.5321865,33.50134,30.680279,32.32608,58.532463,60.6492,66.5829,38.9,34.86,35.0,panicle_initiation,36.44,10.920000000000002,10.220000000000004,Samba,DELAY,MAINTAIN,False,75.11508750915527,agronomic_delay
Samba-2020,2020-10-24,-1.4751202,-4.0579095,-6.638287,38.12826,36.015198,34.431705,60.13917,63.58838,74.32613,34.86,35.0,29.46,panicle_initiation,47.93,4.5,6.160000000000004,Samba,DELAY,MAINTAIN,False,80.96442079544067,agronomic_delay
Samba-2020,2020-10-25,-4.2880077,-3.4950376,-5.754979,38.663727,31.875692,28.25443,57.89098,62.775402,69.23647,35.0,29.46,23.74,panicle_initiation,39.5,0.59,9.870000000000003,Samba,DELAY,MAINTAIN,False,74.99145221710205,agronomic_delay
Samba-2020,2020-10-26,-2.600035,-4.797069,-7.857529,35.40202,32.25945,29.21508,59.62576,61.82302,64.38947,29.46,23.74,17.8,panicle_initiation,43.06,2.29,7.040000000000003,Samba,DELAY,MAINTAIN,False,72.24700212478638,agronomic_delay
Samba-2020,2020-10-27,-7.5681753,-11.717163,-13.667274,31.639198,26.99719,23.846462,58.58371,58.401894,62.663113,23.74,17.8,13.14,panicle_initiation,34.63,4.6,6.690000000000003,Samba,DELAY,DELAY,False,76.33038711547852,agronomic_delay
Samba-2020,2020-10-28,-13.8519,-16.388748,-18.901096,20.589504,17.594273,19.0831,53.708405,54.615513,59.343857,17.8,13.14,9.22,panicle_initiation,21.44,3.4200000000000004,0.7300000000000035,Samba,DELAY,IRRIGATE,False,78.24495315551758,agronomic_delay
Samba-2020,2020-10-29,-25.320164,-25.7009,-24.05462,6.841248,6.6657715,19.62587,50.057835,53.629005,60.740765,13.14,9.22,3.26,flowering,6.06,1.31,1.8400000000000034,Samba,IRRIGATE,IRRIGATE,False,84.79538536071777,agronomic_irrigate
Samba-2020,2020-10-30,-26.41756,-26.585249,-24.302565,4.648757,5.6638837,19.178257,47.600475,51.797543,57.0437,9.22,3.26,-3.17,flowering,6.99,0.15,3.6400000000000037,Samba,IRRIGATE,IRRIGATE,False,81.34626579284668,agronomic_irrigate
Samba-2020,2020-10-31,-21.411205,-21.709576,-21.431198,7.7432785,6.432278,17.418165,52.07355,50.78526,55.94501,3.26,-3.17,35.9,flowering,12.4,0.63,3.4700000000000037,Samba,IRRIGATE,IRRIGATE,False,77.3762092590332,agronomic_irrigate
Samba-2020,2020-11-01,-25.758389,-26.0929,-24.161072,0.60876554,9.081662,18.29354,48.639637,52.194664,56.2983,-3.17,35.9,30.3,flowering,2.75,8.32,2.190000000000004,Samba,IRRIGATE,IRRIGATE,False,80.4593734741211,agronomic_irrigate
Samba-2020,2020-11-02,-30.402355,-29.514284,-25.34156,-0.58202606,7.9886165,27.43269,46.13555,51.38541,56.35901,35.9,30.3,28.05,flowering,-5.27,9.38,0.24000000000000354,Samba,IRRIGATE,MAINTAIN,False,81.70056915283203,agronomic_irrigate
Samba-2020,2020-11-03,-13.544838,-16.979712,-18.074566,19.109636,17.279692,19.90464,53.718735,50.236683,57.20075,30.3,28.05,44.57,flowering,23.42,10.280000000000001,0.4600000000000035,Samba,DELAY,MAINTAIN,False,75.27531433105469,agronomic_delay
Samba-2020,2020-11-04,-10.656203,-11.890649,-10.021323,26.625956,27.441496,30.085646,56.03555,52.991436,58.9655,28.05,44.57,45.12,flowering,30.23,16.57,3.3500000000000036,Samba,DELAY,MAINTAIN,False,68.98682308197021,agronomic_delay
Samba-2020,2020-11-05,-10.621618,-8.952917,-8.369574,23.76777,26.142231,28.30841,54.767994,53.672432,64.901794,44.57,45.12,42.72,flowering,22.64,20.25,9.850000000000003,Samba,DELAY,MAINTAIN,False,73.2713680267334,agronomic_delay
Samba-2020,2020-11-06,-5.943282,-2.417603,-2.3610244,35.729,36.848045,37.054726,58.986748,67.35686,75.48416,45.12,42.72,43.0,flowering,40.95,8.690000000000001,14.600000000000005,Samba,DELAY,MAINTAIN,False,77.84518575668335,agronomic_delay
Samba-2020,2020-11-07,-1.4751202,-3.735709,-5.9640484,38.67826,36.423706,35.584976,60.594738,65.88833,72.46116,42.72,43.0,37.27,flowering,49.37,4.64,14.100000000000003,Samba,DELAY,MAINTAIN,False,78.42520713806152,agronomic_delay
Samba-2020,2020-11-08,-6.5674095,-7.3329883,-8.223808,34.798058,31.985592,31.826303,58.656094,69.43152,71.97682,43.0,37.27,31.31,flowering,37.57,6.3999999999999995,12.490000000000004,Samba,DELAY,MAINTAIN,False,80.20063018798828,agronomic_delay
Samba-2020,2020-11-09,-7.2912407,-11.515026,-13.665883,30.867853,27.010366,24.641407,58.35834,59.656303,63.894608,37.27,31.31,29.67,flowering,38.33,8.7,7.3800000000000034,Samba,DELAY,MAINTAIN,False,77.56049060821533,agronomic_delay
Samba-2020,2020-11-10,-7.2912407,-11.389905,-9.016783,30.024843,27.742117,38.619446,58.35834,58.52626,71.60111,31.31,29.67,36.45,flowering,38.2,53.55,5.220000000000003,Samba,DELAY,MAINTAIN,False,80.61789512634277,agronomic_delay
Samba-2020,2020-11-11,-7.1037655,-9.133767,-5.2610464,32.233383,33.008373,43.99498,58.35834,60.573498,75.474724,29.67,36.45,53.44,flowering,35.67,62.64,4.430000000000003,Samba,DELAY,MAINTAIN,False,80.7357702255249,agronomic_delay
Samba-2020,2020-11-12,-7.93812,-4.4608126,-2.4978337,37.13648,45.681473,54.270275,56.117527,63.163746,76.94496,36.45,53.44,58.36,flowering,27.66,59.91,15.630000000000003,Samba,DELAY,MAINTAIN,False,79.44279527664185,agronomic_delay
Samba-2020,2020-11-13,-0.3136155,2.369465,3.7364805,59.058365,61.880177,67.65202,69.87898,75.335075,90.26772,53.44,58.36,69.41,flowering,43.79,61.45,37.14,Samba,DELAY,MAINTAIN,False,86.53124260902405,agronomic_delay
Samba-2020,2020-11-14,0.7665644,2.444599,4.145413,48.74617,54.391617,54.32312,61.580322,73.86657,88.31471,58.36,69.41,91.67,grain_filling,47.05,47.3,42.09,Samba,MAINTAIN,MAINTAIN,False,84.16929960250854,maintain
Samba-2020,2020-11-15,4.936959,5.6572723,7.016073,58.058796,73.23561,72.33847,72.143394,78.008835,86.593254,69.41,91.67,95.96,grain_filling,51.09,37.62,45.47,Samba,MAINTAIN,MAINTAIN,False,79.57718086242676,maintain
Samba-2020,2020-11-16,9.765812,12.263304,14.73359,79.75947,77.99418,74.78759,90.20191,94.76684,97.32374,91.67,95.96,95.87,grain_filling,61.71,16.380000000000003,49.2,Samba,MAINTAIN,MAINTAIN,False,82.59014797210693,maintain
Samba-2020,2020-11-17,27.523699,27.791716,26.843311,88.62044,88.307045,88.484184,97.073586,97.70391,95.68296,95.96,95.87,93.13,grain_filling,83.41,7.75,56.660000000000004,Samba,MAINTAIN,MAINTAIN,False,69.91219520568848,maintain
Samba-2020,2020-11-18,28.646162,28.145195,27.426258,94.926994,90.56764,87.76283,97.454666,96.45436,94.83377,95.87,93.13,89.93,grain_filling,97.64,3.1500000000000004,48.97,Samba,DRAIN,DRAIN,False,68.80850410461426,bund_drain
Samba-2020,2020-11-19,28.646162,27.908745,26.72966,91.66046,90.38261,88.10315,95.73223,95.66254,94.281494,93.13,89.93,85.67,grain_filling,90.98,3.99,24.870000000000005,Samba,DRAIN,DRAIN,False,67.75379180908203,bund_drain
Samba-2020,2020-11-20,28.646162,27.908745,26.72966,88.31794,85.50531,80.79118,94.7043,93.146484,91.5316,89.93,85.67,81.44,grain_filling,86.08,0.74,9.340000000000003,Samba,DRAIN,DRAIN,False,66.05813789367676,bund_drain
Samba-2020,2020-11-21,28.646162,27.213152,26.452995,84.42638,81.21694,77.96533,90.72354,90.20551,91.63262,85.67,81.44,77.9,grain_filling,91.83,7.33,2.4600000000000035,Samba,DRAIN,DRAIN,False,65.17962646484375,bund_drain
Samba-2020,2020-11-22,28.646162,27.213152,26.20095,84.067566,82.08259,80.89155,91.52814,90.62447,93.788414,81.44,77.9,81.33,grain_filling,89.79,12.05,1.1600000000000035,Samba,DRAIN,DRAIN,False,67.58746337890625,bund_drain
Samba-2020,2020-11-23,28.646162,27.213152,26.51339,82.25307,84.44985,86.86982,91.269104,95.273155,98.264305,77.9,81.33,88.23,grain_filling,86.69,129.95999999999998,0.8000000000000036,Samba,DRAIN,DRAIN,False,71.75091552734375,bund_drain
Samba-2020,2020-11-24,25.813251,26.167078,24.936646,84.58695,87.90585,91.09283,88.969315,94.90677,98.16082,81.33,88.23,96.05,grain_filling,82.28,148.01,8.010000000000003,Samba,MAINTAIN,MAINTAIN,False,73.22417449951172,maintain
Samba-2020,2020-11-25,21.486116,21.834446,21.797909,85.39825,91.69076,94.79645,92.4976,97.909355,98.39149,88.23,96.05,96.1,grain_filling,76.74,82.66,18.510000000000005,Samba,MAINTAIN,MAINTAIN,False,76.59357833862305,maintain
Samba-2020,2020-11-26,28.646162,28.145195,27.486654,96.59131,97.14874,93.89804,97.73362,98.4018,97.3242,96.05,96.1,94.06,grain_filling,89.61,13.07,98.92,Samba,DRAIN,DRAIN,False,70.25660705566406,bund_drain
Samba-2020,2020-11-27,28.646162,28.145195,27.174213,96.31938,94.320595,92.8073,98.036316,97.28181,96.26425,96.1,94.06,92.09,grain_filling,98.53,7.84,104.86,Samba,DRAIN,DRAIN,False,69.3901538848877,bund_drain
Samba-2020,2020-11-28,28.646162,27.908745,26.72966,93.972435,90.8348,90.30422,96.87171,96.05859,94.36553,94.06,92.09,91.51,grain_filling,93.73,4.859999999999999,96.12,Samba,DRAIN,DRAIN,False,68.22554969787598,bund_drain
Samba-2020,2020-11-29,28.646162,27.908745,27.0421,93.02737,91.2607,93.12396,97.25382,96.29677,96.46847,92.09,91.51,88.83,grain_filling,94.88,79.82,16.73,Samba,DRAIN,DRAIN,False,69.42636680603027,bund_drain
Samba-2020,2020-11-30,28.646162,28.145195,27.738699,90.70747,90.01035,91.70604,95.65537,95.94945,97.22485,91.51,88.83,96.04,grain_filling,85.83,227.05,6.78,Samba,DRAIN,DRAIN,False,69.48615455627441,bund_drain
Samba-2020,2020-12-01,28.646162,27.908745,27.0421,87.33125,90.64975,93.08866,94.19008,97.9943,98.24064,88.83,96.04,97.64,grain_filling,88.37,211.81,6.4,Samba,DRAIN,DRAIN,False,71.19853782653809,bund_drain
Samba-2020,2020-12-02,28.646162,28.145195,27.738699,97.02369,97.97446,98.51817,97.77215,98.47162,98.5025,96.04,97.64,97.71,grain_filling,90.69,202.76999999999998,45.260000000000005,Samba,DRAIN,DRAIN,False,70.76380348205566,bund_drain
Samba-2020,2020-12-03,28.646162,28.145195,27.738699,97.47959,97.80163,97.6653,98.950615,99.01614,99.172615,97.64,97.71,97.65,ripening,103.58,124.62,126.25,Samba,DRAIN,DRAIN,False,71.43391609191895,bund_drain
Samba-2020,2020-12-04,28.646162,28.145195,27.738699,97.38831,96.869255,98.11733,98.950615,98.7288,99.13558,97.71,97.65,97.68,ripening,103.4,41.53,181.8,Samba,DRAIN,DRAIN,False,71.39688301086426,bund_drain
Samba-2020,2020-12-05,28.646162,28.145195,27.738699,97.94066,98.19264,97.70198,98.950615,99.03012,99.13558,97.65,97.68,97.28,ripening,101.01,48.0,163.73999999999998,Samba,DRAIN,DRAIN,False,71.39688301086426,bund_drain
Samba-2020,2020-12-06,28.646162,28.145195,27.738699,98.21137,98.39277,97.90241,98.950615,98.97675,99.13558,97.68,97.28,97.27,ripening,98.05,25.919999999999998,100.13,Samba,DRAIN,DRAIN,False,71.39688301086426,bund_drain
Samba-2020,2020-12-07,28.646162,28.145195,27.738699,98.34887,98.232635,97.16182,98.898674,99.00657,98.25135,97.28,97.27,97.09,ripening,97.3,16.990000000000002,56.20999999999999,Samba,DRAIN,DRAIN,False,70.86137390136719,bund_drain
Samba-2020,2020-12-08,28.646162,28.145195,27.426258,97.74868,96.713295,93.50534,98.898674,98.48352,96.4049,97.27,97.09,94.25,ripening,90.04,5.09,42.54999999999999,Samba,DRAIN,DRAIN,False,70.33832550048828,bund_drain
Samba-2020,2020-12-09,28.646162,28.145195,27.426258,96.505196,93.73447,89.50417,98.661095,96.26092,93.851265,97.09,94.25,91.32,ripening,93.09,1.31,24.959999999999987,Samba,DRAIN,DRAIN,False,70.01493263244629,bund_drain
Samba-2020,2020-12-10,28.646162,27.908745,26.72966,93.41305,89.000534,86.2202,96.39288,93.39096,92.28908,94.25,91.32,88.34,ripening,93.08,0.14,12.049999999999986,Samba,DRAIN,DRAIN,False,67.7467212677002,bund_drain
Samba-2020,2020-12-11,28.646162,27.213152,26.452995,88.09313,85.72761,81.82148,93.17163,90.95265,90.71449,91.32,88.34,85.13,ripening,97.12,0.36,3.319999999999986,Samba,DRAIN,DRAIN,False,64.52546882629395,bund_drain
Samba-2020,2020-12-12,28.646162,27.213152,26.452995,86.13022,84.648186,81.69351,92.600006,90.75845,90.751595,88.34,85.13,82.07,ripening,96.04,4.01,0.3599999999999858,Samba,DRAIN,DRAIN,False,64.29859924316406,bund_drain
Samba-2020,2020-12-13,28.646162,27.213152,26.765434,85.75434,83.73947,86.33806,92.34162,91.13645,95.48191,85.13,82.07,82.71,ripening,92.02,61.02,0.1999999999999858,Samba,DRAIN,DRAIN,False,68.71647644042969,bund_drain
Samba-2020,2020-12-14,28.589478,26.213703,25.034706,83.971504,84.41504,90.38208,90.16233,92.19997,98.10941,82.07,82.71,97.45,ripening,91.04,63.92,0.16999999999998577,Samba,DRAIN,DRAIN,False,73.07470703125,bund_drain
Samba-2020,2020-12-15,27.809416,25.398579,24.391193,87.46459,90.55708,93.72528,90.879395,96.46678,99.00154,82.71,97.45,97.57,ripening,82.43,89.1,3.6599999999999855,Samba,MAINTAIN,MAINTAIN,False,74.61034774780273,maintain
Samba-2020,2020-12-16,21.5428,22.96086,23.78068,91.83706,96.77998,98.13029,98.2673,98.68917,99.08922,97.45,97.57,97.54,ripening,77.8,66.07000000000001,45.829999999999984,Samba,MAINTAIN,MAINTAIN,False,76.72450256347656,maintain
Samba-2020,2020-12-17,28.646162,28.145195,27.738699,97.26488,97.786415,97.65875,98.94036,99.00657,98.50118,97.57,97.54,97.32,ripening,97.2,22.04,63.079999999999984,Samba,DRAIN,DRAIN,False,70.86137390136719,bund_drain
Samba-2020,2020-12-18,28.646162,28.145195,27.426258,98.68935,97.767746,94.89021,98.950615,98.7288,98.15017,97.54,97.32,94.61,ripening,93.95,9.25,84.64999999999998,Samba,DRAIN,DRAIN,False,70.72391128540039,bund_drain
Samba-2020,2020-12-19,28.646162,28.145195,27.426258,97.218025,93.38513,89.404205,98.739334,95.88391,93.942924,97.32,94.61,91.81,ripening,100.83,0.38,45.789999999999985,Samba,DRAIN,DRAIN,False,70.09317207336426,bund_drain
Samba-2020,2020-12-20,28.646162,27.908745,26.72966,94.74908,89.67322,86.61729,96.601654,93.45719,92.69785,94.61,91.81,89.06,ripening,95.52,0.38,28.659999999999986,Samba,DRAIN,DRAIN,False,67.95549201965332,bund_drain
Samba-2020,2020-12-21,28.646162,27.213152,26.452995,89.13419,85.82378,81.92254,93.609825,90.90242,91.109856,91.81,89.06,86.33,ripening,94.12,0.43000000000000005,3.539999999999986,Samba,DRAIN,DRAIN,False,64.96366310119629,bund_drain
Samba-2020,2020-12-22,28.646162,27.213152,26.452995,86.429146,86.739,84.5704,92.97729,94.789734,93.88466,89.06,86.33,83.38,ripening,95.28,9.77,0.3599999999999858,Samba,DRAIN,DRAIN,False,67.57658195495605,bund_drain
Samba-2020,2020-12-23,28.646162,27.213152,26.452995,85.18049,83.046074,80.70312,92.27043,90.44524,90.10991,86.33,83.38,80.51,ripening,85.35,0.21,0.3599999999999858,Samba,DRAIN,DRAIN,False,63.65691375732422,bund_drain
Samba-2020,2020-12-24,28.646162,27.213152,26.452995,84.563805,81.708725,78.85911,91.447205,90.26914,90.50606,83.38,80.51,77.35,ripening,91.15,0.35,0.3499999999999858,Samba,DRAIN,DRAIN,False,64.05306243896484,bund_drain
Samba-2020,2020-12-25,21.486116,20.756073,19.922104,80.18127,76.66165,75.92545,85.74073,82.61941,81.31237,80.51,77.35,74.31,ripening,76.64,10.370000000000001,0.3499999999999858,Samba,MAINTAIN,MAINTAIN,False,64.25461387634277,maintain
Samba-2020,2020-12-26,25.813251,25.162128,23.084229,75.61053,74.0924,73.423325,85.34952,82.56242,79.81073,77.35,74.31,71.3,ripening,82.04,2.88,0.2099999999999858,Samba,MAINTAIN,MAINTAIN,False,59.5362663269043,maintain
Samba-2020,2020-12-27,21.486116,20.88304,20.234543,75.48685,72.74091,74.377106,83.90343,81.58035,85.50696,74.31,71.3,72.36,ripening,76.9,14.89,0.32999999999998586,Samba,MAINTAIN,MAINTAIN,False,65.27241516113281,maintain
Samba-2020,2020-12-28,21.72123,21.265812,20.250576,71.92167,72.48348,78.06708,83.52525,81.82612,92.922424,71.3,72.36,79.12,ripening,78.45,25.62,0.23999999999998584,Samba,MAINTAIN,MAINTAIN,False,72.67184829711914,maintain
Samba-2020,2020-12-29,10.423907,10.054631,12.684792,72.51945,71.290695,75.1419,77.56231,82.11347,90.94824,72.36,79.12,88.31,ripening,64.43,19.46,4.379999999999986,Samba,MAINTAIN,MAINTAIN,False,78.2634506225586,maintain
Samba-2020,2020-12-30,10.081504,11.677809,13.683153,71.609955,81.205894,82.817116,81.338196,94.19211,96.880974,79.12,88.31,86.13,ripening,64.71,30.009999999999998,13.919999999999987,Samba,MAINTAIN,MAINTAIN,False,83.19782066345215,maintain
Samba-2020,2020-12-31,27.523699,27.791716,27.155752,90.67111,89.7384,91.09543,98.059875,96.47412,96.85442,88.31,86.13,88.22,ripening,82.87,20.39,25.87999999999999,Samba,MAINTAIN,MAINTAIN,False,70.53617668151855,maintain
Samba-2020,2021-01-01,28.646162,27.908745,27.0421,89.20101,85.94878,91.06411,96.21827,95.2675,98.628,86.13,88.22,96.28,ripening,86.36,21.619999999999997,22.409999999999986,Samba,DRAIN,DRAIN,False,71.58589744567871,bund_drain
Samba-2020,2021-01-02,28.646162,28.145195,27.738699,93.52022,95.33796,93.653564,98.19268,98.857796,97.7318,88.22,96.28,96.09,ripening,85.68,18.36,17.839999999999986,Samba,DRAIN,DRAIN,False,70.71260070800781,bund_drain
Samba-2020,2021-01-03,28.646162,28.145195,27.738699,94.60969,95.114494,93.70104,98.87267,98.13142,98.096245,96.28,96.09,97.48,ripening,84.92,35.92,16.719999999999985,Samba,MAINTAIN,MAINTAIN,False,70.35754585266113,maintain
Samba-2020,2021-01-04,28.646162,27.908745,27.0421,95.59071,94.97221,97.88894,97.96974,98.06645,98.61202,96.09,97.48,97.43,ripening,100.84,27.47,18.729999999999986,Samba,DRAIN,DRAIN,False,71.56992149353027,bund_drain
Samba-2020,2021-01-05,28.646162,28.145195,27.738699,97.025604,98.113754,96.418144,98.950615,99.00657,99.13558,97.48,97.43,97.23,ripening,97.59,28.169999999999998,20.539999999999985,Samba,DRAIN,DRAIN,False,71.39688301086426,bund_drain
Samba-2020,2021-01-06,28.646162,28.145195,27.738699,97.80063,97.81542,95.947945,98.950615,98.7288,99.13558,97.43,97.23,97.09,ripening,98.68,17.439999999999998,21.229999999999986,Samba,DRAIN,DRAIN,False,71.39688301086426,bund_drain
Samba-2020,2021-01-07,28.646162,28.145195,27.738699,97.089584,98.219154,95.995865,98.898674,98.97675,98.36655,97.23,97.09,97.54,ripening,91.58,21.43,25.649999999999988,Samba,DRAIN,DRAIN,False,70.83155822753906,bund_drain
Samba-2020,2021-01-08,28.646162,28.145195,27.738699,97.72849,97.83252,96.98508,98.898674,98.64215,98.6579,97.09,97.54,97.48,ripening,99.74,78.71,28.939999999999987,Samba,DRAIN,DRAIN,False,70.91919898986816,bund_drain
Samba-2021,2021-08-22,-5.10281,-3.39574,-2.9795709,36.576134,36.95664,37.26821,58.69236,66.08965,64.31835,38.36,36.69,41.99,establishment,34.47,25.25,18.18,Samba,MAINTAIN,MAINTAIN,False,69.48539304733276,maintain
Samba-2021,2021-08-23,-7.0536923,-7.9921174,-9.319972,32.276207,31.996086,30.050611,58.507336,61.06965,54.4228,36.69,41.99,36.43,establishment,35.93,12.16,20.459999999999997,Samba,MAINTAIN,MAINTAIN,False,69.06176614761353,maintain
Samba-2021,2021-08-24,-5.207363,-2.9650152,-4.3079023,38.90806,37.983654,36.538162,59.27355,65.5446,62.138794,41.99,36.43,31.37,establishment,34.16,7.9799999999999995,22.15,Samba,MAINTAIN,MAINTAIN,False,68.50961661338806,maintain
Samba-2021,2021-08-25,-2.2350454,-4.342891,-8.446422,33.55928,31.634779,27.960152,60.10985,60.65723,57.484287,36.43,31.37,30.57,establishment,42.86,7.300000000000001,16.48,Samba,MAINTAIN,MAINTAIN,False,65.93070888519287,maintain
Samba-2021,2021-08-26,-8.021808,-11.211932,-11.289485,29.811686,26.210741,27.65342,58.507336,58.442055,51.30973,31.37,30.57,29.9,establishment,34.61,9.4,13.52,Samba,MAINTAIN,MAINTAIN,False,69.65398693084717,maintain
Samba-2021,2021-08-27,-6.203462,-6.664433,-6.6013885,35.92275,30.69966,30.325989,58.19309,58.00007,69.514496,30.57,29.9,25.69,establishment,38.86,10.530000000000001,6.55,Samba,MAINTAIN,MAINTAIN,False,76.11588430404663,maintain
Samba-2021,2021-08-28,-0.12656917,-1.1940256,-5.172011,38.97063,33.871902,32.36308,59.83445,62.398636,67.97182,29.9,25.69,19.82,establishment,43.97,3.6,9.879999999999999,Samba,MAINTAIN,MAINTAIN,False,73.14382791519165,maintain
Samba-2021,2021-08-29,-12.778009,-14.835822,-18.182575,25.411922,20.670403,16.692394,54.146523,49.865128,50.82068,25.69,19.82,14.92,establishment,27.06,6.300000000000001,10.41,Samba,MAINTAIN,MAINTAIN,False,69.00325393676758,maintain
Samba-2021,2021-08-30,-13.014821,-14.307511,-15.531564,22.247185,17.104597,18.360361,53.467255,48.952766,51.48769,19.82,14.92,11.83,establishment,27.16,41.440000000000005,6.59,Samba,MAINTAIN,MAINTAIN,False,67.01925373077393,maintain
Samba-2021,2021-08-31,-13.057716,-15.711071,-13.724126,20.460499,17.814426,19.805853,53.018784,47.798637,48.540646,14.92,11.83,32.2,establishment,25.01,35.16,3.85,Samba,MAINTAIN,MAINTAIN,False,66.07649993896484,maintain
Samba-2021,2021-09-01,-18.898409,-18.971643,-18.950802,14.071073,17.716167,22.103409,49.810055,46.390472,58.32885,11.83,32.2,43.61,establishment,13.59,60.599999999999994,5.17,Samba,MAINTAIN,MAINTAIN,False,77.2796516418457,maintain
Samba-2021,2021-09-02,-24.70575,-25.226887,-28.285799,20.124691,26.03566,16.98637,44.775345,50.85369,45.53994,32.2,43.61,42.2,tillering,6.86,15.829999999999998,30.339999999999996,Samba,MAINTAIN,MAINTAIN,False,76.0805778503418,maintain
Samba-2021,2021-09-03,-3.5399523,-2.5635078,-3.6672564,49.650497,47.70325,41.471798,64.01023,73.874695,71.22947,43.61,42.2,39.26,tillering,40.89,14.41,44.78999999999999,Samba,MAINTAIN,MAINTAIN,False,76.43820261955261,maintain
Samba-2021,2021-09-04,-0.28096378,-1.0497286,-4.154954,41.4908,40.50758,34.46473,61.140427,60.380474,64.324844,42.2,39.26,34.47,tillering,47.04,9.969999999999999,46.44,Samba,MAINTAIN,MAINTAIN,False,68.47979831695557,maintain
Samba-2021,2021-09-05,-1.2147074,-2.887035,-7.2955256,37.593575,35.5085,30.84939,58.996563,59.075596,55.599247,39.26,34.47,27.72,tillering,43.79,2.26,24.229999999999997,Samba,MAINTAIN,MAINTAIN,False,62.89477252960205,maintain
Samba-2021,2021-09-06,-1.3061485,-4.397947,-8.422162,36.857265,32.25604,27.580235,59.9232,57.743042,55.27887,34.47,27.72,22.66,tillering,46.51,4.46,9.249999999999996,Samba,MAINTAIN,MAINTAIN,False,63.70103168487549,maintain
Samba-2021,2021-09-07,-7.343892,-11.565785,-13.942823,30.816753,25.682802,21.210278,57.509674,54.99799,54.719833,27.72,22.66,16.17,tillering,38.32,1.89,5.019999999999996,Samba,MAINTAIN,MAINTAIN,False,68.66265678405762,maintain
Samba-2021,2021-09-08,-11.879357,-14.0775175,-16.26704,24.328596,18.648094,16.470367,53.087574,47.659584,48.586777,22.66,16.17,10.88,tillering,27.48,1.71,2.2999999999999963,Samba,MAINTAIN,MAINTAIN,False,64.96693134307861,maintain
Samba-2021,2021-09-09,-17.779068,-19.502123,-20.450993,15.900402,10.651527,5.496665,49.698402,45.68917,44.633877,16.17,10.88,5.48,tillering,17.78,3.62,1.0799999999999965,Samba,MAINTAIN,MAINTAIN,False,67.47747039794922,maintain
Samba-2021,2021-09-10,-18.94043,-21.049284,-24.110352,11.91271,8.227112,2.8402274,49.684708,45.760853,44.281254,10.88,5.48,-0.36,tillering,13.7,1.89,1.8899999999999966,Samba,MAINTAIN,MAINTAIN,False,68.62513732910156,maintain
Samba-2021,2021-09-11,-17.779068,-20.975657,-22.614365,12.464688,7.4927645,3.6134815,50.105347,46.367134,43.251507,5.48,-0.36,-6.05,tillering,16.9,1.7300000000000002,2.1499999999999964,Samba,MAINTAIN,MAINTAIN,False,67.88441467285156,maintain
Samba-2021,2021-09-12,-23.060747,-26.774393,-30.981625,5.680717,2.9465225,-6.892195,44.899494,41.23334,38.105724,-0.36,-6.05,-10.95,tillering,8.89,2.92,2.4199999999999964,Samba,MAINTAIN,MAINTAIN,False,69.08734893798828,maintain
Samba-2021,2021-09-13,-29.384312,-31.092882,-33.564907,-5.3907943,-10.22872,-8.974732,40.037,39.17968,37.236908,-6.05,-10.95,-13.53,tillering,-1.29,10.72,1.5899999999999963,Samba,MAINTAIN,MAINTAIN,False,70.80181503295898,maintain
Samba-2021,2021-09-14,-27.181486,-29.69682,-31.638231,1.1495812,-5.855392,-5.259427,40.33383,39.07743,37.275608,-10.95,-13.53,-16.22,tillering,2.78,11.34,0.9799999999999964,Samba,MAINTAIN,MAINTAIN,False,68.91383934020996,maintain
Samba-2021,2021-09-15,-33.74656,-36.80984,-38.420982,-8.846789,-13.975519,-19.316328,37.464333,28.653,16.578817,-13.53,-16.22,-13.07,tillering,-11.74,14.63,3.8499999999999965,Samba,MAINTAIN,MAINTAIN,False,71.21089172363281,maintain
Samba-2021,2021-09-16,-33.524765,-33.24679,-34.865623,-13.570845,-11.998697,-0.098345555,38.303226,30.75866,37.464634,-16.22,-13.07,-12.89,tillering,-8.59,23.7,6.209999999999996,Samba,MAINTAIN,MAINTAIN,False,72.33025741577148,maintain
Samba-2021,2021-09-17,-36.77805,-35.92417,-37.705982,-8.067985,-8.624386,-12.626442,37.521378,32.136726,16.66668,-13.07,-12.89,-9.06,tillering,-15.12,18.88,13.599999999999996,Samba,MAINTAIN,MAINTAIN,False,74.2994270324707,maintain
Samba-2021,2021-09-18,-32.02738,-32.420223,-31.43573,-8.097625,-7.100031,0.321465,38.299107,33.135094,39.064407,-12.89,-9.06,-9.58,tillering,-3.41,29.340000000000003,15.199999999999996,Samba,MAINTAIN,MAINTAIN,False,70.50013732910156,maintain
Samba-2021,2021-09-19,-33.012085,-30.74061,-33.16676,-3.1051877,1.0049144,1.2607328,38.124363,43.307095,41.095734,-9.06,-9.58,-11.95,tillering,-9.12,12.05,21.319999999999997,Samba,MAINTAIN,MAINTAIN,False,74.26249313354492,maintain
Samba-2021,2021-09-20,-33.23042,-32.073086,-34.447117,-5.5741386,-8.141103,-7.220751,39.10965,43.28911,38.963047,-9.58,-11.95,-17.4,tillering,-8.83,5.9799999999999995,18.039999999999996,Samba,MAINTAIN,MAINTAIN,False,75.3621940612793,maintain
Samba-2021,2021-09-21,-35.53349,-36.989067,-39.71575,-10.731897,-14.718733,-17.974041,37.741745,30.246086,16.054829,-11.95,-17.4,-19.6,tillering,-10.47,6.14,16.119999999999997,Samba,MAINTAIN,MAINTAIN,False,73.27523422241211,maintain
Samba-2021,2021-09-22,-36.17595,-37.589264,-40.61264,-16.789839,-23.487265,-24.390343,36.989372,19.952631,15.53937,-17.4,-19.6,-20.33,tillering,-12.03,12.32,7.859999999999996,Samba,MAINTAIN,MAINTAIN,False,73.16532135009766,maintain
Samba-2021,2021-09-23,-39.085938,-39.79894,-41.750618,-15.288432,-19.0505,-18.383022,24.839344,20.570292,17.457653,-19.6,-20.33,-21.0,tillering,-21.03,42.55,6.269999999999996,Samba,MAINTAIN,MAINTAIN,False,63.9252815246582,maintain
Samba-2021,2021-09-24,-43.54937,-43.537514,-42.842804,-23.785517,-22.215105,-27.790596,22.29625,14.28727,12.208657,-20.33,-21.0,-11.7,tillering,-26.43,16.59,7.4999999999999964,Samba,MAINTAIN,MAINTAIN,False,65.84561920166016,maintain
Samba-2021,2021-09-25,-40.891674,-39.153122,-39.94358,-14.934181,-16.052706,-23.425222,31.925117,19.828512,14.386223,-21.0,-11.7,-16.28,tillering,-18.79,12.72,11.269999999999996,Samba,MAINTAIN,MAINTAIN,False,72.81679153442383,maintain
Samba-2021,2021-09-26,-44.2535,-43.18382,-46.13596,-15.644887,-17.678698,-22.024336,22.340405,15.41472,12.6839285,-11.7,-16.28,-21.44,stem_elongation,-23.67,2.86,22.029999999999998,Samba,MAINTAIN,MAINTAIN,False,66.59390640258789,maintain
Samba-2021,2021-09-27,-37.802067,-39.379322,-42.930237,-15.434348,-21.151487,-24.512177,33.157383,21.522923,14.985918,-16.28,-21.44,-26.4,stem_elongation,-14.38,26.14,19.279999999999994,Samba,MAINTAIN,MAINTAIN,False,70.9594497680664,maintain
Samba-2021,2021-09-28,-40.576183,-42.132076,-43.980156,-17.94427,-22.49401,-23.921936,35.438282,20.855536,15.53937,-21.44,-26.4,-18.37,stem_elongation,-16.72,16.56,15.339999999999996,Samba,MAINTAIN,MAINTAIN,False,76.01446533203125,maintain
Samba-2021,2021-09-29,-41.395,-41.478466,-47.121193,-23.417345,-23.745308,-20.670027,25.055721,20.633585,13.221549,-26.4,-18.37,-15.04,stem_elongation,-21.18,28.82,3.0099999999999962,Samba,MAINTAIN,MAINTAIN,False,66.45072174072266,maintain
Samba-2021,2021-09-30,-44.01888,-42.163742,-42.032757,-17.60472,-14.244378,-14.086062,22.781816,14.303717,12.35315,-18.37,-15.04,-11.56,stem_elongation,-26.36,19.71,14.809999999999995,Samba,MAINTAIN,MAINTAIN,False,66.80069541931152,maintain
Samba-2021,2021-10-01,-33.73671,-32.116642,-33.59306,-4.822133,-1.1678929,-0.69970745,34.525288,32.744373,27.029137,-15.04,-11.56,-13.51,stem_elongation,-9.68,13.969999999999999,22.779999999999994,Samba,MAINTAIN,MAINTAIN,False,68.26199722290039,maintain
Samba-2021,2021-10-02,-36.055477,-34.702503,-36.67927,-3.818286,-7.036391,-10.326438,37.123108,22.10962,18.041227,-11.56,-13.51,-15.23,stem_elongation,-11.73,19.41,29.159999999999993,Samba,MAINTAIN,MAINTAIN,False,73.17858505249023,maintain
Samba-2021,2021-10-03,-32.01325,-30.99623,-31.382345,-6.2633133,-7.238976,-1.7641325,38.211697,32.919376,37.349274,-13.51,-15.23,-6.13,stem_elongation,-1.02,19.02,19.209999999999994,Samba,MAINTAIN,MAINTAIN,False,70.22494506835938,maintain
Samba-2021,2021-10-04,-36.38638,-38.674892,-39.383102,-9.878699,-9.892846,-9.217225,37.440212,30.701027,18.243677,-15.23,-6.13,-7.84,stem_elongation,-15.7,23.5,14.139999999999997,Samba,MAINTAIN,MAINTAIN,False,73.82659149169922,maintain
Samba-2021,2021-10-05,-35.5183,-34.36748,-35.938328,5.1347623,-3.3850288,-4.333414,37.46647,22.99671,18.538376,-6.13,-7.84,-11.49,stem_elongation,-11.31,36.62,19.599999999999998,Samba,MAINTAIN,MAINTAIN,False,72.98476791381836,maintain
Samba-2021,2021-10-06,-33.523663,-32.96396,-32.78397,-7.4833465,-9.451239,-0.6227235,38.299107,31.657747,40.075657,-7.84,-11.49,-2.54,stem_elongation,-8.05,39.99,20.15,Samba,MAINTAIN,MAINTAIN,False,72.85962677001953,maintain
Samba-2021,2021-10-07,-35.64839,-36.907024,-38.29223,-9.861301,-10.205901,-5.701853,37.440212,31.37315,19.911102,-11.49,-2.54,1.28,stem_elongation,-10.65,41.81,18.369999999999997,Samba,MAINTAIN,MAINTAIN,False,73.08860397338867,maintain
Samba-2021,2021-10-08,-31.320797,-28.249546,-29.190033,7.9990034,4.230254,7.5234065,38.834373,35.179947,44.63132,-2.54,1.28,3.33,stem_elongation,-0.76,39.95,19.449999999999996,Samba,MAINTAIN,MAINTAIN,False,73.82135391235352,maintain
Samba-2021,2021-10-09,-29.329153,-29.950201,-30.246262,1.7990448,4.0509443,9.8772135,38.808117,43.93075,45.66197,1.28,3.33,29.49,stem_elongation,-6.38,41.989999999999995,24.409999999999997,Samba,MAINTAIN,MAINTAIN,False,75.90822982788086,maintain
Samba-2021,2021-10-10,-34.970364,-33.982014,-34.50527,-2.188927,5.0193176,8.376193,38.17338,33.092663,19.79417,3.33,29.49,34.99,stem_elongation,-9.88,37.089999999999996,30.479999999999997,Samba,MAINTAIN,MAINTAIN,False,73.14374542236328,maintain
Samba-2021,2021-10-11,-31.320797,-27.9614,-29.074518,12.793145,21.168587,18.395082,41.030006,35.82977,43.581257,29.49,34.99,32.6,stem_elongation,-0.21,17.79,46.72,Samba,MAINTAIN,MAINTAIN,False,72.65577507019043,maintain
Samba-2021,2021-10-12,-15.652949,-13.140968,-12.736446,23.895876,18.811678,31.246248,51.185658,52.902134,58.42474,34.99,32.6,30.04,stem_elongation,19.45,11.21,48.589999999999996,Samba,MAINTAIN,MAINTAIN,False,71.16118621826172,maintain
Samba-2021,2021-10-13,-8.680681,-8.722238,-11.901333,28.893356,33.558773,31.184298,57.190113,57.101574,52.277637,32.6,30.04,26.68,stem_elongation,30.23,11.11,44.69,Samba,MAINTAIN,MAINTAIN,False,65.87079429626465,maintain
Samba-2021,2021-10-14,-10.013643,-9.657602,-9.187714,27.193787,28.834225,36.241825,58.106308,58.168102,59.703648,30.04,26.68,31.22,panicle_initiation,28.31,33.24,17.949999999999996,Samba,DELAY,MAINTAIN,False,68.89136123657227,agronomic_delay
Samba-2021,2021-10-15,-9.289451,-12.021904,-11.946001,28.485687,30.552954,31.59151,57.31826,54.552265,59.54635,26.68,31.22,30.74,panicle_initiation,30.22,14.77,9.159999999999997,Samba,DELAY,MAINTAIN,False,71.49234962463379,agronomic_delay
Samba-2021,2021-10-16,-16.031517,-14.852087,-11.253404,23.008106,23.60162,26.74897,55.20091,64.61926,67.05356,31.22,30.74,28.22,panicle_initiation,16.43,19.67,15.439999999999996,Samba,DELAY,MAINTAIN,False,79.47134971618652,agronomic_delay
Samba-2021,2021-10-17,-6.359946,-5.9842243,-6.1502256,34.963287,36.709652,36.092667,59.065014,61.905495,60.547245,30.74,28.22,26.59,panicle_initiation,37.2,12.92,15.979999999999995,Samba,DELAY,MAINTAIN,False,67.88971900939941,agronomic_delay
Samba-2021,2021-10-18,-14.043942,-14.357332,-11.845336,25.202402,23.134995,32.707676,55.38537,59.469906,59.360733,28.22,26.59,27.7,panicle_initiation,21.36,28.09,16.729999999999997,Samba,DELAY,MAINTAIN,False,73.82723808288574,agronomic_delay
Samba-2021,2021-10-19,-11.298969,-10.649679,-11.931254,25.606956,27.345047,32.149467,55.49101,54.063927,59.224655,26.59,27.7,29.34,panicle_initiation,27.58,14.46,10.459999999999996,Samba,DELAY,MAINTAIN,False,71.15590953826904,agronomic_delay
Samba-2021,2021-10-20,-10.78535,-10.049396,-9.697342,27.408476,28.473558,32.896885,55.242844,60.44875,64.07662,27.7,29.34,27.12,panicle_initiation,24.97,17.5,11.909999999999997,Samba,DELAY,MAINTAIN,False,73.77396392822266,agronomic_delay
Samba-2021,2021-10-21,-6.171702,-3.6858096,-3.5231838,34.769527,40.203392,38.709526,58.33017,64.73949,69.53283,29.34,27.12,25.65,panicle_initiation,31.83,15.5,15.659999999999997,Samba,DELAY,MAINTAIN,False,73.0560131072998,agronomic_delay
Samba-2021,2021-10-22,-9.096862,-10.33301,-11.490517,30.732704,35.39845,34.028915,58.1734,62.201424,62.10693,27.12,25.65,29.18,panicle_initiation,31.1,22.73,14.679999999999996,Samba,DELAY,MAINTAIN,False,73.59744644165039,agronomic_delay
Samba-2021,2021-10-23,-8.276145,-8.640849,-8.19806,32.561726,33.59038,40.049618,59.13641,64.2259,63.097065,25.65,29.18,31.84,panicle_initiation,33.05,22.11,12.479999999999997,Samba,DELAY,MAINTAIN,False,72.86674785614014,agronomic_delay
Samba-2021,2021-10-24,-11.407326,-11.313656,-8.666585,23.815475,25.08133,33.371468,55.170506,60.580677,66.62133,29.18,31.84,31.88,panicle_initiation,23.84,22.32,11.109999999999996,Samba,DELAY,MAINTAIN,False,75.28791522979736,agronomic_delay
Samba-2021,2021-10-25,-9.859007,-7.5541906,-6.5879126,30.485432,31.787962,36.590637,56.07589,63.573505,69.329926,31.84,31.88,28.9,panicle_initiation,26.86,23.759999999999998,16.279999999999998,Samba,DELAY,MAINTAIN,False,75.91783809661865,agronomic_delay
Samba-2021,2021-10-26,-6.757215,-5.9917917,-4.68733,34.711422,36.131737,44.830418,57.998207,65.068924,76.53084,31.88,28.9,31.76,panicle_initiation,33.9,60.519999999999996,17.639999999999993,Samba,DELAY,MAINTAIN,False,81.21816778182983,agronomic_delay
Samba-2021,2021-10-27,-7.518183,-10.3732195,-8.362918,33.273697,34.671455,44.161953,58.928432,62.018024,69.49752,28.9,31.76,88.63,panicle_initiation,37.03,65.82,14.909999999999997,Samba,DELAY,MAINTAIN,False,77.8604383468628,agronomic_delay
Samba-2021,2021-10-28,-5.7686214,-3.348555,-2.03095,36.42685,52.586506,55.54473,58.06275,70.43255,81.80664,31.76,88.63,96.17,panicle_initiation,33.03,82.14,14.389999999999997,Samba,DELAY,MAINTAIN,False,83.83759069442749,agronomic_delay
Samba-2021,2021-10-29,-5.7007217,-2.8349016,-1.2093525,54.2171,63.8191,68.76306,67.20699,75.78491,88.06764,88.63,96.17,95.65,flowering,33.37,80.35,53.58,Samba,DELAY,MAINTAIN,False,89.2769947052002,agronomic_delay
Samba-2021,2021-10-30,27.776157,27.568441,26.970682,91.29061,92.609276,95.59556,97.66449,97.773636,97.78445,96.17,95.65,96.03,flowering,89.79,115.03,77.00999999999999,Samba,MAINTAIN,MAINTAIN,False,70.81376457214355,agronomic_hold
Samba-2021,2021-10-31,28.582651,27.991972,27.490187,94.82111,95.57198,97.76651,97.614624,98.20562,98.254074,95.65,96.03,96.17,flowering,95.99,81.16,91.60999999999999,Samba,MAINTAIN,MAINTAIN,False,70.76388740539551,agronomic_hold
Samba-2021,2021-11-01,28.582651,27.991972,27.490187,96.44815,96.54804,97.213646,98.1251,98.2703,98.36897,96.03,96.17,96.22,flowering,97.7,81.92,68.53999999999999,Samba,MAINTAIN,MAINTAIN,False,70.87878608703613,agronomic_hold
Samba-2021,2021-11-02,28.582651,27.991972,27.490187,96.165634,97.21276,96.157486,98.1251,98.31961,98.119095,96.17,96.22,95.75,flowering,106.2,47.06,74.35,Samba,MAINTAIN,MAINTAIN,False,70.62890815734863,agronomic_hold
Samba-2021,2021-11-03,28.582651,27.991972,27.490187,96.622345,96.9181,96.749245,98.22967,98.31961,98.289825,96.22,95.75,96.0,flowering,94.96,49.239999999999995,82.02999999999999,Samba,MAINTAIN,MAINTAIN,False,70.79963874816895,agronomic_hold
Samba-2021,2021-11-04,28.582651,27.991972,27.490187,95.64524,95.80855,96.688934,97.96735,98.17527,98.39551,95.75,96.0,95.43,flowering,94.4,30.919999999999998,67.91999999999999,Samba,MAINTAIN,MAINTAIN,False,70.90532112121582,agronomic_hold
Samba-2021,2021-11-05,28.582651,27.991972,27.490187,95.88553,96.96921,96.155075,98.1251,98.31961,98.39762,96.0,95.43,95.75,flowering,93.54,69.13,44.609999999999985,Samba,MAINTAIN,MAINTAIN,False,70.90743446350098,agronomic_hold
Samba-2021,2021-11-06,28.582651,27.991972,27.490187,95.95386,96.54488,97.60925,97.50865,98.113045,98.36093,95.43,95.75,95.58,flowering,97.95,131.62,34.94999999999999,Samba,MAINTAIN,MAINTAIN,False,70.8707447052002,agronomic_hold
Samba-2021,2021-11-07,28.34675,27.991972,27.490187,94.98014,96.38455,97.47412,97.950905,98.28795,98.573166,95.75,95.58,96.39,flowering,84.82,117.46000000000001,40.10999999999999,Samba,MAINTAIN,MAINTAIN,False,71.08297920227051,maintain
Samba-2021,2021-11-08,28.582651,27.991972,27.490187,96.09878,97.02885,97.67075,97.614624,98.20915,98.53678,95.58,96.39,96.47,flowering,95.07,243.62,60.67999999999999,Samba,MAINTAIN,MAINTAIN,False,71.04659461975098,agronomic_hold
Samba-2021,2021-11-09,28.582651,27.991972,27.490187,96.75146,97.015434,96.42423,98.54981,98.44378,98.39762,96.39,96.47,95.56,flowering,99.98,44.739999999999995,105.36999999999999,Samba,MAINTAIN,MAINTAIN,False,70.90743446350098,agronomic_hold
Samba-2021,2021-11-10,28.582651,27.991972,27.354544,96.74554,96.397446,94.36373,98.54981,98.401375,97.310394,96.47,95.56,93.04,flowering,93.76,12.399999999999999,142.34,Samba,MAINTAIN,MAINTAIN,False,70.40940284729004,agronomic_hold
Samba-2021,2021-11-11,28.582651,27.991972,27.005138,96.116,94.24056,90.94343,97.614624,97.0869,96.04664,95.56,93.04,91.49,flowering,97.4,9.43,122.12999999999998,Samba,MAINTAIN,MAINTAIN,False,69.09492683410645,agronomic_hold
Samba-2021,2021-11-12,28.582651,27.813477,26.883718,94.018456,92.00014,94.05823,95.53908,96.97939,97.90117,93.04,91.49,95.92,flowering,106.11,24.75,60.12999999999999,Samba,MAINTAIN,MAINTAIN,False,71.0174503326416,agronomic_hold
Samba-2021,2021-11-13,28.582651,27.813477,27.110779,93.99987,93.9857,95.35092,97.48358,98.18865,98.20626,91.49,95.92,96.1,flowering,94.7,23.39,13.109999999999985,Samba,MAINTAIN,MAINTAIN,False,71.0954818725586,agronomic_hold
Samba-2021,2021-11-14,24.311296,26.226555,25.426117,90.997986,92.59907,96.14758,94.52596,97.68368,98.082016,95.92,96.1,96.34,flowering,80.29,53.45,14.149999999999986,Samba,MAINTAIN,MAINTAIN,False,72.65589904785156,maintain
Samba-2021,2021-11-15,28.582651,27.991972,27.490187,94.80957,95.19441,96.7742,97.79594,98.13145,98.49633,96.1,96.34,96.67,grain_filling,88.87,67.68,18.999999999999986,Samba,DRAIN,DRAIN,False,71.00614356994629,bund_drain
Samba-2021,2021-11-16,28.582651,27.991972,27.490187,94.33894,96.62814,97.691025,98.187744,98.40654,98.58741,96.34,96.67,97.19,grain_filling,94.84,71.4,20.889999999999986,Samba,DRAIN,DRAIN,False,71.09722328186035,bund_drain
Samba-2021,2021-11-17,28.582651,27.991972,27.490187,96.49906,96.90675,97.42057,98.78262,98.51327,98.58741,96.67,97.19,96.22,grain_filling,92.32,44.22,46.72999999999998,Samba,DRAIN,DRAIN,False,71.09722328186035,bund_drain
Samba-2021,2021-11-18,28.582651,27.991972,27.490187,97.11217,97.064186,96.95451,98.982834,98.803,98.71621,97.19,96.22,96.15,grain_filling,97.19,30.240000000000002,59.42999999999998,Samba,DRAIN,DRAIN,False,71.22602272033691,bund_drain
Samba-2021,2021-11-19,28.582651,27.991972,27.421576,96.91545,96.809746,94.939766,98.08561,98.26471,97.75263,96.22,96.15,95.49,grain_filling,95.72,13.219999999999999,73.07999999999998,Samba,DRAIN,DRAIN,False,70.33105659484863,bund_drain
Samba-2021,2021-11-20,28.582651,27.991972,27.205956,96.71087,93.94659,92.16475,97.79594,96.20173,96.03001,96.15,95.49,94.0,grain_filling,102.05,16.64,47.29999999999999,Samba,DRAIN,DRAIN,False,69.21328544616699,bund_drain
Samba-2021,2021-11-21,28.582651,27.991972,27.092335,94.75826,93.06863,94.26,98.21489,97.10587,97.48426,95.49,94.0,95.59,grain_filling,90.69,17.3,30.17999999999999,Samba,DRAIN,DRAIN,False,70.39192581176758,bund_drain
Samba-2021,2021-11-22,28.582651,27.813477,27.110779,94.029526,94.09601,95.87502,97.48358,98.094864,97.99539,94.0,95.59,96.83,grain_filling,94.45,62.31,14.669999999999987,Samba,DRAIN,DRAIN,False,70.88461303710938,bund_drain
Samba-2021,2021-11-23,28.582651,27.991972,27.490187,93.61307,94.39409,94.84312,98.23431,98.101395,98.58741,95.59,96.83,96.71,grain_filling,95.09,203.81,9.869999999999987,Samba,DRAIN,DRAIN,False,71.09722328186035,bund_drain
Samba-2021,2021-11-24,28.582651,27.991972,27.490187,94.3933,96.31202,96.47571,98.97622,98.65497,98.72937,96.83,96.71,96.72,grain_filling,97.3,162.63,12.729999999999986,Samba,DRAIN,DRAIN,False,71.23918342590332,bund_drain
Samba-2021,2021-11-25,28.582651,27.991972,27.490187,96.96906,97.34042,97.50913,98.79281,98.56555,98.58741,96.71,96.72,96.82,grain_filling,97.56,113.72999999999999,44.59999999999998,Samba,DRAIN,DRAIN,False,71.09722328186035,bund_drain
Samba-2021,2021-11-26,28.34675,27.991972,27.490187,96.6637,98.24986,97.64419,98.78361,98.481606,98.58741,96.72,96.82,97.07,grain_filling,84.65,64.35,93.17999999999998,Samba,MAINTAIN,MAINTAIN,False,71.09722328186035,maintain
Samba-2021,2021-11-27,28.582651,27.991972,27.490187,97.0129,97.19724,97.52927,98.97622,98.602684,98.551025,96.82,97.07,97.14,grain_filling,97.14,65.0,111.36999999999998,Samba,DRAIN,DRAIN,False,71.06083869934082,bund_drain
Samba-2021,2021-11-28,28.582651,27.991972,27.490187,97.126114,97.30235,96.92391,98.982834,98.7794,98.65086,97.07,97.14,96.74,grain_filling,96.07,41.18999999999999,108.79999999999998,Samba,DRAIN,DRAIN,False,71.16067695617676,bund_drain
Samba-2021,2021-11-29,28.582651,27.991972,27.28937,97.222725,95.73812,92.7448,98.982834,98.68116,97.09763,97.14,96.74,96.25,grain_filling,101.39,7.78,78.83,Samba,DRAIN,DRAIN,False,70.68918800354004,bund_drain
Samba-2021,2021-11-30,28.582651,27.991972,27.28937,95.8999,94.586845,91.247475,98.698326,98.50428,95.69704,96.74,96.25,93.47,grain_filling,100.75,4.9799999999999995,60.38999999999999,Samba,DRAIN,DRAIN,False,70.51230812072754,bund_drain
Samba-2021,2021-12-01,28.582651,27.991972,27.005138,95.87339,94.36835,90.573555,98.043,97.35539,94.75614,96.25,93.47,89.66,grain_filling,97.94,4.47,33.14999999999999,Samba,DRAIN,DRAIN,False,69.46034812927246,bund_drain
Samba-2021,2021-12-02,28.582651,27.813477,26.625729,91.715164,88.98729,85.131546,96.523254,93.8017,91.69301,93.47,89.66,85.27,grain_filling,97.82,3.11,10.689999999999992,Samba,DRAIN,DRAIN,False,67.94060325622559,bund_drain
Samba-2021,2021-12-03,28.582651,27.304296,26.488966,88.94758,84.498955,82.31824,93.94125,91.66702,90.18827,89.66,85.27,84.94,grain_filling,100.23,3.46,5.159999999999993,Samba,DRAIN,DRAIN,False,65.35860252380371,bund_drain
Samba-2021,2021-12-04,28.582651,27.155214,26.02838,86.23594,82.93394,84.06737,92.26295,91.34236,93.33036,85.27,84.94,83.92,grain_filling,95.41,7.32,1.089999999999993,Samba,DRAIN,DRAIN,False,67.30198097229004,bund_drain
Samba-2021,2021-12-05,28.582651,27.4124,26.754755,89.12982,88.0871,86.737785,94.47462,93.93273,92.43588,84.94,83.92,81.14,ripening,86.65,2.34,3.129999999999993,Samba,DRAIN,DRAIN,False,66.52033233642578,bund_drain
Samba-2021,2021-12-06,28.5223,26.651632,25.58027,88.736946,86.28155,84.27548,91.576805,93.308365,90.68342,83.92,81.14,78.36,ripening,95.67,3.42,5.1799999999999935,Samba,DRAIN,DRAIN,False,66.6567325592041,bund_drain
Samba-2021,2021-12-07,25.62622,25.943893,24.776978,83.124794,83.02693,77.84071,88.36029,87.05856,86.86611,81.14,78.36,77.48,ripening,80.78,2.9699999999999998,5.169999999999993,Samba,MAINTAIN,MAINTAIN,False,62.73406982421875,maintain
Samba-2021,2021-12-08,22.66915,22.16347,18.706846,77.40023,74.63587,69.49412,84.82599,85.85423,83.623344,78.36,77.48,74.7,ripening,75.21,4.28,2.3499999999999934,Samba,MAINTAIN,MAINTAIN,False,64.9164981842041,maintain
Samba-2021,2021-12-09,22.95914,22.689087,21.721449,79.44481,76.57649,74.51084,84.224625,86.67836,85.497314,77.48,74.7,75.59,ripening,78.31,8.61,2.1399999999999935,Samba,MAINTAIN,MAINTAIN,False,63.98927307128906,maintain
Samba-2021,2021-12-10,22.66915,22.16347,21.512215,74.847885,73.1258,74.06692,83.16765,85.84459,90.541565,74.7,75.59,75.69,ripening,75.61,9.16,2.3199999999999936,Samba,MAINTAIN,MAINTAIN,False,69.02935028076172,maintain
Samba-2021,2021-12-11,10.470185,11.041983,13.103149,69.606606,69.07986,65.54473,76.45924,80.79252,93.348434,75.59,75.69,76.45,ripening,62.37,13.739999999999998,5.869999999999994,Samba,MAINTAIN,MAINTAIN,False,80.24528503417969,maintain
Samba-2021,2021-12-12,16.598282,18.230516,14.102211,67.73163,69.876335,65.36448,78.203674,94.1894,90.78368,75.69,76.45,77.43,ripening,72.33,10.219999999999999,6.919999999999994,Samba,MAINTAIN,MAINTAIN,False,76.68147277832031,maintain
Samba-2021,2021-12-13,22.526867,23.195587,23.24968,77.34204,81.22556,84.14854,90.06744,96.99509,93.311485,76.45,77.43,78.16,ripening,77.41,10.860000000000001,10.209999999999994,Samba,MAINTAIN,MAINTAIN,False,73.79949951171875,maintain
Samba-2021,2021-12-14,22.66915,23.070799,22.827694,79.541534,84.538704,84.689445,90.19371,96.57178,93.55685,77.43,78.16,77.63,ripening,76.16,7.819999999999999,10.209999999999994,Samba,MAINTAIN,MAINTAIN,False,73.50097846984863,maintain
Samba-2021,2021-12-15,17.533632,18.659046,19.977554,75.02713,76.514656,76.54369,83.30124,96.31221,93.25393,78.16,77.63,75.65,ripening,73.55,7.220000000000001,10.799999999999994,Samba,MAINTAIN,MAINTAIN,False,77.65316390991211,maintain
Samba-2021,2021-12-16,22.95914,23.417923,22.322779,79.35966,79.04434,77.30192,89.57513,93.56553,84.97918,77.63,75.65,72.98,ripening,78.37,1.21,9.639999999999993,Samba,MAINTAIN,MAINTAIN,False,70.1476058959961,maintain
Samba-2021,2021-12-17,22.95914,23.417923,22.830029,77.82568,77.12979,78.028465,87.17971,90.73156,89.86029,75.65,72.98,70.04,ripening,78.25,4.73,6.629999999999994,Samba,MAINTAIN,MAINTAIN,False,67.31363677978516,maintain
Samba-2021,2021-12-18,23.688486,23.027863,22.344812,76.365555,73.28819,71.48337,85.39048,83.719536,82.27365,72.98,70.04,66.85,ripening,79.23,0.9,3.3299999999999934,Samba,MAINTAIN,MAINTAIN,False,61.70199394226074,maintain
Samba-2021,2021-12-19,14.691191,13.075831,14.348589,69.69094,65.76013,67.349754,80.48699,79.520325,90.53472,70.04,66.85,63.7,ripening,69.77,12.52,0.9499999999999933,Samba,MAINTAIN,MAINTAIN,False,76.18613243103027,maintain
Samba-2021,2021-12-20,18.020208,17.826307,18.23779,67.35395,66.64732,64.70192,79.57265,82.36918,77.67021,66.85,63.7,60.48,ripening,74.41,0.0,0.20999999999999333,Samba,MAINTAIN,MAINTAIN,False,64.54287147521973,maintain
Samba-2021,2021-12-21,10.470185,10.643833,11.833576,69.190865,62.9867,58.872654,74.90436,75.96107,76.14779,63.7,60.48,57.2,ripening,61.4,0.0,0.01999999999999334,Samba,MAINTAIN,MAINTAIN,False,65.31723403930664,maintain
Samba-2021,2021-12-22,9.777651,10.42302,11.253271,58.417416,57.715908,55.20573,73.30664,72.29166,71.23464,60.48,57.2,53.81,ripening,61.18,0.29,0.0,Samba,MAINTAIN,MAINTAIN,False,63.52898979187012,maintain
Samba-2021,2021-12-23,10.950125,11.265862,11.650562,59.891327,58.679367,57.288303,74.00485,71.7498,75.80452,57.2,53.81,50.53,ripening,68.97,5.19,0.0,Samba,MAINTAIN,MAINTAIN,False,64.15395736694336,maintain
Samba-2021,2021-12-24,4.227766,1.8758487,-1.3332913,51.41805,47.859425,42.918587,65.70278,66.96758,69.33331,53.81,50.53,47.22,ripening,52.08,0.05,0.0,Samba,MAINTAIN,MAINTAIN,False,70.6666042804718,maintain
Samba-2021,2021-12-25,2.1283834,-2.1765275,-5.4159374,44.523712,40.41437,32.683243,63.813454,60.06742,64.23111,50.53,47.22,44.02,ripening,50.52,0.5900000000000001,0.0,Samba,MAINTAIN,MAINTAIN,False,69.64704704284668,maintain
Samba-2021,2021-12-26,-1.3456731,-4.267834,-8.207436,42.87052,37.40121,33.332123,60.23404,57.97063,60.57115,47.22,44.02,41.18,ripening,44.26,0.48,0.0,Samba,MAINTAIN,MAINTAIN,False,68.7785873413086,maintain
Samba-2021,2021-12-27,-1.6795859,-4.3231797,-8.269899,36.97005,33.7645,32.686646,59.609493,57.600586,62.825428,44.02,41.18,38.01,ripening,43.08,11.290000000000001,0.03999999999999334,Samba,MAINTAIN,MAINTAIN,False,71.09532737731934,maintain
Samba-2021,2021-12-28,-1.3456731,-4.267834,-4.781484,38.31857,35.789948,36.94344,60.207947,57.679863,65.60839,41.18,38.01,46.65,ripening,44.71,35.0,0.42999999999999333,Samba,MAINTAIN,MAINTAIN,False,70.38987493515015,maintain
Samba-2021,2021-12-29,-1.3456731,-4.226356,-3.8262615,38.68086,43.21074,51.516125,60.207947,59.374596,74.19518,38.01,46.65,61.05,ripening,44.71,68.3,0.5199999999999934,Samba,MAINTAIN,MAINTAIN,False,78.02144432067871,maintain
Samba-2021,2021-12-30,-4.4931507,-2.481753,-0.38343745,45.637352,48.920944,55.406925,57.901695,71.87168,86.510284,46.65,61.05,86.71,ripening,37.92,41.69,12.139999999999993,Samba,MAINTAIN,MAINTAIN,False,86.8937218785286,maintain
Samba-2021,2021-12-31,1.0272114,2.7083852,3.0612326,59.177715,68.56514,64.84426,67.20358,82.48918,89.66646,61.05,86.71,92.6,ripening,45.03,52.51,28.929999999999993,Samba,MAINTAIN,MAINTAIN,False,86.60522556304932,maintain
Samba-2021,2022-01-01,7.0743847,8.769631,7.9339056,71.26935,71.98346,57.4578,91.85961,93.154915,81.04148,86.71,92.6,89.65,ripening,54.84,1.6,57.13999999999999,Samba,MAINTAIN,MAINTAIN,False,84.78522682189941,maintain
Samba-2021,2022-01-02,27.593275,27.59442,26.625973,86.47787,84.16196,80.31354,98.47803,95.19597,89.21795,92.6,89.65,86.68,ripening,83.07,0.8999999999999999,54.29999999999999,Samba,MAINTAIN,MAINTAIN,False,70.88475227355957,maintain
Samba-2021,2022-01-03,28.34675,27.813477,26.625729,87.269905,85.15226,79.19857,95.66382,92.54362,91.05869,89.65,86.68,83.43,ripening,84.87,1.1,37.17999999999999,Samba,MAINTAIN,MAINTAIN,False,67.31706809997559,maintain
Samba-2021,2022-01-04,28.582651,27.813477,26.625729,88.7532,84.76728,82.26888,94.66714,93.06903,91.615524,86.68,83.43,80.57,ripening,93.33,1.9,8.919999999999993,Samba,DRAIN,DRAIN,False,66.08448600769043,bund_drain
Samba-2021,2022-01-05,28.582651,27.233904,26.488966,85.47678,82.83399,81.38272,91.11122,89.89385,90.47181,83.43,80.57,77.77,ripening,90.71,2.9,0.1499999999999929,Samba,DRAIN,DRAIN,False,63.98284339904785,bund_drain
Samba-2021,2022-01-06,28.34675,27.233904,26.425913,85.00382,83.82262,81.63555,90.48773,88.51696,90.39458,80.57,77.77,74.68,ripening,83.23,2.5,0.3699999999999929,Samba,MAINTAIN,MAINTAIN,False,63.96866416931152,maintain
Samba-2021,2022-01-07,28.28339,27.233904,26.309036,83.70289,81.701645,77.13876,89.06576,87.286835,87.03652,77.77,74.68,71.53,ripening,82.78,1.1,0.6499999999999929,Samba,MAINTAIN,MAINTAIN,False,60.78236770629883,maintain
Samba-2021,2022-01-08,25.757599,26.21795,24.527706,77.72647,76.68547,72.46206,85.59438,85.6333,84.77127,74.68,71.53,68.32,ripening,82.15,1.3,0.6299999999999929,Samba,MAINTAIN,MAINTAIN,False,60.24356460571289,maintain
Samba-2022,2022-08-22,-19.79597,-18.321033,-22.106628,18.499891,22.75365,32.6788,54.556458,61.0431,53.677216,30.87,34.09,32.78,establishment,11.95,22.8,24.47,Samba,DELAY,MAINTAIN,False,79.36413192749023,threshold_delay
Samba-2022,2022-08-23,-6.2384934,-3.839571,-1.5988643,35.025944,35.579998,39.61304,59.88916,61.600845,58.41049,34.09,32.78,35.3,establishment,30.6,33.7,33.01,Samba,MAINTAIN,MAINTAIN,False,66.1276535987854,maintain
Samba-2022,2022-08-24,-7.7517743,-8.26012,-5.2043676,31.357708,30.688387,38.504105,58.772823,56.39641,60.28062,32.78,35.3,33.35,establishment,32.11,41.0,34.73,Samba,MAINTAIN,MAINTAIN,False,66.52459764480591,maintain
Samba-2022,2022-08-25,-8.054991,-4.799097,-4.158087,31.465363,36.25031,31.756252,55.53777,61.25355,60.919617,35.3,33.35,33.19,establishment,27.84,29.1,21.04,Samba,MAINTAIN,MAINTAIN,False,66.05264854431152,maintain
Samba-2022,2022-08-26,-12.600278,-11.814179,-12.84183,24.600185,25.253218,23.142496,54.29927,53.453796,48.440647,33.35,33.19,38.82,establishment,27.1,18.5,15.36,Samba,MAINTAIN,MAINTAIN,False,66.89954853057861,maintain
Samba-2022,2022-08-27,-11.186092,-10.7439995,-12.633348,22.863026,22.471994,21.49859,54.08118,57.134827,51.98679,33.19,38.82,35.87,establishment,23.51,9.6,16.849999999999998,Samba,MAINTAIN,MAINTAIN,False,67.87882614135742,maintain
Samba-2022,2022-08-28,-4.8435903,-1.8710763,-4.044163,41.800705,40.605106,35.616795,59.46126,66.97723,68.692276,38.82,35.87,35.06,establishment,36.88,19.5,20.67,Samba,MAINTAIN,MAINTAIN,False,72.73643922805786,maintain
Samba-2022,2022-08-29,-7.5546484,-9.57339,-9.423337,30.931566,30.702717,32.970905,58.032475,60.65088,59.13574,35.87,35.06,37.85,establishment,36.71,28.7,19.6,Samba,MAINTAIN,MAINTAIN,False,70.22426891326904,maintain
Samba-2022,2022-08-30,-6.1799555,-7.5726266,-5.440397,34.14489,31.90798,37.29711,58.00326,62.701122,68.820564,35.06,37.85,42.99,establishment,40.72,28.6,18.47,Samba,MAINTAIN,MAINTAIN,False,74.26096105575562,maintain
Samba-2022,2022-08-31,-5.6149096,-3.523565,-5.674675,34.511486,40.3365,33.93444,54.98005,62.310818,63.07714,37.85,42.99,39.42,establishment,32.9,19.6,14.91,Samba,MAINTAIN,MAINTAIN,False,68.75181579589844,maintain
Samba-2022,2022-09-01,-4.796138,-2.4225326,-5.8551083,45.13201,38.754368,33.98381,58.287476,70.724724,73.52192,42.99,39.42,34.39,establishment,39.62,10.6,21.92,Samba,MAINTAIN,MAINTAIN,False,79.37702751159668,maintain
Samba-2022,2022-09-02,-4.5303545,-7.5944858,-8.980445,33.33282,32.596233,28.909363,57.193703,59.36371,58.877335,39.42,34.39,39.61,tillering,42.36,17.7,19.75,Samba,MAINTAIN,MAINTAIN,False,67.85777950286865,maintain
Samba-2022,2022-09-03,-7.485689,-10.899731,-10.062797,31.813236,27.765656,29.824705,57.23088,58.528893,58.604908,34.39,39.61,40.26,tillering,39.64,17.1,13.26,Samba,MAINTAIN,MAINTAIN,False,69.42862319946289,maintain
Samba-2022,2022-09-04,-5.4754643,-2.3663378,-5.296705,40.30127,41.26907,34.86363,58.348656,67.96968,69.61339,39.61,40.26,40.96,tillering,34.86,12.5,14.46,Samba,MAINTAIN,MAINTAIN,False,74.91009283065796,maintain
Samba-2022,2022-09-05,-5.237292,-4.3035703,-7.690474,34.96511,32.328453,29.593622,57.093716,63.963043,62.473484,40.26,40.96,43.08,tillering,37.38,4.2,18.32,Samba,MAINTAIN,MAINTAIN,False,70.16395807266235,maintain
Samba-2022,2022-09-06,-5.8136606,-4.4316735,-7.130557,33.35777,30.880142,27.74775,57.093716,63.791935,63.07808,40.96,43.08,38.86,tillering,34.11,3.8,23.630000000000003,Samba,MAINTAIN,MAINTAIN,False,70.20863628387451,maintain
Samba-2022,2022-09-07,0.8124436,2.364095,-2.0400867,44.348236,42.782322,35.481045,60.959206,69.82382,68.689766,43.08,38.86,32.96,tillering,44.79,1.4,19.9,Samba,MAINTAIN,MAINTAIN,False,70.7298526763916,maintain
Samba-2022,2022-09-08,3.6977649,1.3074864,-2.8889637,42.074474,40.530167,34.892765,64.893936,68.88174,65.42927,38.86,32.96,27.05,tillering,51.05,1.4,15.23,Samba,MAINTAIN,MAINTAIN,False,68.3182315826416,maintain
Samba-2022,2022-09-09,-1.0151751,-4.0616307,-8.1924095,37.447666,31.85098,27.884829,59.85427,56.95656,56.238094,32.96,27.05,21.05,tillering,47.16,0.4,9.1,Samba,MAINTAIN,MAINTAIN,False,64.43050384521484,maintain
Samba-2022,2022-09-10,-9.053674,-12.384632,-15.280706,27.780203,23.374056,20.896854,53.941444,49.398876,46.638103,27.05,21.05,14.24,tillering,30.19,0.4,2.24,Samba,MAINTAIN,MAINTAIN,False,62.995118141174316,maintain
Samba-2022,2022-09-11,-13.290138,-16.080555,-19.089588,19.96596,16.80949,12.259909,51.111824,45.63309,45.69272,21.05,14.24,7.41,tillering,23.38,0.7,0.9299999999999999,Samba,MAINTAIN,MAINTAIN,False,64.78230667114258,maintain
Samba-2022,2022-09-12,-17.996227,-18.321342,-20.75792,14.976669,7.7173676,4.8699527,49.230995,45.63309,45.036415,14.24,7.41,1.06,tillering,18.28,0.7,0.73,Samba,MAINTAIN,MAINTAIN,False,67.22722244262695,maintain
Samba-2022,2022-09-13,-18.988752,-20.966713,-23.964052,10.071051,7.34,0.9767229,49.230995,45.98606,44.496037,7.41,1.06,-5.15,tillering,13.36,0.7,0.49,Samba,MAINTAIN,MAINTAIN,False,68.4600887298584,maintain
Samba-2022,2022-09-14,-24.632925,-27.751938,-30.812946,3.5378122,-1.0104187,-9.522868,44.744053,39.596878,39.233757,1.06,-5.15,-10.66,tillering,7.15,0.2,0.38,Samba,MAINTAIN,MAINTAIN,False,70.04670333862305,maintain
Samba-2022,2022-09-15,-29.635498,-32.227104,-34.06277,-5.164791,-9.837535,-13.370388,41.01278,35.078083,38.935513,-5.15,-10.66,-16.18,tillering,-3.93,3.8,0.38,Samba,MAINTAIN,MAINTAIN,False,72.99828338623047,maintain
Samba-2022,2022-09-16,-35.471344,-37.470207,-40.607353,-13.975349,-17.297195,-24.78397,38.38343,30.607203,20.843933,-10.66,-16.18,-21.22,tillering,-12.55,3.8,0.29,Samba,MAINTAIN,MAINTAIN,False,73.85477447509766,maintain
Samba-2022,2022-09-17,-35.851997,-37.77584,-40.29204,-19.273676,-22.007662,-29.709265,37.29271,26.048346,19.055073,-16.18,-21.22,-25.76,tillering,-10.41,3.9,0.27,Samba,MAINTAIN,MAINTAIN,False,73.14470672607422,maintain
Samba-2022,2022-09-18,-48.88649,-52.069267,-53.885277,-33.586754,-41.771553,-46.069263,17.193367,10.605004,9.695594,-21.22,-25.76,-30.69,tillering,-33.83,0.4,0.52,Samba,MAINTAIN,MAINTAIN,False,66.0798568725586,maintain
Samba-2022,2022-09-19,-46.06555,-48.448357,-51.964157,-34.661663,-37.74652,-43.56566,15.254671,19.024338,14.18306,-25.76,-30.69,-36.76,tillering,-21.72,0.4,0.8200000000000001,Samba,MAINTAIN,MAINTAIN,False,67.47269439697266,maintain
Samba-2022,2022-09-20,-47.638557,-51.93983,-53.08449,-34.972664,-38.151512,-48.370224,11.053884,13.179937,13.338096,-30.69,-36.76,-42.59,tillering,-30.48,0.2,0.78,Samba,MAINTAIN,MAINTAIN,False,66.42258739471436,maintain
Samba-2022,2022-09-21,-48.848766,-49.84822,-53.844715,-36.96909,-41.019657,-47.93301,15.254671,19.070337,14.072946,-36.76,-42.59,-47.29,tillering,-26.79,1.9,0.45000000000000007,Samba,MAINTAIN,MAINTAIN,False,68.91855812072754,maintain
Samba-2022,2022-09-22,-50.386627,-54.07488,-56.382195,-39.00581,-43.51935,-48.59756,11.053884,13.179937,13.088463,-42.59,-47.29,-51.94,tillering,-31.52,4.9,0.16000000000000006,Samba,MAINTAIN,MAINTAIN,False,69.47065734863281,maintain
Samba-2022,2022-09-23,-54.61679,-56.43321,-56.989967,-43.168556,-46.55351,-49.30793,9.851142,8.064284,8.764882,-47.29,-51.94,-50.2,tillering,-37.23,7.3,0.17000000000000007,Samba,MAINTAIN,MAINTAIN,False,65.75484943389893,maintain
Samba-2022,2022-09-24,-61.334667,-65.445564,-66.960014,-45.851955,-52.289246,-54.490177,8.24194,6.8843174,7.7440157,-51.94,-50.2,-26.6,tillering,-49.02,11.4,0.32000000000000006,Samba,MAINTAIN,MAINTAIN,False,74.70403003692627,maintain
Samba-2022,2022-09-25,-64.079544,-66.55635,-71.922676,-51.618603,-52.23435,-52.98469,-0.55849874,0.30049694,2.0282836,-50.2,-26.6,-29.13,tillering,-57.62,10.1,6.91,Samba,MAINTAIN,MAINTAIN,False,73.9509596824646,maintain
Samba-2022,2022-09-26,-62.253796,-62.885662,-68.108734,-40.22694,-38.59911,-43.29112,0.84018546,1.3801324,4.231983,-26.6,-29.13,-21.07,stem_elongation,-54.27,7.9,35.45,Samba,MAINTAIN,MAINTAIN,False,72.34071731567383,maintain
Samba-2022,2022-09-27,-49.505062,-48.894306,-52.325966,-32.428474,-32.230915,-40.26275,15.165716,19.025265,14.319615,-29.13,-21.07,-23.88,stem_elongation,-25.16,2.0,37.86,Samba,MAINTAIN,MAINTAIN,False,67.91957092285156,maintain
Samba-2022,2022-09-28,-49.066196,-49.96215,-50.887226,-26.109734,-30.452019,-31.65026,10.502969,8.633729,9.710195,-21.07,-23.88,-25.92,stem_elongation,-37.36,7.0,44.68000000000001,Samba,MAINTAIN,MAINTAIN,False,60.59742069244385,maintain
Samba-2022,2022-09-29,-37.42337,-39.49545,-41.520092,-22.486864,-21.979174,-21.383068,30.501383,24.39416,18.242588,-23.88,-25.92,-30.53,stem_elongation,-14.1,7.5,17.920000000000005,Samba,MAINTAIN,MAINTAIN,False,67.92475318908691,maintain
Samba-2022,2022-09-30,-44.62364,-44.40275,-45.54662,-25.40224,-22.859055,-24.893383,22.046001,20.173359,14.655585,-25.92,-30.53,-35.79,stem_elongation,-25.53,7.7,18.160000000000004,Samba,MAINTAIN,MAINTAIN,False,66.66963958740234,maintain
Samba-2022,2022-10-01,-46.174904,-47.98933,-50.61046,-29.024092,-32.351475,-37.97277,15.906509,19.484205,14.060237,-30.53,-35.79,-40.6,stem_elongation,-23.42,1.0,4.860000000000003,Samba,MAINTAIN,MAINTAIN,False,67.47353553771973,maintain
Samba-2022,2022-10-02,-52.74445,-56.210815,-58.544975,-37.172222,-44.17183,-42.803875,10.316414,8.817493,11.833018,-35.79,-40.6,-44.81,stem_elongation,-39.44,1.3,3.5900000000000034,Samba,MAINTAIN,MAINTAIN,False,70.3779935836792,maintain
Samba-2022,2022-10-03,-55.863445,-57.95813,-58.535294,-45.416725,-47.5405,-41.532894,8.919361,10.892989,11.833018,-40.6,-44.81,-43.46,stem_elongation,-40.42,17.9,0.9800000000000035,Samba,MAINTAIN,MAINTAIN,False,70.36831188201904,maintain
Samba-2022,2022-10-04,-60.93777,-64.51674,-65.03697,-47.21236,-46.64263,-41.134487,8.24194,10.346562,11.512334,-44.81,-43.46,-46.32,stem_elongation,-50.13,18.0,1.4500000000000035,Samba,MAINTAIN,MAINTAIN,False,76.54930591583252,maintain
Samba-2022,2022-10-05,-54.915043,-54.1368,-55.08616,-40.324787,-30.463423,-29.880184,9.126938,10.9821205,12.807578,-43.46,-46.32,-49.97,stem_elongation,-39.7,29.2,6.400000000000003,Samba,MAINTAIN,MAINTAIN,False,67.89373683929443,maintain
Samba-2022,2022-10-06,-57.87693,-59.60828,-58.350826,-45.22604,-45.319843,-30.677101,8.24194,12.332329,16.363165,-46.32,-49.97,-50.25,stem_elongation,-44.26,44.9,8.290000000000003,Samba,MAINTAIN,MAINTAIN,False,74.71399116516113,maintain
Samba-2022,2022-10-07,-59.045296,-61.633575,-62.96992,-44.8991,-41.22092,-27.515085,8.24194,12.007479,16.244514,-49.97,-50.25,-43.37,stem_elongation,-43.46,51.7,9.310000000000002,Samba,MAINTAIN,MAINTAIN,False,79.21443557739258,maintain
Samba-2022,2022-10-08,-60.74122,-62.723118,-64.348,-43.039078,-32.908154,-24.780586,8.24194,10.450628,15.569316,-50.25,-43.37,-31.61,stem_elongation,-49.65,41.7,8.150000000000004,Samba,MAINTAIN,MAINTAIN,False,79.91731548309326,maintain
Samba-2022,2022-10-09,-54.658424,-55.224495,-60.192425,-34.305897,-31.317421,-29.830902,8.24194,11.107258,12.995418,-43.37,-31.61,-31.54,stem_elongation,-47.91,13.7,16.860000000000007,Samba,MAINTAIN,MAINTAIN,False,73.18784236907959,maintain
Samba-2022,2022-10-10,-54.13693,-53.917866,-58.08047,-26.2343,-29.686085,-26.78027,8.24194,12.399498,13.715995,-31.61,-31.54,-32.29,stem_elongation,-45.06,9.9,31.28000000000001,Samba,MAINTAIN,MAINTAIN,False,71.79646587371826,maintain
Samba-2022,2022-10-11,-51.716953,-49.933838,-46.14662,-30.844055,-34.544025,-22.58406,10.402062,13.417749,14.1528015,-31.54,-32.29,-32.43,stem_elongation,-32.63,16.4,31.29000000000001,Samba,MAINTAIN,MAINTAIN,False,63.35158729553223,maintain
Samba-2022,2022-10-12,-49.730442,-48.19115,-44.57099,-33.113514,-30.764824,-10.271057,10.402062,13.629974,53.996464,-32.29,-32.43,-33.79,stem_elongation,-32.0,22.2,24.180000000000007,Samba,INSPECT,MAINTAIN,True,98.56745529174805,uncertainty_gate
Samba-2022,2022-10-13,-47.863,-46.098595,-42.830616,-27.57188,-21.360655,-4.030017,10.402062,47.172672,53.9389,-32.43,-33.79,-30.12,stem_elongation,-30.26,28.7,12.600000000000009,Samba,INSPECT,MAINTAIN,True,96.76951599121094,uncertainty_gate
Samba-2022,2022-10-14,-48.46548,-48.4025,-43.21051,4.3125834,26.931818,32.26477,58.00775,59.609756,58.637287,-33.79,-30.12,42.23,panicle_initiation,-30.27,26.3,11.790000000000008,Samba,IRRIGATE,IRRIGATE,False,108.01225662231445,agronomic_irrigate
Samba-2022,2022-10-15,-42.140083,-37.616447,-33.647545,3.1154504,28.32433,31.33704,56.464333,60.209488,60.218266,-30.12,42.23,39.81,panicle_initiation,-19.73,18.7,16.10000000000001,Samba,IRRIGATE,IRRIGATE,False,98.60441589355469,agronomic_irrigate
Samba-2022,2022-10-16,-43.29632,-41.82316,-40.38092,3.3775697,25.836082,33.44857,54.17196,59.88242,58.58883,42.23,39.81,43.06,panicle_initiation,-21.71,15.8,16.570000000000007,Samba,IRRIGATE,MAINTAIN,False,101.7055778503418,agronomic_irrigate
Samba-2022,2022-10-17,-8.925806,-10.445025,-10.221345,30.751947,31.46284,30.247976,59.453697,58.10068,70.11796,39.81,43.06,45.12,panicle_initiation,33.34,16.2,15.770000000000007,Samba,DELAY,MAINTAIN,False,80.3393030166626,agronomic_delay
Samba-2022,2022-10-18,-4.796138,-2.3377197,-2.2736554,41.446033,37.384895,35.80939,58.592255,70.1884,71.65034,43.06,45.12,56.6,panicle_initiation,39.09,18.2,16.81000000000001,Samba,DELAY,MAINTAIN,False,73.92399263381958,agronomic_delay
Samba-2022,2022-10-19,-2.5028505,-0.33323643,-3.417191,40.37968,40.803722,34.333588,58.48523,70.03442,76.82317,45.12,56.6,65.62,panicle_initiation,41.03,16.5,19.180000000000007,Samba,DELAY,MAINTAIN,False,80.24036455154419,agronomic_delay
Samba-2022,2022-10-20,5.0101333,6.2986975,5.2501903,57.133087,63.368095,59.250927,73.44867,81.96748,87.48291,56.6,65.62,64.86,panicle_initiation,51.52,9.8,32.890000000000015,Samba,MAINTAIN,MAINTAIN,False,82.23271989822388,maintain
Samba-2022,2022-10-21,7.4766517,10.186773,10.483083,60.933765,68.10847,59.15386,86.07878,93.67164,89.50005,65.62,64.86,64.22,panicle_initiation,55.02,5.1,37.34,Samba,MAINTAIN,MAINTAIN,False,83.48486518859863,maintain
Samba-2022,2022-10-22,10.542856,10.273451,13.400984,61.073223,57.900784,55.711113,74.45501,83.53953,81.53836,64.86,64.22,61.23,panicle_initiation,67.94,0.2,34.44000000000001,Samba,MAINTAIN,MAINTAIN,False,73.26607704162598,maintain
Samba-2022,2022-10-23,4.3730927,2.352685,0.5289787,53.610344,52.18951,47.58184,65.908394,74.62018,76.220024,64.22,61.23,55.22,panicle_initiation,53.17,0.3,22.160000000000007,Samba,MAINTAIN,MAINTAIN,False,75.69104540348053,maintain
Samba-2022,2022-10-24,7.2150483,7.641027,7.310514,51.902466,51.361973,46.165985,72.09594,81.90129,80.340385,61.23,55.22,49.22,panicle_initiation,56.65,0.3,10.560000000000008,Samba,MAINTAIN,MAINTAIN,False,74.26026391983032,maintain
Samba-2022,2022-10-25,17.073912,15.116808,13.075101,61.22974,55.153755,49.64924,77.824905,78.946175,79.26906,55.22,49.22,43.01,panicle_initiation,71.69,1.8,6.470000000000008,Samba,MAINTAIN,MAINTAIN,False,66.19395732879639,maintain
Samba-2022,2022-10-26,7.366125,5.5472617,2.8993583,49.221127,44.508408,38.865192,72.0123,75.34593,69.95253,49.22,43.01,39.49,panicle_initiation,55.47,10.7,2.250000000000007,Samba,MAINTAIN,MAINTAIN,False,69.79867029190063,maintain
Samba-2022,2022-10-27,-1.0151751,-4.0616307,-6.671456,41.613777,34.72275,33.84788,60.87032,60.118538,60.110996,43.01,39.49,45.04,panicle_initiation,44.23,11.2,0.3700000000000071,Samba,DELAY,MAINTAIN,False,66.78245210647583,agronomic_delay
Samba-2022,2022-10-28,-1.0151751,-3.8567681,-6.532568,39.394325,38.03164,30.905817,60.16742,59.955376,62.216557,39.49,45.04,42.54,panicle_initiation,44.22,16.5,2.470000000000007,Samba,DELAY,MAINTAIN,False,68.74912452697754,agronomic_delay
Samba-2022,2022-10-29,-5.4240727,-2.5737724,-2.3707626,42.811455,40.708168,41.01451,59.79897,70.55969,82.34827,45.04,42.54,47.34,flowering,34.22,39.8,13.290000000000006,Samba,DELAY,MAINTAIN,False,84.71902918815613,agronomic_delay
Samba-2022,2022-10-30,-3.8992712,-4.561807,-3.6208906,35.340847,39.658875,49.255657,58.521072,65.99783,87.694855,42.54,47.34,60.86,flowering,43.62,64.4,15.910000000000009,Samba,DELAY,MAINTAIN,False,91.31574535369873,agronomic_delay
Samba-2022,2022-10-31,-5.3738813,-2.5554225,-0.44538552,40.824104,49.479465,59.9074,59.733547,89.1732,95.43913,47.34,60.86,75.24,flowering,35.28,91.9,22.250000000000007,Samba,DELAY,MAINTAIN,False,95.88451820611954,agronomic_delay
Samba-2022,2022-11-01,-1.4334484,2.5983999,2.998384,51.521812,62.884075,73.85745,65.30286,85.071075,95.18244,60.86,75.24,80.91,flowering,43.4,82.0,28.740000000000006,Samba,DELAY,MAINTAIN,False,92.18405771255493,agronomic_delay
Samba-2022,2022-11-02,9.534677,9.724626,12.878615,72.35887,80.268585,85.72303,85.93753,93.64356,96.672844,75.24,80.91,92.13,flowering,58.78,59.0,45.720000000000006,Samba,MAINTAIN,MAINTAIN,False,83.91893672943115,maintain
Samba-2022,2022-11-03,24.16014,25.680708,26.692516,81.13378,90.19597,93.69858,92.13666,95.72039,97.18341,80.91,92.13,95.14,flowering,80.84,35.1,47.75000000000001,Samba,MAINTAIN,MAINTAIN,False,70.49089431762695,maintain
Samba-2022,2022-11-04,28.206545,28.163187,26.946726,91.16436,89.85371,89.261086,95.46453,95.520355,97.27814,92.13,95.14,95.91,flowering,83.23,13.9,46.59,Samba,MAINTAIN,MAINTAIN,False,70.33141136169434,maintain
Samba-2022,2022-11-05,28.87592,28.27548,27.585117,94.43848,94.02531,90.27223,96.73592,98.00858,97.50064,95.14,95.91,93.45,flowering,95.32,15.9,36.410000000000004,Samba,MAINTAIN,MAINTAIN,False,69.91552352905273,agronomic_hold
Samba-2022,2022-11-06,28.87592,28.27548,27.266602,95.31597,94.75919,91.66076,98.082596,96.89048,96.19332,95.91,93.45,95.4,flowering,95.01,8.8,31.21,Samba,MAINTAIN,MAINTAIN,False,69.2066764831543,agronomic_hold
Samba-2022,2022-11-07,28.87592,27.937382,26.885958,94.16884,92.62251,91.36699,96.482216,97.69899,96.3985,93.45,95.4,92.08,flowering,100.02,10.1,17.310000000000002,Samba,MAINTAIN,MAINTAIN,False,69.7616081237793,agronomic_hold
Samba-2022,2022-11-08,28.87592,28.27548,27.810476,94.76456,95.31134,93.51302,96.991844,97.84207,97.770355,95.4,92.08,91.75,flowering,89.08,77.8,17.970000000000006,Samba,MAINTAIN,MAINTAIN,False,69.95987892150879,agronomic_hold
Samba-2022,2022-11-09,28.87592,27.937382,27.365164,89.67318,89.99945,91.54505,94.64564,95.29427,98.09388,92.08,91.75,96.53,flowering,91.74,80.9,13.960000000000004,Samba,MAINTAIN,MAINTAIN,False,70.72871589660645,agronomic_hold
Samba-2022,2022-11-10,28.80677,27.29143,27.708155,90.46523,94.2566,94.409904,95.440315,96.247795,97.95627,91.75,96.53,96.52,flowering,94.12,87.7,16.440000000000005,Samba,MAINTAIN,MAINTAIN,False,70.24811363220215,agronomic_hold
Samba-2022,2022-11-11,28.87592,28.27548,27.715069,96.49385,96.38135,96.889915,98.50277,98.36343,98.48052,96.53,96.52,95.28,flowering,90.35,16.9,79.17,Samba,MAINTAIN,MAINTAIN,False,70.76545333862305,agronomic_hold
Samba-2022,2022-11-12,28.87592,28.27548,27.585117,96.37308,95.53577,93.75437,98.50277,98.52112,96.933945,96.52,95.28,95.07,flowering,96.46,14.8,91.80000000000001,Samba,MAINTAIN,MAINTAIN,False,70.24563789367676,agronomic_hold
Samba-2022,2022-11-13,28.87592,28.27548,27.266602,95.20275,92.5392,90.47563,97.02744,96.11228,95.05119,95.28,95.07,92.62,flowering,95.7,5.6,92.37,Samba,MAINTAIN,MAINTAIN,False,68.15152359008789,agronomic_hold
Samba-2022,2022-11-14,28.87592,28.27548,27.266602,94.823784,93.49055,88.751495,95.78985,96.0775,94.80976,95.07,92.62,88.97,flowering,101.55,4.6,25.72,Samba,MAINTAIN,MAINTAIN,False,67.8020191192627,agronomic_hold
Samba-2022,2022-11-15,28.87592,27.937382,26.82129,92.587685,91.02077,86.86882,96.74922,93.72449,92.0027,92.62,88.97,84.59,grain_filling,101.6,0.2,12.879999999999999,Samba,DRAIN,DRAIN,False,67.8733024597168,bund_drain
Samba-2022,2022-11-16,28.87592,27.937382,26.82129,89.89423,87.92291,82.31041,94.18055,92.79178,91.35472,88.97,84.59,80.01,grain_filling,89.49,0.0,7.9799999999999995,Samba,DRAIN,DRAIN,False,65.30463027954102,bund_drain
Samba-2022,2022-11-17,24.688105,26.18342,25.505308,80.35523,77.93799,75.26436,88.732285,86.93594,83.45858,84.59,80.01,76.25,grain_filling,80.17,0.0,1.7999999999999998,Samba,MAINTAIN,MAINTAIN,False,64.04417991638184,maintain
Samba-2022,2022-11-18,24.688105,26.18342,25.505308,78.73263,75.678825,73.10429,87.49714,86.39447,82.859924,80.01,76.25,72.35,grain_filling,81.03,0.0,0.42,Samba,MAINTAIN,MAINTAIN,False,62.80903434753418,maintain
Samba-2022,2022-11-19,18.694792,18.412565,16.992367,71.61932,69.66199,64.02074,81.65472,82.95058,79.41802,76.25,72.35,68.2,grain_filling,75.53,0.0,0.12,Samba,MAINTAIN,MAINTAIN,False,64.53801155090332,maintain
Samba-2022,2022-11-20,24.688105,25.418663,23.917444,74.46272,70.99196,67.860374,83.875786,84.434135,79.77922,72.35,68.2,63.84,grain_filling,80.41,0.1,0.13,Samba,MAINTAIN,MAINTAIN,False,59.18768119812012,maintain
Samba-2022,2022-11-21,22.872002,23.22004,22.182007,73.51028,71.558716,68.51095,83.63197,82.39696,78.54034,68.2,63.84,61.31,grain_filling,76.95,2.7,0.34,Samba,MAINTAIN,MAINTAIN,False,60.759971618652344,maintain
Samba-2022,2022-11-22,10.567816,10.376679,11.044455,64.4677,61.389297,56.55697,77.8902,76.880196,78.21044,63.84,61.31,57.89,grain_filling,63.04,3.7,0.52,Samba,MAINTAIN,MAINTAIN,False,67.3223819732666,maintain
Samba-2022,2022-11-23,9.763471,9.054534,9.716299,61.43253,57.308414,57.223015,75.86099,77.69392,84.58705,61.31,57.89,54.07,grain_filling,60.07,9.9,2.51,Samba,MAINTAIN,MAINTAIN,False,74.87075233459473,maintain
Samba-2022,2022-11-24,4.4324775,1.885292,-0.4525963,50.30846,47.726547,44.31618,65.501236,68.111786,76.29945,57.89,54.07,51.07,grain_filling,53.91,10.1,3.1399999999999997,Samba,MAINTAIN,MAINTAIN,False,76.7520500421524,maintain
Samba-2022,2022-11-25,7.1570315,6.9578958,5.499533,51.217754,50.929024,46.933075,71.17463,72.378044,85.73551,54.07,51.07,47.91,grain_filling,58.56,10.5,3.1799999999999997,Samba,MAINTAIN,MAINTAIN,False,80.23597860336304,maintain
Samba-2022,2022-11-26,4.171514,1.5213665,-1.3535955,48.166172,46.175106,40.87082,65.20386,67.09736,75.64747,51.07,47.91,46.46,grain_filling,53.85,4.2,2.24,Samba,MAINTAIN,MAINTAIN,False,77.00106406211853,maintain
Samba-2022,2022-11-27,7.1570315,6.5051103,4.868613,48.085056,45.755184,39.842136,71.17463,73.05068,79.92345,47.91,46.46,42.57,grain_filling,55.02,1.6,2.32,Samba,MAINTAIN,MAINTAIN,False,75.05483388900757,maintain
Samba-2022,2022-11-28,3.319849,-0.79825294,-4.8976455,45.660748,40.307056,33.0001,64.75863,63.9621,65.1456,46.46,42.57,38.71,grain_filling,50.4,2.6,4.76,Samba,MAINTAIN,MAINTAIN,False,70.0432448387146,maintain
Samba-2022,2022-11-29,-1.0151751,-4.0039506,-7.929464,40.292576,37.673103,32.74469,60.08277,60.669903,61.394176,42.57,38.71,37.61,grain_filling,49.51,3.5,3.91,Samba,MAINTAIN,MAINTAIN,False,69.3236403465271,maintain
Samba-2022,2022-11-30,-8.282625,-11.723571,-13.279082,32.846897,29.274513,29.387745,57.08582,58.134224,63.28154,38.71,37.61,35.14,grain_filling,34.86,4.7,3.55,Samba,MAINTAIN,MAINTAIN,False,76.560622215271,maintain
Samba-2022,2022-12-01,-8.172424,-10.159432,-13.239768,31.927788,31.885328,29.657536,57.04864,58.49181,68.11022,37.61,35.14,37.91,grain_filling,35.58,14.1,3.6599999999999997,Samba,MAINTAIN,MAINTAIN,False,81.34998989105225,maintain
Samba-2022,2022-12-02,-4.6310406,-8.229641,-10.758625,34.06945,32.877407,33.63599,56.948654,59.651566,68.69482,35.14,37.91,66.79,grain_filling,42.35,13.5,5.01,Samba,MAINTAIN,MAINTAIN,False,79.45344161987305,maintain
Samba-2022,2022-12-03,-5.9582324,-5.294762,-7.0772777,34.93124,36.672443,34.71593,56.98426,62.66418,55.30629,37.91,66.79,65.74,grain_filling,32.45,12.6,10.709999999999999,Samba,MAINTAIN,MAINTAIN,False,67.95894289016724,maintain
Samba-2022,2022-12-04,-7.8925996,-4.560001,-7.9510827,50.419502,44.46223,35.24676,67.72945,72.60237,63.125217,66.79,65.74,62.85,grain_filling,29.77,0.8,40.35,Samba,MAINTAIN,MAINTAIN,False,77.16237211227417,maintain
Samba-2022,2022-12-05,15.505275,16.430754,18.304134,65.47448,61.77053,68.672165,81.931244,83.40067,87.459206,65.74,62.85,60.18,grain_filling,70.83,32.4,41.66,Samba,MAINTAIN,MAINTAIN,False,69.15507125854492,maintain
Samba-2022,2022-12-06,10.414681,11.408135,14.298709,63.375015,63.31491,71.1783,77.23788,80.8015,90.1821,62.85,60.18,65.71,ripening,62.85,55.5,35.550000000000004,Samba,MAINTAIN,MAINTAIN,False,75.88338947296143,maintain
Samba-2022,2022-12-07,11.033258,11.279557,13.880387,63.629845,68.37892,77.06974,74.56907,81.33386,95.35905,60.18,65.71,80.38,ripening,68.16,55.6,3.23,Samba,MAINTAIN,MAINTAIN,False,81.47865962982178,maintain
Samba-2022,2022-12-08,9.886124,12.095607,15.495017,67.05311,76.17246,82.30955,74.82125,90.065674,96.30313,65.71,80.38,79.12,ripening,60.09,28.2,8.399999999999999,Samba,MAINTAIN,MAINTAIN,False,80.80811405181885,maintain
Samba-2022,2022-12-09,10.711087,13.269434,16.272516,73.30008,77.45542,81.85243,90.34953,93.67078,90.12925,80.38,79.12,79.91,ripening,64.32,20.5,25.549999999999997,Samba,MAINTAIN,MAINTAIN,False,80.40134239196777,maintain
Samba-2022,2022-12-10,28.487206,27.80068,26.805674,83.58724,83.15549,86.605995,96.783,96.885414,97.91082,79.12,79.91,97.31,ripening,87.2,24.1,27.29,Samba,DRAIN,DRAIN,False,71.10514640808105,bund_drain
Samba-2022,2022-12-11,18.011044,18.531843,19.295687,80.085014,82.61763,88.12582,83.90633,90.25479,98.32167,79.91,97.31,97.15,ripening,72.61,19.7,22.959999999999997,Samba,MAINTAIN,MAINTAIN,False,79.0259838104248,maintain
Samba-2022,2022-12-12,28.664768,28.27548,27.266602,95.239006,93.90799,91.42194,99.1333,98.75421,95.0361,97.31,97.15,96.95,ripening,87.08,3.9,26.06,Samba,DRAIN,DRAIN,False,70.47873115539551,bund_drain
Samba-2022,2022-12-13,28.87592,28.27548,27.266602,97.04984,93.73179,90.82472,98.858246,96.466965,93.1954,97.15,96.95,93.92,ripening,94.11,0.2,39.05,Samba,DRAIN,DRAIN,False,69.98232650756836,bund_drain
Samba-2022,2022-12-14,28.87592,28.222725,27.266602,95.297264,93.36215,90.327705,98.336845,96.13629,93.010254,96.95,93.92,90.65,ripening,97.96,0.4,38.459999999999994,Samba,DRAIN,DRAIN,False,69.4609260559082,bund_drain
Samba-2022,2022-12-15,28.87592,27.937382,26.82129,93.32026,90.01975,86.32214,96.587654,93.42639,91.907486,93.92,90.65,87.67,ripening,97.81,2.3,18.06,Samba,DRAIN,DRAIN,False,67.71173477172852,bund_drain
Samba-2022,2022-12-16,28.817904,27.670681,26.464127,85.97022,83.04582,81.62169,92.13591,90.59333,91.06071,90.65,87.67,84.8,ripening,91.78,3.0,3.17,Samba,DRAIN,DRAIN,False,64.5965805053711,bund_drain
Samba-2022,2022-12-17,28.817904,27.670681,26.464127,84.587135,83.83082,81.306816,91.06024,91.19631,91.81997,87.67,84.8,82.6,ripening,86.84,3.4,0.21000000000000002,Samba,DRAIN,DRAIN,False,65.35584259033203,bund_drain
Samba-2022,2022-12-18,28.817904,27.670681,26.464127,85.695724,82.95779,80.642784,90.51241,89.87665,92.418594,84.8,82.6,81.11,ripening,85.82,4.3,0.24000000000000002,Samba,DRAIN,DRAIN,False,65.9544677734375,bund_drain
Samba-2022,2022-12-19,23.1622,23.411266,22.276562,78.3189,76.1487,74.703316,86.07425,84.05907,86.86128,82.6,81.11,85.93,ripening,79.73,3.9,0.99,Samba,MAINTAIN,MAINTAIN,False,64.58472061157227,maintain
Samba-2022,2022-12-20,28.817904,26.905924,24.876263,83.78755,81.98005,78.92776,87.81852,89.41259,89.61557,81.11,85.93,85.48,ripening,92.41,3.8,2.1900000000000004,Samba,DRAIN,DRAIN,False,64.73930740356445,bund_drain
Samba-2022,2022-12-21,23.220217,24.200457,23.611393,84.90098,85.420296,82.85046,90.40251,91.53953,82.2091,85.93,85.48,82.47,ripening,78.7,1.6,9.81,Samba,MAINTAIN,MAINTAIN,False,67.33907127380371,maintain
Samba-2022,2022-12-22,28.87592,27.172626,25.39265,90.426544,89.25458,85.07909,95.22861,94.29402,90.99675,85.48,82.47,81.27,ripening,91.72,9.6,11.29,Samba,DRAIN,DRAIN,False,67.12139511108398,bund_drain
Samba-2022,2022-12-23,28.87592,27.172626,25.937325,88.05117,85.980034,87.87863,92.608406,91.93303,98.01427,82.47,81.27,91.2,ripening,90.62,29.1,10.120000000000001,Samba,DRAIN,DRAIN,False,72.07694244384766,bund_drain
Samba-2022,2022-12-24,28.14853,26.79363,25.067148,85.502594,84.0254,88.20119,89.69511,92.972855,97.939,81.27,91.2,92.87,ripening,84.28,31.2,4.29,Samba,MAINTAIN,MAINTAIN,False,72.87185478210449,maintain
Samba-2022,2022-12-25,24.74612,27.165327,27.003231,90.51131,96.48758,95.75473,97.561104,98.78042,98.447876,91.2,92.87,92.53,ripening,80.59,23.1,14.879999999999999,Samba,MAINTAIN,MAINTAIN,False,72.81498336791992,maintain
Samba-2022,2022-12-26,28.87592,28.27548,27.266602,94.8937,92.58541,89.192726,98.57098,98.328125,94.84366,92.87,92.53,89.48,ripening,92.17,3.2,19.3,Samba,DRAIN,DRAIN,False,70.05264472961426,bund_drain
Samba-2022,2022-12-27,28.87592,27.937382,26.885958,95.47599,91.72336,88.84263,98.37016,96.08952,92.729256,92.53,89.48,86.3,ripening,95.73,0.7,20.009999999999998,Samba,DRAIN,DRAIN,False,69.49424362182617,bund_drain
Samba-2022,2022-12-28,28.87592,27.672537,25.612282,88.21023,85.859,83.05424,92.424,93.12142,90.66131,89.48,86.3,83.04,ripening,93.03,0.6,7.23,Samba,DRAIN,DRAIN,False,65.44888496398926,bund_drain
Samba-2022,2022-12-29,25.164824,26.584002,24.296303,80.65954,79.10432,75.761894,87.5855,86.365555,82.214424,86.3,83.04,79.82,ripening,81.65,0.4,2.64,Samba,MAINTAIN,MAINTAIN,False,62.42067909240723,maintain
Samba-2022,2022-12-30,22.872002,23.571802,22.495396,78.398705,75.73435,73.02553,86.076164,83.87524,81.12259,83.04,79.82,76.5,ripening,77.21,0.2,0.1,Samba,MAINTAIN,MAINTAIN,False,63.20416259765625,maintain
Samba-2022,2022-12-31,28.817904,26.905924,24.970821,80.6127,77.50081,73.65543,87.150406,87.959755,87.025116,79.82,76.5,73.23,ripening,90.58,0.6,0.03,Samba,DRAIN,DRAIN,False,62.05429458618164,bund_drain
Samba-2022,2023-01-01,11.421972,10.376679,11.542786,68.13971,63.484673,61.472862,78.519035,78.759186,77.56781,76.5,73.23,70.11,ripening,66.65,1.0,0.01,Samba,MAINTAIN,MAINTAIN,False,68.38250637054443,maintain
Samba-2022,2023-01-02,22.48329,23.083336,21.622515,70.04714,67.84112,65.98377,83.22395,79.61276,76.40998,73.23,70.11,66.91,ripening,77.48,2.5,0.01,Samba,MAINTAIN,MAINTAIN,False,60.74066352844238,maintain
Samba-2022,2023-01-03,17.953028,17.162292,15.982841,71.03991,68.26927,64.07301,79.181725,77.101944,79.86432,70.11,66.91,63.72,ripening,72.06,2.4,0.06,Samba,MAINTAIN,MAINTAIN,False,63.88147830963135,maintain
Samba-2022,2023-01-04,15.940068,15.600579,15.576921,64.9064,65.5594,60.99686,79.70661,77.25887,81.953224,66.91,63.72,61.1,ripening,70.91,2.0,0.06999999999999999,Samba,MAINTAIN,MAINTAIN,False,66.37630271911621,maintain
Samba-2022,2023-01-05,9.941034,9.294998,10.524769,63.475056,59.49014,58.635418,74.83065,75.17888,75.9774,63.72,61.1,58.14,ripening,61.21,2.3,0.2,Samba,MAINTAIN,MAINTAIN,False,65.88388061523438,maintain
Samba-2022,2023-01-06,10.391466,10.239976,10.983294,59.000008,57.69661,55.071068,73.79784,73.011696,75.89428,61.1,58.14,55.53,ripening,65.47,1.9,0.56,Samba,MAINTAIN,MAINTAIN,False,64.91098594665527,maintain
Samba-2022,2023-01-07,10.179101,10.239976,10.550425,59.315666,57.823612,52.94221,72.75716,71.84016,79.39785,58.14,55.53,52.28,ripening,62.13,1.9,0.66,Samba,MAINTAIN,MAINTAIN,False,68.84742546081543,maintain
Samba-2022,2023-01-08,17.564314,17.025589,15.488822,64.56878,61.836975,57.5328,76.82891,73.21008,75.2719,55.53,52.28,48.99,ripening,71.95,0.0,1.01,Samba,MAINTAIN,MAINTAIN,False,59.783074378967285,maintain
Samba-2023,2023-08-22,-30.95809,-32.281864,-33.043053,-10.710901,-10.507888,-13.776899,51.929554,48.719128,50.39985,-10.48,-13.86,-19.45,establishment,-4.11,1.7,4.49,Samba,IRRIGATE,IRRIGATE,False,83.44290161132812,threshold_irrigate
Samba-2023,2023-08-23,-32.818687,-33.23101,-35.954052,-10.234442,-13.641052,-13.704338,49.495804,49.496014,48.482273,-13.86,-19.45,58.01,establishment,-9.01,0.3,6.39,Samba,IRRIGATE,IRRIGATE,False,84.43632507324219,threshold_irrigate
Samba-2023,2023-08-24,-32.851032,-33.48498,-36.037067,-14.3236065,-19.389282,-17.114408,49.56373,49.01847,47.42125,-19.45,58.01,51.43,establishment,-7.59,0.2,5.7,Samba,IRRIGATE,IRRIGATE,False,83.45831680297852,threshold_irrigate
Samba-2023,2023-08-25,-37.986664,-41.083733,-42.999752,-17.163517,-21.411345,-30.068237,45.069054,48.344975,48.33445,58.01,51.43,46.47,establishment,-15.86,2.9,2.36,Samba,INSPECT,MAINTAIN,True,91.33420181274414,uncertainty_gate
Samba-2023,2023-08-26,6.97119,3.3365328,-0.11146629,41.442192,35.98153,34.68846,69.5314,66.45369,61.68772,51.43,46.47,41.07,establishment,54.54,30.0,0.44,Samba,MAINTAIN,MAINTAIN,False,63.117156744003296,maintain
Samba-2023,2023-08-27,10.952479,9.335007,7.618657,54.579594,52.13364,56.169147,72.73691,69.02592,67.61613,46.47,41.07,46.6,establishment,66.01,36.1,1.71,Samba,MAINTAIN,MAINTAIN,False,61.78442859649658,maintain
Samba-2023,2023-08-28,-0.7887537,-3.6995173,-2.7367768,42.77884,44.902275,46.647167,60.848637,57.74187,66.143684,41.07,46.6,48.03,establishment,49.25,55.3,2.4299999999999997,Samba,MAINTAIN,MAINTAIN,False,68.8804612159729,maintain
Samba-2023,2023-08-29,-3.946957,-1.5819757,-1.1775509,45.108765,44.240932,46.318066,59.62816,68.10483,74.79185,46.6,48.03,58.31,establishment,38.32,30.1,12.940000000000001,Samba,MAINTAIN,MAINTAIN,False,75.96939814090729,maintain
Samba-2023,2023-08-30,0.6842449,0.1975169,-0.9160613,45.654655,51.83234,45.538437,60.197216,67.76967,79.07959,48.03,58.31,54.91,establishment,47.63,43.6,17.34,Samba,MAINTAIN,MAINTAIN,False,79.9956511259079,maintain
Samba-2023,2023-08-31,5.513923,6.8297167,5.7960997,58.53061,62.767456,64.8816,76.111595,80.17021,84.895256,58.31,54.91,50.83,establishment,51.18,22.0,31.77,Samba,MAINTAIN,MAINTAIN,False,79.0991563796997,maintain
Samba-2023,2023-09-01,10.398686,9.747416,10.706922,53.584534,53.547222,52.578114,72.447556,75.35024,72.216644,54.91,50.83,48.41,tillering,61.27,20.4,23.990000000000002,Samba,MAINTAIN,MAINTAIN,False,65.60282707214355,maintain
Samba-2023,2023-09-02,7.721702,4.176445,1.2678065,49.501957,41.51258,35.812,71.554665,70.46147,69.04428,50.83,48.41,42.0,tillering,57.39,1.1,20.44,Samba,MAINTAIN,MAINTAIN,False,67.7764744758606,maintain
Samba-2023,2023-09-03,7.721702,4.5632076,1.7048455,49.829296,44.29051,38.42829,70.42173,69.693726,65.160545,48.41,42.0,37.8,tillering,55.66,1.6,9.299999999999999,Samba,MAINTAIN,MAINTAIN,False,65.13051795959473,maintain
Samba-2023,2023-09-04,4.927407,2.3976762,-2.5188303,43.45774,37.93172,31.445988,65.512825,63.298935,61.4198,42.0,37.8,34.82,tillering,52.75,6.9,6.76,Samba,MAINTAIN,MAINTAIN,False,63.93863010406494,maintain
Samba-2023,2023-09-05,-6.842749,-10.986764,-10.058881,34.721107,29.678822,30.024324,57.08525,54.439888,55.314857,37.8,34.82,34.52,tillering,37.76,6.5,6.0299999999999985,Samba,MAINTAIN,MAINTAIN,False,65.42665195465088,maintain
Samba-2023,2023-09-06,-0.81725234,-3.3869588,-6.53185,38.028797,36.430943,30.08462,59.083595,55.486034,55.04832,34.82,34.52,28.34,tillering,48.34,6.6,5.719999999999998,Samba,MAINTAIN,MAINTAIN,False,61.58017063140869,maintain
Samba-2023,2023-09-07,0.94803673,1.5183105,-3.6813333,44.39278,40.74914,31.920275,59.170185,59.88673,58.815117,34.52,28.34,22.9,tillering,44.66,1.7,11.979999999999997,Samba,MAINTAIN,MAINTAIN,False,62.49645018577576,maintain
Samba-2023,2023-09-08,-6.7195764,-10.471859,-13.654678,31.15796,26.954798,22.716475,57.31947,54.337486,54.545273,28.34,22.9,16.34,tillering,38.52,11.0,11.579999999999998,Samba,MAINTAIN,MAINTAIN,False,68.199951171875,maintain
Samba-2023,2023-09-09,-9.194006,-11.943351,-11.817872,23.991829,20.806828,19.049757,55.6157,49.40862,48.483597,22.9,16.34,11.09,tillering,28.53,13.5,9.849999999999998,Samba,MAINTAIN,MAINTAIN,False,64.80970573425293,maintain
Samba-2023,2023-09-10,-12.359533,-15.542529,-16.47111,18.61295,17.244019,14.181142,52.54673,47.216774,46.746326,16.34,11.09,7.55,tillering,23.18,13.9,3.639999999999998,Samba,MAINTAIN,MAINTAIN,False,64.90626335144043,maintain
Samba-2023,2023-09-11,-18.527905,-19.616245,-22.892876,12.0706,11.516245,7.0158353,50.656948,46.93991,46.56427,11.09,7.55,4.6,tillering,14.72,5.3,4.109999999999998,Samba,MAINTAIN,MAINTAIN,False,69.45714569091797,maintain
Samba-2023,2023-09-12,-23.053993,-24.906137,-27.48691,7.781697,7.1740637,2.2899947,51.25149,46.74155,44.009865,7.55,4.6,-0.82,tillering,10.12,15.8,5.049999999999999,Samba,MAINTAIN,MAINTAIN,False,74.30548477172852,maintain
Samba-2023,2023-09-13,-28.957975,-31.608566,-31.563694,-2.9802632,-4.3588057,-2.0822883,46.014664,35.579292,42.074905,4.6,-0.82,-7.03,tillering,-3.38,15.7,8.329999999999998,Samba,MAINTAIN,MAINTAIN,False,74.9726390838623,maintain
Samba-2023,2023-09-14,-23.562317,-22.469915,-18.508177,3.44637,6.80074,9.408391,47.942913,45.821114,45.419342,-0.82,-7.03,-9.43,tillering,12.25,27.2,8.669999999999998,Samba,MAINTAIN,MAINTAIN,False,71.50522994995117,maintain
Samba-2023,2023-09-15,-25.440414,-28.20914,-28.517118,0.25185975,-6.497256,0.10038522,44.347565,36.374676,40.787292,-7.03,-9.43,-4.08,tillering,5.07,35.0,6.259999999999998,Samba,MAINTAIN,MAINTAIN,False,69.78797912597656,maintain
Samba-2023,2023-09-16,-36.516525,-38.858612,-38.062454,-10.649214,-11.639747,-12.221641,36.80887,31.744131,23.234205,-9.43,-4.08,-3.4,tillering,-15.41,50.2,6.399999999999999,Samba,MAINTAIN,MAINTAIN,False,73.32539367675781,maintain
Samba-2023,2023-09-17,-29.271854,-28.43217,-29.197332,0.5314554,9.23187,6.1013484,39.657455,29.39324,48.911026,-4.08,-3.4,-2.07,tillering,-4.98,38.3,15.27,Samba,MAINTAIN,MAINTAIN,False,78.10835838317871,maintain
Samba-2023,2023-09-18,-30.519712,-30.61412,-29.685398,-1.3765562,2.5078,1.7488043,39.690887,35.381966,44.421055,-3.4,-2.07,-5.67,tillering,-4.12,17.7,21.82,Samba,MAINTAIN,MAINTAIN,False,74.10645294189453,maintain
Samba-2023,2023-09-19,-30.519712,-30.8125,-32.636166,1.5182635,-4.6961064,-6.4315553,40.740437,35.199123,41.676945,-2.07,-5.67,-8.34,tillering,-4.4,7.3,24.49,Samba,MAINTAIN,MAINTAIN,False,74.3131103515625,maintain
Samba-2023,2023-09-20,-30.467701,-29.838274,-30.629967,-6.638717,-7.5339484,-1.8695358,40.160095,35.85686,40.234272,-5.67,-8.34,-12.09,tillering,0.39,32.2,14.290000000000001,Samba,MAINTAIN,MAINTAIN,False,70.86423873901367,maintain
Samba-2023,2023-09-21,-34.52066,-38.792225,-40.256752,-10.464634,-11.964739,-11.59887,36.23374,30.23408,21.268927,-8.34,-12.09,-17.29,tillering,-14.38,37.3,9.8,Samba,MAINTAIN,MAINTAIN,False,70.75440216064453,maintain
Samba-2023,2023-09-22,-33.02066,-33.679844,-35.20076,-12.06108,-8.006888,-1.0120187,39.257492,27.848104,38.8395,-12.09,-17.29,-20.61,tillering,-8.4,31.8,5.3,Samba,MAINTAIN,MAINTAIN,False,74.0402603149414,maintain
Samba-2023,2023-09-23,-35.457233,-37.361065,-40.50908,-16.040457,-18.92216,-20.627796,35.36602,24.677511,19.130024,-17.29,-20.61,-19.65,tillering,-11.69,7.0,5.08,Samba,MAINTAIN,MAINTAIN,False,70.8232536315918,maintain
Samba-2023,2023-09-24,-39.074787,-40.25446,-43.7543,-17.7192,-21.683054,-27.395113,35.03846,24.540146,17.839306,-20.61,-19.65,-20.33,tillering,-16.89,1.7,4.05,Samba,MAINTAIN,MAINTAIN,False,74.11324691772461,maintain
Samba-2023,2023-09-25,-41.988026,-41.688625,-44.09809,-20.181633,-24.491873,-28.093254,23.13694,18.983265,15.916685,-19.65,-20.33,-23.85,stem_elongation,-27.45,9.7,8.34,Samba,MAINTAIN,MAINTAIN,False,65.12496566772461,maintain
Samba-2023,2023-09-26,-40.419357,-39.139713,-40.38935,-18.24137,-22.279156,-22.554756,29.923508,23.291105,17.544317,-20.33,-23.85,-26.15,stem_elongation,-17.42,14.0,11.75,Samba,MAINTAIN,MAINTAIN,False,70.34286499023438,maintain
Samba-2023,2023-09-27,-38.591976,-40.51094,-41.24675,-18.619434,-17.839485,-19.44516,35.380867,24.414968,19.47749,-23.85,-26.15,-28.9,stem_elongation,-15.03,15.8,12.24,Samba,MAINTAIN,MAINTAIN,False,73.97284317016602,maintain
Samba-2023,2023-09-28,-40.158188,-40.43721,-42.719067,-21.253756,-26.950651,-26.443974,24.307718,20.084564,14.07953,-26.15,-28.9,-31.98,stem_elongation,-21.81,10.1,10.22,Samba,MAINTAIN,MAINTAIN,False,64.46590614318848,maintain
Samba-2023,2023-09-29,-45.73157,-45.645462,-49.22749,-29.881355,-30.829844,-32.667442,17.273026,17.877192,13.985997,-28.9,-31.98,-37.42,stem_elongation,-27.3,6.5,9.09,Samba,MAINTAIN,MAINTAIN,False,63.522653579711914,maintain
Samba-2023,2023-09-30,-41.057713,-41.86702,-43.852345,-21.030376,-25.379595,-29.51593,30.0262,23.308891,19.8525,-31.98,-37.42,-43.06,stem_elongation,-15.45,3.9,10.08,Samba,MAINTAIN,MAINTAIN,False,71.08391189575195,maintain
Samba-2023,2023-10-01,-51.069393,-54.960953,-56.014378,-35.864754,-40.542816,-40.69295,16.736303,10.11045,13.189815,-37.42,-43.06,-48.89,stem_elongation,-36.6,1.5,6.46,Samba,MAINTAIN,MAINTAIN,False,69.20419216156006,maintain
Samba-2023,2023-10-02,-52.4074,-54.422234,-59.732784,-44.16356,-43.127163,-42.30397,10.993454,12.775455,11.184761,-43.06,-48.89,-54.39,stem_elongation,-33.55,0.4,3.92,Samba,MAINTAIN,MAINTAIN,False,70.91754531860352,maintain
Samba-2023,2023-10-03,-55.03957,-58.97225,-63.290955,-42.471287,-44.632233,-46.695625,8.718092,10.804213,11.036333,-48.89,-54.39,-59.27,stem_elongation,-41.84,0.3,0.93,Samba,MAINTAIN,MAINTAIN,False,74.3272876739502,maintain
Samba-2023,2023-10-04,-54.55964,-57.06097,-61.998497,-45.50703,-46.40345,-46.66281,10.824493,10.8421,11.036333,-54.39,-59.27,-64.22,stem_elongation,-38.83,1.9,0.67,Samba,MAINTAIN,MAINTAIN,False,73.03483009338379,maintain
Samba-2023,2023-10-05,-61.994926,-65.39877,-70.57261,-46.62842,-50.919487,-50.64696,5.6210012,5.221634,7.636494,-59.27,-64.22,-68.7,stem_elongation,-52.46,3.6,0.71,Samba,MAINTAIN,MAINTAIN,False,78.20910310745239,maintain
Samba-2023,2023-10-06,-67.754295,-72.42315,-76.40543,-59.743454,-51.86113,-48.774376,0.5389547,5.006672,5.7431655,-64.22,-68.7,-72.36,stem_elongation,-56.26,13.3,0.98,Samba,MAINTAIN,MAINTAIN,False,82.14859914779663,maintain
Samba-2023,2023-10-07,-68.65615,-71.67196,-74.70106,-61.469456,-52.861935,-42.491245,-2.251847,4.1223106,6.5956235,-68.7,-72.36,-75.16,stem_elongation,-61.69,23.4,1.18,Samba,MAINTAIN,MAINTAIN,False,81.29668092727661,maintain
Samba-2023,2023-10-08,-75.72385,-79.54277,-81.234856,-66.83971,-57.34549,-48.2805,-8.245759,2.2187812,5.3879423,-72.36,-75.16,-76.73,stem_elongation,-73.99,43.2,1.5499999999999998,Samba,MAINTAIN,MAINTAIN,False,86.62279796600342,maintain
Samba-2023,2023-10-09,-82.01831,-84.94224,-87.53218,-74.48672,-59.250793,-48.509315,-13.210136,2.9985838,6.8504386,-75.16,-76.73,-75.75,stem_elongation,-76.7,52.4,2.69,Samba,INSPECT,MAINTAIN,True,94.38261938095093,uncertainty_gate
Samba-2023,2023-10-10,-85.72069,-87.390335,-86.04807,-75.00591,-57.57918,-31.247509,-13.210136,3.298878,50.608616,-76.73,-75.75,-76.67,stem_elongation,-76.54,42.2,5.07,Samba,INSPECT,MAINTAIN,True,136.65668869018555,uncertainty_gate
Samba-2023,2023-10-11,-83.041565,-84.56258,-83.377975,-69.98789,-60.753555,-32.63262,-10.042226,43.424133,50.83451,-75.75,-76.67,55.73,stem_elongation,-71.94,38.4,9.57,Samba,INSPECT,MAINTAIN,True,134.21248626708984,uncertainty_gate
Samba-2023,2023-10-12,-81.81184,-84.185104,-82.22435,-72.05822,-49.623913,-30.358692,-10.322125,41.987556,51.087093,-76.67,55.73,54.13,stem_elongation,-74.58,48.6,11.600000000000001,Samba,INSPECT,MAINTAIN,True,133.31144332885742,uncertainty_gate
Samba-2023,2023-10-13,-80.998665,-81.95532,-36.105118,-12.9697485,22.477003,26.537325,50.651997,55.555767,61.438847,55.73,54.13,56.91,panicle_initiation,-77.7,60.2,10.060000000000002,Samba,IRRIGATE,MAINTAIN,False,137.51108932495117,agronomic_irrigate
Samba-2023,2023-10-14,9.755598,10.623132,12.120268,56.66956,64.06882,66.306404,72.43587,77.11225,73.15225,54.13,56.91,72.08,panicle_initiation,62.59,42.8,9.09,Samba,MAINTAIN,MAINTAIN,False,66.48911952972412,maintain
Samba-2023,2023-10-15,0.76351655,2.338721,-2.023761,51.442684,54.375294,42.249928,60.043194,65.1738,64.31284,56.91,72.08,72.46,panicle_initiation,44.22,13.8,14.260000000000002,Samba,DELAY,MAINTAIN,False,66.33660435676575,agronomic_delay
Samba-2023,2023-10-16,3.7368765,3.3076448,-2.9541605,58.968937,56.58021,46.937622,69.65619,69.40307,69.39753,72.08,72.46,67.74,panicle_initiation,50.43,1.6,33.78,Samba,DELAY,MAINTAIN,False,72.35169005393982,agronomic_delay
Samba-2023,2023-10-17,9.239483,11.728701,8.603703,56.869423,57.692,47.88112,72.57663,75.836365,71.4202,72.46,67.74,61.23,panicle_initiation,59.6,1.3,35.38,Samba,MAINTAIN,MAINTAIN,False,64.10766410827637,maintain
Samba-2023,2023-10-18,23.346643,22.709005,20.295933,70.61369,67.11347,60.780277,90.195274,81.652374,81.75023,67.74,61.23,54.54,panicle_initiation,78.5,3.9,28.01,Samba,MAINTAIN,MAINTAIN,False,66.84863090515137,maintain
Samba-2023,2023-10-19,12.294482,11.150725,10.849839,60.91131,56.74357,49.90714,76.14091,74.063286,74.58342,61.23,54.54,47.96,panicle_initiation,67.26,15.7,7.360000000000004,Samba,MAINTAIN,MAINTAIN,False,63.84642505645752,maintain
Samba-2023,2023-10-20,11.202006,10.217527,8.292076,57.380104,55.08625,55.475338,74.87807,70.18281,71.22522,54.54,47.96,43.21,panicle_initiation,66.06,16.2,1.7100000000000035,Samba,MAINTAIN,MAINTAIN,False,63.67606067657471,maintain
Samba-2023,2023-10-21,5.8765526,3.4771075,-0.5497554,47.800045,46.570957,42.65548,67.04297,66.15836,66.95927,47.96,43.21,37.26,panicle_initiation,53.99,21.6,0.7200000000000035,Samba,DELAY,MAINTAIN,False,67.50902205705643,agronomic_delay
Samba-2023,2023-10-22,5.1830444,2.9485931,0.08337833,45.277782,40.232956,37.15173,66.41432,64.45575,62.24235,43.21,37.26,31.22,panicle_initiation,53.08,9.3,1.9800000000000035,Samba,MAINTAIN,MAINTAIN,False,62.15897320210934,maintain
Samba-2023,2023-10-23,-3.353022,-5.264225,-7.91088,37.268078,34.83486,30.553015,59.151184,56.569416,56.392887,37.26,31.22,25.81,panicle_initiation,42.58,9.9,2.2400000000000038,Samba,DELAY,MAINTAIN,False,64.30376720428467,agronomic_delay
Samba-2023,2023-10-24,-6.842749,-10.986764,-13.654678,32.654526,26.573399,22.007494,58.087147,55.423016,55.792946,31.22,25.81,19.24,panicle_initiation,39.31,3.0,2.3900000000000032,Samba,DELAY,MAINTAIN,False,69.44762420654297,agronomic_delay
Samba-2023,2023-10-25,-7.776246,-11.334226,-13.4423485,28.904959,24.148466,19.989347,57.67327,54.73765,55.64481,25.81,19.24,15.52,panicle_initiation,32.54,14.9,1.9400000000000035,Samba,DELAY,MAINTAIN,False,69.087158203125,agronomic_delay
Samba-2023,2023-10-26,-10.802329,-13.299961,-10.815554,23.562227,18.59044,23.674217,55.19655,53.17608,59.847534,19.24,15.52,11.51,panicle_initiation,27.5,41.1,1.5400000000000036,Samba,DELAY,DELAY,False,70.66308784484863,agronomic_delay
Samba-2023,2023-10-27,-10.305248,-9.6771555,-6.1801653,24.584421,27.050167,37.57527,55.54582,53.40299,64.50655,15.52,11.51,18.06,flowering,27.66,52.0,3.7300000000000035,Samba,DELAY,DELAY,False,70.68671894073486,agronomic_delay
Samba-2023,2023-10-28,-24.497776,-23.952473,-18.003252,8.430312,20.41239,31.47539,50.395065,52.48977,60.300747,11.51,18.06,21.71,flowering,7.4,41.7,5.190000000000004,Samba,DELAY,DELAY,False,78.30399894714355,agronomic_delay
Samba-2023,2023-10-29,-20.85215,-19.273642,-16.86185,15.745838,22.912321,38.186253,55.542065,66.53644,65.78901,18.06,21.71,17.43,flowering,11.17,22.5,16.560000000000002,Samba,DELAY,MAINTAIN,False,85.81007957458496,agronomic_delay
Samba-2023,2023-10-30,-15.275151,-12.370522,-8.770463,21.874197,19.676657,33.076195,55.043262,62.133095,66.76355,21.71,17.43,30.58,flowering,19.05,24.0,22.740000000000002,Samba,DELAY,MAINTAIN,False,75.53401279449463,agronomic_delay
Samba-2023,2023-10-31,-12.529357,-14.239125,-12.421368,21.15413,23.135427,27.761894,54.10443,53.566025,57.889423,17.43,30.58,31.69,flowering,21.95,36.4,21.780000000000005,Samba,DELAY,MAINTAIN,False,70.310791015625,agronomic_delay
Samba-2023,2023-11-01,-15.211319,-13.4685955,-9.8479595,29.242456,31.353651,37.23787,55.029366,67.47539,68.79707,30.58,31.69,45.0,flowering,15.44,49.8,27.510000000000005,Samba,DELAY,MAINTAIN,False,80.94398307800293,agronomic_delay
Samba-2023,2023-11-02,-6.38896,-5.8127136,-3.0575016,31.216965,32.005383,39.50394,56.447033,60.801804,65.09918,31.69,45.0,65.22,flowering,27.91,40.0,24.840000000000003,Samba,DELAY,MAINTAIN,False,68.15668368339539,agronomic_delay
Samba-2023,2023-11-03,-3.99783,-1.1689675,-3.1598883,54.40262,55.941467,50.730873,64.7617,73.194,81.90705,45.0,65.22,66.19,flowering,39.34,38.6,41.43000000000001,Samba,DELAY,MAINTAIN,False,85.06693935394287,agronomic_delay
Samba-2023,2023-11-04,0.95809793,3.127046,3.5537782,61.15623,61.890522,63.981644,68.25183,73.84053,88.473946,65.22,66.19,66.62,flowering,44.65,49.2,48.83,Samba,MAINTAIN,MAINTAIN,False,84.92016744613647,maintain
Samba-2023,2023-11-05,23.060797,24.643248,25.156479,76.91018,83.487236,87.60424,92.08713,96.84803,98.14159,66.19,66.62,73.55,flowering,77.41,48.2,48.63,Samba,MAINTAIN,MAINTAIN,False,72.985107421875,maintain
Samba-2023,2023-11-06,12.351668,13.577419,16.12304,72.88354,76.475624,75.674965,77.73016,91.137955,96.23069,66.62,73.55,82.35,flowering,68.83,48.3,36.290000000000006,Samba,MAINTAIN,MAINTAIN,False,80.10765075683594,maintain
Samba-2023,2023-11-07,11.374977,13.720227,16.082554,76.36794,74.35588,84.98443,81.31531,87.03432,97.1516,73.55,82.35,90.72,flowering,65.17,46.3,23.150000000000006,Samba,MAINTAIN,MAINTAIN,False,81.06904983520508,maintain
Samba-2023,2023-11-08,21.828205,22.820591,25.304993,83.08353,89.3707,97.155685,94.12494,97.97619,98.28316,82.35,90.72,95.08,flowering,76.31,44.3,30.71,Samba,MAINTAIN,MAINTAIN,False,75.15559768676758,maintain
Samba-2023,2023-11-09,28.57242,28.463747,27.76453,93.22822,96.90728,96.59918,97.204636,98.00227,97.291405,90.72,95.08,93.43,flowering,82.89,31.5,38.11,Samba,MAINTAIN,MAINTAIN,False,69.53852653503418,maintain
Samba-2023,2023-11-10,29.173449,28.59084,27.904583,95.62576,92.416214,90.57447,97.90079,96.334755,96.524025,95.08,93.43,89.12,flowering,97.43,26.5,35.43,Samba,MAINTAIN,MAINTAIN,False,68.72733879089355,agronomic_hold
Samba-2023,2023-11-11,29.173449,27.839405,26.948875,91.70126,90.76726,93.12231,97.57312,95.71385,96.72695,93.43,89.12,95.66,flowering,89.24,112.4,24.6,Samba,MAINTAIN,MAINTAIN,False,69.778076171875,agronomic_hold
Samba-2023,2023-11-12,28.644758,27.712313,26.824718,86.65146,89.78109,93.680824,94.649925,92.468025,98.54799,89.12,95.66,96.76,grain_filling,84.42,153.0,11.570000000000004,Samba,MAINTAIN,MAINTAIN,False,71.72327041625977,maintain
Samba-2023,2023-11-13,29.173449,28.59084,27.904583,92.97252,94.94989,97.61169,97.05636,98.35566,98.776054,95.66,96.76,96.08,grain_filling,90.92,167.3,13.640000000000004,Samba,DRAIN,DRAIN,False,70.8714714050293,bund_drain
Samba-2023,2023-11-14,29.173449,28.59084,27.904583,97.30657,97.62558,97.83395,98.816666,98.778786,99.00969,96.76,96.08,94.84,grain_filling,99.84,87.6,63.91,Samba,DRAIN,DRAIN,False,71.10510635375977,bund_drain
Samba-2023,2023-11-15,29.173449,28.59084,27.904583,96.42159,97.39505,97.6685,97.82518,98.38902,98.35052,96.08,94.84,93.17,grain_filling,98.19,48.8,70.81,Samba,DRAIN,DRAIN,False,70.4459342956543,bund_drain
Samba-2023,2023-11-16,29.173449,28.470398,26.666355,94.893196,93.12469,91.60431,96.95486,97.80379,95.98589,94.84,93.17,96.19,grain_filling,99.44,10.8,63.14,Samba,DRAIN,DRAIN,False,69.33338928222656,bund_drain
Samba-2023,2023-11-17,29.173449,27.839405,26.948875,93.273224,91.470634,93.393715,96.74916,96.87864,97.567535,93.17,96.19,94.64,grain_filling,97.47,31.4,12.570000000000007,Samba,DRAIN,DRAIN,False,70.61865997314453,bund_drain
Samba-2023,2023-11-18,29.173449,28.59084,27.904583,95.10974,94.21085,96.20925,97.92651,96.19425,97.59664,96.19,94.64,94.88,grain_filling,85.77,46.6,13.360000000000007,Samba,DRAIN,DRAIN,False,69.69205856323242,bund_drain
Samba-2023,2023-11-19,29.173449,27.839405,26.948875,92.47959,93.79665,96.682,97.1529,98.23371,98.86076,94.64,94.88,94.92,grain_filling,97.6,121.2,12.360000000000007,Samba,DRAIN,DRAIN,False,71.9118881225586,bund_drain
Samba-2023,2023-11-20,29.173449,28.59084,27.904583,94.76744,95.878944,98.2699,97.59256,98.34081,98.776054,94.88,94.92,96.31,grain_filling,101.22,115.9,14.110000000000007,Samba,DRAIN,DRAIN,False,70.8714714050293,bund_drain
Samba-2023,2023-11-21,29.116262,28.59084,27.904583,92.47287,95.89661,98.20658,96.66363,98.387436,98.806046,94.92,96.31,94.78,grain_filling,95.74,106.6,10.100000000000009,Samba,DRAIN,DRAIN,False,70.90146255493164,bund_drain
Samba-2023,2023-11-22,29.116262,28.59084,27.904583,95.079254,97.561905,97.92277,98.34829,98.38804,98.78733,96.31,94.78,95.08,grain_filling,88.37,44.0,20.500000000000007,Samba,DRAIN,DRAIN,False,70.88274765014648,bund_drain
Samba-2023,2023-11-23,29.116262,27.839405,26.948875,92.67856,92.54524,97.25711,96.87196,98.0777,98.68781,94.78,95.08,96.36,grain_filling,94.64,32.2,19.01000000000001,Samba,DRAIN,DRAIN,False,71.73893737792969,bund_drain
Samba-2023,2023-11-24,29.116262,28.59084,27.904583,94.34091,95.73243,97.58322,97.00754,98.27525,98.673645,95.08,96.36,96.59,grain_filling,97.56,25.6,19.78000000000001,Samba,DRAIN,DRAIN,False,70.76906204223633,bund_drain
Samba-2023,2023-11-25,29.116262,28.59084,27.904583,96.224884,96.07326,96.08414,98.34829,98.38505,97.89069,96.36,96.59,95.7,grain_filling,104.06,18.0,19.480000000000008,Samba,DRAIN,DRAIN,False,69.98611068725586,bund_drain
Samba-2023,2023-11-26,29.173449,28.59084,27.007608,97.18734,95.808044,94.36663,98.50633,96.671776,95.84154,96.59,95.7,96.01,grain_filling,86.58,11.9,25.680000000000007,Samba,DRAIN,DRAIN,False,69.33288383483887,bund_drain
Samba-2023,2023-11-27,29.173449,28.470398,27.56333,93.574585,93.15536,93.883575,97.27865,97.991234,98.23372,95.7,96.01,96.3,grain_filling,98.4,29.8,24.300000000000008,Samba,DRAIN,DRAIN,False,70.67038917541504,bund_drain
Samba-2023,2023-11-28,29.173449,28.59084,27.904583,95.92327,96.07871,98.74716,97.6644,98.20799,98.89419,96.01,96.3,96.86,grain_filling,91.04,33.5,19.03000000000001,Samba,DRAIN,DRAIN,False,70.98960494995117,bund_drain
Samba-2023,2023-11-29,29.173449,28.59084,27.904583,95.94449,97.11812,98.335144,98.34829,98.44832,98.977646,96.3,96.86,97.35,grain_filling,98.55,30.4,19.980000000000008,Samba,DRAIN,DRAIN,False,71.07306289672852,bund_drain
Samba-2023,2023-11-30,29.173449,28.59084,27.733694,96.42961,96.89942,94.43466,98.97034,98.75838,97.85107,96.86,97.35,97.04,grain_filling,99.24,15.3,35.02000000000001,Samba,DRAIN,DRAIN,False,70.16753768920898,bund_drain
Samba-2023,2023-12-01,29.173449,28.59084,27.007608,96.35789,94.87597,91.80742,98.98155,96.96609,95.05688,97.35,97.04,97.36,ripening,95.69,7.2,35.790000000000006,Samba,DRAIN,DRAIN,False,69.80810356140137,bund_drain
Samba-2023,2023-12-02,29.173449,28.59084,27.007608,96.277176,95.601,92.231,98.51623,98.570625,95.457695,97.04,97.36,95.28,ripening,100.51,5.9,32.03000000000001,Samba,DRAIN,DRAIN,False,69.97978591918945,bund_drain
Samba-2023,2023-12-03,29.173449,28.59084,27.007608,95.035995,93.99038,91.17284,98.762695,96.627884,94.285065,97.36,95.28,93.25,ripening,102.74,5.6,17.320000000000007,Samba,DRAIN,DRAIN,False,69.58924674987793,bund_drain
Samba-2023,2023-12-04,29.173449,27.839405,26.0519,91.96544,88.62926,87.05448,95.48006,93.732796,91.95325,95.28,93.25,91.95,ripening,96.54,5.7,10.750000000000007,Samba,DRAIN,DRAIN,False,66.30660820007324,bund_drain
Samba-2023,2023-12-05,29.173449,27.37746,26.644676,88.02272,87.0721,85.98734,93.07383,93.311005,96.15569,93.25,91.95,89.58,ripening,88.59,13.3,5.810000000000007,Samba,DRAIN,DRAIN,False,69.51101684570312,bund_drain
Samba-2023,2023-12-06,29.116262,27.37746,26.777987,87.76588,87.33612,89.22757,92.68534,92.88914,96.44316,91.95,89.58,88.47,ripening,100.38,15.3,3.9100000000000072,Samba,DRAIN,DRAIN,False,69.66517448425293,bund_drain
Samba-2023,2023-12-07,29.116262,27.106281,25.617615,87.69468,85.13114,88.69079,91.04938,91.7045,97.04131,89.58,88.47,87.79,ripening,96.09,15.8,3.5700000000000074,Samba,DRAIN,DRAIN,False,71.42369842529297,bund_drain
Samba-2023,2023-12-08,29.116262,27.037935,24.89153,87.615036,87.30402,88.2861,91.62176,93.93001,93.90424,88.47,87.79,85.8,ripening,92.4,9.2,4.320000000000007,Samba,DRAIN,DRAIN,False,69.01271438598633,bund_drain
Samba-2023,2023-12-09,29.116262,27.037935,24.89153,87.39289,87.593475,85.75834,90.966576,92.36299,92.44063,87.79,85.8,82.97,ripening,85.02,3.9,4.880000000000007,Samba,DRAIN,DRAIN,False,67.54909896850586,bund_drain
Samba-2023,2023-12-10,29.116262,27.037935,24.70286,84.84986,81.773224,81.49111,89.19094,89.88684,90.280396,85.8,82.97,80.12,ripening,92.72,1.8,5.070000000000007,Samba,DRAIN,DRAIN,False,65.57753562927246,bund_drain
Samba-2023,2023-12-11,29.116262,27.037935,24.70286,86.16178,82.580246,83.23211,90.31802,89.814896,90.15111,82.97,80.12,77.03,ripening,96.01,0.8,3.480000000000007,Samba,DRAIN,DRAIN,False,65.4482479095459,bund_drain
Samba-2023,2023-12-12,28.515234,26.910843,24.225256,83.120094,81.05461,77.69329,88.69677,85.56139,85.58597,80.12,77.03,73.94,ripening,82.36,6.4,1.480000000000007,Samba,MAINTAIN,MAINTAIN,False,61.3607120513916,maintain
Samba-2023,2023-12-13,25.89261,25.667336,24.959211,80.080345,76.231415,81.22151,86.00964,83.4745,91.077034,77.03,73.94,79.97,ripening,80.59,22.0,0.45000000000000717,Samba,MAINTAIN,MAINTAIN,False,66.11782264709473,maintain
Samba-2023,2023-12-14,15.08828,13.302653,14.329734,70.44671,69.864426,81.39564,80.63112,79.02518,94.839676,73.94,79.97,90.11,ripening,71.7,26.5,0.29000000000000714,Samba,MAINTAIN,MAINTAIN,False,80.50994205474854,maintain
Samba-2023,2023-12-15,14.449026,14.925736,15.949621,75.765625,78.41152,79.71086,80.50295,88.9904,95.09167,79.97,90.11,97.36,ripening,70.34,21.6,9.000000000000007,Samba,MAINTAIN,MAINTAIN,False,79.14204597473145,maintain
Samba-2023,2023-12-16,21.844976,22.549412,17.527727,84.99009,86.30373,83.20978,90.97805,96.80302,93.70066,90.11,97.36,97.48,ripening,74.6,13.0,21.950000000000006,Samba,MAINTAIN,MAINTAIN,False,76.17293357849121,maintain
Samba-2023,2023-12-17,29.116262,28.59084,27.904583,95.05711,93.35144,93.32917,98.993355,96.70523,97.13794,97.36,97.48,95.41,ripening,90.76,19.5,35.68000000000001,Samba,DRAIN,DRAIN,False,69.8770923614502,bund_drain
Samba-2023,2023-12-18,29.116262,27.839405,27.258562,94.34552,93.91676,95.822975,98.65079,98.39868,99.01313,97.48,95.41,96.99,ripening,95.66,25.3,29.690000000000005,Samba,DRAIN,DRAIN,False,71.75456809997559,bund_drain
Samba-2023,2023-12-19,29.116262,27.839405,26.948875,92.72572,91.330635,93.52448,96.76694,95.18242,98.29164,95.41,96.99,97.24,ripening,99.34,18.8,17.480000000000008,Samba,DRAIN,DRAIN,False,71.34276580810547,bund_drain
Samba-2023,2023-12-20,29.116262,28.59084,27.007608,93.165306,95.204865,89.5114,96.11091,98.58381,95.74397,96.99,97.24,94.37,ripening,90.95,7.8,9.450000000000006,Samba,DRAIN,DRAIN,False,69.99296951293945,bund_drain
Samba-2023,2023-12-21,29.173449,28.59084,27.007608,94.4182,92.96021,89.19808,98.25935,96.370575,93.12201,97.24,94.37,91.22,ripening,96.15,6.4,10.540000000000006,Samba,DRAIN,DRAIN,False,69.08590507507324,bund_drain
Samba-2023,2023-12-22,29.116262,27.839405,26.0519,90.4083,88.01556,86.33135,94.97468,92.59275,92.65317,94.37,91.22,88.53,ripening,92.47,8.8,10.000000000000007,Samba,DRAIN,DRAIN,False,66.60126686096191,bund_drain
Samba-2023,2023-12-23,29.116262,27.37746,26.0519,87.68992,85.75351,85.843254,93.11847,92.27947,94.3479,91.22,88.53,86.49,ripening,95.31,9.4,4.200000000000007,Samba,DRAIN,DRAIN,False,68.29599952697754,bund_drain
Samba-2023,2023-12-24,28.515234,26.910843,24.61688,84.226555,82.67254,80.73217,89.14111,87.10407,90.91023,88.53,86.49,83.51,ripening,83.06,4.4,0.6000000000000072,Samba,MAINTAIN,MAINTAIN,False,66.2933521270752,maintain
Samba-2023,2023-12-25,29.116262,27.037935,24.70286,82.51777,79.37138,78.03337,87.48127,88.07691,88.75237,86.49,83.51,81.03,ripening,89.29,5.6,1.4100000000000072,Samba,DRAIN,DRAIN,False,64.04951286315918,bund_drain
Samba-2023,2023-12-26,29.116262,27.037935,25.599834,82.263466,80.46175,85.97514,87.06309,87.300285,94.42626,83.51,81.03,79.83,ripening,85.1,21.7,1.4800000000000073,Samba,DRAIN,DRAIN,False,68.8264274597168,bund_drain
Samba-2023,2023-12-27,28.587572,26.910843,25.475677,81.12046,80.45033,89.42721,86.37713,87.49072,95.89676,81.03,79.83,77.69,ripening,84.41,22.2,1.710000000000007,Samba,MAINTAIN,MAINTAIN,False,70.42108154296875,maintain
Samba-2023,2023-12-28,16.84518,16.280966,15.053082,74.60056,76.00382,74.77144,80.83648,92.298386,88.98579,79.83,77.69,74.76,ripening,72.77,18.8,2.6800000000000073,Samba,MAINTAIN,MAINTAIN,False,76.01741981506348,maintain
Samba-2023,2023-12-29,28.23473,26.772892,24.267445,78.62178,76.45519,74.38566,85.64093,84.45503,86.679924,77.69,74.76,71.57,ripening,83.1,2.1,3.4500000000000073,Samba,MAINTAIN,MAINTAIN,False,62.412479400634766,maintain
Samba-2023,2023-12-30,22.212374,21.204851,21.855333,74.751,70.6416,71.007385,82.94305,82.02274,81.82037,74.76,71.57,68.42,ripening,76.2,1.3,3.020000000000007,Samba,MAINTAIN,MAINTAIN,False,60.81789207458496,maintain
Samba-2023,2023-12-31,22.212374,21.204851,21.855333,72.40691,68.91814,68.9535,82.74208,79.96552,76.82878,71.57,68.42,65.23,ripening,75.85,1.7,1.0800000000000074,Samba,MAINTAIN,MAINTAIN,False,60.529706954956055,maintain
Samba-2023,2024-01-01,11.703813,10.774648,10.858514,66.5712,63.397655,58.899006,76.91462,75.83051,75.01656,68.42,65.23,62.32,ripening,62.22,3.3,0.26000000000000734,Samba,MAINTAIN,MAINTAIN,False,65.21080684661865,maintain
Samba-2023,2024-01-02,11.202006,10.636697,10.314357,60.270287,58.545868,55.51053,74.6538,73.75726,74.48942,65.23,62.32,59.37,ripening,62.21,7.7,0.10000000000000733,Samba,MAINTAIN,MAINTAIN,False,64.17506122589111,maintain
Samba-2023,2024-01-03,11.202006,11.050313,12.354539,59.909744,58.685234,65.4717,73.2873,72.96293,80.27275,62.32,59.37,56.64,ripening,63.28,41.1,0.3000000000000073,Samba,MAINTAIN,MAINTAIN,False,67.91821193695068,maintain
Samba-2023,2024-01-04,14.314616,12.004958,13.921243,61.93517,60.082497,74.574776,75.49652,72.88123,82.71243,59.37,56.64,63.6,ripening,69.2,95.8,0.5100000000000073,Samba,MAINTAIN,MAINTAIN,False,68.7911901473999,maintain
Samba-2023,2024-01-05,11.202006,10.636697,12.471071,61.49069,65.337654,76.33894,73.23465,84.007645,84.42152,56.64,63.6,97.27,ripening,62.01,128.5,0.8100000000000074,Samba,MAINTAIN,MAINTAIN,False,73.37094783782959,maintain
Samba-2023,2024-01-06,7.8374877,7.828933,9.5021715,63.34069,76.3709,79.07956,75.25875,88.8245,95.95049,63.6,97.27,97.24,ripening,57.29,108.0,10.650000000000007,Samba,MAINTAIN,MAINTAIN,False,86.44832134246826,maintain
Samba-2023,2024-01-07,9.372697,12.783204,13.277633,76.35721,83.98557,91.168175,95.70201,97.428894,97.77228,97.27,97.24,97.35,ripening,58.98,53.1,65.30000000000001,Samba,MAINTAIN,MAINTAIN,False,86.32931423187256,maintain
Samba-2023,2024-01-08,28.732092,28.452888,27.39329,90.77697,96.05965,91.6955,98.83674,98.760735,97.73468,97.24,97.35,94.75,ripening,91.74,15.4,76.66000000000001,Samba,DRAIN,DRAIN,False,70.34139060974121,bund_drain
