date,T2M,T2M_MAX,T2M_MIN,PRECTOTCORR,RH2M,ALLSKY_SFC_SW_DWN,WS2M
2015-01-01,25.0,29.03,22.5,1.79,88.47,12.19,2.18
2015-01-02,25.08,29.57,22.07,0.07,87.09,16.01,1.89
2015-01-03,25.15,29.6,21.79,0.07,86.97,17.55,1.61
2015-01-04,24.9,29.54,21.73,0.0,85.96,18.1,1.76
2015-01-05,24.68,29.6,21.28,0.0,85.53,18.81,2.21
2015-01-06,24.35,29.19,20.62,0.0,83.96,19.46,2.21
2015-01-07,23.9,29.06,19.75,0.0,83.91,18.87,2.3
2015-01-08,24.33,29.04,21.01,0.0,83.24,15.74,1.65
2015-01-09,23.96,28.42,20.85,0.01,83.39,13.43,2.28
2015-01-10,23.04,28.18,19.39,0.0,77.76,20.48,2.91
2015-01-11,22.41,27.9,17.88,0.0,77.16,19.18,3.1
2015-01-12,22.52,28.11,17.97,0.0,74.53,19.54,3.05
2015-01-13,22.59,28.38,17.26,0.0,77.9,20.69,2.92
2015-01-14,22.77,28.59,18.06,0.0,74.01,20.12,2.63
2015-01-15,22.83,28.86,17.54,0.0,76.33,20.77,2.26
2015-01-16,24.24,29.83,19.98,0.87,82.02,17.26,2.75
2015-01-17,24.46,29.32,21.28,0.43,81.63,16.36,2.95
2015-01-18,23.78,29.32,19.46,0.0,78.94,17.9,2.93
2015-01-19,23.36,29.01,18.8,0.0,76.6,17.53,2.88
2015-01-20,23.3,29.13,18.48,0.0,77.83,18.77,2.67
2015-01-21,23.13,28.83,19.25,0.0,78.1,17.23,2.9
2015-01-22,23.85,29.58,19.27,0.27,81.92,19.51,3.35
2015-01-23,24.99,29.92,21.92,3.84,81.59,11.02,2.97
2015-01-24,25.09,29.71,22.17,0.51,80.25,16.44,3.28
2015-01-25,24.38,30.17,20.4,0.04,73.73,21.66,3.19
2015-01-26,24.3,29.49,20.85,0.29,76.88,17.52,3.23
2015-01-27,24.77,30.38,20.79,0.05,76.53,12.85,3.22
2015-01-28,24.98,30.56,20.93,0.04,77.28,16.14,3.09
2015-01-29,25.32,30.82,21.3,0.08,75.8,15.91,2.92
2015-01-30,25.27,30.77,21.48,0.0,73.71,12.71,2.88
2015-01-31,24.66,30.63,20.15,0.0,73.64,20.26,3.22
2015-02-01,24.78,30.52,20.45,0.05,75.63,18.95,3.23
2015-02-02,24.49,30.3,19.79,0.02,72.99,18.95,3.66
2015-02-03,25.13,29.96,21.4,0.07,72.08,18.35,4.01
2015-02-04,24.63,28.59,21.67,0.19,75.96,14.69,3.63
2015-02-05,25.29,30.87,21.23,0.16,73.68,18.59,3.44
2015-02-06,25.0,30.07,21.71,0.03,74.43,18.33,2.94
2015-02-07,25.11,31.17,20.99,0.05,70.67,20.46,2.96
2015-02-08,25.31,31.86,20.89,0.01,69.75,21.15,2.76
2015-02-09,25.12,31.26,20.46,0.05,70.96,21.29,3.03
2015-02-10,24.98,29.58,21.52,0.29,75.18,16.13,3.25
2015-02-11,25.88,31.0,21.94,0.21,76.8,18.89,3.3
2015-02-12,26.38,32.11,22.31,0.04,74.07,22.11,3.46
2015-02-13,26.7,33.07,22.4,0.01,72.84,22.17,2.76
2015-02-14,25.92,33.23,20.65,0.0,70.94,23.24,2.32
2015-02-15,25.81,33.18,20.53,0.0,67.72,23.65,2.12
2015-02-16,25.78,33.15,20.77,0.0,68.83,23.05,2.16
2015-02-17,25.56,33.22,20.36,0.0,65.72,23.78,1.93
2015-02-18,25.37,33.11,19.43,0.0,65.65,22.05,1.99
2015-02-19,25.64,33.47,20.21,0.0,63.21,23.78,1.96
2015-02-20,25.5,32.97,20.2,0.0,66.91,23.7,2.8
2015-02-21,25.95,33.14,21.03,0.0,68.17,22.96,3.16
2015-02-22,25.95,33.43,20.07,0.0,67.53,24.17,3.31
2015-02-23,25.9,33.84,19.92,0.0,64.42,25.42,2.93
2015-02-24,26.08,33.74,19.74,0.05,65.59,25.22,2.81
2015-02-25,27.3,34.16,21.65,0.1,69.87,23.6,2.57
2015-02-26,28.02,34.53,23.28,0.62,69.22,20.48,2.12
2015-02-27,28.9,35.44,24.04,0.25,66.41,19.98,1.73
2015-02-28,28.63,34.32,24.5,0.15,67.99,20.92,2.48
2015-03-01,28.79,35.2,24.25,0.05,66.1,19.51,2.87
2015-03-02,29.02,35.47,24.35,0.02,65.93,20.34,2.54
2015-03-03,28.94,35.52,24.11,0.0,63.19,20.24,2.27
2015-03-04,29.39,36.69,23.75,0.03,60.19,21.3,1.98
2015-03-05,29.13,35.47,24.47,0.16,69.14,20.05,2.43
2015-03-06,29.44,36.07,24.59,0.07,66.09,20.52,2.44
2015-03-07,29.18,35.73,24.96,0.1,63.43,20.22,2.7
2015-03-08,28.49,34.95,23.79,0.04,65.93,20.18,2.59
2015-03-09,28.46,35.04,23.9,0.02,65.23,21.9,2.7
2015-03-10,27.62,34.48,22.3,0.0,60.83,22.5,3.14
2015-03-11,27.79,34.57,22.85,0.01,62.35,21.46,3.04
2015-03-12,28.61,34.95,24.02,0.19,63.99,21.05,3.5
2015-03-13,28.66,34.96,24.37,0.15,62.86,22.51,3.33
2015-03-14,28.69,34.66,24.24,1.36,64.29,20.64,2.95
2015-03-15,28.64,34.64,25.23,0.75,68.36,18.76,2.67
2015-03-16,28.81,35.62,24.48,0.34,64.64,23.16,2.86
2015-03-17,28.28,35.55,23.64,0.1,61.4,25.2,2.19
2015-03-18,28.7,37.2,22.29,0.0,56.06,25.49,1.81
2015-03-19,28.8,37.18,22.72,0.0,57.33,25.04,2.08
2015-03-20,28.65,36.31,23.05,0.02,64.85,24.7,2.49
2015-03-21,29.0,37.06,23.23,0.1,59.94,25.38,2.53
2015-03-22,29.72,38.37,23.32,0.0,59.08,24.45,2.06
2015-03-23,30.16,38.54,23.19,0.0,60.35,22.93,1.98
2015-03-24,29.88,37.72,24.26,0.0,62.58,23.18,2.47
2015-03-25,29.62,37.06,23.82,0.0,61.72,21.92,2.69
2015-03-26,29.38,37.02,23.52,0.02,62.87,23.06,2.58
2015-03-27,29.55,37.01,24.17,0.03,62.29,23.74,3.08
2015-03-28,29.47,36.58,24.37,0.13,66.39,23.47,2.83
2015-03-29,29.89,37.14,24.46,0.11,64.26,24.79,2.72
2015-03-30,30.25,37.16,25.35,0.06,63.41,22.69,2.61
2015-03-31,29.99,36.41,25.79,0.4,66.76,19.68,2.38
2015-04-01,30.61,37.29,26.18,0.7,62.8,20.42,2.32
2015-04-02,31.34,38.43,25.92,0.34,60.54,23.48,2.44
2015-04-03,32.53,40.34,26.27,0.14,56.63,24.52,2.61
2015-04-04,32.44,39.15,27.59,0.35,58.01,22.52,2.86
2015-04-05,32.19,38.72,28.16,0.21,59.38,23.44,3.19
2015-04-06,31.66,38.62,27.25,0.09,59.21,24.37,3.03
2015-04-07,30.6,35.18,27.23,0.23,64.7,25.95,2.47
2015-04-08,29.76,33.07,27.19,0.92,68.45,20.92,1.95
2015-04-09,29.44,33.74,26.46,0.89,69.29,23.46,2.25
2015-04-10,30.63,36.98,26.34,0.37,65.42,24.84,2.44
2015-04-11,31.1,38.47,25.35,0.61,61.79,25.43,2.59
2015-04-12,29.68,33.17,27.14,3.46,67.67,23.45,2.06
2015-04-13,28.61,33.05,25.84,7.63,70.22,20.08,2.43
2015-04-14,28.86,34.58,25.35,9.65,67.24,24.67,1.74
2015-04-15,28.2,32.28,25.17,13.18,73.72,19.08,2.45
2015-04-16,27.99,31.27,25.42,8.33,75.18,18.33,1.76
2015-04-17,28.87,34.15,24.37,11.29,71.87,22.69,1.94
2015-04-18,29.04,33.92,25.43,5.78,70.69,25.35,1.44
2015-04-19,30.21,36.48,25.84,0.06,65.19,25.32,1.69
2015-04-20,30.08,36.61,25.35,0.53,65.19,24.4,2.12
2015-04-21,28.85,32.29,26.32,1.43,72.89,18.89,1.64
2015-04-22,28.42,31.73,25.71,1.11,76.3,24.93,1.65
2015-04-23,30.09,35.99,25.8,0.64,70.74,25.35,2.82
2015-04-24,30.19,35.8,26.25,7.55,71.05,23.17,2.44
2015-04-25,29.23,33.96,26.31,6.42,66.03,19.89,2.08
2015-04-26,29.95,36.09,24.86,1.14,63.95,19.83,2.22
2015-04-27,29.78,35.3,25.72,1.24,67.72,14.9,2.14
2015-04-28,30.56,37.01,25.51,0.26,64.58,26.0,1.82
2015-04-29,31.09,37.95,25.69,0.13,63.66,25.61,2.56
2015-04-30,30.75,36.53,26.23,0.42,67.51,25.11,2.44
2015-05-01,30.4,35.42,26.75,0.26,70.03,23.73,2.27
2015-05-02,31.11,37.98,25.66,0.22,65.63,23.25,2.81
2015-05-03,29.97,33.91,26.89,0.31,72.27,21.7,1.8
2015-05-04,29.91,34.53,26.5,1.09,70.66,18.67,2.21
2015-05-05,30.28,35.75,26.36,1.17,65.62,21.56,1.71
2015-05-06,29.99,34.54,26.55,0.3,67.07,22.42,1.72
2015-05-07,29.69,34.02,26.48,1.44,69.01,19.72,2.06
2015-05-08,30.83,36.4,25.28,1.64,64.55,23.81,1.5
2015-05-09,30.24,34.03,27.04,4.4,70.81,22.8,1.97
2015-05-10,30.49,35.82,26.35,3.11,65.25,15.15,2.16
2015-05-11,29.51,33.6,26.44,7.33,60.43,12.05,1.54
2015-05-12,29.97,36.02,25.61,2.31,61.72,12.78,1.73
2015-05-13,27.28,29.79,25.49,21.28,82.16,16.27,2.09
2015-05-14,28.13,32.32,24.52,25.42,76.94,15.42,1.91
2015-05-15,28.54,31.56,26.28,11.51,81.39,13.79,1.05
2015-05-16,27.99,30.62,26.37,16.19,86.65,5.34,2.58
2015-05-17,27.44,30.04,26.02,1.22,85.08,13.92,3.55
2015-05-18,29.5,35.09,24.53,0.72,73.19,17.72,3.77
2015-05-19,29.44,34.18,26.18,0.54,77.05,22.04,3.99
2015-05-20,30.02,35.24,25.78,0.39,73.4,24.29,4.12
2015-05-21,30.7,36.52,25.83,0.2,69.3,24.13,4.36
2015-05-22,30.53,35.84,25.88,0.03,70.58,22.59,4.05
2015-05-23,29.98,34.04,26.99,0.03,71.49,23.01,4.3
2015-05-24,30.73,36.81,25.8,0.06,65.54,21.95,4.21
2015-05-25,31.2,36.94,26.7,0.05,66.54,24.91,3.1
2015-05-26,30.49,35.11,26.83,0.55,68.99,22.38,3.06
2015-05-27,28.14,30.68,25.34,13.86,74.46,19.79,3.74
2015-05-28,29.36,36.87,22.07,6.17,62.01,10.14,3.6
2015-05-29,30.22,36.11,25.36,0.82,68.84,23.07,3.22
2015-05-30,30.62,36.05,26.56,0.52,71.19,23.14,2.69
2015-05-31,30.36,35.33,26.72,1.42,71.31,20.61,3.76
2015-06-01,29.47,33.75,26.18,1.64,72.84,16.15,3.15
2015-06-02,29.52,35.08,25.19,2.05,71.16,19.36,2.64
2015-06-03,30.03,35.17,25.46,0.83,71.58,20.6,2.24
2015-06-04,29.6,33.87,26.33,4.17,74.79,20.68,2.17
2015-06-05,27.83,30.19,26.18,17.49,85.36,22.61,2.2
2015-06-06,29.09,33.45,25.77,2.88,75.85,23.72,1.91
2015-06-07,29.84,34.52,26.13,0.65,73.55,25.32,3.11
2015-06-08,29.9,35.93,24.87,0.41,67.76,24.25,3.56
2015-06-09,29.1,34.19,24.51,0.74,70.34,24.7,2.84
2015-06-10,27.95,31.1,25.82,3.94,77.0,22.65,3.0
2015-06-11,29.31,34.42,25.29,13.53,74.59,24.01,3.09
2015-06-12,28.43,32.37,25.43,1.11,73.68,21.47,3.52
2015-06-13,29.38,35.48,24.15,7.97,70.23,24.53,3.46
2015-06-14,29.73,35.88,24.51,0.71,66.89,24.15,3.73
2015-06-15,29.68,35.39,25.11,0.05,62.8,22.59,3.92
2015-06-16,28.34,33.21,24.92,2.29,66.31,20.1,3.94
2015-06-17,27.93,32.51,24.47,3.53,70.12,10.26,4.07
2015-06-18,29.09,35.11,24.11,1.85,66.47,11.21,3.84
2015-06-19,28.87,35.08,24.53,2.17,68.74,12.51,4.33
2015-06-20,29.75,35.85,24.69,0.09,66.72,20.81,5.06
2015-06-21,29.67,35.57,25.39,0.2,65.05,21.88,5.39
2015-06-22,30.42,36.75,25.46,0.0,64.13,21.28,4.92
2015-06-23,29.32,33.48,25.56,2.05,71.0,21.8,4.15
2015-06-24,30.17,36.17,25.4,0.25,67.0,23.49,4.36
2015-06-25,29.98,35.01,25.83,0.1,68.09,24.07,4.51
2015-06-26,29.54,35.01,25.91,0.08,62.99,16.15,5.93
2015-06-27,30.25,36.88,24.85,0.45,59.85,16.73,4.83
2015-06-28,30.68,36.5,25.72,0.42,64.3,22.77,3.5
2015-06-29,29.96,34.31,26.0,1.01,66.45,22.79,4.19
2015-06-30,30.64,37.54,24.57,0.66,59.98,22.47,2.92
2015-07-01,30.3,36.05,24.91,0.56,65.68,23.47,3.84
2015-07-02,31.0,37.07,25.92,0.11,61.79,23.53,3.51
2015-07-03,31.28,37.13,26.06,0.17,61.25,22.86,3.64
2015-07-04,31.08,36.45,26.59,0.21,62.17,23.4,3.92
2015-07-05,31.7,38.05,26.86,0.07,59.17,23.77,4.02
2015-07-06,31.61,38.16,26.7,0.01,55.41,23.83,4.99
2015-07-07,30.51,36.25,26.01,0.03,56.95,24.29,4.98
2015-07-08,31.25,38.28,26.13,0.05,56.93,21.7,4.33
2015-07-09,31.83,37.84,26.58,0.15,56.43,19.12,4.26
2015-07-10,30.42,34.59,26.91,0.15,62.86,20.02,4.35
2015-07-11,31.09,36.74,26.38,0.19,60.51,15.81,4.71
2015-07-12,31.5,38.33,26.27,0.79,57.06,23.28,3.01
2015-07-13,31.97,38.41,26.86,1.03,55.56,22.98,3.48
2015-07-14,31.43,36.57,27.05,0.32,58.71,19.1,2.93
2015-07-15,30.76,35.16,27.43,0.65,61.84,16.14,3.07
2015-07-16,30.9,35.89,26.81,0.27,58.97,21.09,3.96
2015-07-17,30.27,34.84,26.56,0.43,58.95,21.31,5.65
2015-07-18,30.6,36.9,25.81,1.43,56.95,20.39,5.21
2015-07-19,28.92,33.06,25.98,0.46,60.72,16.38,5.65
2015-07-20,30.35,37.1,24.21,0.3,58.37,20.45,4.38
2015-07-21,30.51,35.93,26.1,5.04,61.48,19.34,3.91
2015-07-22,29.9,35.35,25.49,2.17,65.76,19.57,3.28
2015-07-23,29.84,35.35,25.94,1.85,63.62,21.84,3.27
2015-07-24,30.02,35.85,25.21,0.55,61.63,24.4,3.87
2015-07-25,29.86,35.53,25.23,4.15,61.03,23.44,3.56
2015-07-26,29.46,34.74,24.87,1.54,61.38,20.89,3.35
2015-07-27,30.2,36.24,24.48,2.15,58.88,22.86,2.87
2015-07-28,30.4,36.28,25.41,3.5,60.96,23.79,2.39
2015-07-29,29.73,34.88,25.72,3.32,65.72,23.1,2.89
2015-07-30,30.18,35.87,25.86,0.52,61.18,22.98,3.23
2015-07-31,30.64,35.83,26.54,0.3,58.97,23.74,3.1
2015-08-01,30.62,35.73,26.22,0.88,61.11,18.37,1.92
2015-08-02,30.32,34.84,26.43,1.42,61.44,14.45,2.09
2015-08-03,29.72,33.99,26.17,4.62,65.35,19.48,2.95
2015-08-04,30.15,36.26,24.89,0.97,63.6,22.59,3.13
2015-08-05,30.13,35.43,25.25,0.29,55.69,21.87,4.16
2015-08-06,31.54,38.71,24.53,0.1,51.82,23.36,4.22
2015-08-07,31.92,37.95,26.4,0.27,53.25,20.86,4.18
2015-08-08,31.68,37.07,27.19,0.27,55.17,21.92,3.53
2015-08-09,31.86,37.71,26.81,0.18,53.54,22.34,4.26
2015-08-10,30.94,35.68,27.13,0.68,57.98,20.62,3.71
2015-08-11,30.65,35.62,26.62,0.36,58.95,20.12,3.22
2015-08-12,31.13,35.77,26.88,0.34,56.9,17.73,3.63
2015-08-13,31.79,37.39,26.84,0.14,53.91,20.31,3.56
2015-08-14,31.98,38.31,26.41,1.12,53.64,21.79,2.8
2015-08-15,31.93,38.12,27.41,1.06,57.34,23.27,2.53
2015-08-16,28.08,30.3,26.11,31.33,80.08,21.57,2.23
2015-08-17,28.96,33.65,24.91,2.84,73.09,23.55,1.96
2015-08-18,29.35,34.0,25.79,2.35,72.29,23.31,2.0
2015-08-19,29.02,33.28,26.07,1.38,74.0,22.08,2.85
2015-08-20,29.52,33.98,25.8,1.01,68.39,24.59,3.64
2015-08-21,29.55,34.34,25.64,6.23,70.16,13.24,2.69
2015-08-22,28.2,31.75,25.58,20.37,78.28,15.06,2.04
2015-08-23,28.95,34.44,24.41,5.26,69.55,21.59,2.55
2015-08-24,30.28,37.05,24.28,0.26,61.41,24.5,2.8
2015-08-25,31.04,37.41,25.79,0.09,60.42,24.69,2.31
2015-08-26,30.34,36.07,26.18,0.13,62.26,22.69,2.76
2015-08-27,29.83,34.76,25.61,1.75,64.9,15.95,2.89
2015-08-28,30.26,36.66,25.33,0.5,62.78,23.78,3.54
2015-08-29,31.24,37.67,25.39,0.08,59.85,24.46,3.04
2015-08-30,30.58,36.1,26.08,0.56,63.56,23.02,2.98
2015-08-31,30.78,35.86,26.36,0.34,63.76,22.62,2.34
2015-09-01,30.25,34.34,26.67,2.21,68.16,22.19,1.68
2015-09-02,29.88,34.57,26.33,4.16,71.86,20.0,1.33
2015-09-03,28.85,32.08,26.17,4.85,75.57,15.13,0.93
2015-09-04,29.2,33.35,25.78,0.53,74.33,22.22,1.49
2015-09-05,29.04,33.62,25.9,5.03,72.76,20.84,3.16
2015-09-06,28.2,32.05,25.58,7.88,77.36,22.52,3.85
2015-09-07,27.32,30.6,25.13,1.68,77.9,13.06,3.55
2015-09-08,29.25,35.6,23.92,0.23,63.19,21.3,3.57
2015-09-09,29.38,35.94,24.5,1.88,63.15,22.53,3.58
2015-09-10,29.71,35.29,25.15,0.34,64.25,17.91,3.08
2015-09-11,29.18,33.4,25.12,0.24,67.19,20.32,3.21
2015-09-12,30.01,35.68,24.99,0.65,63.62,20.31,2.89
2015-09-13,29.75,35.46,24.97,0.09,63.79,24.22,2.78
2015-09-14,30.81,37.68,25.15,0.04,54.58,22.61,4.29
2015-09-15,30.41,36.35,24.88,0.18,57.41,23.27,4.65
2015-09-16,30.93,37.52,25.63,0.19,58.75,20.66,4.3
2015-09-17,30.9,36.93,25.75,0.99,58.75,20.29,3.58
2015-09-18,30.52,35.76,26.09,0.37,60.63,19.21,2.97
2015-09-19,30.32,35.37,26.61,0.92,63.57,15.02,2.73
2015-09-20,30.6,35.76,26.46,0.76,64.24,19.01,2.44
2015-09-21,29.67,34.64,25.89,1.42,64.69,22.37,1.93
2015-09-22,30.74,36.86,25.67,0.54,65.32,21.62,2.24
2015-09-23,29.68,33.32,27.18,1.19,72.36,19.81,1.68
2015-09-24,29.46,35.27,26.23,0.7,68.69,21.66,3.13
2015-09-25,30.01,36.4,24.87,1.06,68.59,22.64,2.48
2015-09-26,30.66,36.83,25.93,1.1,67.62,23.23,2.16
2015-09-27,29.53,33.7,26.42,9.82,70.28,20.1,1.27
2015-09-28,29.27,34.5,25.49,7.2,72.89,17.63,1.56
2015-09-29,28.01,31.74,25.39,8.75,78.23,13.99,2.07
2015-09-30,27.41,30.88,24.61,7.03,77.73,17.03,1.69
2015-10-01,27.58,31.06,24.87,7.02,80.04,13.22,2.61
2015-10-02,28.51,33.45,25.21,15.78,77.94,21.27,3.24
2015-10-03,29.38,34.93,24.43,3.87,72.56,14.8,1.79
2015-10-04,27.69,30.12,25.84,8.82,83.54,17.01,1.1
2015-10-05,26.41,28.97,25.06,20.56,87.42,16.17,0.99
2015-10-06,28.35,33.62,23.99,8.47,73.77,20.85,2.15
2015-10-07,27.76,32.05,24.56,18.29,80.99,23.78,2.13
2015-10-08,27.54,31.08,24.86,3.2,82.82,19.26,2.38
2015-10-09,27.6,32.08,23.5,0.24,76.18,22.33,2.38
2015-10-10,28.47,33.83,24.23,3.14,76.28,22.19,2.3
2015-10-11,27.93,32.39,24.62,9.86,80.13,18.94,1.32
2015-10-12,27.8,31.39,25.66,8.66,81.36,13.45,0.86
2015-10-13,28.46,33.36,24.86,0.7,76.41,21.94,1.31
2015-10-14,28.29,33.37,24.91,0.26,73.3,22.44,1.39
2015-10-15,28.02,33.57,24.22,0.07,72.72,22.39,1.42
2015-10-16,27.78,33.49,23.94,0.0,73.43,20.41,1.87
2015-10-17,27.65,33.15,22.81,0.37,77.0,20.81,2.23
2015-10-18,27.85,31.63,25.07,4.92,81.03,15.64,2.33
2015-10-19,27.74,30.98,25.69,4.38,84.23,21.9,1.83
2015-10-20,27.99,32.58,24.8,0.45,78.81,21.58,1.96
2015-10-21,28.11,33.62,24.29,0.3,75.24,20.7,2.04
2015-10-22,27.95,33.71,23.59,0.01,71.36,22.12,2.19
2015-10-23,28.04,33.58,23.26,0.25,72.14,20.5,2.48
2015-10-24,27.81,32.49,24.47,3.03,76.5,19.74,2.88
2015-10-25,27.42,32.93,23.07,0.6,71.21,17.46,3.27
2015-10-26,27.68,33.3,23.12,0.72,68.39,14.9,2.9
2015-10-27,27.36,31.89,23.89,8.79,77.13,14.83,2.99
2015-10-28,26.61,29.89,24.35,13.73,82.45,15.28,1.85
2015-10-29,26.86,31.37,23.32,2.46,78.88,15.12,2.52
2015-10-30,26.7,30.35,24.03,10.81,82.69,16.19,1.98
2015-10-31,26.57,29.18,24.88,10.13,87.78,8.87,1.65
2015-11-01,26.39,29.34,24.49,15.7,86.96,14.0,1.81
2015-11-02,26.53,29.6,24.04,23.62,83.81,14.56,0.94
2015-11-03,26.59,29.84,24.01,7.22,84.15,15.63,1.11
2015-11-04,26.83,30.69,23.61,14.58,84.2,17.45,1.56
2015-11-05,26.61,29.89,24.64,15.44,86.03,15.59,1.64
2015-11-06,26.1,28.93,24.24,14.95,87.86,17.13,2.53
2015-11-07,26.1,28.8,24.29,34.69,89.78,12.8,2.66
2015-11-08,25.69,27.72,24.26,39.4,92.68,3.07,2.53
2015-11-09,25.32,27.04,24.2,68.17,94.32,1.32,3.2
2015-11-10,26.81,30.31,24.08,10.22,84.78,9.73,3.36
2015-11-11,26.61,29.73,24.35,3.98,86.64,7.69,1.19
2015-11-12,26.65,30.07,24.27,3.06,86.44,15.95,1.61
2015-11-13,25.31,27.14,24.25,12.76,94.32,9.67,2.44
2015-11-14,24.73,26.67,22.79,16.72,92.84,3.83,2.99
2015-11-15,25.33,26.87,23.9,52.86,94.43,4.43,2.89
2015-11-16,25.39,27.24,24.19,11.9,93.34,10.1,3.49
2015-11-17,25.97,29.38,23.26,1.92,87.2,11.38,1.2
2015-11-18,25.66,27.62,24.12,4.45,92.58,11.49,1.89
2015-11-19,25.75,27.92,24.46,6.53,93.58,12.86,2.18
2015-11-20,25.92,28.44,23.98,15.09,91.49,12.67,2.2
2015-11-21,25.63,27.84,24.25,8.3,90.63,17.16,2.53
2015-11-22,25.91,27.74,24.81,56.91,93.06,3.05,2.75
2015-11-23,26.22,29.0,24.15,20.92,91.34,12.08,2.02
2015-11-24,26.06,29.08,24.24,2.97,90.44,16.61,2.98
2015-11-25,24.82,28.02,22.42,0.08,87.45,21.23,2.75
2015-11-26,24.5,27.88,21.22,3.28,90.25,14.34,2.69
2015-11-27,25.22,28.29,23.26,4.32,90.19,16.05,2.69
2015-11-28,24.4,26.83,22.42,1.06,90.31,19.55,2.95
2015-11-29,24.8,27.18,23.02,21.23,93.62,10.42,2.88
2015-11-30,24.91,26.66,23.5,36.23,94.16,11.47,3.08
2015-12-01,25.05,26.45,23.85,26.04,95.25,2.74,2.86
2015-12-02,25.27,26.85,23.8,35.13,95.42,5.65,2.43
2015-12-03,24.29,25.96,22.51,35.47,95.29,6.22,4.23
2015-12-04,25.32,27.56,23.9,18.93,93.74,11.08,3.83
2015-12-05,25.49,27.34,24.36,20.12,93.56,6.68,3.61
2015-12-06,25.65,26.87,24.92,25.75,94.85,10.47,3.44
2015-12-07,25.43,27.48,24.3,13.73,93.66,7.11,4.06
2015-12-08,24.44,26.02,23.14,41.17,93.49,8.09,4.41
2015-12-09,25.21,28.38,22.9,3.7,92.91,8.94,2.87
2015-12-10,25.76,28.25,23.97,6.89,93.39,12.91,2.81
2015-12-11,25.73,28.93,23.36,1.72,91.42,12.85,2.3
2015-12-12,25.73,28.88,23.45,2.52,88.21,15.3,1.82
2015-12-13,25.74,29.31,23.05,0.53,85.45,17.34,1.38
2015-12-14,25.4,28.64,23.19,1.18,90.29,13.97,2.24
2015-12-15,24.87,28.66,22.02,0.13,86.84,14.98,1.98
2015-12-16,23.82,27.51,20.93,0.02,85.43,17.24,1.96
2015-12-17,24.89,28.9,21.8,0.17,85.98,16.99,1.95
2015-12-18,25.12,28.54,22.69,1.84,89.27,15.28,2.3
2015-12-19,25.07,28.62,22.39,1.29,89.24,16.37,2.32
2015-12-20,24.79,28.53,21.63,0.17,87.64,15.96,2.46
2015-12-21,23.56,28.12,19.94,0.0,84.37,21.21,1.76
2015-12-22,23.96,28.58,20.09,0.0,86.42,19.71,1.74
2015-12-23,24.61,28.45,21.84,0.02,86.14,17.52,2.26
2015-12-24,24.24,28.38,21.19,0.02,86.2,18.54,2.19
2015-12-25,24.27,28.17,20.96,0.02,85.32,17.97,2.58
2015-12-26,24.35,27.77,21.78,0.12,87.0,16.79,3.31
2015-12-27,24.77,28.02,22.77,1.17,87.21,12.21,3.92
2015-12-28,24.19,27.73,21.57,0.98,88.73,14.24,4.08
2015-12-29,24.08,28.03,20.68,0.29,88.45,16.62,3.74
2015-12-30,23.73,27.65,20.51,0.05,86.16,20.77,3.09
2015-12-31,23.84,27.82,21.17,0.03,82.54,17.46,3.05
2016-01-01,23.37,27.74,19.8,0.0,82.61,17.63,3.02
2016-01-02,23.0,27.61,19.9,0.0,83.56,18.11,3.06
2016-01-03,22.27,27.43,18.06,0.02,85.15,20.73,2.51
2016-01-04,22.65,27.57,18.83,0.04,84.24,19.76,2.38
2016-01-05,23.39,27.91,19.78,0.06,85.15,16.74,2.78
2016-01-06,23.78,27.61,20.87,0.26,85.05,15.43,3.13
2016-01-07,23.43,27.84,20.2,0.17,84.57,16.16,2.67
2016-01-08,23.14,27.37,19.65,0.11,85.67,17.54,2.64
2016-01-09,23.01,27.5,19.91,0.02,84.72,18.11,2.39
2016-01-10,22.86,27.57,19.56,0.04,83.75,19.0,2.48
2016-01-11,22.67,27.53,18.89,0.07,83.15,19.24,2.56
2016-01-12,22.56,27.38,18.8,0.06,82.03,20.07,2.32
2016-01-13,22.58,27.28,18.76,0.0,84.1,17.34,1.93
2016-01-14,22.07,27.27,18.01,0.0,82.41,19.01,2.3
2016-01-15,22.32,27.32,18.17,0.04,81.39,19.8,1.98
2016-01-16,22.39,27.03,18.52,0.01,84.11,18.16,2.06
2016-01-17,22.59,26.53,19.75,0.0,81.81,18.39,1.87
2016-01-18,23.23,27.84,18.9,0.0,82.89,17.48,1.81
2016-01-19,24.55,28.85,21.59,0.02,83.46,16.43,1.69
2016-01-20,24.82,29.07,21.57,0.01,83.84,12.92,1.68
2016-01-21,25.07,29.28,22.24,0.0,85.09,11.55,2.07
2016-01-22,24.96,29.29,21.75,0.01,85.18,14.19,2.31
2016-01-23,25.15,29.26,22.29,0.07,85.94,14.44,2.78
2016-01-24,25.5,29.67,22.34,0.36,86.52,11.86,2.79
2016-01-25,25.3,29.54,22.46,0.02,83.83,17.84,2.48
2016-01-26,24.9,29.48,21.7,0.0,83.05,17.37,2.06
2016-01-27,24.35,29.47,20.72,0.0,81.26,19.9,1.99
2016-01-28,24.09,29.9,19.85,0.0,80.31,21.45,1.62
2016-01-29,24.0,29.69,19.74,0.0,82.01,21.49,1.91
2016-01-30,23.97,29.47,19.81,0.0,82.73,21.78,2.07
2016-01-31,23.79,29.39,19.63,0.05,84.49,21.03,2.3
2016-02-01,23.67,29.61,19.37,0.06,80.78,20.88,1.77
2016-02-02,23.65,29.94,18.79,0.02,81.59,22.21,1.95
2016-02-03,24.03,30.28,20.28,0.0,80.21,21.16,1.61
2016-02-04,24.27,30.33,19.81,0.04,78.86,21.85,2.18
2016-02-05,24.67,30.15,20.54,0.27,77.34,19.61,2.12
2016-02-06,24.65,29.52,20.74,0.02,80.49,16.12,1.75
2016-02-07,25.98,31.19,22.18,0.07,79.95,19.72,1.96
2016-02-08,25.89,31.37,21.97,0.01,79.57,19.16,2.11
2016-02-09,25.62,31.53,21.13,0.0,79.26,21.36,1.94
2016-02-10,25.34,31.67,20.71,0.01,77.59,21.54,1.88
2016-02-11,25.26,31.51,21.11,0.0,75.83,21.21,1.77
2016-02-12,25.33,31.82,20.95,0.0,74.33,20.94,1.74
2016-02-13,25.84,31.99,21.52,0.0,76.64,20.35,1.75
2016-02-14,25.13,31.09,20.35,0.03,75.71,22.47,2.15
2016-02-15,26.01,32.1,21.2,0.08,74.17,21.83,2.45
2016-02-16,26.34,32.07,22.58,0.01,75.18,22.2,2.63
2016-02-17,26.76,32.16,22.55,0.03,75.39,18.95,3.31
2016-02-18,27.04,32.17,23.67,0.05,75.33,21.08,3.21
2016-02-19,26.88,32.44,22.92,0.1,76.01,21.43,2.71
2016-02-20,27.67,33.9,23.01,0.03,76.78,22.2,2.26
2016-02-21,27.8,34.63,23.47,0.0,73.42,21.97,1.88
2016-02-22,27.6,34.66,22.64,0.0,71.87,24.12,1.85
2016-02-23,26.66,33.87,21.53,0.0,70.71,24.37,2.08
2016-02-24,26.99,34.59,21.21,0.0,66.87,25.01,1.8
2016-02-25,28.12,34.84,22.77,0.0,71.89,22.17,1.94
2016-02-26,27.92,33.96,23.86,0.01,71.34,22.1,2.8
2016-02-27,27.99,33.77,23.79,0.08,71.91,19.32,3.13
2016-02-28,28.12,33.41,24.5,0.05,73.44,19.29,3.04
2016-02-29,27.31,32.28,24.42,0.01,72.4,18.35,2.69
2016-03-01,28.1,34.06,24.04,0.04,70.68,19.47,2.72
2016-03-02,27.97,34.05,23.69,0.01,68.5,19.06,2.74
2016-03-03,26.73,30.85,23.55,0.0,72.94,22.43,2.36
2016-03-04,27.1,32.7,22.66,0.01,73.42,18.94,2.31
2016-03-05,28.03,34.69,23.51,0.15,69.52,22.36,2.32
2016-03-06,28.09,34.84,23.03,0.0,67.51,24.67,2.2
2016-03-07,28.35,35.1,23.68,0.05,66.4,23.75,2.39
2016-03-08,28.03,34.77,23.05,0.25,67.41,23.86,2.26
2016-03-09,28.61,35.11,23.31,0.05,64.61,23.07,1.75
2016-03-10,28.54,34.51,24.09,0.01,70.12,21.69,1.79
2016-03-11,29.98,37.34,25.09,0.01,66.28,23.1,1.87
2016-03-12,29.77,36.93,25.1,0.02,64.53,23.06,2.02
2016-03-13,29.78,37.13,24.17,0.0,64.17,24.25,1.89
2016-03-14,29.8,37.18,24.16,0.0,65.26,23.13,2.41
2016-03-15,29.74,37.53,23.89,0.0,63.99,23.49,2.22
2016-03-16,30.03,37.45,24.56,0.25,65.21,21.55,2.17
2016-03-17,30.47,37.95,25.63,0.47,62.36,21.25,1.99
2016-03-18,29.65,37.53,24.34,0.0,61.69,22.79,2.08
2016-03-19,29.99,38.68,22.95,0.01,59.5,25.51,2.04
2016-03-20,30.33,38.46,24.07,0.0,56.38,24.79,2.32
2016-03-21,30.96,39.22,23.99,0.0,54.94,22.97,2.33
2016-03-22,31.88,39.86,25.24,0.0,59.51,22.21,2.99
2016-03-23,31.97,39.5,26.02,0.0,61.45,23.74,2.64
2016-03-24,31.07,38.49,26.0,0.0,59.39,23.73,2.58
2016-03-25,29.64,37.02,24.56,0.0,63.54,24.17,2.53
2016-03-26,29.46,37.34,23.55,0.0,58.68,24.85,2.26
2016-03-27,29.84,37.54,23.75,0.0,59.02,25.1,2.48
2016-03-28,30.59,38.01,24.9,0.29,63.9,25.02,2.72
2016-03-29,30.95,36.63,26.92,0.12,63.91,23.62,2.73
2016-03-30,30.63,37.8,25.17,0.02,65.46,24.33,2.62
2016-03-31,30.74,37.87,25.3,0.02,63.8,23.03,2.39
2016-04-01,30.99,38.71,24.91,0.04,60.82,25.07,2.28
2016-04-02,31.14,38.96,25.15,0.0,59.48,25.16,2.13
2016-04-03,31.38,39.51,25.01,0.01,59.18,25.02,2.14
2016-04-04,31.06,38.86,24.94,0.01,58.8,25.51,2.18
2016-04-05,31.46,39.13,24.84,0.03,60.36,26.61,2.54
2016-04-06,32.24,39.11,26.98,0.64,59.04,25.04,2.69
2016-04-07,31.99,38.22,27.99,0.52,62.38,23.52,2.42
2016-04-08,31.87,38.1,27.85,0.19,62.84,23.0,2.48
2016-04-09,31.66,37.34,27.23,0.18,61.98,23.71,2.49
2016-04-10,31.99,38.57,27.41,0.17,60.39,24.7,2.7
2016-04-11,32.37,38.86,27.72,0.02,58.01,25.06,2.4
2016-04-12,32.94,39.84,27.44,0.01,57.87,25.01,2.98
2016-04-13,34.14,41.64,28.08,0.0,54.84,24.03,2.55
2016-04-14,33.14,38.35,29.77,0.01,59.32,22.39,3.45
2016-04-15,33.0,39.71,28.16,0.02,60.52,24.32,2.61
2016-04-16,32.65,38.15,28.74,0.18,60.9,24.26,2.95
2016-04-17,31.74,36.27,28.06,0.06,64.38,24.59,2.59
2016-04-18,32.03,38.17,27.36,0.15,63.53,26.08,2.84
2016-04-19,32.38,38.86,28.06,0.31,62.25,25.59,2.82
2016-04-20,32.68,39.36,27.69,0.03,60.14,25.7,2.48
2016-04-21,33.44,40.59,28.34,0.1,58.23,25.42,3.33
2016-04-22,34.07,41.29,28.75,0.08,55.6,24.54,3.02
2016-04-23,34.57,42.45,29.14,0.03,54.43,24.18,3.45
2016-04-24,34.49,41.88,29.87,0.05,54.33,24.23,3.66
2016-04-25,33.14,39.04,29.53,0.07,59.12,24.19,3.7
2016-04-26,32.06,37.06,28.65,0.08,63.38,22.12,2.66
2016-04-27,31.02,35.13,27.83,0.2,67.95,25.38,1.99
2016-04-28,32.3,39.31,27.08,0.05,60.47,26.33,2.74
2016-04-29,31.87,37.62,26.72,0.09,62.14,25.96,2.19
2016-04-30,32.83,39.87,27.47,0.05,58.15,26.06,2.79
2016-05-01,33.24,40.89,27.3,0.03,55.71,26.69,2.93
2016-05-02,33.77,41.83,27.61,0.06,54.9,26.74,3.19
2016-05-03,33.2,40.04,28.6,0.12,57.99,26.28,3.25
2016-05-04,32.77,39.38,28.15,0.15,60.78,25.27,2.95
2016-05-05,32.37,38.34,28.16,0.12,60.67,23.13,2.45
2016-05-06,32.31,37.72,28.43,1.12,60.73,22.82,2.53
2016-05-07,31.46,35.67,28.33,2.27,64.92,23.07,2.42
2016-05-08,32.46,38.63,28.38,2.68,61.14,23.49,2.16
2016-05-09,31.25,36.12,28.25,1.89,64.81,22.18,2.35
2016-05-10,31.75,37.86,27.44,1.7,61.31,21.99,2.6
2016-05-11,31.31,36.32,27.19,2.69,56.12,18.02,1.89
2016-05-12,31.89,37.5,26.86,0.25,55.18,22.15,2.55
2016-05-13,32.76,39.73,26.96,0.28,56.15,24.45,2.59
2016-05-14,31.86,37.36,28.28,1.4,61.44,22.75,2.57
2016-05-15,29.9,34.31,27.5,9.38,69.51,18.14,1.85
2016-05-16,27.81,29.67,26.28,72.82,86.63,2.71,3.41
2016-05-17,27.82,31.42,25.66,39.33,77.15,5.45,3.74
2016-05-18,29.47,35.34,24.97,10.32,71.55,8.29,4.48
2016-05-19,29.21,33.75,26.19,17.54,77.16,7.25,3.42
2016-05-20,29.69,34.08,26.57,1.4,74.44,18.53,3.95
2016-05-21,30.96,37.7,25.32,0.11,67.39,22.26,3.34
2016-05-22,31.52,36.93,27.36,0.03,68.17,24.84,3.34
2016-05-23,30.9,35.86,27.3,0.09,70.7,24.3,3.47
2016-05-24,31.36,36.95,27.45,0.07,67.22,26.05,3.62
2016-05-25,32.34,39.08,27.39,0.03,61.51,25.92,3.64
2016-05-26,31.44,36.3,27.44,0.13,65.41,25.24,3.33
2016-05-27,29.84,33.88,26.75,2.97,70.12,21.2,2.51
2016-05-28,30.15,34.57,26.19,1.81,71.79,23.95,2.97
2016-05-29,29.83,34.17,26.14,0.75,72.31,23.06,2.33
2016-05-30,29.82,34.08,26.11,2.83,70.22,23.8,2.55
2016-05-31,30.38,36.58,25.93,1.54,67.56,22.55,2.5
2016-06-01,30.04,34.44,26.26,1.91,72.02,23.35,2.3
2016-06-02,29.86,34.09,26.1,1.18,71.17,21.54,2.52
2016-06-03,30.69,35.97,26.17,0.36,66.76,20.49,2.82
2016-06-04,30.15,34.8,26.3,3.01,70.14,19.92,2.15
2016-06-05,30.17,35.23,26.4,7.42,69.91,19.66,2.84
2016-06-06,30.06,35.49,25.62,0.99,68.61,23.37,3.78
2016-06-07,29.21,32.29,26.68,3.34,76.98,20.91,3.9
2016-06-08,29.5,33.44,26.69,0.59,73.79,17.2,3.57
2016-06-09,29.21,34.01,25.04,0.12,71.43,20.68,4.26
2016-06-10,29.96,35.23,26.04,0.1,65.82,21.9,4.38
2016-06-11,30.43,37.08,25.35,0.83,63.68,22.91,4.8
2016-06-12,31.0,37.53,25.66,0.06,60.74,21.89,4.67
2016-06-13,30.46,35.81,26.05,0.11,62.33,22.98,4.08
2016-06-14,30.92,37.53,24.45,0.12,57.77,22.24,3.55
2016-06-15,31.58,38.62,25.68,0.03,55.19,24.75,5.12
2016-06-16,31.61,38.28,25.8,0.07,57.62,19.62,4.25
2016-06-17,30.38,34.99,27.1,2.28,61.38,20.19,3.81
2016-06-18,28.61,32.9,25.44,13.24,69.29,15.56,3.57
2016-06-19,29.03,33.95,24.6,1.8,66.37,21.26,2.59
2016-06-20,28.8,32.47,25.91,3.08,70.18,21.09,2.12
2016-06-21,27.36,30.28,25.5,4.45,77.52,15.84,2.16
2016-06-22,28.05,32.81,24.41,4.03,69.35,15.93,2.9
2016-06-23,27.43,31.26,24.7,6.34,73.5,8.26,3.55
2016-06-24,27.85,32.86,23.34,1.24,67.98,10.99,2.6
2016-06-25,28.84,34.64,24.53,1.01,63.31,12.89,2.52
2016-06-26,29.55,35.35,24.7,0.24,64.27,18.21,2.61
2016-06-27,30.37,36.75,25.27,0.41,61.77,13.46,3.81
2016-06-28,29.46,33.85,25.64,0.26,64.16,11.97,4.71
2016-06-29,29.82,35.71,25.46,0.61,64.15,12.74,4.93
2016-06-30,30.12,35.65,25.86,0.94,61.34,17.53,5.0
2016-07-01,30.54,37.02,25.4,0.03,59.19,18.82,5.44
2016-07-02,30.39,36.55,25.32,0.0,58.88,20.69,4.91
2016-07-03,31.55,38.27,26.32,0.01,57.54,22.03,4.14
2016-07-04,30.89,36.53,25.99,0.09,57.47,22.86,4.06
2016-07-05,30.46,35.5,26.1,0.06,62.66,21.85,3.33
2016-07-06,30.07,34.4,26.49,2.04,66.9,20.71,3.6
2016-07-07,30.38,35.77,26.42,0.16,59.58,17.77,3.47
2016-07-08,30.2,36.39,25.74,0.6,55.56,17.51,5.32
2016-07-09,30.61,36.98,25.27,0.03,55.45,21.34,5.45
2016-07-10,30.67,35.46,26.5,0.03,59.89,20.38,5.7
2016-07-11,30.91,36.86,26.39,0.01,58.51,19.59,5.31
2016-07-12,30.71,36.38,26.16,0.02,57.91,21.24,4.63
2016-07-13,31.33,38.09,25.81,0.01,56.69,22.72,3.96
2016-07-14,31.87,38.41,26.57,0.02,54.69,23.73,3.18
2016-07-15,30.46,35.17,27.07,7.56,64.29,21.26,2.96
2016-07-16,29.02,32.51,25.9,2.71,71.3,22.14,2.04
2016-07-17,28.16,31.4,25.89,8.37,74.5,16.71,1.75
2016-07-18,27.52,30.99,24.46,5.18,76.29,20.07,2.3
2016-07-19,28.7,33.84,24.3,1.39,66.27,17.17,2.56
2016-07-20,29.66,34.75,25.32,3.08,64.92,14.75,1.85
2016-07-21,29.4,34.92,25.27,2.28,65.02,15.02,2.84
2016-07-22,29.91,35.99,25.29,0.97,61.04,12.61,3.46
2016-07-23,29.5,34.74,25.25,0.65,62.54,16.66,3.33
2016-07-24,29.29,34.35,25.87,2.66,66.98,21.45,2.74
2016-07-25,28.91,33.71,25.61,15.11,73.5,22.07,1.38
2016-07-26,27.82,31.18,25.39,7.63,79.58,21.96,1.95
2016-07-27,27.68,31.57,24.34,5.45,77.49,22.4,1.69
2016-07-28,27.91,31.37,24.8,4.82,77.73,23.2,1.52
2016-07-29,28.63,32.68,25.04,1.72,73.4,16.27,2.24
2016-07-30,29.05,33.6,25.72,1.2,68.11,13.9,2.71
2016-07-31,29.72,36.54,23.49,0.21,63.08,24.0,3.89
2016-08-01,29.38,34.72,24.33,0.1,64.69,20.9,4.42
2016-08-02,28.75,34.38,24.23,0.01,65.09,20.58,4.84
2016-08-03,29.65,36.79,23.87,0.04,62.07,23.36,5.35
2016-08-04,29.79,36.06,24.58,0.0,61.83,20.51,4.74
2016-08-05,29.66,35.1,24.71,0.02,61.97,14.2,4.37
2016-08-06,29.99,35.81,24.87,0.01,60.75,23.24,3.69
2016-08-07,30.31,36.27,25.03,0.09,61.83,24.7,3.32
2016-08-08,30.62,36.46,25.49,0.02,59.67,25.04,3.09
2016-08-09,30.85,36.78,26.18,1.1,59.74,22.76,3.2
2016-08-10,30.99,37.8,25.52,1.12,60.42,24.83,3.12
2016-08-11,30.31,35.71,25.73,0.71,62.08,24.33,2.76
2016-08-12,30.75,36.1,26.26,0.86,61.35,23.49,2.7
2016-08-13,30.82,36.79,25.85,2.78,63.72,22.57,2.81
2016-08-14,30.69,36.64,25.67,1.0,60.61,21.31,3.66
2016-08-15,30.89,37.02,25.66,0.7,58.18,23.88,4.41
2016-08-16,30.74,37.4,25.24,0.03,58.17,22.07,4.68
2016-08-17,30.45,36.36,25.22,0.14,58.94,21.86,4.02
2016-08-18,31.56,38.23,26.39,0.75,56.16,23.59,3.7
2016-08-19,31.78,38.3,26.08,0.15,54.54,23.55,3.05
2016-08-20,31.76,37.97,26.78,0.57,57.7,24.27,2.49
2016-08-21,30.68,34.75,27.01,1.28,63.13,18.17,2.0
2016-08-22,31.17,35.74,26.96,0.3,60.0,22.29,2.05
2016-08-23,30.14,33.56,27.02,1.07,63.33,16.1,2.59
2016-08-24,30.68,35.86,26.0,0.86,60.48,23.81,2.79
2016-08-25,28.65,32.31,25.49,4.44,71.6,17.83,2.78
2016-08-26,28.5,32.49,25.39,9.83,73.77,12.79,2.09
2016-08-27,28.54,32.81,25.39,8.02,74.93,16.09,2.51
2016-08-28,29.48,35.74,25.04,11.74,68.4,22.24,2.7
2016-08-29,28.96,33.9,24.89,12.81,70.69,22.43,2.16
2016-08-30,27.89,32.19,24.61,21.21,77.22,16.2,2.64
2016-08-31,27.67,32.99,23.7,14.31,73.69,15.86,2.86
2016-09-01,27.24,32.05,23.76,1.21,70.21,19.34,2.96
2016-09-02,27.95,33.49,23.72,1.39,68.22,18.33,3.16
2016-09-03,28.78,34.34,23.84,0.24,66.68,22.45,2.68
2016-09-04,29.22,34.36,25.15,0.2,66.74,16.26,2.49
2016-09-05,29.17,34.58,24.66,0.06,65.4,21.4,2.38
2016-09-06,29.31,35.24,24.34,0.44,63.88,22.0,2.91
2016-09-07,29.7,36.24,24.16,0.06,61.23,24.82,2.95
2016-09-08,29.39,35.26,24.31,0.02,61.92,24.22,2.66
2016-09-09,30.22,36.99,24.51,0.79,62.79,22.42,2.34
2016-09-10,30.14,35.48,25.95,1.99,66.39,14.36,1.94
2016-09-11,29.41,34.17,25.53,1.54,66.29,15.52,2.04
2016-09-12,30.05,35.11,25.42,1.23,64.06,14.38,1.65
2016-09-13,29.81,34.55,25.18,3.82,65.6,16.12,1.71
2016-09-14,29.66,35.05,25.13,2.11,67.53,12.08,2.27
2016-09-15,30.31,36.41,25.87,1.13,64.4,21.88,2.44
2016-09-16,30.01,36.02,25.34,0.75,64.49,23.21,2.89
2016-09-17,29.41,34.32,25.08,0.44,64.82,14.14,3.02
2016-09-18,29.9,36.19,24.52,0.19,61.43,22.67,2.76
2016-09-19,30.43,37.22,25.27,0.27,59.26,23.24,2.41
2016-09-20,29.89,34.81,25.85,1.17,63.09,19.11,2.16
2016-09-21,30.15,35.96,25.4,1.62,63.15,14.62,2.21
2016-09-22,30.94,37.96,25.33,0.7,59.26,21.26,2.83
2016-09-23,31.0,37.76,25.08,0.05,55.44,20.33,3.37
2016-09-24,31.16,38.31,25.89,0.14,55.15,18.95,4.01
2016-09-25,30.83,37.99,24.96,0.04,57.5,20.76,3.43
2016-09-26,31.33,38.11,26.07,0.12,57.84,18.86,2.62
2016-09-27,29.72,33.17,26.46,1.72,67.05,14.5,2.26
2016-09-28,29.56,34.02,25.98,1.7,69.55,14.17,2.06
2016-09-29,28.79,32.48,26.06,10.05,74.21,14.76,1.76
2016-09-30,28.81,33.32,25.23,5.31,72.93,19.43,2.1
2016-10-01,29.61,35.59,24.88,0.75,65.72,21.37,2.33
2016-10-02,30.17,37.32,24.72,0.13,63.23,22.33,2.17
2016-10-03,29.98,36.49,25.5,0.09,64.5,22.19,2.22
2016-10-04,30.44,37.07,25.26,4.7,64.67,20.73,1.82
2016-10-05,27.68,30.75,25.59,6.9,77.95,20.55,1.54
2016-10-06,28.88,33.62,24.69,1.26,70.47,22.85,1.82
2016-10-07,28.9,33.59,24.83,0.37,66.04,18.43,2.01
2016-10-08,29.26,35.28,25.17,0.24,63.35,23.57,2.47
2016-10-09,30.48,36.27,25.01,0.46,61.14,22.78,2.4
2016-10-10,30.79,38.17,25.25,0.26,57.65,23.32,2.59
2016-10-11,29.37,33.92,25.75,2.98,66.4,13.82,2.39
2016-10-12,28.59,32.6,25.03,9.34,71.78,18.93,1.87
2016-10-13,29.28,34.39,25.18,3.13,70.12,20.03,1.16
2016-10-14,28.96,34.13,24.78,1.16,67.29,18.93,1.53
2016-10-15,29.12,34.74,25.31,0.09,63.98,20.45,1.89
2016-10-16,28.72,34.87,24.03,0.01,64.26,20.17,2.0
2016-10-17,29.11,35.32,24.46,0.0,62.13,19.65,1.6
2016-10-18,29.3,34.85,25.43,0.03,62.91,18.92,1.42
2016-10-19,29.54,34.55,25.75,0.46,62.56,20.07,0.98
2016-10-20,28.69,32.79,26.16,2.07,70.96,17.29,1.54
2016-10-21,27.09,30.5,25.11,3.77,77.56,8.98,1.59
2016-10-22,27.7,32.09,24.34,2.38,72.69,16.17,0.81
2016-10-23,28.19,33.34,24.41,2.98,71.95,15.03,1.27
2016-10-24,28.2,32.97,24.63,1.05,71.67,17.18,1.71
2016-10-25,28.66,34.38,24.94,0.14,63.48,20.5,1.4
2016-10-26,28.73,34.77,23.92,0.01,62.78,20.51,1.69
2016-10-27,29.46,34.92,25.38,0.02,58.43,17.5,1.22
2016-10-28,29.98,36.13,24.66,0.11,60.47,19.3,1.65
2016-10-29,30.48,37.4,25.48,4.08,63.59,17.44,1.85
2016-10-30,28.58,33.24,25.87,10.21,76.19,13.02,1.46
2016-10-31,27.69,31.43,25.41,5.39,78.13,11.29,2.67
2016-11-01,28.13,33.6,24.05,1.12,70.58,20.28,2.95
2016-11-02,26.24,28.65,24.45,19.31,85.67,9.07,2.55
2016-11-03,26.73,30.19,24.03,5.72,82.58,13.19,1.85
2016-11-04,28.54,33.94,24.22,0.64,72.3,19.63,2.11
2016-11-05,28.59,33.98,25.19,0.21,71.66,19.84,2.33
2016-11-06,28.22,33.88,24.01,0.77,72.86,17.76,1.43
2016-11-07,27.9,33.39,24.06,0.39,67.62,12.37,1.64
2016-11-08,27.42,32.53,23.45,0.06,69.01,17.06,2.53
2016-11-09,26.55,32.65,22.69,0.0,60.62,20.46,2.78
2016-11-10,26.24,32.61,21.11,0.0,64.61,19.97,2.58
2016-11-11,26.9,32.92,22.16,0.02,69.17,18.88,2.26
2016-11-12,27.43,33.02,23.15,0.49,72.91,19.04,2.59
2016-11-13,27.37,32.34,24.25,6.58,79.73,16.0,2.75
2016-11-14,27.73,32.58,24.26,2.47,76.55,18.55,2.6
2016-11-15,27.36,32.51,24.2,0.85,74.31,19.64,2.51
2016-11-16,27.45,32.03,24.24,2.44,77.6,18.84,3.44
2016-11-17,27.42,32.41,24.65,7.21,76.55,17.18,3.67
2016-11-18,27.02,32.51,23.41,2.79,75.14,16.91,3.94
2016-11-19,26.61,31.81,23.13,2.59,74.03,12.3,3.48
2016-11-20,26.77,32.35,22.98,0.83,73.25,10.79,3.31
2016-11-21,26.33,31.24,22.62,0.6,75.62,18.09,3.03
2016-11-22,26.68,32.76,21.99,0.09,73.41,18.8,3.22
2016-11-23,26.2,32.19,22.24,0.05,70.52,19.85,3.25
2016-11-24,25.29,31.86,20.45,0.01,68.68,19.5,3.06
2016-11-25,25.54,32.33,20.49,0.0,71.99,19.37,3.24
2016-11-26,25.36,32.13,19.79,0.01,70.2,19.89,2.92
2016-11-27,24.65,32.11,18.97,0.0,67.85,19.47,2.74
2016-11-28,24.56,31.23,19.27,0.0,69.28,17.65,1.92
2016-11-29,24.59,31.53,19.11,0.0,70.52,15.46,2.18
2016-11-30,24.5,29.2,20.37,0.82,72.86,15.14,2.56
2016-12-01,23.83,27.4,21.05,20.85,79.97,6.79,4.82
2016-12-02,25.42,29.45,23.06,9.59,83.75,10.41,3.96
2016-12-03,26.51,31.36,23.55,1.41,79.76,16.32,2.58
2016-12-04,26.88,32.19,23.06,1.99,78.03,16.73,2.04
2016-12-05,26.81,32.25,23.24,1.25,76.91,16.65,2.97
2016-12-06,25.64,31.31,21.58,0.06,69.78,17.85,3.5
2016-12-07,25.57,31.25,20.46,0.72,76.9,11.66,3.17
2016-12-08,26.47,31.73,22.83,0.32,75.15,15.87,3.04
2016-12-09,26.21,32.63,21.86,0.0,69.14,18.08,2.46
2016-12-10,24.81,32.64,19.24,0.0,61.24,15.44,2.15
2016-12-11,25.11,33.33,17.85,0.05,48.74,13.25,2.22
2016-12-12,26.34,34.22,20.66,6.86,59.79,6.57,2.55
2016-12-13,26.94,33.08,22.36,1.42,71.51,16.59,2.08
2016-12-14,26.73,32.37,23.07,0.18,75.88,15.01,2.39
2016-12-15,26.29,31.95,22.7,0.03,74.18,18.72,2.5
2016-12-16,25.75,31.39,21.96,3.5,79.19,10.62,2.75
2016-12-17,25.76,31.79,21.85,0.12,73.77,18.04,3.08
2016-12-18,25.48,31.71,20.88,0.0,73.31,17.83,2.91
2016-12-19,25.6,31.42,20.63,0.01,71.67,18.95,3.65
2016-12-20,25.76,31.09,21.7,3.1,81.08,11.47,3.79
2016-12-21,26.11,31.9,22.24,0.6,78.21,15.73,3.26
2016-12-22,25.37,32.54,20.37,0.0,68.48,19.31,2.52
2016-12-23,23.85,30.91,18.57,0.0,66.68,20.61,2.24
2016-12-24,23.45,30.53,17.91,0.0,69.4,19.92,2.24
2016-12-25,23.94,31.66,18.27,0.0,65.75,20.18,2.02
2016-12-26,25.35,32.93,19.2,0.0,66.57,18.88,2.93
2016-12-27,26.37,32.35,21.47,1.22,70.85,17.4,3.8
2016-12-28,25.68,30.93,22.75,13.23,81.73,13.45,3.98
2016-12-29,25.48,31.09,21.59,0.32,74.44,18.9,3.95
2016-12-30,24.96,30.83,20.44,0.0,67.15,18.44,3.13
2016-12-31,24.82,31.2,19.93,0.0,64.2,20.22,2.81
2017-01-01,25.23,31.08,20.84,0.21,72.55,18.07,3.4
2017-01-02,25.74,31.78,21.02,0.11,72.69,20.08,3.32
2017-01-03,25.49,32.56,20.18,0.0,65.77,21.16,3.25
2017-01-04,24.61,31.44,18.1,0.0,67.65,20.13,3.0
2017-01-05,24.94,31.59,19.52,0.0,68.1,17.7,2.84
2017-01-06,25.09,32.0,19.41,0.0,68.34,19.3,2.85
2017-01-07,24.91,31.55,19.67,0.0,67.59,17.3,2.48
2017-01-08,24.52,31.54,19.16,0.0,62.25,20.13,2.58
2017-01-09,24.33,31.73,18.36,0.0,60.38,21.41,2.56
2017-01-10,24.91,32.28,18.45,0.0,63.48,20.25,2.22
2017-01-11,25.57,32.18,20.47,0.0,63.45,18.16,2.17
2017-01-12,25.87,31.66,21.33,0.0,67.58,15.0,2.04
2017-01-13,25.68,31.38,21.25,0.0,67.62,15.67,2.57
2017-01-14,25.72,31.58,21.64,0.0,64.16,17.32,3.03
2017-01-15,25.46,31.61,20.44,0.01,65.98,16.37,3.23
2017-01-16,25.25,31.74,20.09,0.03,65.58,17.12,3.18
2017-01-17,24.15,30.77,18.74,0.0,64.05,19.11,3.03
2017-01-18,24.68,30.82,19.29,0.08,62.28,17.35,3.77
2017-01-19,25.84,31.62,21.76,0.07,61.89,16.83,3.67
2017-01-20,25.49,31.23,21.24,14.08,73.23,14.45,4.18
2017-01-21,25.14,28.94,22.48,27.72,83.92,10.05,4.14
2017-01-22,25.23,30.7,21.72,2.08,74.93,19.35,3.67
2017-01-23,25.02,31.19,20.24,0.06,73.1,19.79,3.71
2017-01-24,25.23,30.7,21.34,0.01,72.27,18.77,3.92
2017-01-25,25.68,30.78,22.06,2.32,73.12,16.16,3.87
2017-01-26,25.43,29.53,22.67,6.73,82.62,7.19,3.47
2017-01-27,25.37,28.88,23.39,16.49,88.13,6.45,3.14
2017-01-28,25.69,29.94,22.9,4.59,83.52,15.0,2.81
2017-01-29,26.11,31.06,22.88,1.26,79.42,17.78,3.02
2017-01-30,25.33,31.36,20.92,0.73,77.48,21.01,2.87
2017-01-31,24.8,31.46,20.18,0.0,72.21,21.35,2.32
2017-02-01,24.03,31.24,18.57,0.0,70.5,22.5,2.38
2017-02-02,24.24,30.97,18.98,0.0,68.43,22.11,2.61
2017-02-03,24.25,30.93,19.13,0.0,70.4,21.51,2.78
2017-02-04,24.33,30.93,19.42,0.0,69.87,20.59,2.81
2017-02-05,24.37,31.08,18.91,0.0,66.3,22.21,2.24
2017-02-06,24.53,32.04,19.37,0.0,64.24,22.99,2.03
2017-02-07,24.16,32.16,18.36,0.0,63.56,23.24,1.93
2017-02-08,23.77,31.73,17.09,0.0,66.89,23.27,2.44
2017-02-09,24.06,31.29,18.51,0.0,68.89,22.94,2.47
2017-02-10,24.4,31.61,19.07,0.0,68.3,21.75,2.05
2017-02-11,24.79,31.83,19.34,0.01,66.56,21.44,2.47
2017-02-12,24.82,31.43,19.54,0.03,65.13,21.17,2.82
2017-02-13,26.11,32.39,20.9,0.58,65.7,22.36,3.33
2017-02-14,26.41,31.48,22.68,3.21,73.11,20.1,4.83
2017-02-15,26.42,32.27,22.42,0.02,65.93,23.16,4.08
2017-02-16,25.46,31.6,21.25,0.04,65.07,23.7,3.99
2017-02-17,24.77,31.33,19.91,0.01,61.47,23.33,3.31
2017-02-18,24.99,31.96,19.6,0.0,63.11,24.34,2.71
2017-02-19,25.34,33.66,19.36,0.0,64.96,23.98,2.06
2017-02-20,26.38,35.6,18.87,0.0,59.5,22.36,1.42
2017-02-21,27.36,36.58,20.23,0.02,61.01,21.39,1.82
2017-02-22,27.3,35.79,21.27,0.05,66.68,23.62,1.98
2017-02-23,27.36,35.42,21.8,0.02,65.19,25.03,1.84
2017-02-24,26.57,34.48,21.47,0.0,66.85,25.16,2.19
2017-02-25,26.76,35.65,20.06,0.0,65.46,25.07,2.1
2017-02-26,26.7,34.33,21.19,0.01,67.02,22.88,2.32
2017-02-27,26.75,33.91,21.1,0.03,66.89,17.65,2.9
2017-02-28,27.17,34.21,22.55,0.14,69.67,22.74,3.53
2017-03-01,26.48,33.8,21.23,0.07,66.04,21.62,3.14
2017-03-02,26.86,33.52,21.7,0.03,62.3,18.46,3.07
2017-03-03,27.5,33.62,22.44,2.48,70.58,16.43,2.86
2017-03-04,26.78,30.78,24.26,22.71,81.05,13.03,2.25
2017-03-05,28.12,33.7,23.62,3.68,73.46,21.75,1.93
2017-03-06,29.15,35.51,24.06,0.42,70.07,22.03,2.24
2017-03-07,29.02,34.53,24.58,0.56,71.76,21.19,2.32
2017-03-08,28.94,34.01,25.33,0.75,71.62,21.6,2.64
2017-03-09,28.75,33.72,25.15,1.04,74.05,21.33,2.52
2017-03-10,28.26,32.45,25.01,1.22,76.09,20.5,2.25
2017-03-11,28.77,33.23,24.7,0.94,73.44,22.37,2.06
2017-03-12,28.8,33.35,24.92,0.58,72.43,17.69,1.88
2017-03-13,28.81,33.57,25.12,3.11,72.12,22.56,1.92
2017-03-14,27.9,32.22,24.77,4.23,76.75,16.03,2.1
2017-03-15,27.96,33.31,24.01,3.26,73.57,19.78,2.38
2017-03-16,28.18,33.74,24.0,0.96,70.75,18.08,2.01
2017-03-17,29.1,36.12,23.88,0.01,63.36,22.35,1.82
2017-03-18,29.29,36.19,23.85,0.0,61.97,22.26,2.25
2017-03-19,30.0,37.29,24.13,0.01,62.18,23.59,2.2
2017-03-20,30.45,37.68,24.81,0.24,63.31,22.83,2.23
2017-03-21,30.44,36.99,25.62,0.96,62.63,21.63,2.28
2017-03-22,29.46,36.14,24.63,0.01,64.51,24.0,2.58
2017-03-23,28.74,36.17,23.48,0.0,62.35,25.04,2.31
2017-03-24,27.87,36.05,22.01,0.0,59.35,26.39,2.17
2017-03-25,28.24,36.27,22.72,0.0,59.76,26.35,2.39
2017-03-26,28.0,36.11,22.48,0.0,63.91,26.41,2.42
2017-03-27,28.68,36.77,22.38,0.0,61.64,26.46,1.9
2017-03-28,29.4,37.25,23.17,0.01,64.9,23.23,1.96
2017-03-29,29.85,37.74,23.81,0.0,59.67,24.96,1.8
2017-03-30,30.24,37.46,24.16,0.04,64.46,26.49,1.91
2017-03-31,30.2,36.73,25.33,0.06,66.19,25.36,2.51
2017-04-01,30.05,38.25,23.86,0.0,63.62,24.72,2.23
2017-04-02,30.42,38.16,23.94,0.02,64.19,25.61,2.44
2017-04-03,31.28,38.78,25.96,0.09,62.49,25.22,2.34
2017-04-04,31.27,37.82,26.57,0.11,64.09,23.65,2.76
2017-04-05,31.42,38.15,26.49,0.07,61.2,24.1,2.15
2017-04-06,31.5,38.66,26.09,0.08,62.17,24.29,2.65
2017-04-07,31.81,39.42,26.15,0.07,60.24,24.42,2.14
2017-04-08,31.69,39.11,25.93,0.0,56.65,23.88,2.59
2017-04-09,31.48,38.58,26.46,0.01,59.89,24.68,2.51
2017-04-10,31.9,39.85,24.84,0.04,57.12,23.69,2.35
2017-04-11,31.32,37.03,27.05,0.33,60.91,23.93,1.99
2017-04-12,30.36,34.76,27.31,0.43,66.99,23.63,1.8
2017-04-13,31.09,38.05,26.19,0.05,63.39,23.87,2.12
2017-04-14,31.34,39.12,25.56,0.03,59.05,21.45,1.88
2017-04-15,32.06,40.0,26.21,0.02,56.03,23.37,1.88
2017-04-16,32.93,41.09,26.89,0.04,56.51,24.94,2.73
2017-04-17,33.84,41.87,27.08,0.03,52.33,24.99,3.06
2017-04-18,33.57,41.84,27.39,0.03,53.3,24.97,3.11
2017-04-19,33.15,41.39,27.02,0.02,56.05,24.56,3.17
2017-04-20,33.02,40.76,27.14,0.03,56.51,22.75,3.64
2017-04-21,33.86,40.68,28.59,0.17,50.95,23.25,3.06
2017-04-22,33.74,40.58,28.6,0.49,52.29,24.21,2.83
2017-04-23,33.64,40.71,28.65,0.25,54.85,24.23,2.94
2017-04-24,34.05,41.2,28.99,0.22,53.43,23.54,3.08
2017-04-25,33.75,41.21,28.46,0.25,53.9,23.33,2.88
2017-04-26,33.58,40.93,28.34,0.18,53.79,24.7,2.6
2017-04-27,32.44,39.93,27.59,0.16,58.02,25.59,3.0
2017-04-28,32.45,40.49,26.21,0.02,58.39,25.55,2.82
2017-04-29,32.7,40.41,26.62,0.05,56.55,24.9,2.74
2017-04-30,32.39,39.62,26.99,0.1,57.04,23.69,2.53
2017-05-01,32.1,38.77,27.12,0.08,56.4,24.54,2.43
2017-05-02,31.99,38.92,27.34,0.18,57.28,24.55,2.55
2017-05-03,31.14,36.7,27.34,0.86,61.15,22.87,2.43
2017-05-04,31.23,36.9,27.02,0.58,62.05,23.39,2.35
2017-05-05,31.56,37.4,26.67,0.32,62.52,23.93,2.73
2017-05-06,31.18,35.84,27.3,1.1,66.59,25.14,2.9
2017-05-07,31.61,36.84,27.49,1.73,63.69,23.75,2.81
2017-05-08,32.72,39.41,27.67,1.11,55.17,22.68,2.03
2017-05-09,32.89,40.24,26.87,1.88,52.56,23.16,2.75
2017-05-10,30.28,33.26,28.01,4.03,70.87,23.09,1.9
2017-05-11,30.66,34.77,27.26,1.37,68.63,18.67,2.19
2017-05-12,30.18,33.22,27.75,1.28,71.25,21.85,2.18
2017-05-13,31.11,35.93,27.41,1.46,67.06,23.45,2.11
2017-05-14,33.05,39.5,27.23,0.28,59.67,23.29,3.1
2017-05-15,33.3,38.45,28.51,0.26,54.52,23.43,3.65
2017-05-16,33.11,38.14,28.83,0.25,54.89,20.2,3.81
2017-05-17,33.93,39.82,28.63,0.75,54.51,22.85,3.48
2017-05-18,31.74,35.82,28.8,5.28,63.67,20.82,3.44
2017-05-19,32.39,40.18,26.7,0.41,58.92,21.86,3.18
2017-05-20,32.2,37.87,27.7,0.8,60.28,22.36,2.75
2017-05-21,31.9,36.57,27.72,0.75,62.35,19.32,3.03
2017-05-22,31.67,35.72,28.11,2.83,64.69,20.39,2.12
2017-05-23,30.89,35.58,27.35,2.56,66.12,16.76,2.28
2017-05-24,32.11,37.89,27.69,0.28,61.23,13.41,2.1
2017-05-25,32.07,36.47,28.21,0.36,60.73,19.83,3.1
2017-05-26,30.61,34.47,27.87,2.28,67.81,18.61,2.04
2017-05-27,31.28,36.06,26.76,0.66,66.5,17.63,2.18
2017-05-28,30.38,33.67,27.52,0.44,67.98,16.13,4.35
2017-05-29,31.65,36.97,27.74,0.88,60.25,19.08,4.07
2017-05-30,32.51,38.01,27.73,0.69,55.38,22.2,4.97
2017-05-31,32.55,38.2,27.57,0.37,55.42,21.58,3.49
2017-06-01,32.14,37.58,27.05,0.14,54.02,22.53,3.59
2017-06-02,32.47,38.79,27.21,1.09,52.78,24.13,4.24
2017-06-03,31.96,36.88,27.21,0.14,55.6,24.58,4.76
2017-06-04,32.94,39.88,27.22,0.09,51.25,23.82,4.35
2017-06-05,32.48,37.64,28.23,3.83,55.92,23.01,3.73
2017-06-06,29.16,32.79,27.16,6.31,68.56,22.58,3.5
2017-06-07,29.7,33.61,26.17,5.14,66.7,16.71,1.82
2017-06-08,31.26,37.68,25.08,0.67,55.49,17.81,2.79
2017-06-09,30.81,36.01,26.56,1.16,56.6,15.02,4.05
2017-06-10,30.74,36.0,26.66,1.35,58.18,19.02,4.9
2017-06-11,30.61,35.84,26.26,0.24,56.76,19.14,5.38
2017-06-12,31.62,37.37,26.47,0.04,56.16,17.86,3.86
2017-06-13,32.29,37.69,27.97,0.1,56.5,20.18,3.52
2017-06-14,31.89,37.43,27.94,3.71,61.47,20.38,3.63
2017-06-15,30.66,34.83,27.38,1.24,66.47,20.27,3.16
2017-06-16,29.92,33.65,27.0,4.58,69.06,19.7,2.87
2017-06-17,30.72,37.84,25.4,1.28,59.99,22.04,3.49
2017-06-18,31.45,37.77,26.02,0.12,54.82,23.75,3.19
2017-06-19,31.29,36.48,27.08,1.51,60.18,18.88,3.13
2017-06-20,29.74,35.06,25.36,7.57,64.69,16.45,3.52
2017-06-21,30.28,35.29,25.75,0.19,62.06,22.25,3.22
2017-06-22,30.54,35.2,25.89,0.25,60.37,22.2,3.39
2017-06-23,31.45,36.8,26.42,0.41,57.22,23.68,4.3
2017-06-24,30.74,35.76,27.0,1.47,55.49,17.99,4.91
2017-06-25,30.33,35.85,25.75,0.27,58.05,17.35,4.75
2017-06-26,30.54,35.08,26.19,0.31,56.82,19.86,5.35
2017-06-27,29.84,33.3,26.64,1.49,58.29,20.1,4.99
2017-06-28,30.68,36.36,26.04,0.08,53.5,20.71,4.86
2017-06-29,31.49,38.02,26.01,0.08,50.58,21.76,4.5
2017-06-30,31.25,35.81,26.87,0.34,56.63,19.44,2.22
2017-07-01,31.88,36.83,27.02,0.47,52.31,21.23,2.95
2017-07-02,31.72,37.5,27.75,0.72,53.55,20.43,2.9
2017-07-03,31.96,38.24,26.96,0.55,51.3,21.43,3.87
2017-07-04,31.15,37.16,26.53,3.03,54.22,21.95,3.21
2017-07-05,30.77,35.72,25.85,1.24,55.79,20.44,3.17
2017-07-06,30.86,37.57,26.13,4.32,59.55,19.01,3.35
2017-07-07,30.28,35.26,26.3,1.97,61.98,15.7,2.93
2017-07-08,29.84,34.79,25.51,3.43,61.91,12.32,3.02
2017-07-09,30.57,35.93,25.79,0.94,56.48,17.38,3.18
2017-07-10,30.56,35.55,26.06,0.58,56.95,23.3,3.28
2017-07-11,30.59,34.99,26.67,1.81,59.4,20.53,3.48
2017-07-12,30.49,35.6,25.87,2.14,59.38,11.31,1.81
2017-07-13,31.63,38.27,26.23,0.55,53.78,20.52,4.02
2017-07-14,31.05,36.61,25.77,0.05,47.01,10.17,4.04
2017-07-15,30.79,35.76,25.71,0.24,54.71,17.22,4.12
2017-07-16,31.81,38.11,26.78,0.1,50.11,17.39,4.57
2017-07-17,31.18,37.0,26.77,0.02,51.33,17.06,5.42
2017-07-18,31.05,35.84,27.24,0.15,55.94,14.73,5.41
2017-07-19,31.01,35.71,27.12,0.31,55.2,15.4,5.41
2017-07-20,31.67,38.1,26.51,0.18,53.85,20.8,5.36
2017-07-21,32.16,37.99,27.35,0.26,51.04,22.58,4.51
2017-07-22,32.07,37.16,27.54,0.07,53.1,22.07,3.82
2017-07-23,32.69,38.99,27.62,0.05,52.13,21.21,4.03
2017-07-24,33.07,38.96,28.2,0.2,50.24,23.04,3.44
2017-07-25,33.77,40.2,28.19,0.32,46.78,22.69,3.23
2017-07-26,33.32,38.82,28.82,0.38,48.89,20.37,3.17
2017-07-27,32.96,39.61,28.21,3.64,49.49,23.07,3.58
2017-07-28,32.49,39.41,27.71,2.97,53.67,21.15,3.09
2017-07-29,30.9,34.83,27.68,2.93,61.61,19.54,2.27
2017-07-30,29.87,33.02,27.09,7.23,69.59,14.59,2.26
2017-07-31,28.97,31.8,26.45,24.91,77.95,20.38,1.87
2017-08-01,30.16,34.72,25.92,3.92,68.05,22.76,2.13
2017-08-02,30.37,35.91,26.03,4.01,66.13,20.66,2.71
2017-08-03,30.73,36.08,26.26,0.85,61.06,21.96,3.63
2017-08-04,30.93,35.83,26.26,0.21,61.65,17.44,3.58
2017-08-05,30.75,35.92,26.6,0.34,61.36,14.08,4.27
2017-08-06,31.06,36.45,26.24,0.86,61.95,20.3,2.99
2017-08-07,29.9,34.44,26.42,4.87,67.71,18.61,2.67
2017-08-08,29.28,32.98,26.41,8.63,71.62,21.86,1.97
2017-08-09,28.7,32.58,25.9,27.97,76.81,19.74,1.73
2017-08-10,28.66,31.89,25.92,11.1,77.06,21.41,0.89
2017-08-11,28.67,32.66,25.79,8.08,74.9,20.88,2.5
2017-08-12,28.68,32.68,24.39,4.27,70.56,20.65,2.02
2017-08-13,26.57,28.89,24.81,23.5,85.16,17.97,2.14
2017-08-14,27.23,30.14,24.87,7.92,82.12,16.34,1.18
2017-08-15,27.81,32.4,23.76,3.02,75.21,18.23,1.84
2017-08-16,28.06,32.26,24.82,4.88,76.35,24.06,2.35
2017-08-17,28.01,32.47,24.24,3.18,77.22,15.29,2.83
2017-08-18,27.76,31.41,24.83,6.45,77.65,17.45,2.83
2017-08-19,28.49,33.94,24.35,3.12,73.08,18.57,4.09
2017-08-20,28.9,35.04,24.1,2.68,69.36,19.67,3.92
2017-08-21,28.7,34.55,24.24,2.2,71.78,20.06,3.49
2017-08-22,28.95,33.98,24.27,1.86,71.14,16.7,2.44
2017-08-23,29.21,34.14,25.42,1.49,71.9,21.83,1.88
2017-08-24,27.85,30.44,25.92,7.98,80.42,13.3,1.4
2017-08-25,29.17,33.85,25.0,0.82,72.73,11.53,1.91
2017-08-26,29.34,34.37,25.2,2.51,70.65,24.14,2.77
2017-08-27,29.18,34.52,25.25,1.18,71.32,14.12,3.76
2017-08-28,29.15,34.43,25.27,0.29,69.72,16.64,3.97
2017-08-29,29.38,34.87,25.37,0.15,67.26,17.13,4.33
2017-08-30,29.98,36.16,25.05,2.66,67.64,23.67,2.85
2017-08-31,28.82,32.55,25.27,2.38,75.74,18.74,1.74
2017-09-01,27.35,29.31,26.06,8.89,85.22,16.54,1.06
2017-09-02,28.48,31.94,25.57,9.11,80.2,21.26,1.11
2017-09-03,28.71,34.03,24.05,1.3,74.25,22.07,1.81
2017-09-04,28.73,32.24,25.24,2.4,77.52,20.18,1.14
2017-09-05,28.99,32.74,25.8,3.98,79.81,21.96,1.65
2017-09-06,28.18,31.4,25.61,2.89,81.38,20.55,2.21
2017-09-07,28.3,32.32,25.74,3.96,81.02,18.49,1.98
2017-09-08,27.78,31.55,25.0,6.89,82.42,19.35,1.94
2017-09-09,27.76,31.13,25.15,3.26,81.55,13.89,1.43
2017-09-10,28.45,32.76,24.89,1.32,75.03,19.68,1.09
2017-09-11,28.57,32.77,25.15,0.96,78.76,17.63,2.08
2017-09-12,28.15,31.89,24.99,1.41,79.74,20.31,1.91
2017-09-13,27.75,30.85,25.31,6.67,83.14,21.39,2.21
2017-09-14,27.17,30.24,24.71,4.61,85.42,15.22,2.38
2017-09-15,27.52,30.9,24.53,0.55,81.08,20.74,2.05
2017-09-16,27.51,30.87,24.71,7.65,83.51,18.14,2.69
2017-09-17,27.78,32.65,24.63,0.87,76.49,11.21,4.0
2017-09-18,28.19,33.96,24.05,2.32,75.06,17.74,4.19
2017-09-19,28.53,34.22,23.67,0.16,73.65,19.74,3.99
2017-09-20,28.86,34.56,24.03,0.04,71.39,20.65,3.92
2017-09-21,28.8,34.75,23.42,0.01,67.76,23.9,3.45
2017-09-22,29.24,34.7,23.89,0.17,68.43,21.56,2.06
2017-09-23,29.24,33.85,24.97,0.58,71.94,21.74,1.73
2017-09-24,28.17,31.17,25.45,9.05,79.49,19.51,1.75
2017-09-25,27.52,30.77,25.06,6.75,80.7,19.08,2.05
2017-09-26,27.54,31.65,24.55,3.09,79.6,14.69,2.47
2017-09-27,27.65,31.59,24.7,5.53,78.58,13.82,2.42
2017-09-28,27.1,30.86,24.41,9.19,80.67,17.8,3.29
2017-09-29,27.88,33.67,22.89,0.08,74.07,17.16,2.92
2017-09-30,29.26,34.77,24.24,0.27,73.45,17.52,2.75
2017-10-01,29.47,34.14,25.47,0.38,73.02,15.83,2.51
2017-10-02,29.65,34.8,24.99,0.31,71.0,22.55,2.3
2017-10-03,29.17,33.17,25.91,2.62,75.48,21.92,2.47
2017-10-04,28.75,32.5,25.38,4.78,78.39,17.39,1.45
2017-10-05,28.19,31.59,25.43,6.17,81.49,21.04,1.34
2017-10-06,27.37,29.88,25.55,4.42,84.09,16.3,2.18
2017-10-07,28.24,32.81,24.13,0.66,74.45,18.39,2.12
2017-10-08,29.08,33.74,25.15,1.21,76.2,20.79,2.01
2017-10-09,28.64,31.94,25.71,2.85,80.44,20.59,1.35
2017-10-10,28.5,32.17,25.51,2.49,80.59,21.62,1.41
2017-10-11,27.27,30.35,24.73,8.27,78.49,19.85,2.52
2017-10-12,28.22,33.33,23.42,5.03,73.78,8.45,1.54
2017-10-13,27.48,30.38,24.98,1.93,78.65,8.9,1.54
2017-10-14,27.19,31.42,24.02,6.77,80.45,14.13,2.14
2017-10-15,27.3,32.23,23.66,1.42,74.52,10.56,3.07
2017-10-16,27.4,31.5,24.04,2.07,76.51,5.73,2.51
2017-10-17,27.35,31.84,23.95,1.27,74.83,5.85,2.55
2017-10-18,28.54,34.52,23.46,0.1,72.64,14.49,2.17
2017-10-19,29.1,33.51,25.55,0.19,72.67,20.35,1.88
2017-10-20,28.87,33.22,25.52,0.8,76.0,19.33,2.35
2017-10-21,28.43,32.78,25.27,7.26,79.87,16.93,3.16
2017-10-22,28.85,33.8,25.2,4.59,75.82,19.12,2.21
2017-10-23,27.74,32.46,23.65,0.62,77.03,16.75,2.06
2017-10-24,28.18,32.05,25.07,0.7,77.86,18.33,1.13
2017-10-25,27.98,32.14,25.18,1.97,78.38,15.4,1.72
2017-10-26,27.75,32.33,24.4,3.4,77.28,20.32,1.81
2017-10-27,27.59,32.29,24.13,6.34,77.46,16.74,2.27
2017-10-28,27.14,30.57,24.74,7.57,80.77,15.7,2.75
2017-10-29,27.47,31.71,24.09,2.29,78.97,18.27,3.5
2017-10-30,25.9,28.14,24.46,53.49,89.17,3.31,3.55
2017-10-31,25.45,27.6,23.92,25.32,90.73,10.06,3.02
2017-11-01,25.29,27.49,23.91,10.88,92.13,9.17,2.91
2017-11-02,25.51,27.89,24.03,21.95,91.76,7.23,3.0
2017-11-03,25.42,27.9,23.63,28.28,91.48,14.32,2.74
2017-11-04,25.13,26.95,23.6,41.04,91.63,5.73,2.73
2017-11-05,26.05,28.73,24.05,20.55,90.25,13.85,3.03
2017-11-06,25.69,27.33,24.54,12.81,91.52,9.11,2.41
2017-11-07,25.59,27.84,24.19,10.35,92.09,14.94,2.31
2017-11-08,25.47,27.73,23.92,9.9,91.43,16.09,2.46
2017-11-09,25.55,29.64,22.28,0.23,85.85,21.64,3.18
2017-11-10,24.84,27.3,22.55,23.71,89.68,6.59,4.27
2017-11-11,24.91,27.68,22.86,8.28,89.61,13.91,3.31
2017-11-12,24.09,27.09,21.59,1.04,86.14,11.21,3.27
2017-11-13,25.34,29.49,21.89,1.36,86.51,12.43,2.6
2017-11-14,25.98,29.44,23.44,7.81,87.26,15.94,1.9
2017-11-15,26.55,30.82,23.08,7.77,86.7,14.56,1.57
2017-11-16,26.74,30.65,23.98,1.83,85.37,16.42,1.61
2017-11-17,26.8,30.98,23.36,0.09,82.91,17.05,1.21
2017-11-18,26.64,30.86,22.85,0.03,83.21,18.24,1.08
2017-11-19,26.24,29.25,23.86,1.06,89.56,15.14,1.71
2017-11-20,26.25,29.15,24.06,1.98,90.25,19.26,1.94
2017-11-21,25.94,28.1,24.47,2.89,92.15,16.23,2.21
2017-11-22,25.96,28.75,24.27,1.17,89.78,16.79,2.69
2017-11-23,26.03,30.09,23.04,0.06,85.87,18.35,2.41
2017-11-24,25.89,29.79,22.79,0.29,87.2,15.2,2.2
2017-11-25,25.37,28.14,23.47,1.46,86.99,15.3,3.03
2017-11-26,25.01,27.08,22.88,18.7,92.44,8.91,3.22
2017-11-27,26.28,28.85,25.01,11.44,91.11,11.78,2.75
2017-11-28,25.8,28.99,24.04,8.14,89.93,11.38,3.74
2017-11-29,25.75,27.98,23.78,24.81,92.19,8.68,4.08
2017-11-30,26.01,27.4,25.07,24.02,92.55,11.09,3.44
2017-12-01,26.0,27.31,25.04,41.31,94.21,7.72,2.73
2017-12-02,25.7,28.2,24.05,33.05,89.74,5.95,1.1
2017-12-03,24.97,27.18,23.62,6.2,90.19,10.74,2.67
2017-12-04,25.11,28.68,22.67,0.04,87.37,15.27,2.15
2017-12-05,25.08,28.57,22.23,1.47,89.61,14.25,2.37
2017-12-06,24.95,28.14,22.62,0.29,88.86,15.96,2.5
2017-12-07,23.96,28.02,20.73,0.01,88.24,14.51,2.24
2017-12-08,23.01,28.35,18.63,0.05,82.67,19.97,1.63
2017-12-09,24.15,29.14,19.34,0.01,76.54,19.08,0.94
2017-12-10,25.01,29.16,22.17,0.05,83.77,17.88,1.45
2017-12-11,25.3,29.48,21.92,0.21,86.81,19.28,1.46
2017-12-12,25.48,29.41,22.73,0.03,86.14,17.64,1.32
2017-12-13,25.2,29.17,22.43,0.0,87.22,16.56,1.72
2017-12-14,25.1,29.0,22.21,0.16,88.62,18.33,2.35
2017-12-15,25.09,28.63,22.78,0.34,88.99,9.61,3.06
2017-12-16,24.83,28.45,22.56,0.07,85.08,17.66,3.33
2017-12-17,24.32,27.75,21.92,0.04,83.74,12.7,3.54
2017-12-18,23.68,27.97,20.87,0.02,81.47,18.16,3.43
2017-12-19,23.96,27.21,21.05,2.72,87.02,11.58,3.77
2017-12-20,24.07,27.84,21.5,1.53,86.76,19.27,4.14
2017-12-21,23.22,27.72,19.67,6.6,88.78,9.05,3.72
2017-12-22,24.54,28.3,21.97,0.85,86.41,14.02,3.41
2017-12-23,23.97,27.75,21.05,0.11,82.68,17.44,3.12
2017-12-24,23.45,27.63,19.9,0.14,86.48,13.18,2.94
2017-12-25,24.28,28.36,21.23,0.61,87.21,11.47,3.52
2017-12-26,23.92,27.7,21.16,0.03,85.56,18.46,3.68
2017-12-27,23.5,27.21,20.83,0.01,85.0,16.86,3.17
2017-12-28,22.69,26.77,20.0,0.0,80.34,18.93,3.01
2017-12-29,23.25,27.7,20.03,0.0,80.84,15.09,2.83
2017-12-30,23.44,28.07,20.32,0.0,83.25,18.65,2.64
2017-12-31,23.62,28.39,19.71,0.01,87.9,19.33,2.33
2018-01-01,24.2,29.61,19.55,0.01,82.93,19.94,1.82
2018-01-02,24.32,29.37,20.18,0.01,84.53,18.52,1.85
2018-01-03,24.4,28.82,21.22,0.0,85.18,17.86,2.7
2018-01-04,23.6,28.26,20.18,0.0,80.95,17.52,2.85
2018-01-05,22.34,27.38,18.62,0.0,80.01,18.02,2.65
2018-01-06,22.11,27.51,17.79,0.0,75.95,17.25,2.34
2018-01-07,21.95,27.15,17.76,0.0,77.56,19.13,2.53
2018-01-08,22.43,27.74,17.29,0.04,81.6,18.92,2.93
2018-01-09,23.82,27.47,20.59,14.57,86.83,7.4,3.34
2018-01-10,24.8,28.55,22.75,6.26,88.65,12.39,3.29
2018-01-11,25.07,28.95,22.68,1.5,88.45,14.69,2.51
2018-01-12,24.88,28.63,22.38,0.42,86.96,19.86,2.5
2018-01-13,24.28,29.18,20.48,0.0,87.82,17.69,2.31
2018-01-14,23.66,29.04,19.47,0.01,85.85,20.46,2.27
2018-01-15,23.99,28.89,20.86,0.02,85.19,19.57,2.45
2018-01-16,24.08,29.23,20.31,0.0,85.06,15.88,2.1
2018-01-17,23.38,28.58,19.41,0.0,80.83,19.6,2.32
2018-01-18,22.27,27.97,17.5,0.0,78.61,21.26,2.8
2018-01-19,22.33,27.61,18.56,0.02,80.09,17.86,2.71
2018-01-20,22.17,27.75,17.49,0.01,80.02,19.51,2.54
2018-01-21,22.22,27.79,17.59,0.03,80.71,19.65,2.7
2018-01-22,22.87,28.73,18.0,0.03,79.19,18.43,2.4
2018-01-23,23.5,29.3,18.72,0.0,78.5,19.29,2.2
2018-01-24,23.71,29.42,19.31,0.0,79.5,18.76,2.31
2018-01-25,23.86,29.98,19.26,0.0,80.05,19.56,2.65
2018-01-26,23.46,29.86,18.51,0.0,77.67,19.3,2.41
2018-01-27,23.72,29.8,18.75,0.0,74.99,17.49,2.79
2018-01-28,24.05,29.43,20.33,0.0,77.13,17.8,3.08
2018-01-29,24.07,29.71,19.43,0.08,77.55,20.16,3.4
2018-01-30,23.8,30.04,19.44,0.01,74.47,21.52,3.38
2018-01-31,23.1,29.92,18.43,0.0,73.49,22.82,3.16
2018-02-01,22.49,30.06,16.6,0.0,75.95,23.4,2.58
2018-02-02,22.63,30.29,16.53,0.0,72.89,23.39,2.56
2018-02-03,22.65,29.76,16.84,0.0,73.79,22.31,2.55
2018-02-04,23.06,28.64,18.08,0.0,73.84,22.84,2.67
2018-02-05,24.5,30.4,19.77,0.01,73.87,19.88,3.07
2018-02-06,25.48,30.05,21.93,0.98,82.42,16.32,2.91
2018-02-07,26.03,30.11,23.04,2.48,83.53,16.18,1.79
2018-02-08,25.7,30.1,22.62,0.6,81.22,15.2,1.73
2018-02-09,25.67,31.54,22.06,0.0,77.86,21.39,1.78
2018-02-10,25.35,30.11,21.44,0.0,78.45,21.92,1.96
2018-02-11,25.9,30.42,22.31,0.01,77.17,20.95,2.18
2018-02-12,25.91,31.07,22.68,0.01,74.15,18.07,2.86
2018-02-13,25.09,29.43,22.12,0.0,76.73,18.27,2.59
2018-02-14,25.98,31.97,21.58,0.01,75.36,19.8,3.14
2018-02-15,25.97,31.76,22.08,0.06,76.19,19.96,3.57
2018-02-16,25.76,32.29,21.56,0.03,70.96,21.84,3.11
2018-02-17,25.11,31.74,20.92,0.0,75.0,21.68,2.11
2018-02-18,25.2,32.09,20.54,0.0,72.56,23.08,2.44
2018-02-19,24.6,31.67,19.26,0.0,73.07,23.23,2.63
2018-02-20,25.0,32.1,19.64,0.0,73.3,22.97,2.94
2018-02-21,24.99,32.26,19.98,0.0,71.78,23.51,2.58
2018-02-22,24.64,32.24,18.84,0.0,70.61,24.27,2.73
2018-02-23,24.85,32.16,19.09,0.01,71.67,24.42,2.74
2018-02-24,25.86,32.69,20.36,0.03,71.44,22.78,2.89
2018-02-25,26.6,32.89,22.1,0.32,71.91,23.69,3.43
2018-02-26,27.03,33.93,21.14,0.02,71.33,25.0,3.05
2018-02-27,27.17,33.74,22.02,0.15,72.63,23.13,2.81
2018-02-28,27.14,34.37,22.25,0.35,72.07,24.68,2.79
2018-03-01,27.04,34.24,21.62,0.13,70.83,24.67,2.46
2018-03-02,26.53,34.85,20.28,0.03,69.13,25.42,2.47
2018-03-03,26.65,35.3,20.08,0.01,65.36,25.37,2.0
2018-03-04,26.4,35.45,19.41,0.0,64.39,26.16,1.87
2018-03-05,26.32,34.92,20.16,0.0,65.94,26.65,2.15
2018-03-06,26.38,35.15,19.28,0.0,65.56,26.6,2.35
2018-03-07,26.94,34.82,20.98,0.03,70.59,24.64,2.35
2018-03-08,27.16,34.99,21.06,0.03,69.25,24.64,2.54
2018-03-09,27.3,34.96,21.38,0.03,69.97,21.14,2.81
2018-03-10,28.05,35.62,22.2,0.03,68.69,19.06,2.91
2018-03-11,27.98,35.02,22.85,0.07,71.01,22.14,2.84
2018-03-12,28.2,33.69,24.19,0.99,73.25,21.09,3.52
2018-03-13,27.93,31.79,25.12,2.22,74.01,17.01,2.83
2018-03-14,28.7,34.37,24.15,0.66,70.38,20.88,2.08
2018-03-15,28.96,33.9,24.9,0.65,70.69,21.9,2.15
2018-03-16,29.4,35.24,24.97,2.64,69.88,20.97,2.18
2018-03-17,27.12,29.37,25.3,4.08,78.41,11.09,2.25
2018-03-18,28.62,34.95,24.5,0.19,68.11,23.24,2.87
2018-03-19,28.31,34.88,23.4,0.0,63.93,24.48,2.62
2018-03-20,28.2,35.84,22.6,0.0,65.41,25.2,2.3
2018-03-21,29.31,37.82,22.7,0.0,60.44,24.39,1.49
2018-03-22,30.29,38.53,23.62,0.0,56.27,22.28,1.96
2018-03-23,30.52,36.66,25.84,0.12,62.03,21.19,2.46
2018-03-24,30.43,37.58,25.49,0.02,60.29,20.62,2.37
2018-03-25,29.14,36.41,23.92,0.0,63.92,22.05,2.59
2018-03-26,29.18,36.89,23.12,0.04,62.4,20.41,2.38
2018-03-27,29.66,35.39,24.94,0.19,68.8,22.51,1.98
2018-03-28,30.78,37.95,25.37,0.05,64.59,23.61,2.17
2018-03-29,31.08,38.35,25.32,0.03,63.86,23.79,2.34
2018-03-30,30.42,35.52,26.25,0.04,64.85,23.4,2.45
2018-03-31,30.94,38.05,25.76,0.43,66.47,22.8,2.55
2018-04-01,30.54,37.13,26.42,0.47,66.91,21.49,2.7
2018-04-02,30.44,37.09,25.94,0.08,66.67,21.71,2.37
2018-04-03,30.32,36.96,25.73,0.04,65.45,22.27,2.28
2018-04-04,30.38,37.61,25.07,0.01,63.95,24.02,2.22
2018-04-05,29.97,36.84,25.11,0.0,63.75,24.16,2.47
2018-04-06,30.31,37.81,24.55,0.0,61.46,21.23,2.21
2018-04-07,30.36,37.56,24.73,0.08,66.0,23.95,2.57
2018-04-08,30.07,35.95,25.42,0.31,66.58,23.5,2.9
2018-04-09,30.32,36.03,26.42,1.38,63.75,22.04,2.99
2018-04-10,29.59,34.38,26.14,5.11,71.16,22.08,2.72
2018-04-11,30.13,34.6,26.24,0.36,68.03,21.96,2.13
2018-04-12,30.23,36.2,26.19,0.46,67.73,22.03,2.42
2018-04-13,30.6,36.59,26.41,2.53,65.71,21.35,2.75
2018-04-14,30.24,35.16,26.44,2.16,67.63,19.9,2.28
2018-04-15,30.32,35.27,27.03,3.17,67.03,20.05,2.17
2018-04-16,29.93,34.41,26.59,0.84,70.11,22.17,1.86
2018-04-17,31.29,38.21,26.76,0.03,62.0,22.3,2.25
2018-04-18,31.96,39.37,26.09,0.05,59.39,24.5,2.55
2018-04-19,31.33,37.3,27.17,0.07,64.61,20.33,2.77
2018-04-20,32.06,39.38,26.5,0.36,61.3,22.71,2.86
2018-04-21,31.47,37.52,26.93,0.25,63.21,23.41,2.82
2018-04-22,32.16,38.84,27.19,0.18,60.12,25.33,2.64
2018-04-23,31.43,36.67,27.25,0.29,62.68,23.93,2.42
2018-04-24,31.97,38.97,26.47,0.05,60.42,24.98,2.63
2018-04-25,31.77,37.99,27.31,0.29,62.76,23.88,2.49
2018-04-26,31.89,38.17,27.13,0.59,62.16,23.75,2.6
2018-04-27,31.12,35.07,27.86,0.26,66.21,22.7,2.47
2018-04-28,31.43,36.49,26.98,0.28,62.79,22.86,2.93
2018-04-29,31.52,36.54,27.72,0.17,65.12,18.85,2.65
2018-04-30,32.72,38.94,27.62,1.09,60.07,23.25,3.25
2018-05-01,31.71,35.96,28.36,2.71,66.17,20.59,2.44
2018-05-02,31.34,35.08,28.15,0.63,68.02,19.66,1.84
2018-05-03,31.27,35.32,28.38,1.04,69.21,20.35,2.13
2018-05-04,30.85,36.25,27.03,2.54,68.25,20.34,2.3
2018-05-05,30.66,34.82,27.16,1.06,66.06,24.4,2.02
2018-05-06,30.64,34.6,27.26,1.34,65.66,23.59,2.72
2018-05-07,31.23,36.42,26.67,1.21,64.19,21.21,2.94
2018-05-08,30.9,34.65,27.47,2.59,64.67,21.3,2.7
2018-05-09,29.52,33.43,26.6,5.87,66.98,19.66,2.83
2018-05-10,29.07,33.34,25.42,6.72,72.69,22.29,2.54
2018-05-11,30.66,36.22,25.97,1.12,68.36,25.14,2.92
2018-05-12,31.09,35.88,26.98,0.6,66.67,23.81,2.47
2018-05-13,31.26,36.23,27.22,1.18,64.53,22.26,2.73
2018-05-14,31.31,36.83,26.59,3.67,64.14,23.65,2.38
2018-05-15,29.9,33.98,27.11,1.62,63.38,19.81,1.72
2018-05-16,29.95,34.33,26.54,0.96,68.35,23.14,1.92
2018-05-17,30.25,34.62,26.33,0.93,67.96,19.92,2.71
2018-05-18,30.71,35.24,26.36,0.32,64.56,20.08,3.01
2018-05-19,31.51,37.74,26.69,0.48,63.4,17.06,2.73
2018-05-20,32.27,38.5,26.94,1.24,61.64,22.2,2.44
2018-05-21,31.5,36.2,28.16,2.1,60.97,19.62,3.46
2018-05-22,31.73,37.32,27.05,3.11,60.78,19.35,2.17
2018-05-23,31.07,35.57,27.85,2.42,66.43,19.56,1.96
2018-05-24,30.39,34.3,26.81,2.22,68.84,17.95,1.89
2018-05-25,29.27,32.36,26.6,10.31,72.96,16.82,1.14
2018-05-26,28.88,31.69,26.33,1.47,74.74,18.52,1.91
2018-05-27,29.6,32.9,26.62,1.43,73.74,20.47,3.1
2018-05-28,29.43,32.48,27.22,1.3,75.88,23.77,4.32
2018-05-29,31.06,36.87,27.1,0.22,65.51,24.84,4.03
2018-05-30,31.78,37.19,26.99,0.04,61.19,23.83,3.88
2018-05-31,32.37,37.82,27.42,0.11,59.74,18.85,3.51
2018-06-01,30.78,34.21,27.87,1.41,67.24,18.79,2.86
2018-06-02,30.64,35.06,27.05,2.5,69.2,18.16,2.29
2018-06-03,30.23,35.42,27.13,6.9,69.59,17.67,3.19
2018-06-04,29.32,32.94,26.45,3.04,74.13,21.0,2.45
2018-06-05,29.94,34.47,26.15,3.95,70.19,21.53,2.7
2018-06-06,30.09,35.34,25.97,6.23,67.47,21.96,2.82
2018-06-07,30.46,35.97,25.77,3.8,63.93,19.33,4.12
2018-06-08,30.96,36.66,26.24,0.62,62.39,19.97,4.68
2018-06-09,30.19,34.36,27.08,0.53,63.99,17.43,5.72
2018-06-10,30.18,34.12,25.85,0.11,65.66,19.64,5.07
2018-06-11,30.94,35.73,26.94,0.18,63.71,18.16,5.32
2018-06-12,30.63,35.01,27.02,0.15,64.68,16.52,4.65
2018-06-13,30.26,34.96,26.75,0.09,62.67,18.68,4.57
2018-06-14,31.32,38.04,25.87,0.04,54.56,19.23,4.85
2018-06-15,31.65,38.21,26.09,0.38,52.06,18.11,4.42
2018-06-16,30.62,38.0,26.16,10.93,58.71,20.23,3.62
2018-06-17,29.7,35.27,24.96,3.22,60.68,22.16,3.95
2018-06-18,30.67,37.49,24.77,0.36,53.79,23.24,4.4
2018-06-19,30.84,36.67,25.43,0.45,59.92,22.94,4.32
2018-06-20,30.82,36.55,26.11,0.38,60.51,20.83,4.64
2018-06-21,29.82,34.2,26.34,0.93,64.04,20.67,3.78
2018-06-22,30.45,35.84,25.71,0.65,59.26,18.31,3.84
2018-06-23,31.19,37.51,25.94,0.15,55.39,18.65,3.93
2018-06-24,30.99,36.39,26.65,1.21,57.59,21.23,3.38
2018-06-25,30.45,36.11,25.25,0.88,54.92,22.19,4.11
2018-06-26,29.81,35.78,25.23,1.62,58.07,19.43,4.88
2018-06-27,30.42,36.12,25.99,1.68,58.33,17.46,4.25
2018-06-28,30.16,36.66,25.31,0.53,58.19,17.96,4.53
2018-06-29,30.19,36.07,25.89,0.73,58.17,20.63,2.65
2018-06-30,29.79,35.58,25.61,4.88,61.06,19.35,2.06
2018-07-01,28.94,33.45,25.17,12.26,70.6,19.23,1.91
2018-07-02,29.27,35.06,24.76,13.39,70.08,20.44,2.73
2018-07-03,28.26,33.0,24.41,11.51,73.41,22.41,2.42
2018-07-04,29.75,35.06,25.27,1.09,67.13,22.29,2.62
2018-07-05,30.27,36.38,25.3,0.63,63.11,24.28,3.11
2018-07-06,30.88,37.64,25.09,0.09,59.49,19.18,3.94
2018-07-07,29.57,33.83,26.46,0.0,60.34,14.24,4.56
2018-07-08,29.33,33.41,25.64,0.28,64.26,14.3,4.56
2018-07-09,29.12,33.24,26.06,1.0,68.01,17.43,4.8
2018-07-10,29.05,33.18,25.52,0.88,68.36,18.57,4.07
2018-07-11,29.05,33.79,25.18,0.45,65.7,13.55,5.46
2018-07-12,29.68,35.78,25.2,0.08,62.29,20.95,5.29
2018-07-13,30.2,36.67,25.46,0.32,62.48,16.93,4.89
2018-07-14,29.91,34.07,26.15,0.06,64.09,17.25,4.68
2018-07-15,29.86,34.47,26.28,0.04,62.97,15.97,5.62
2018-07-16,30.18,36.22,25.53,0.04,60.4,18.34,5.84
2018-07-17,30.79,37.4,25.89,0.3,56.16,20.54,6.1
2018-07-18,30.53,35.97,26.53,0.11,59.44,17.57,5.51
2018-07-19,30.17,35.62,26.5,2.6,62.82,15.46,4.95
2018-07-20,29.67,34.73,25.89,0.87,63.63,17.06,4.9
2018-07-21,30.35,35.9,26.32,0.02,60.42,16.29,5.34
2018-07-22,30.85,37.14,25.47,0.01,58.63,19.55,4.77
2018-07-23,31.3,37.9,25.82,0.28,57.66,18.47,4.47
2018-07-24,31.05,37.16,26.01,0.6,58.77,18.75,4.3
2018-07-25,31.1,37.18,26.34,0.8,58.52,22.17,3.81
2018-07-26,30.75,36.41,26.48,0.27,60.04,17.65,3.86
2018-07-27,30.97,37.0,26.03,0.08,58.22,15.86,4.03
2018-07-28,30.93,36.6,26.18,0.09,57.8,19.39,3.47
2018-07-29,30.69,35.55,26.88,0.23,60.5,18.43,3.8
2018-07-30,30.02,33.54,27.08,0.61,64.46,15.47,3.73
2018-07-31,29.98,34.17,26.64,4.2,62.89,17.51,3.98
2018-08-01,30.65,36.54,25.59,0.43,59.13,18.99,4.19
2018-08-02,31.28,38.21,25.8,0.39,57.38,20.37,3.69
2018-08-03,29.31,33.43,26.38,2.96,63.71,15.91,4.46
2018-08-04,30.55,37.23,24.68,0.62,56.08,18.92,3.67
2018-08-05,30.83,36.28,26.41,0.41,57.31,17.9,3.57
2018-08-06,31.24,37.87,26.01,0.39,55.23,19.91,5.41
2018-08-07,30.98,38.16,25.13,0.02,54.24,16.92,5.63
2018-08-08,30.53,36.78,25.87,0.1,56.09,18.66,5.53
2018-08-09,30.8,36.74,25.56,0.4,55.2,19.15,4.54
2018-08-10,29.93,34.4,26.14,2.44,60.53,16.11,4.1
2018-08-11,30.39,36.49,25.77,0.5,57.3,9.15,4.91
2018-08-12,29.27,34.47,25.81,1.08,61.13,14.48,5.47
2018-08-13,29.67,35.81,24.93,0.61,57.6,17.32,5.28
2018-08-14,30.15,35.8,26.1,1.29,58.44,11.87,5.81
2018-08-15,28.86,31.47,26.6,2.49,65.04,16.25,6.17
2018-08-16,29.62,35.48,25.86,1.34,61.13,19.08,6.31
2018-08-17,31.16,37.81,26.29,0.16,57.11,17.64,5.39
2018-08-18,30.44,35.66,26.25,0.19,58.22,18.25,5.41
2018-08-19,30.5,36.3,25.93,0.02,57.63,13.42,4.97
2018-08-20,31.09,37.37,26.07,0.0,54.58,18.49,5.0
2018-08-21,31.75,39.02,25.7,0.02,51.9,23.68,4.72
2018-08-22,31.34,37.38,26.21,0.03,51.17,22.59,3.77
2018-08-23,31.19,36.47,27.1,1.37,54.98,21.32,3.03
2018-08-24,30.28,34.92,26.55,2.94,59.93,16.17,2.71
2018-08-25,30.67,35.08,26.37,1.84,60.1,16.64,1.81
2018-08-26,30.78,36.89,26.23,3.52,59.19,18.67,2.42
2018-08-27,30.67,36.63,26.66,5.0,59.01,18.64,2.98
2018-08-28,30.3,37.23,24.55,2.09,61.9,17.49,3.25
2018-08-29,30.35,36.62,25.15,1.0,60.85,21.17,2.93
2018-08-30,30.08,36.09,25.74,6.52,64.53,22.0,2.69
2018-08-31,28.78,33.52,25.11,3.56,69.87,15.44,2.47
2018-09-01,27.84,30.98,25.03,4.85,70.65,15.26,2.71
2018-09-02,28.96,33.33,25.19,0.63,69.47,13.44,1.91
2018-09-03,30.36,35.86,25.73,0.2,61.85,24.21,2.36
2018-09-04,30.67,37.14,25.73,0.2,61.91,24.24,2.62
2018-09-05,30.8,37.27,25.7,0.02,58.99,23.39,2.61
2018-09-06,31.05,38.28,25.67,0.01,56.4,22.43,3.22
2018-09-07,31.66,39.01,25.39,0.0,50.07,24.22,3.77
2018-09-08,32.07,39.25,26.36,0.02,50.33,25.07,2.96
2018-09-09,31.48,36.67,26.98,0.55,54.7,20.18,2.2
2018-09-10,29.82,34.47,26.6,1.27,59.87,18.6,1.84
2018-09-11,31.0,38.04,24.97,0.13,57.9,22.55,2.28
2018-09-12,31.83,39.08,25.96,0.37,55.58,22.7,2.07
2018-09-13,31.72,38.61,26.78,1.73,57.14,20.73,2.39
2018-09-14,30.26,36.32,25.75,6.44,66.03,22.0,2.77
2018-09-15,29.65,34.07,26.0,2.44,66.06,22.14,2.73
2018-09-16,27.58,33.01,23.65,25.96,74.84,20.53,2.68
2018-09-17,28.23,32.72,24.51,2.7,71.07,14.44,2.25
2018-09-18,29.74,34.64,25.31,2.52,63.99,17.13,2.17
2018-09-19,29.57,35.97,25.05,3.72,65.18,11.71,2.28
2018-09-20,30.1,36.86,25.25,0.32,59.11,20.28,2.62
2018-09-21,29.68,36.09,24.09,0.23,62.92,15.35,3.12
2018-09-22,29.65,36.16,24.38,0.31,62.23,23.44,1.95
2018-09-23,29.18,33.81,25.85,1.26,72.18,21.59,1.62
2018-09-24,29.12,33.8,25.6,1.22,72.91,21.81,1.68
2018-09-25,29.13,33.56,25.66,0.94,71.39,19.79,1.34
2018-09-26,28.96,33.57,25.66,0.35,71.26,22.69,1.61
2018-09-27,28.88,34.38,25.47,14.44,74.18,19.36,1.79
2018-09-28,28.06,31.88,25.34,3.98,76.11,16.0,1.54
2018-09-29,29.06,34.54,24.88,2.76,72.53,19.85,2.01
2018-09-30,28.71,32.99,25.51,2.98,74.53,22.48,1.85
2018-10-01,28.78,33.01,25.7,0.92,75.63,21.24,2.1
2018-10-02,28.17,31.46,25.54,1.36,77.97,18.37,2.0
2018-10-03,27.37,30.36,25.55,22.21,84.56,13.37,1.91
2018-10-04,26.42,28.91,25.04,28.27,87.26,2.92,2.62
2018-10-05,26.91,29.78,25.0,26.66,88.1,4.03,2.55
2018-10-06,27.11,30.86,24.51,18.79,84.25,13.67,2.04
2018-10-07,27.27,30.76,24.55,4.84,83.12,20.31,1.27
2018-10-08,26.85,29.3,24.89,9.66,85.58,11.51,1.07
2018-10-09,26.84,30.1,24.25,2.51,81.74,18.01,1.29
2018-10-10,27.8,32.8,23.39,0.16,75.86,19.29,2.06
2018-10-11,28.67,34.79,23.62,0.2,71.62,20.01,2.23
2018-10-12,28.45,33.79,24.79,0.21,78.75,20.92,3.1
2018-10-13,27.56,31.24,24.94,1.44,82.07,18.72,2.89
2018-10-14,28.16,33.09,24.25,2.69,79.3,18.24,2.28
2018-10-15,27.69,31.78,24.95,3.03,81.68,14.79,1.43
2018-10-16,27.2,30.28,25.06,4.9,84.24,15.15,1.51
2018-10-17,26.95,30.62,24.08,4.86,78.78,16.27,1.32
2018-10-18,26.97,31.08,23.32,1.0,79.35,10.87,1.25
2018-10-19,26.37,28.92,24.38,1.19,82.52,15.68,1.33
2018-10-20,27.2,31.5,23.67,1.68,79.02,19.23,1.97
2018-10-21,26.26,28.51,24.23,11.63,89.12,8.08,2.54
2018-10-22,26.62,30.19,24.11,1.59,83.03,15.38,2.57
2018-10-23,26.25,31.57,22.08,0.01,78.47,18.16,2.2
2018-10-24,26.6,31.76,22.05,1.09,81.71,20.02,1.98
2018-10-25,26.76,30.97,23.84,0.79,80.51,18.06,2.97
2018-10-26,27.48,31.63,24.61,0.13,75.63,17.32,3.65
2018-10-27,27.08,31.46,24.06,0.4,76.16,18.41,3.49
2018-10-28,26.84,32.41,22.56,0.02,74.42,20.58,3.34
2018-10-29,27.5,34.05,21.7,0.43,73.81,19.58,3.18
2018-10-30,27.93,33.39,24.01,2.41,79.16,17.22,3.15
2018-10-31,26.61,29.61,24.86,8.08,87.13,15.17,2.69
2018-11-01,26.55,29.9,24.45,29.61,87.55,7.27,2.69
2018-11-02,26.06,28.58,24.45,32.22,89.16,4.69,2.34
2018-11-03,25.96,28.63,24.03,12.1,89.78,17.34,2.16
2018-11-04,26.74,31.0,23.74,1.01,83.81,20.0,2.49
2018-11-05,26.43,29.76,23.94,1.07,83.8,22.18,2.16
2018-11-06,26.37,30.25,23.79,0.48,83.59,15.7,2.6
2018-11-07,25.93,29.39,23.48,0.85,83.04,18.37,2.66
2018-11-08,25.27,28.25,22.7,19.96,90.53,5.59,2.63
2018-11-09,26.04,29.93,23.72,0.53,85.34,18.87,2.66
2018-11-10,25.76,30.26,22.55,0.07,82.95,19.58,2.56
2018-11-11,25.48,30.27,21.78,0.03,81.67,18.26,2.36
2018-11-12,25.21,30.67,20.7,0.01,79.59,19.39,1.93
2018-11-13,25.46,31.38,20.13,0.01,73.56,19.03,1.48
2018-11-14,25.37,31.32,20.21,0.01,73.42,20.64,1.61
2018-11-15,25.69,29.87,21.35,11.89,85.14,12.74,3.26
2018-11-16,25.58,26.91,24.12,34.91,92.47,8.96,3.61
2018-11-17,26.5,30.11,23.62,1.31,85.33,16.52,1.19
2018-11-18,26.11,29.38,23.83,3.41,88.55,17.2,1.63
2018-11-19,26.13,29.36,23.61,5.51,89.38,17.4,2.06
2018-11-20,25.23,26.82,24.24,19.09,92.5,8.75,3.32
2018-11-21,25.08,26.83,24.0,10.61,91.3,7.15,4.54
2018-11-22,25.25,26.35,24.29,11.79,93.41,10.44,3.91
2018-11-23,26.34,29.11,24.54,45.3,89.32,8.14,2.14
2018-11-24,25.93,29.33,23.13,2.73,86.39,14.95,2.86
2018-11-25,24.92,28.99,21.76,0.29,87.14,15.03,2.46
2018-11-26,24.03,28.32,21.11,0.01,83.24,17.64,2.63
2018-11-27,23.81,28.48,20.03,0.02,80.95,18.68,2.55
2018-11-28,24.56,28.78,20.63,4.61,86.16,16.01,3.16
2018-11-29,25.28,28.6,23.39,25.65,90.07,5.42,3.3
2018-11-30,25.26,28.93,22.97,3.04,87.69,18.51,3.02
2018-12-01,24.5,28.37,21.73,0.2,85.05,18.77,2.75
2018-12-02,24.46,28.92,20.5,0.08,84.51,18.84,2.48
2018-12-03,25.27,29.26,21.69,6.74,89.06,15.32,2.99
2018-12-04,25.54,28.77,23.49,11.93,90.62,12.86,2.17
2018-12-05,25.86,29.36,23.69,3.37,89.34,10.5,2.17
2018-12-06,25.78,29.41,23.4,1.28,86.1,16.92,2.2
2018-12-07,25.81,29.54,23.17,1.66,86.43,17.06,2.77
2018-12-08,25.34,29.16,22.98,0.14,85.84,13.97,2.73
2018-12-09,24.93,29.19,21.87,0.01,86.76,15.42,2.77
2018-12-10,24.32,28.81,21.13,0.0,86.02,14.0,2.2
2018-12-11,23.84,28.45,20.31,0.0,87.7,17.86,2.1
2018-12-12,24.2,29.26,20.14,0.0,86.87,17.24,2.0
2018-12-13,24.44,29.47,20.89,0.01,85.53,14.16,2.13
2018-12-14,24.63,29.11,21.0,0.86,87.36,19.18,3.33
2018-12-15,24.66,28.59,21.95,0.62,84.48,15.16,4.28
2018-12-16,22.76,27.04,19.4,0.05,84.64,9.26,3.09
2018-12-17,23.76,30.25,18.5,0.0,77.77,15.7,1.72
2018-12-18,24.48,29.22,20.62,0.0,85.48,14.93,1.71
2018-12-19,23.97,27.79,21.34,0.01,84.39,17.62,2.79
2018-12-20,23.9,28.68,20.16,0.01,85.77,18.62,2.59
2018-12-21,25.04,29.12,22.38,0.89,87.06,13.82,3.11
2018-12-22,24.07,26.58,22.09,11.9,93.23,6.56,3.71
2018-12-23,25.2,28.19,23.48,4.79,90.47,8.25,3.23
2018-12-24,25.05,28.8,22.75,0.51,87.15,13.98,2.92
2018-12-25,24.51,28.85,21.45,0.01,85.57,16.14,2.6
2018-12-26,24.02,29.1,20.42,0.01,85.83,18.9,1.89
2018-12-27,24.06,29.33,19.98,0.0,83.91,17.78,1.57
2018-12-28,24.61,28.74,21.24,0.01,84.61,13.51,1.69
2018-12-29,24.69,28.49,22.13,0.56,83.98,12.1,2.91
2018-12-30,23.88,28.3,20.4,0.04,83.09,16.59,3.31
2018-12-31,23.37,27.91,19.88,0.03,79.02,16.61,3.43
2019-01-01,22.1,27.53,18.12,0.0,77.71,20.21,2.93
2019-01-02,22.08,27.59,17.94,0.0,77.9,19.46,2.85
2019-01-03,22.77,28.32,18.86,0.0,76.85,20.79,2.93
2019-01-04,22.86,28.21,18.76,0.0,77.32,20.63,3.18
2019-01-05,22.97,28.73,18.5,0.0,77.71,19.14,2.88
2019-01-06,23.11,28.65,18.74,0.0,78.21,17.32,2.65
2019-01-07,23.74,29.47,19.34,0.0,78.39,19.93,2.54
2019-01-08,23.24,29.43,19.03,0.0,78.9,20.48,2.72
2019-01-09,22.78,29.4,17.55,0.0,78.21,20.86,2.49
2019-01-10,22.95,29.21,17.71,0.0,78.65,20.77,2.75
2019-01-11,23.45,29.36,19.15,0.06,77.47,19.33,2.79
2019-01-12,23.35,29.55,18.4,0.03,76.6,20.14,3.15
2019-01-13,23.87,29.42,19.4,0.21,79.52,16.64,3.12
2019-01-14,24.23,29.6,20.45,0.01,77.25,19.74,2.98
2019-01-15,23.72,29.95,18.84,0.02,74.96,17.99,3.23
2019-01-16,23.98,30.12,19.82,0.0,74.48,18.45,3.29
2019-01-17,23.55,29.72,18.57,0.01,72.93,16.83,2.82
2019-01-18,23.18,29.42,18.44,0.02,72.03,17.22,2.82
2019-01-19,23.21,29.63,18.3,0.03,72.1,20.9,2.6
2019-01-20,23.29,29.81,18.45,0.04,71.28,17.29,2.95
2019-01-21,23.36,30.34,17.99,0.0,71.17,15.41,2.56
2019-01-22,23.93,30.87,18.03,0.02,75.0,20.2,2.31
2019-01-23,24.74,31.32,19.37,0.0,75.55,20.08,2.36
2019-01-24,25.17,31.68,19.83,0.0,76.8,20.73,2.34
2019-01-25,26.26,31.99,21.6,0.02,76.62,17.05,2.12
2019-01-26,26.57,32.21,22.45,0.02,75.28,17.1,2.38
2019-01-27,26.51,32.37,22.51,0.0,71.36,17.01,2.44
2019-01-28,26.23,32.1,22.17,0.0,70.33,16.8,2.54
2019-01-29,25.92,31.03,22.46,0.02,70.61,16.71,3.39
2019-01-30,25.4,31.05,21.43,0.02,72.85,17.52,3.65
2019-01-31,25.32,31.26,20.71,0.0,71.66,19.7,3.22
2019-02-01,25.48,31.3,20.69,0.04,71.33,17.81,2.95
2019-02-02,25.73,32.23,20.79,0.01,71.33,19.33,3.02
2019-02-03,25.85,32.61,20.61,0.01,70.59,21.71,3.04
2019-02-04,26.52,32.12,22.58,1.2,74.04,15.8,3.73
2019-02-05,26.65,32.13,23.28,0.46,73.67,17.94,3.47
2019-02-06,26.39,32.71,21.59,0.02,69.17,21.07,2.73
2019-02-07,26.6,33.21,21.55,0.0,70.79,21.29,2.28
2019-02-08,27.58,34.45,22.31,0.05,71.28,21.4,1.83
2019-02-09,28.05,34.0,23.46,0.72,72.61,17.17,1.98
2019-02-10,27.54,33.47,23.61,0.17,72.86,16.51,2.4
2019-02-11,27.74,33.64,24.29,0.01,68.59,18.36,3.69
2019-02-12,27.19,32.73,23.66,0.02,68.36,20.77,4.08
2019-02-13,26.66,33.01,22.25,0.01,69.38,21.54,3.62
2019-02-14,27.41,33.48,23.01,0.01,71.79,18.43,3.28
2019-02-15,27.84,33.98,23.35,0.01,69.4,19.21,2.64
2019-02-16,28.53,35.83,22.85,0.0,67.08,20.44,1.94
2019-02-17,29.61,36.74,24.39,0.47,65.08,19.66,1.56
2019-02-18,29.52,35.04,25.47,2.48,68.14,19.14,2.13
2019-02-19,28.82,34.62,24.86,0.72,70.98,19.1,2.6
2019-02-20,27.95,34.23,23.28,0.0,69.35,21.98,2.95
2019-02-21,27.88,34.17,23.7,0.01,64.65,22.58,3.03
2019-02-22,26.96,34.23,21.83,0.0,62.65,25.13,2.97
2019-02-23,27.14,34.7,21.71,0.0,65.27,25.26,2.41
2019-02-24,27.2,35.03,21.6,0.0,65.7,25.1,2.37
2019-02-25,27.5,36.24,21.31,0.0,64.47,25.44,1.99
2019-02-26,28.6,36.75,22.19,0.02,67.5,24.09,2.26
2019-02-27,29.62,36.46,24.41,0.08,66.67,20.98,2.51
2019-02-28,29.68,35.71,25.2,0.18,65.88,19.3,2.43
2019-03-01,29.51,35.98,25.16,0.15,68.1,19.38,2.71
2019-03-02,28.81,34.94,24.88,0.01,63.51,22.23,3.04
2019-03-03,29.03,36.09,24.55,0.01,63.3,23.44,2.66
2019-03-04,29.08,36.57,23.92,0.0,62.88,24.05,2.19
2019-03-05,30.35,39.03,23.3,0.0,59.28,23.82,2.27
2019-03-06,30.94,39.18,24.34,0.01,60.14,23.33,2.98
2019-03-07,31.37,39.08,25.61,0.08,61.76,23.96,3.03
2019-03-08,31.07,37.98,26.34,0.09,63.49,22.58,2.89
2019-03-09,30.09,35.3,26.49,0.44,65.24,20.66,2.51
2019-03-10,29.99,37.33,24.66,0.01,63.95,22.8,2.73
2019-03-11,29.3,36.62,24.07,0.0,62.82,25.06,2.37
2019-03-12,28.8,36.72,22.89,0.0,61.79,25.06,2.5
2019-03-13,28.32,36.16,22.27,0.0,63.77,24.95,2.6
2019-03-14,28.89,36.93,22.98,0.0,59.0,25.37,2.53
2019-03-15,28.58,36.23,22.9,0.0,61.43,24.95,2.68
2019-03-16,28.53,36.16,22.9,0.0,65.34,24.59,2.74
2019-03-17,28.83,36.5,22.75,0.0,64.19,25.17,2.84
2019-03-18,29.24,36.56,23.84,0.03,64.67,25.33,2.77
2019-03-19,29.76,37.38,24.48,0.01,63.2,25.06,2.52
2019-03-20,29.43,37.0,23.92,0.0,64.09,22.73,2.69
2019-03-21,28.93,36.79,22.47,0.0,63.19,26.21,2.54
2019-03-22,29.87,38.0,23.51,0.02,63.37,24.87,2.39
2019-03-23,30.52,39.01,24.36,0.0,62.63,25.14,2.39
2019-03-24,30.65,39.21,24.16,0.0,59.31,24.59,2.29
2019-03-25,30.4,38.46,24.45,0.0,58.0,25.39,2.44
2019-03-26,29.93,37.96,24.28,0.0,59.1,25.93,2.68
2019-03-27,29.82,38.31,23.06,0.0,55.94,26.71,2.11
2019-03-28,30.0,38.93,23.07,0.0,55.54,26.66,2.14
2019-03-29,31.03,39.87,23.83,0.0,52.09,25.62,2.34
2019-03-30,31.18,39.07,24.7,0.0,52.99,25.59,2.58
2019-03-31,32.12,40.74,24.84,0.0,53.51,26.02,2.45
2019-04-01,31.9,39.72,26.06,0.0,53.6,26.34,3.16
2019-04-02,31.26,38.9,25.17,0.0,58.92,25.27,2.83
2019-04-03,30.71,38.26,25.45,0.0,60.39,24.85,2.97
2019-04-04,31.08,38.66,24.74,0.0,60.41,26.66,2.63
2019-04-05,31.62,39.07,25.78,0.01,60.4,25.83,2.25
2019-04-06,31.26,39.21,25.13,0.01,58.67,26.35,2.25
2019-04-07,31.47,39.91,24.77,0.0,60.75,24.3,2.77
2019-04-08,31.99,39.23,26.08,0.02,60.61,25.5,2.9
2019-04-09,32.16,38.83,27.12,0.06,60.43,24.94,2.98
2019-04-10,31.95,38.71,27.05,0.03,61.08,25.28,2.67
2019-04-11,31.8,39.25,25.96,0.11,59.13,26.08,2.35
2019-04-12,32.06,40.4,25.76,0.07,57.9,26.54,2.47
2019-04-13,31.37,38.99,25.49,0.05,59.08,26.07,2.31
2019-04-14,31.69,39.81,25.03,0.0,54.29,26.64,2.27
2019-04-15,32.02,39.92,25.27,0.0,54.76,27.19,2.49
2019-04-16,32.51,40.41,26.29,0.04,54.37,26.43,2.81
2019-04-17,32.03,36.7,28.0,0.19,52.03,24.3,2.12
2019-04-18,31.55,35.94,28.29,0.88,62.92,23.05,2.48
2019-04-19,31.87,38.07,27.09,1.36,62.24,24.5,2.55
2019-04-20,32.14,38.54,27.56,2.72,59.8,23.34,3.0
2019-04-21,32.26,38.56,27.23,2.03,58.79,21.22,2.49
2019-04-22,32.52,39.83,27.44,1.1,58.67,23.07,2.54
2019-04-23,32.19,39.06,27.1,0.28,56.57,20.88,2.51
2019-04-24,31.43,36.85,26.99,0.05,57.02,24.38,1.87
2019-04-25,32.22,38.87,26.97,0.02,56.87,23.85,2.1
2019-04-26,31.88,37.54,27.61,0.01,58.22,24.08,1.92
2019-04-27,32.09,37.29,28.0,0.05,60.12,22.7,2.4
2019-04-28,32.74,39.13,27.41,0.25,58.09,19.25,2.49
2019-04-29,33.02,39.58,28.47,0.73,57.97,18.75,2.6
2019-04-30,33.15,38.7,28.32,0.62,55.07,14.85,2.78
2019-05-01,32.7,36.9,28.9,1.66,53.1,15.31,3.5
2019-05-02,34.62,42.27,28.78,0.29,46.93,19.1,3.83
2019-05-03,34.5,41.42,29.05,0.11,45.01,23.26,4.03
2019-05-04,34.36,41.4,28.91,0.13,48.47,21.75,3.13
2019-05-05,33.41,40.21,29.11,0.41,55.46,22.84,3.0
2019-05-06,32.88,40.24,27.67,0.13,58.95,23.02,3.48
2019-05-07,33.24,39.65,28.43,0.37,56.87,21.67,3.64
2019-05-08,30.55,34.05,28.06,0.78,60.55,18.48,3.07
2019-05-09,32.46,40.0,26.88,0.39,55.54,23.28,3.13
2019-05-10,32.91,39.01,28.45,0.15,59.16,23.81,3.0
2019-05-11,32.88,40.31,27.8,0.04,60.36,24.14,3.53
2019-05-12,32.97,40.16,27.84,0.05,60.94,23.69,3.26
2019-05-13,33.22,39.94,28.42,0.16,58.62,23.81,2.87
2019-05-14,33.89,41.09,29.04,0.23,55.52,22.63,2.42
2019-05-15,33.46,40.43,28.6,0.91,58.38,23.12,2.16
2019-05-16,32.16,36.81,29.05,1.25,64.66,23.07,2.36
2019-05-17,32.79,38.95,28.39,2.11,62.92,23.42,2.53
2019-05-18,32.48,38.3,28.42,1.36,63.67,24.07,2.74
2019-05-19,32.77,39.97,28.08,0.25,61.52,25.14,3.25
2019-05-20,32.64,39.98,27.89,0.09,59.77,25.68,3.25
2019-05-21,32.29,38.58,28.03,0.06,62.03,25.08,3.36
2019-05-22,32.15,37.62,28.18,0.05,63.78,24.21,3.06
2019-05-23,32.49,38.3,28.06,0.12,64.21,23.86,3.65
2019-05-24,32.81,37.52,28.8,0.15,60.04,22.3,3.55
2019-05-25,33.57,38.1,29.41,0.16,55.06,23.39,3.44
2019-05-26,34.06,39.81,29.11,0.15,52.61,23.4,3.69
2019-05-27,33.15,38.84,29.02,0.1,60.56,24.46,3.26
2019-05-28,33.33,38.98,28.69,0.18,61.29,23.03,2.9
2019-05-29,33.1,36.79,29.83,1.61,60.63,22.22,2.51
2019-05-30,33.15,37.53,29.65,1.44,58.54,21.47,2.63
2019-05-31,32.44,37.51,28.98,1.33,53.56,21.63,4.58
2019-06-01,32.72,38.25,27.11,0.39,52.8,20.71,3.38
2019-06-02,33.04,37.62,29.12,1.4,56.46,18.26,3.55
2019-06-03,31.71,35.59,29.02,1.65,59.61,19.55,2.75
2019-06-04,31.84,36.08,28.16,3.37,62.67,21.58,2.78
2019-06-05,31.41,36.37,27.72,3.33,64.77,21.3,3.46
2019-06-06,30.73,34.63,27.44,0.71,69.54,23.17,3.28
2019-06-07,31.68,36.45,27.73,0.61,66.53,20.61,3.24
2019-06-08,31.99,36.67,27.67,0.19,60.75,21.17,3.69
2019-06-09,32.1,37.49,27.87,0.69,57.3,22.76,5.98
2019-06-10,31.82,36.06,28.09,0.15,57.85,21.51,5.08
2019-06-11,32.32,37.71,27.64,0.1,54.86,23.56,4.52
2019-06-12,32.39,36.84,28.25,0.09,54.59,24.06,4.14
2019-06-13,32.64,38.12,27.99,0.35,54.59,21.68,4.41
2019-06-14,32.9,39.85,26.75,0.34,48.88,22.87,4.71
2019-06-15,33.61,40.73,27.21,0.61,43.02,24.03,3.94
2019-06-16,33.16,38.79,28.65,0.5,53.65,23.03,3.64
2019-06-17,33.31,38.62,28.97,0.3,52.77,20.47,3.65
2019-06-18,32.46,36.88,28.74,0.36,53.3,18.35,3.24
2019-06-19,33.02,38.03,28.49,0.28,52.56,21.91,3.65
2019-06-20,33.94,40.57,28.13,0.16,46.58,22.76,3.79
2019-06-21,32.83,37.98,28.28,0.09,47.84,16.23,4.06
2019-06-22,32.36,37.52,28.43,0.04,54.37,21.37,4.6
2019-06-23,32.97,39.02,27.96,0.35,49.89,22.18,4.81
2019-06-24,33.88,41.07,27.49,0.98,49.12,18.77,3.87
2019-06-25,32.11,36.44,28.56,1.88,57.12,20.22,3.38
2019-06-26,31.5,35.73,28.21,3.88,60.56,13.79,2.06
2019-06-27,31.79,36.24,27.7,0.92,58.7,19.39,3.0
2019-06-28,32.63,39.4,27.32,0.09,53.56,22.29,3.9
2019-06-29,33.51,40.16,28.03,0.25,49.61,21.58,4.48
2019-06-30,33.15,39.06,28.61,0.05,48.9,16.94,5.24
2019-07-01,33.19,38.34,28.0,0.06,51.26,19.28,4.38
2019-07-02,32.42,36.98,28.4,0.09,53.92,17.56,4.9
2019-07-03,32.48,37.64,28.05,0.4,54.42,23.92,4.29
2019-07-04,32.24,36.98,28.08,0.93,56.11,21.11,4.25
2019-07-05,32.44,37.5,28.03,0.33,53.15,18.58,4.84
2019-07-06,32.28,37.21,27.84,0.12,53.28,18.72,4.67
2019-07-07,32.31,37.71,28.02,0.02,52.31,20.69,4.42
2019-07-08,32.6,37.91,27.71,0.06,53.19,21.78,4.01
2019-07-09,31.81,36.4,28.02,0.92,55.16,20.41,4.02
2019-07-10,30.36,35.48,26.43,7.01,59.99,16.49,2.48
2019-07-11,30.86,36.87,26.29,0.94,57.63,12.99,2.38
2019-07-12,31.39,36.74,27.38,0.64,55.87,21.44,1.99
2019-07-13,30.53,34.81,27.14,4.94,63.07,14.21,2.62
2019-07-14,30.12,34.0,27.41,9.51,67.86,20.6,2.52
2019-07-15,30.17,35.41,26.02,6.98,66.38,22.9,3.15
2019-07-16,30.65,36.29,25.45,0.8,61.18,20.51,2.84
2019-07-17,31.02,36.71,26.49,2.33,58.94,17.68,2.6
2019-07-18,28.96,33.26,25.95,11.08,68.85,16.75,2.81
2019-07-19,28.26,31.32,25.45,2.09,71.93,17.48,2.78
2019-07-20,30.11,36.04,25.47,0.17,61.34,20.82,4.36
2019-07-21,30.37,35.57,26.56,2.02,59.25,13.92,4.29
2019-07-22,28.45,31.42,26.08,2.75,68.42,8.22,3.34
2019-07-23,30.04,35.87,25.07,2.08,60.79,17.48,3.71
2019-07-24,30.58,36.45,25.85,0.4,59.52,23.56,3.24
2019-07-25,30.25,35.52,26.03,5.33,61.67,19.31,3.28
2019-07-26,29.36,34.76,24.49,3.99,65.79,11.99,3.49
2019-07-27,30.49,35.67,25.57,0.58,60.16,10.21,2.67
2019-07-28,30.9,36.85,25.94,0.6,57.95,19.64,3.55
2019-07-29,30.24,35.47,26.12,1.92,60.36,18.48,3.71
2019-07-30,30.88,37.3,25.63,2.08,58.57,20.98,3.11
2019-07-31,30.28,35.26,25.81,0.07,59.86,23.48,3.18
2019-08-01,31.3,37.58,26.62,0.18,59.56,21.03,3.64
2019-08-02,30.93,36.31,26.98,0.26,57.93,15.19,4.09
2019-08-03,31.02,36.53,26.71,0.03,53.58,18.13,4.01
2019-08-04,31.58,37.9,25.91,0.1,53.3,20.38,4.77
2019-08-05,30.98,36.25,27.64,1.07,54.0,13.99,5.12
2019-08-06,30.27,34.35,26.05,0.15,54.51,13.29,5.04
2019-08-07,30.04,34.27,26.25,1.55,58.37,16.24,5.57
2019-08-08,29.72,33.27,26.82,1.71,62.88,17.4,6.03
2019-08-09,29.98,35.54,25.6,1.2,62.42,17.07,5.49
2019-08-10,30.18,34.89,26.49,0.28,57.91,15.65,5.05
2019-08-11,31.27,37.71,26.02,0.23,54.32,21.19,4.38
2019-08-12,31.71,38.68,26.57,1.16,53.2,20.15,3.38
2019-08-13,30.62,35.89,27.08,3.11,58.82,17.29,3.59
2019-08-14,30.92,37.89,26.06,1.66,61.78,21.05,3.85
2019-08-15,31.37,37.89,26.0,0.84,57.38,21.7,2.91
2019-08-16,29.67,34.02,26.28,16.51,66.7,15.5,2.85
2019-08-17,26.38,28.8,24.46,33.93,82.75,10.43,3.18
2019-08-18,26.51,29.51,24.57,11.12,81.29,12.22,2.95
2019-08-19,28.32,32.33,24.82,20.6,77.83,23.36,2.09
2019-08-20,28.7,33.38,25.52,6.31,77.38,14.5,2.7
2019-08-21,27.89,32.14,25.26,15.89,79.66,19.63,3.1
2019-08-22,27.45,32.08,24.68,8.46,79.39,15.4,2.9
2019-08-23,27.66,33.2,23.89,3.23,72.69,18.47,3.73
2019-08-24,27.65,33.11,23.83,0.82,71.04,21.14,3.17
2019-08-25,28.19,33.34,24.09,3.23,69.75,17.94,3.53
2019-08-26,28.25,33.53,23.99,1.32,71.86,21.59,3.99
2019-08-27,29.45,35.19,24.43,0.17,65.88,22.06,3.67
2019-08-28,29.65,36.09,25.0,0.49,64.17,22.59,3.31
2019-08-29,28.0,32.13,24.95,2.83,73.27,22.9,3.25
2019-08-30,29.09,35.3,23.99,0.13,65.4,24.32,3.37
2019-08-31,28.66,34.0,24.82,1.73,65.76,18.54,4.13
2019-09-01,28.99,34.44,24.39,0.93,69.47,13.18,3.11
2019-09-02,28.37,32.64,25.26,4.49,74.48,19.8,3.18
2019-09-03,28.74,33.77,24.54,3.32,72.67,17.97,3.35
2019-09-04,29.16,35.1,24.69,4.15,69.36,17.38,3.87
2019-09-05,29.29,34.99,24.99,0.76,66.83,19.15,3.95
2019-09-06,29.68,34.93,24.94,0.58,66.71,21.7,4.04
2019-09-07,30.46,37.16,25.38,0.1,62.73,19.57,4.21
2019-09-08,30.29,35.93,25.39,0.14,62.23,21.77,3.85
2019-09-09,29.39,35.27,24.31,1.26,63.48,19.62,2.84
2019-09-10,30.17,35.35,25.78,1.49,66.52,16.82,2.54
2019-09-11,28.5,31.63,26.2,13.63,78.21,16.79,2.08
2019-09-12,28.01,31.69,25.6,7.59,77.3,19.85,2.54
2019-09-13,27.36,30.72,24.77,14.38,81.57,19.75,2.42
2019-09-14,28.38,33.45,24.36,5.22,76.34,20.45,2.22
2019-09-15,28.51,33.23,24.62,5.78,75.77,18.22,2.5
2019-09-16,28.0,32.37,24.85,20.09,79.76,20.13,2.93
2019-09-17,27.96,32.72,24.34,19.34,78.32,16.26,2.37
2019-09-18,27.74,31.28,25.39,18.1,84.01,13.42,2.2
2019-09-19,27.63,31.63,24.82,18.57,83.39,15.2,2.53
2019-09-20,25.76,28.89,23.54,1.67,83.3,15.88,2.81
2019-09-21,27.4,30.81,24.43,3.48,84.43,20.79,1.97
2019-09-22,27.15,29.77,25.08,2.04,86.45,18.07,1.42
2019-09-23,27.2,29.78,25.65,18.32,89.19,18.77,1.24
2019-09-24,26.75,29.46,24.72,9.16,88.13,20.17,2.21
2019-09-25,26.52,28.83,24.71,13.28,89.45,16.21,3.41
2019-09-26,27.12,30.85,24.8,1.9,84.58,20.31,2.66
2019-09-27,27.23,31.57,23.7,0.39,82.67,20.22,1.65
2019-09-28,27.66,31.88,24.89,0.44,81.07,19.7,1.44
2019-09-29,26.82,30.26,24.63,5.46,84.43,19.33,1.58
2019-09-30,26.57,30.13,24.48,15.61,84.2,17.83,1.59
2019-10-01,27.37,31.47,23.58,0.77,80.84,22.92,1.64
2019-10-02,27.07,30.24,24.33,0.47,85.66,22.91,1.59
2019-10-03,27.03,30.2,24.36,0.16,85.1,23.06,1.34
2019-10-04,27.6,31.84,24.25,0.36,82.11,22.56,1.33
2019-10-05,27.4,30.61,25.09,2.19,84.31,20.8,1.86
2019-10-06,26.86,29.91,24.62,1.94,85.65,20.11,1.79
2019-10-07,27.53,31.36,24.05,1.63,82.66,22.53,1.8
2019-10-08,27.56,31.11,24.77,0.36,83.56,21.09,1.6
2019-10-09,27.84,31.56,24.7,0.36,82.69,18.62,1.99
2019-10-10,27.8,31.34,25.16,0.27,82.46,21.0,2.01
2019-10-11,27.07,30.29,24.63,1.21,84.51,19.48,1.44
2019-10-12,26.99,29.99,24.53,1.04,83.63,18.19,1.09
2019-10-13,27.46,31.1,24.6,1.88,83.65,18.89,1.58
2019-10-14,27.52,30.75,25.24,4.14,84.3,19.39,1.5
2019-10-15,27.09,29.66,25.37,9.41,88.0,11.19,1.61
2019-10-16,26.31,28.57,24.54,18.92,88.57,13.57,1.91
2019-10-17,26.53,29.81,24.35,17.4,85.56,10.76,1.6
2019-10-18,26.94,30.32,24.62,2.05,84.77,16.53,1.26
2019-10-19,26.17,28.33,24.57,6.65,89.82,12.77,1.66
2019-10-20,26.14,28.31,24.39,16.43,91.89,14.22,2.16
2019-10-21,26.11,28.67,24.4,21.62,89.23,10.77,1.84
2019-10-22,26.34,29.19,24.01,12.48,87.65,8.67,1.44
2019-10-23,26.0,28.71,23.94,20.76,88.29,19.04,2.0
2019-10-24,25.75,28.25,23.65,4.62,89.08,12.64,2.63
2019-10-25,25.62,28.62,22.79,1.79,85.54,17.85,2.1
2019-10-26,25.63,27.78,24.06,1.1,88.06,12.42,1.83
2019-10-27,26.15,28.97,23.71,4.36,84.9,16.0,1.05
2019-10-28,25.98,28.13,24.29,20.36,88.51,10.51,1.59
2019-10-29,25.67,27.39,24.49,24.75,90.54,13.59,2.56
2019-10-30,25.88,28.15,24.67,28.29,91.07,6.25,2.27
2019-10-31,25.95,28.54,23.98,7.55,90.97,12.07,2.2
2019-11-01,26.16,29.22,24.29,1.35,88.45,20.0,1.54
2019-11-02,26.14,28.87,24.04,0.65,87.84,19.85,1.25
2019-11-03,26.01,28.48,24.02,3.45,90.82,16.97,1.55
2019-11-04,26.11,28.89,24.0,0.36,86.66,19.06,1.65
2019-11-05,26.71,31.52,22.02,0.01,82.62,20.2,1.29
2019-11-06,27.29,30.99,23.7,0.12,82.57,17.24,0.98
2019-11-07,27.61,30.81,25.33,0.94,80.91,16.14,0.72
2019-11-08,26.67,28.77,25.33,4.35,88.69,16.84,1.13
2019-11-09,26.84,29.68,24.47,4.35,88.41,16.97,1.27
2019-11-10,27.43,31.24,24.32,0.18,84.24,17.17,0.94
2019-11-11,26.93,30.21,24.21,0.26,82.74,17.8,1.36
2019-11-12,25.97,29.56,23.05,0.18,86.16,17.75,2.23
2019-11-13,26.07,29.54,23.64,1.22,86.81,16.85,2.74
2019-11-14,26.46,29.98,23.97,3.79,87.56,16.78,2.37
2019-11-15,26.43,29.88,24.37,4.32,88.04,16.33,2.33
2019-11-16,26.45,29.96,23.98,4.17,87.68,12.84,2.37
2019-11-17,26.45,29.9,23.72,3.69,88.65,19.6,2.68
2019-11-18,26.57,30.0,24.25,14.96,88.77,14.77,2.39
2019-11-19,26.65,30.56,23.97,5.81,85.93,17.82,1.77
2019-11-20,26.31,29.44,23.96,6.5,88.59,15.36,2.03
2019-11-21,26.5,29.91,24.08,7.05,87.57,12.99,2.52
2019-11-22,25.83,28.05,24.21,17.15,90.64,9.18,3.12
2019-11-23,25.47,28.82,23.0,11.4,88.26,15.39,3.83
2019-11-24,25.9,29.73,23.54,3.66,87.08,12.35,3.05
2019-11-25,25.65,29.1,23.1,4.36,87.77,16.37,3.65
2019-11-26,26.03,29.58,23.4,7.47,85.68,16.78,3.2
2019-11-27,26.64,30.21,24.21,11.24,86.77,14.36,3.08
2019-11-28,26.76,29.52,25.17,28.44,89.67,12.86,2.9
2019-11-29,26.74,29.75,25.05,26.19,89.28,13.73,3.67
2019-11-30,25.92,27.51,24.7,61.54,94.36,3.68,3.13
2019-12-01,25.68,27.85,24.04,24.73,93.08,6.85,1.84
2019-12-02,25.86,28.55,23.8,11.94,90.53,12.0,2.33
2019-12-03,25.78,28.38,23.61,4.35,88.58,13.73,2.98
2019-12-04,25.49,28.78,23.15,0.6,86.69,14.44,3.53
2019-12-05,25.09,28.46,23.01,1.12,86.18,14.29,3.79
2019-12-06,24.79,27.76,22.64,4.46,87.7,14.58,4.11
2019-12-07,25.39,28.52,23.47,9.91,87.26,13.81,3.47
2019-12-08,24.74,28.41,22.28,0.98,84.05,16.27,2.85
2019-12-09,24.51,28.55,21.69,0.05,85.84,19.72,2.86
2019-12-10,24.25,28.41,21.1,0.01,85.63,17.39,2.86
2019-12-11,24.51,28.7,20.94,0.07,86.94,20.23,2.63
2019-12-12,25.11,28.86,22.31,2.16,87.75,18.53,3.21
2019-12-13,25.65,28.93,23.31,20.16,89.41,10.33,2.79
2019-12-14,25.76,28.8,23.6,10.54,88.14,11.69,3.24
2019-12-15,24.9,28.26,22.96,1.84,87.45,15.34,2.76
2019-12-16,24.84,28.12,22.12,2.27,89.65,18.18,2.53
2019-12-17,25.19,28.47,23.16,2.37,87.8,15.02,3.55
2019-12-18,25.17,28.95,22.69,1.43,88.36,14.36,3.43
2019-12-19,25.27,28.74,23.25,1.01,87.46,14.5,3.38
2019-12-20,25.07,29.12,22.77,0.63,87.34,12.48,3.21
2019-12-21,24.41,28.33,21.5,0.03,86.1,14.19,2.53
2019-12-22,24.56,28.33,21.92,0.12,85.51,18.21,2.6
2019-12-23,24.5,28.52,21.4,0.07,85.26,13.82,2.86
2019-12-24,24.7,27.74,22.25,23.78,90.74,8.14,2.95
2019-12-25,25.2,28.42,22.76,3.66,89.16,7.62,3.09
2019-12-26,24.64,28.68,21.64,0.06,86.28,18.83,2.11
2019-12-27,24.03,28.24,20.88,0.02,84.52,19.39,2.01
2019-12-28,24.28,28.65,20.5,0.04,84.68,18.81,2.12
2019-12-29,24.53,28.47,21.52,0.17,87.25,17.29,2.44
2019-12-30,24.64,28.23,22.21,2.01,87.37,12.44,2.33
2019-12-31,25.15,29.07,22.42,0.56,86.37,13.95,2.26
2020-01-01,25.59,29.42,23.01,1.46,88.47,11.58,2.13
2020-01-02,25.88,29.73,23.19,0.28,88.65,15.66,2.11
2020-01-03,25.96,29.81,23.15,0.08,88.58,16.49,1.79
2020-01-04,26.1,29.94,23.33,0.09,87.8,18.28,1.63
2020-01-05,25.89,29.69,23.05,0.14,87.53,16.75,2.08
2020-01-06,25.44,28.99,23.15,1.82,86.99,13.45,2.67
2020-01-07,25.18,28.95,22.77,1.48,86.57,15.9,2.6
2020-01-08,24.63,28.68,21.47,0.22,83.93,19.23,2.45
2020-01-09,23.73,28.74,19.91,0.0,80.39,20.47,2.01
2020-01-10,23.72,28.35,19.78,0.02,82.65,19.55,2.38
2020-01-11,23.52,28.13,20.63,0.04,82.22,20.62,2.81
2020-01-12,23.96,28.78,20.61,0.0,83.48,17.29,2.64
2020-01-13,23.34,28.06,19.59,0.0,82.22,17.57,2.26
2020-01-14,22.74,27.99,19.09,0.0,77.31,19.08,2.03
2020-01-15,22.96,28.02,18.09,0.0,78.36,19.78,2.03
2020-01-16,24.39,29.15,20.75,0.01,78.3,21.44,1.69
2020-01-17,24.89,29.47,21.01,0.41,86.43,19.6,2.18
2020-01-18,25.53,29.74,22.71,6.31,86.76,8.61,2.53
2020-01-19,25.13,29.14,22.22,0.55,84.02,19.67,2.68
2020-01-20,24.62,29.59,21.11,0.0,84.14,20.73,2.44
2020-01-21,24.33,29.14,20.18,0.11,83.4,19.53,2.88
2020-01-22,24.84,29.28,21.24,0.09,83.7,18.07,3.42
2020-01-23,25.35,29.77,22.64,0.12,83.0,17.25,3.38
2020-01-24,24.27,29.49,20.51,0.01,82.39,22.32,2.99
2020-01-25,23.3,29.38,18.08,0.0,81.36,22.67,2.29
2020-01-26,23.79,29.58,19.64,0.0,79.15,22.63,1.84
2020-01-27,24.18,29.91,19.71,0.0,77.04,21.65,1.42
2020-01-28,25.04,30.75,20.88,0.01,77.12,20.83,1.61
2020-01-29,25.15,30.93,21.41,0.0,77.71,21.47,1.7
2020-01-30,25.28,31.3,21.1,0.0,78.43,22.27,1.63
2020-01-31,25.31,31.01,21.15,0.0,78.85,22.1,1.78
2020-02-01,25.56,31.23,21.64,0.01,78.55,20.59,2.12
2020-02-02,25.37,30.97,21.26,0.01,73.62,19.51,2.55
2020-02-03,25.27,30.77,20.71,0.0,71.75,19.54,2.48
2020-02-04,25.69,30.97,20.93,0.03,75.21,16.54,2.55
2020-02-05,25.69,31.51,21.49,0.0,69.78,19.19,2.52
2020-02-06,25.46,31.53,21.09,0.1,70.06,21.6,2.29
2020-02-07,25.87,31.73,21.57,0.0,70.58,21.12,2.46
2020-02-08,26.28,32.28,22.19,0.0,69.39,20.82,2.13
2020-02-09,26.31,32.05,22.31,0.02,71.36,18.86,2.48
2020-02-10,26.28,31.49,22.88,0.19,71.45,19.84,3.11
2020-02-11,26.55,32.26,22.51,0.04,69.48,19.53,3.31
2020-02-12,26.6,31.93,22.34,0.22,74.0,17.32,3.77
2020-02-13,26.27,32.54,21.96,0.0,70.88,22.57,3.29
2020-02-14,25.98,33.05,20.23,0.0,70.06,22.72,2.45
2020-02-15,26.24,33.85,20.93,0.0,66.87,23.4,2.18
2020-02-16,25.64,33.27,19.87,0.0,67.88,24.5,2.51
2020-02-17,26.25,32.95,21.32,0.0,65.57,24.23,2.79
2020-02-18,25.38,31.88,20.18,0.0,65.35,24.33,2.62
2020-02-19,25.32,31.32,20.56,0.0,67.29,21.42,2.42
2020-02-20,25.69,32.5,20.4,0.0,67.58,22.65,2.78
2020-02-21,26.61,32.76,21.28,0.32,73.98,19.37,3.82
2020-02-22,27.67,32.84,24.42,0.25,71.07,19.75,4.17
2020-02-23,27.02,32.48,22.81,0.03,71.35,19.0,3.54
2020-02-24,27.33,33.34,22.6,0.0,69.99,20.16,2.9
2020-02-25,27.73,33.84,23.24,0.0,71.03,23.63,2.4
2020-02-26,27.7,34.23,22.9,0.01,70.43,21.99,2.71
2020-02-27,27.89,34.44,23.04,0.0,69.13,21.06,2.81
2020-02-28,28.05,34.06,24.26,0.01,66.62,20.36,3.01
2020-02-29,27.73,34.07,23.25,0.01,66.47,20.56,2.66
2020-03-01,28.01,34.26,23.44,0.0,64.43,21.57,2.74
2020-03-02,28.25,35.11,23.01,0.0,60.63,21.28,2.4
2020-03-03,29.4,36.25,24.81,0.0,56.3,20.46,1.88
2020-03-04,29.4,36.57,24.02,0.0,58.68,20.14,2.13
2020-03-05,29.12,35.54,24.51,0.01,61.42,19.03,2.35
2020-03-06,29.07,35.55,24.59,0.21,67.4,17.0,2.73
2020-03-07,29.11,34.79,24.9,0.6,68.83,17.94,3.17
2020-03-08,29.24,35.27,24.95,0.28,67.6,19.85,2.62
2020-03-09,28.81,36.21,24.05,0.0,64.96,21.22,2.55
2020-03-10,28.93,36.41,23.84,0.01,62.0,25.16,2.45
2020-03-11,28.6,36.29,22.7,0.0,63.24,24.58,2.19
2020-03-12,28.39,36.26,22.84,0.0,63.11,20.41,2.3
2020-03-13,28.46,35.65,22.89,0.02,66.73,25.32,2.59
2020-03-14,28.8,36.02,23.4,0.0,66.77,24.92,2.7
2020-03-15,28.63,35.28,23.67,0.03,65.55,25.21,2.88
2020-03-16,29.37,36.4,24.6,0.07,65.71,22.57,2.9
2020-03-17,29.18,36.23,24.23,0.01,66.34,24.63,2.85
2020-03-18,29.67,37.06,24.69,0.03,65.72,24.55,2.49
2020-03-19,29.86,38.07,23.94,0.02,64.53,25.85,2.34
2020-03-20,30.07,38.32,23.39,0.0,61.88,24.73,2.14
2020-03-21,30.3,37.62,24.64,0.0,59.76,23.74,2.47
2020-03-22,30.48,37.8,24.95,0.03,60.05,23.79,2.43
2020-03-23,29.92,36.95,25.18,0.0,60.15,23.02,2.48
2020-03-24,29.75,37.19,24.03,0.02,62.3,24.44,2.69
2020-03-25,29.89,37.12,24.35,0.03,61.57,24.63,2.54
2020-03-26,29.71,36.75,24.31,0.0,61.41,24.16,2.96
2020-03-27,29.38,36.18,24.78,0.34,61.44,23.75,2.8
2020-03-28,29.5,37.61,23.84,0.0,59.58,26.94,2.18
2020-03-29,29.33,37.84,23.11,0.0,58.3,27.0,2.04
2020-03-30,29.18,37.29,22.97,0.0,56.68,27.11,2.21
2020-03-31,29.52,37.39,23.25,0.0,60.79,24.58,2.47
2020-04-01,29.97,37.81,23.82,0.0,61.89,26.19,2.4
2020-04-02,30.68,38.75,24.46,0.01,62.96,25.49,2.64
2020-04-03,30.19,37.98,24.71,0.0,63.51,25.56,2.61
2020-04-04,30.49,38.22,24.18,0.45,63.98,26.05,2.57
2020-04-05,30.9,36.35,26.62,2.52,67.34,23.86,2.43
2020-04-06,30.27,35.4,26.41,0.96,70.67,22.09,2.15
2020-04-07,30.71,36.14,26.21,0.48,65.1,16.0,2.33
2020-04-08,31.18,37.2,26.75,0.88,63.23,23.36,2.26
2020-04-09,31.27,37.55,26.56,1.39,61.38,23.19,2.78
2020-04-10,30.92,37.85,25.72,0.56,60.22,19.8,2.8
2020-04-11,30.83,37.65,25.7,0.08,60.35,25.04,2.63
2020-04-12,30.77,38.47,24.81,0.03,58.95,26.64,2.32
2020-04-13,31.04,38.78,25.15,0.01,57.48,26.63,2.26
2020-04-14,31.11,38.51,25.48,0.03,58.7,26.35,2.5
2020-04-15,30.98,38.53,25.18,0.07,61.43,26.74,2.54
2020-04-16,31.42,38.56,25.67,0.1,62.42,26.23,2.41
2020-04-17,31.72,38.94,25.94,0.26,61.3,23.93,2.66
2020-04-18,32.11,38.66,27.23,0.28,60.56,24.79,2.88
2020-04-19,31.63,38.02,27.04,0.44,62.41,24.47,2.88
2020-04-20,31.41,37.89,26.61,0.33,62.64,25.14,2.82
2020-04-21,31.85,39.37,25.85,0.03,59.83,25.93,2.64
2020-04-22,32.3,39.76,26.44,0.06,59.29,23.68,2.49
2020-04-23,32.9,39.56,27.73,1.18,58.96,24.08,2.65
2020-04-24,32.42,37.85,28.68,0.04,61.69,21.06,3.19
2020-04-25,32.15,36.63,28.92,0.46,63.89,20.88,3.17
2020-04-26,31.29,34.52,28.83,1.43,64.26,10.94,2.51
2020-04-27,31.59,36.08,27.73,2.34,65.61,23.29,2.08
2020-04-28,31.19,35.45,27.99,1.65,65.51,19.08,2.03
2020-04-29,31.43,35.42,27.94,1.08,63.77,17.94,1.44
2020-04-30,31.14,35.05,28.21,0.77,64.7,21.22,1.91
2020-05-01,32.44,39.53,26.87,0.19,58.26,24.16,2.18
2020-05-02,32.65,39.36,27.41,0.52,59.24,23.01,2.47
2020-05-03,32.57,39.27,27.33,0.51,59.89,23.17,2.33
2020-05-04,32.95,39.64,27.35,0.06,56.97,21.97,2.26
2020-05-05,33.01,39.5,27.41,0.05,54.95,24.26,2.67
2020-05-06,32.57,38.19,28.7,0.19,61.11,22.68,3.13
2020-05-07,33.0,39.68,28.05,0.4,56.03,23.18,3.76
2020-05-08,32.62,37.87,28.71,0.4,59.54,23.03,2.97
2020-05-09,32.55,38.42,28.1,0.25,60.28,24.57,2.69
2020-05-10,32.58,38.65,27.95,0.79,59.68,22.65,2.24
2020-05-11,31.3,35.37,28.12,2.34,63.66,21.01,2.03
2020-05-12,30.48,34.76,27.53,2.86,62.16,12.73,2.35
2020-05-13,31.11,36.87,26.09,5.17,60.48,23.12,2.01
2020-05-14,32.36,38.08,27.98,0.37,60.05,23.4,1.92
2020-05-15,32.63,38.99,28.28,0.84,60.25,23.58,2.32
2020-05-16,32.17,37.56,28.31,0.34,60.18,21.25,2.51
2020-05-17,33.09,39.96,28.27,1.63,55.23,15.32,2.17
2020-05-18,32.41,37.43,28.58,1.17,55.14,16.95,4.6
2020-05-19,33.48,39.3,29.02,0.43,50.71,18.9,4.17
2020-05-20,34.42,40.5,29.18,0.47,48.26,20.95,3.9
2020-05-21,33.31,39.18,29.25,0.41,48.19,23.64,4.36
2020-05-22,34.46,41.92,28.23,0.01,46.98,22.86,3.27
2020-05-23,34.66,41.72,29.48,0.06,51.38,24.59,2.98
2020-05-24,34.18,40.19,29.88,0.37,55.73,24.6,2.2
2020-05-25,33.54,38.26,29.87,0.24,58.08,23.37,2.4
2020-05-26,33.79,39.2,29.54,0.18,55.69,21.99,2.63
2020-05-27,33.47,37.86,29.76,0.69,57.27,19.87,2.97
2020-05-28,32.88,37.64,29.54,7.19,59.84,22.77,3.75
2020-05-29,32.68,39.09,28.07,1.28,58.92,21.37,3.83
2020-05-30,32.28,37.65,28.49,0.29,58.93,21.31,3.94
2020-05-31,31.81,36.38,27.82,0.26,61.67,24.05,4.59
2020-06-01,31.42,35.56,27.94,2.24,62.77,20.86,4.26
2020-06-02,30.41,33.89,27.01,1.53,65.5,21.82,3.62
2020-06-03,30.51,34.48,26.89,0.6,61.6,22.87,3.64
2020-06-04,31.18,36.0,26.5,0.13,58.02,22.46,3.51
2020-06-05,31.29,35.7,27.03,1.72,59.9,22.16,3.92
2020-06-06,30.28,34.74,26.84,3.01,65.5,20.24,2.94
2020-06-07,29.74,34.5,26.02,5.19,66.72,19.35,3.43
2020-06-08,31.24,36.71,26.31,0.45,58.89,21.41,2.96
2020-06-09,31.83,37.33,27.33,0.59,52.82,19.59,2.22
2020-06-10,30.59,35.03,27.06,3.7,59.47,12.96,2.3
2020-06-11,30.43,35.27,26.67,0.14,59.08,12.65,4.58
2020-06-12,31.67,38.03,26.51,0.02,50.36,14.28,5.11
2020-06-13,32.32,39.3,25.99,0.01,49.4,21.73,4.65
2020-06-14,32.82,38.78,27.53,0.06,50.2,21.74,4.86
2020-06-15,32.22,37.05,28.01,0.6,54.78,22.72,3.6
2020-06-16,31.94,35.98,28.65,0.08,57.16,22.2,3.48
2020-06-17,31.81,36.7,27.74,0.21,56.14,21.77,3.76
2020-06-18,31.78,36.86,27.3,0.19,53.33,19.93,4.21
2020-06-19,31.56,36.24,27.35,0.06,53.53,19.2,3.59
2020-06-20,31.76,36.71,27.98,0.57,52.8,19.82,4.39
2020-06-21,29.38,33.49,25.97,1.5,61.94,16.76,4.78
2020-06-22,30.08,33.75,25.98,0.44,59.93,20.47,3.59
2020-06-23,31.99,38.6,27.15,1.23,49.59,16.51,2.89
2020-06-24,31.4,36.83,27.19,5.14,56.61,19.32,2.16
2020-06-25,28.74,32.49,25.81,6.3,71.19,15.99,1.9
2020-06-26,29.33,33.93,25.59,4.6,69.72,22.64,2.9
2020-06-27,30.44,35.29,26.12,1.43,65.89,22.88,2.61
2020-06-28,30.31,34.14,26.39,1.75,67.56,18.49,2.57
2020-06-29,30.22,33.88,27.0,1.52,68.23,18.67,2.4
2020-06-30,30.04,34.79,26.43,1.92,68.9,20.71,2.91
2020-07-01,29.54,33.1,26.25,1.42,65.28,15.78,2.98
2020-07-02,30.57,35.95,25.87,2.19,61.05,13.76,2.63
2020-07-03,29.42,34.26,24.93,6.56,64.11,16.34,4.09
2020-07-04,29.4,34.67,24.58,0.48,61.6,19.88,4.62
2020-07-05,29.97,34.75,25.66,0.14,60.99,14.81,3.22
2020-07-06,30.32,35.21,25.75,0.33,58.2,18.78,3.78
2020-07-07,30.29,35.66,25.47,2.58,60.14,24.03,3.35
2020-07-08,28.86,31.9,25.86,2.45,70.84,15.03,1.66
2020-07-09,27.39,29.57,25.51,15.64,78.08,20.02,2.23
2020-07-10,28.6,32.93,25.1,1.46,72.66,14.48,1.7
2020-07-11,28.66,32.79,25.57,10.79,73.72,19.46,2.22
2020-07-12,30.08,36.02,25.08,4.0,68.18,23.3,2.85
2020-07-13,28.56,31.05,26.12,1.16,72.78,11.31,2.17
2020-07-14,28.66,32.22,26.13,12.36,77.61,19.54,1.51
2020-07-15,28.61,32.26,25.83,5.17,76.36,13.97,2.82
2020-07-16,29.02,33.99,24.83,1.15,69.68,13.58,3.18
2020-07-17,29.03,33.72,25.25,0.61,66.7,13.54,3.45
2020-07-18,28.67,32.07,25.82,3.09,70.16,14.02,1.2
2020-07-19,28.44,32.14,25.85,6.0,74.83,17.9,1.73
2020-07-20,28.29,31.69,25.8,7.62,79.71,21.99,2.53
2020-07-21,28.39,32.49,25.56,0.84,75.68,24.64,2.58
2020-07-22,28.32,31.48,25.99,0.43,77.14,21.0,2.98
2020-07-23,28.57,32.15,25.77,3.89,74.53,17.47,3.2
2020-07-24,28.77,33.18,25.57,3.79,74.21,19.29,3.28
2020-07-25,29.68,35.28,25.06,8.28,67.88,21.07,2.22
2020-07-26,28.73,33.51,24.77,2.93,69.86,21.72,2.84
2020-07-27,28.74,33.06,25.32,1.53,70.69,21.53,2.42
2020-07-28,28.4,32.32,25.3,7.48,74.96,18.64,2.35
2020-07-29,26.42,28.81,24.51,20.45,84.34,9.5,2.52
2020-07-30,28.9,34.3,24.69,0.74,73.46,23.76,2.85
2020-07-31,29.12,33.7,24.89,13.54,74.73,23.47,2.76
2020-08-01,28.33,32.22,25.27,2.65,75.63,18.61,2.94
2020-08-02,27.9,33.12,24.3,2.71,72.95,17.47,4.19
2020-08-03,28.38,33.19,24.45,0.43,71.74,15.67,4.45
2020-08-04,28.1,32.19,24.52,0.33,68.21,16.58,4.92
2020-08-05,28.88,34.28,24.54,0.02,63.38,15.86,5.29
2020-08-06,29.5,34.57,24.99,0.33,68.09,18.44,4.1
2020-08-07,30.14,36.1,25.43,0.45,66.5,21.69,3.92
2020-08-08,28.42,33.06,25.22,12.9,72.87,20.44,3.49
2020-08-09,27.11,31.17,24.04,10.06,78.16,10.72,3.76
2020-08-10,28.0,33.49,23.77,0.25,73.57,18.11,3.42
2020-08-11,29.09,35.21,24.47,1.66,71.61,20.74,3.38
2020-08-12,29.12,34.55,24.54,0.23,70.42,16.39,3.76
2020-08-13,29.03,34.42,24.82,0.3,70.88,18.79,3.25
2020-08-14,29.44,35.45,24.81,0.25,68.69,16.57,3.31
2020-08-15,28.86,33.85,24.14,0.05,68.54,17.64,3.09
2020-08-16,29.61,35.87,24.64,0.07,66.83,16.81,3.24
2020-08-17,30.29,36.32,25.33,0.32,65.93,20.03,3.09
2020-08-18,30.58,36.52,25.79,1.82,66.61,19.27,2.88
2020-08-19,29.16,33.44,25.77,0.86,71.21,19.11,2.57
2020-08-20,28.82,33.35,25.52,0.38,71.55,14.66,2.91
2020-08-21,29.51,35.09,25.06,0.45,68.84,21.39,2.32
2020-08-22,29.67,34.25,25.99,3.81,72.18,21.7,1.73
2020-08-23,29.35,33.44,26.16,12.6,75.53,21.32,1.99
2020-08-24,28.61,32.12,25.66,12.58,79.65,21.39,1.49
2020-08-25,29.18,32.97,25.5,3.4,77.2,20.09,1.42
2020-08-26,28.7,31.84,25.97,2.48,78.5,16.78,1.66
2020-08-27,28.6,32.06,25.38,3.67,77.13,21.08,1.88
2020-08-28,29.82,35.84,24.61,0.59,69.08,23.91,2.12
2020-08-29,29.58,34.34,25.57,0.4,71.64,24.01,2.13
2020-08-30,29.37,33.82,25.39,2.92,72.9,23.08,1.91
2020-08-31,29.14,33.29,25.82,6.2,77.13,23.51,1.83
2020-09-01,27.53,29.92,25.93,9.64,82.26,20.56,2.19
2020-09-02,27.14,30.43,24.64,9.26,80.75,14.29,1.75
2020-09-03,27.85,31.57,24.76,2.94,79.44,19.57,1.7
2020-09-04,28.6,32.38,25.54,1.26,79.47,20.11,1.22
2020-09-05,28.31,31.51,25.83,1.47,80.26,15.83,2.13
2020-09-06,28.7,33.92,24.24,2.45,75.28,19.92,2.95
2020-09-07,28.41,32.77,24.63,0.94,76.08,17.35,2.51
2020-09-08,28.4,32.37,25.02,1.49,77.38,21.35,1.97
2020-09-09,27.76,31.48,25.5,23.4,83.22,15.5,2.76
2020-09-10,27.4,32.3,23.92,7.84,79.42,16.12,3.68
2020-09-11,27.24,31.95,24.21,0.89,76.89,17.99,3.89
2020-09-12,27.66,32.39,23.97,0.92,74.84,11.33,2.78
2020-09-13,26.46,30.74,23.55,4.52,78.4,9.19,2.71
2020-09-14,28.02,33.73,23.47,0.61,71.39,15.16,3.59
2020-09-15,28.23,33.98,23.56,0.89,71.1,16.35,3.26
2020-09-16,28.97,34.56,24.59,0.28,72.2,19.35,2.53
2020-09-17,28.77,33.74,24.73,0.64,74.14,17.94,2.7
2020-09-18,29.42,35.4,25.04,0.72,68.67,14.03,3.74
2020-09-19,28.56,33.99,24.53,0.51,68.87,10.4,4.18
2020-09-20,27.58,32.02,24.56,0.47,68.74,11.55,5.31
2020-09-21,28.49,34.3,23.93,0.16,66.96,15.71,4.38
2020-09-22,28.91,35.22,24.23,0.02,63.62,20.3,3.97
2020-09-23,29.01,35.08,23.76,0.06,64.2,24.43,3.01
2020-09-24,28.89,34.09,24.47,0.27,69.86,22.61,2.4
2020-09-25,28.16,31.27,25.75,2.5,75.79,14.55,2.13
2020-09-26,27.86,32.22,24.85,1.27,72.32,16.95,2.84
2020-09-27,28.28,32.47,23.75,11.88,72.33,17.24,1.9
2020-09-28,27.42,31.3,24.82,16.43,83.82,18.19,2.13
2020-09-29,26.48,29.61,24.85,23.27,88.43,17.17,2.6
2020-09-30,26.8,30.48,23.99,23.92,83.37,18.02,2.75
2020-10-01,26.82,31.08,23.73,0.54,80.36,20.36,2.45
2020-10-02,27.78,32.63,23.14,0.66,77.03,21.18,2.54
2020-10-03,26.53,29.7,23.98,4.1,81.04,21.44,2.8
2020-10-04,27.4,31.95,24.17,0.27,75.89,17.43,2.68
2020-10-05,28.53,33.75,24.01,0.52,70.79,22.7,2.38
2020-10-06,29.16,35.1,24.01,2.16,73.35,22.14,1.82
2020-10-07,29.15,34.07,24.98,4.46,77.73,21.41,2.07
2020-10-08,28.44,31.49,26.07,9.5,82.91,20.06,1.09
2020-10-09,27.66,30.79,25.36,2.88,82.52,18.19,1.89
2020-10-10,27.12,30.94,24.37,1.07,81.56,15.51,1.75
2020-10-11,26.7,30.5,24.32,0.55,79.21,14.52,3.1
2020-10-12,27.83,34.2,22.34,0.3,72.74,17.8,3.55
2020-10-13,27.7,33.09,23.82,0.21,74.99,19.59,4.08
2020-10-14,27.55,32.34,23.32,0.09,71.36,20.22,3.46
2020-10-15,28.42,34.07,23.64,0.06,70.91,22.04,2.68
2020-10-16,28.09,32.55,23.67,4.51,75.93,20.98,2.07
2020-10-17,27.87,32.1,23.95,10.39,78.86,16.09,1.55
2020-10-18,27.27,30.25,24.94,11.69,83.76,7.99,1.18
2020-10-19,27.08,30.22,24.71,7.43,85.45,12.48,1.44
2020-10-20,26.74,29.93,24.5,4.9,86.63,11.31,2.24
2020-10-21,27.42,31.43,23.76,4.58,81.86,15.13,1.87
2020-10-22,27.24,31.38,24.07,2.64,82.16,17.77,2.36
2020-10-23,27.5,31.3,24.2,3.0,80.8,15.2,2.01
2020-10-24,25.55,28.29,23.73,0.52,82.92,12.46,2.79
2020-10-25,27.43,32.24,23.16,6.35,73.78,13.16,1.15
2020-10-26,27.83,31.8,24.47,0.17,77.97,17.85,1.45
2020-10-27,27.36,31.95,23.95,0.17,80.4,18.16,2.04
2020-10-28,27.39,32.63,22.99,0.39,78.1,19.31,2.29
2020-10-29,27.08,31.75,23.34,1.28,79.92,16.47,2.77
2020-10-30,27.03,31.53,23.2,1.97,79.67,18.21,2.39
2020-10-31,27.63,32.81,23.76,0.22,73.89,20.58,1.63
2020-11-01,27.9,33.36,23.38,0.0,72.77,19.76,1.65
2020-11-02,28.15,32.78,24.5,0.02,74.96,19.08,1.47
2020-11-03,28.18,32.93,24.35,0.44,77.98,18.02,1.97
2020-11-04,27.7,31.2,25.28,2.89,81.78,15.86,1.61
2020-11-05,27.57,32.12,24.61,6.52,78.55,14.7,1.77
2020-11-06,26.78,29.72,24.91,5.19,86.8,16.57,2.08
2020-11-07,27.11,30.27,25.08,2.39,84.72,20.3,2.56
2020-11-08,26.9,29.8,24.97,4.91,84.21,14.7,3.17
2020-11-09,26.96,31.96,23.57,0.08,75.67,20.15,3.85
2020-11-10,26.23,31.45,20.9,0.23,75.87,16.33,3.42
2020-11-11,26.4,30.92,22.16,4.12,80.69,11.86,3.47
2020-11-12,26.71,29.51,24.86,11.28,88.08,15.5,2.17
2020-11-13,26.77,29.88,24.57,21.74,87.7,5.52,2.42
2020-11-14,27.03,30.64,24.73,9.07,85.43,17.72,3.52
2020-11-15,26.69,29.17,24.97,14.66,91.68,8.92,2.88
2020-11-16,25.99,27.81,24.67,25.47,92.47,8.98,2.26
2020-11-17,26.25,29.82,24.04,16.53,88.09,11.41,2.24
2020-11-18,26.49,30.12,24.02,6.97,87.0,16.7,1.89
2020-11-19,26.32,29.94,23.81,1.37,86.33,15.58,2.11
2020-11-20,26.24,30.19,23.68,1.0,83.05,20.61,2.65
2020-11-21,25.45,29.72,22.27,0.09,81.03,21.56,2.78
2020-11-22,25.12,29.22,21.8,0.07,79.96,17.64,2.3
2020-11-23,25.15,28.91,21.97,0.64,84.89,12.29,3.58
2020-11-24,25.02,28.36,22.69,7.3,91.12,5.67,4.08
2020-11-25,25.44,28.04,23.16,10.57,88.59,2.29,5.01
2020-11-26,25.42,28.72,22.76,81.05,88.29,11.8,5.22
2020-11-27,26.03,29.21,23.58,13.24,87.28,16.8,1.98
2020-11-28,26.01,29.32,23.88,1.83,88.1,15.05,2.03
2020-11-29,25.9,28.72,24.07,1.66,89.33,15.58,2.69
2020-11-30,25.99,29.38,23.86,3.29,86.93,12.8,3.7
2020-12-01,25.15,28.83,21.9,1.45,84.0,15.21,3.72
2020-12-02,24.97,28.32,22.01,40.52,89.02,4.73,5.23
2020-12-03,24.98,26.89,24.1,84.28,93.4,3.62,4.57
2020-12-04,25.58,27.01,24.51,57.0,94.38,1.68,4.47
2020-12-05,25.48,26.96,24.21,22.46,94.79,3.43,3.58
2020-12-06,25.05,26.56,23.85,20.67,94.23,9.78,3.61
2020-12-07,25.96,28.63,24.33,13.08,91.11,6.91,2.9
2020-12-08,25.83,28.57,24.19,8.8,90.81,15.19,2.45
2020-12-09,25.38,28.74,23.29,3.08,89.73,12.66,2.61
2020-12-10,24.45,28.14,21.76,0.17,86.23,19.51,2.4
2020-12-11,24.02,27.76,21.28,0.07,85.34,19.78,2.33
2020-12-12,24.04,28.18,21.17,0.12,86.39,16.95,2.39
2020-12-13,23.9,28.38,20.33,0.01,82.54,17.41,2.11
2020-12-14,23.83,27.81,20.61,0.04,82.42,19.63,2.25
2020-12-15,24.41,27.83,21.6,3.61,87.28,12.76,3.17
2020-12-16,24.44,26.42,22.54,42.18,93.68,5.25,3.37
2020-12-17,24.99,26.83,23.62,17.29,93.62,7.97,2.69
2020-12-18,24.45,26.47,23.04,25.18,93.25,8.17,3.09
2020-12-19,24.21,26.9,22.33,3.32,88.36,12.49,3.79
2020-12-20,24.14,27.51,21.92,0.16,85.38,16.56,3.78
2020-12-21,23.3,26.68,20.89,0.06,87.05,15.08,3.55
2020-12-22,23.04,26.47,20.39,0.14,87.67,15.67,3.18
2020-12-23,23.33,26.61,20.58,0.16,88.29,16.75,2.69
2020-12-24,23.66,27.46,20.9,0.05,86.71,17.26,2.82
2020-12-25,23.53,27.51,20.86,0.14,84.83,18.0,2.72
2020-12-26,22.89,27.19,18.98,0.02,83.5,18.95,2.75
2020-12-27,23.48,27.73,19.61,0.17,86.39,18.97,3.39
2020-12-28,23.44,27.34,20.25,0.05,85.65,15.99,3.18
2020-12-29,23.97,27.91,20.81,4.16,89.55,7.12,3.31
2020-12-30,24.79,28.16,22.27,9.71,91.33,10.76,3.89
2020-12-31,25.06,27.91,22.8,12.01,90.22,13.42,3.84
2021-01-01,23.73,27.06,21.46,0.69,86.51,15.56,3.16
2021-01-02,24.02,27.61,20.81,5.14,91.02,7.51,3.51
2021-01-03,24.88,27.95,22.85,10.89,91.27,7.38,3.27
2021-01-04,25.24,28.42,23.06,2.7,88.44,12.2,3.32
2021-01-05,24.77,27.02,23.47,6.95,92.74,9.61,2.39
2021-01-06,24.94,27.12,23.37,11.58,94.46,7.99,2.34
2021-01-07,25.19,27.88,23.21,7.12,92.46,12.81,2.27
2021-01-08,25.8,29.06,23.85,10.24,90.65,12.72,2.21
2021-01-09,25.02,26.98,23.8,4.59,92.91,13.42,2.49
2021-01-10,24.74,26.79,23.31,9.02,92.9,9.14,2.69
2021-01-11,24.76,26.94,23.09,42.72,94.12,7.43,3.12
2021-01-12,24.85,26.47,23.6,31.73,94.4,5.29,3.42
2021-01-13,25.03,27.62,23.6,13.16,90.74,8.73,3.59
2021-01-14,24.91,27.78,22.68,17.59,91.31,11.57,3.2
2021-01-15,24.68,27.14,22.98,11.75,90.93,12.08,2.98
2021-01-16,24.4,28.15,21.49,0.49,89.3,17.63,2.71
2021-01-17,22.82,26.89,19.4,0.02,87.83,17.99,2.35
2021-01-18,22.87,27.14,19.0,0.01,84.7,18.46,2.7
2021-01-19,23.68,27.81,19.79,0.01,83.78,18.66,2.58
2021-01-20,24.22,27.56,21.18,0.95,89.54,11.1,2.82
2021-01-21,25.61,29.64,22.87,0.64,90.28,16.98,1.94
2021-01-22,25.58,29.36,22.77,0.08,89.19,16.91,2.0
2021-01-23,24.42,28.33,21.6,0.01,88.07,17.43,2.11
2021-01-24,23.92,28.19,20.89,0.0,84.44,18.7,2.05
2021-01-25,23.66,28.13,20.4,0.0,86.02,20.42,2.02
2021-01-26,23.01,27.59,19.23,0.01,82.9,20.73,2.24
2021-01-27,23.11,27.38,19.21,0.03,79.96,18.69,2.11
2021-01-28,23.71,27.93,20.7,0.03,83.13,17.99,2.79
2021-01-29,24.11,28.08,21.18,0.66,86.14,10.95,2.93
2021-01-30,24.41,28.58,21.36,0.11,85.41,19.11,2.68
2021-01-31,24.11,28.55,20.88,0.0,86.69,20.95,2.87
2021-02-01,23.77,28.26,20.4,0.06,85.76,21.29,3.32
2021-02-02,24.08,28.29,20.91,0.19,84.98,19.13,3.01
2021-02-03,24.14,28.08,21.23,0.0,83.67,17.84,3.01
2021-02-04,23.18,28.06,19.37,0.0,80.66,21.4,2.65
2021-02-05,22.79,27.75,18.61,0.0,83.41,21.91,2.74
2021-02-06,22.85,28.09,19.07,0.0,84.07,22.16,2.73
2021-02-07,22.66,27.94,17.95,0.0,83.71,23.21,3.25
2021-02-08,22.83,28.02,18.78,0.0,81.35,22.89,3.44
2021-02-09,22.76,27.54,19.23,0.0,79.91,22.21,3.12
2021-02-10,22.25,27.41,18.05,0.0,80.12,22.77,2.53
2021-02-11,22.02,27.54,17.52,0.0,78.62,22.71,2.25
2021-02-12,22.6,28.05,17.92,0.01,77.42,23.28,2.05
2021-02-13,23.15,28.73,18.4,0.0,77.6,23.78,1.89
2021-02-14,22.87,28.71,17.88,0.01,80.9,23.58,1.89
2021-02-15,23.51,29.31,18.56,0.0,83.06,23.4,1.97
2021-02-16,23.93,29.21,19.59,0.0,83.77,19.61,1.86
2021-02-17,23.97,29.12,19.72,0.0,83.62,21.77,2.16
2021-02-18,24.2,28.83,21.01,0.02,83.49,18.92,2.58
2021-02-19,25.01,29.53,21.24,0.27,85.29,19.43,3.0
2021-02-20,25.8,30.0,23.16,4.32,85.13,15.86,3.51
2021-02-21,25.72,29.35,23.45,12.59,86.43,13.23,3.64
2021-02-22,25.35,29.42,22.5,1.41,84.33,19.21,3.22
2021-02-23,24.9,29.91,21.13,0.0,84.89,21.59,2.47
2021-02-24,24.53,29.77,20.86,0.0,84.38,23.83,2.0
2021-02-25,24.65,30.36,20.42,0.0,82.25,24.49,1.63
2021-02-26,24.79,31.33,20.32,0.0,76.64,24.06,1.45
2021-02-27,24.9,31.68,19.8,0.0,78.28,24.52,1.34
2021-02-28,24.78,30.99,20.04,0.0,80.95,23.44,1.61
2021-03-01,25.43,31.69,21.12,0.0,78.7,24.4,1.52
2021-03-02,25.07,31.08,21.13,0.0,79.91,23.65,1.79
2021-03-03,24.84,31.13,20.58,0.0,79.14,24.47,2.16
2021-03-04,24.85,30.6,20.95,0.01,79.53,25.81,2.09
2021-03-05,25.23,31.37,20.69,0.02,79.24,25.67,1.86
2021-03-06,25.79,32.52,20.48,0.0,78.15,25.96,1.78
2021-03-07,26.44,32.53,21.92,0.01,80.84,25.9,1.95
2021-03-08,26.49,32.01,22.11,0.09,80.93,25.1,2.47
2021-03-09,26.83,32.5,22.73,0.14,77.67,24.91,2.55
2021-03-10,26.78,31.45,23.27,2.38,82.15,23.99,2.57
2021-03-11,27.21,32.4,23.35,0.54,76.55,25.38,2.34
2021-03-12,26.2,32.34,21.84,0.0,73.41,26.25,2.19
2021-03-13,26.26,32.59,21.27,0.0,77.32,25.63,2.37
2021-03-14,26.61,33.3,21.68,0.0,74.81,26.04,2.34
2021-03-15,27.02,34.04,21.64,0.0,71.4,25.9,2.16
2021-03-16,27.03,34.36,21.71,0.0,73.14,24.67,2.16
2021-03-17,27.21,34.04,22.04,0.01,74.23,22.4,2.09
2021-03-18,26.8,32.6,22.82,0.01,73.43,22.92,2.34
2021-03-19,27.18,33.79,22.46,0.01,69.63,25.18,1.81
2021-03-20,27.85,34.68,22.67,0.07,68.52,24.6,1.56
2021-03-21,28.22,34.83,23.82,0.08,66.78,24.36,1.75
2021-03-22,28.17,35.15,23.55,0.01,70.87,24.03,2.12
2021-03-23,28.21,35.05,23.53,0.01,71.03,24.64,2.19
2021-03-24,28.04,34.11,23.32,0.04,72.5,23.31,1.99
2021-03-25,27.93,33.0,24.33,0.07,73.06,20.85,1.7
2021-03-26,28.22,33.69,24.23,0.15,75.59,23.33,1.98
2021-03-27,28.77,34.67,24.33,0.05,74.67,23.18,2.04
2021-03-28,29.36,35.37,25.02,0.1,68.17,21.61,1.66
2021-03-29,29.66,36.3,24.58,0.15,67.89,21.23,2.04
2021-03-30,30.38,38.45,23.87,0.02,63.28,23.04,2.42
2021-03-31,31.37,39.42,25.36,0.02,63.6,23.78,2.92
2021-04-01,31.49,38.87,25.98,0.08,65.32,24.6,3.18
2021-04-02,32.27,40.09,27.0,0.04,60.53,25.97,3.1
2021-04-03,32.19,39.85,26.36,0.04,57.78,25.17,2.98
2021-04-04,32.36,40.05,26.57,0.07,56.84,23.06,2.01
2021-04-05,31.58,38.09,26.89,0.07,61.14,21.11,2.27
2021-04-06,30.1,36.14,25.71,0.08,67.58,22.8,2.41
2021-04-07,29.54,36.97,24.16,0.01,65.11,24.83,2.36
2021-04-08,29.48,37.0,23.6,0.0,64.23,22.97,2.11
2021-04-09,29.94,37.0,24.4,0.03,65.22,22.29,2.38
2021-04-10,29.87,35.75,25.42,0.14,66.75,23.4,2.51
2021-04-11,29.83,36.26,24.9,0.96,66.2,19.49,2.46
2021-04-12,29.81,35.4,25.75,2.55,67.61,19.07,2.43
2021-04-13,29.62,34.89,25.6,1.41,68.55,22.31,2.05
2021-04-14,29.14,33.63,25.65,3.3,70.59,21.55,2.01
2021-04-15,28.26,31.31,25.9,5.43,74.82,16.5,1.35
2021-04-16,28.91,32.59,25.73,1.73,72.72,23.42,1.26
2021-04-17,30.34,35.63,25.87,0.09,68.87,24.28,1.81
2021-04-18,30.49,35.87,26.61,0.05,67.37,24.61,2.08
2021-04-19,31.82,38.85,25.78,0.09,63.04,23.89,1.96
2021-04-20,31.95,37.51,27.27,0.2,60.6,19.69,1.81
2021-04-21,31.25,35.99,27.46,0.53,64.89,22.73,1.91
2021-04-22,31.03,36.82,26.63,0.15,65.83,23.98,2.37
2021-04-23,31.45,36.87,27.15,0.78,63.58,21.47,1.84
2021-04-24,30.16,34.21,26.99,2.05,68.83,20.4,1.68
2021-04-25,30.12,34.21,26.73,1.72,70.3,21.57,1.89
2021-04-26,30.85,35.51,26.64,0.28,65.98,21.42,2.24
2021-04-27,30.58,34.73,27.3,0.1,66.17,23.38,1.64
2021-04-28,30.77,36.09,26.53,0.1,66.63,22.91,2.02
2021-04-29,31.6,38.03,26.18,0.21,64.62,23.9,2.26
2021-04-30,31.37,36.71,27.21,0.31,66.7,22.53,2.58
2021-05-01,30.28,33.98,27.72,0.56,70.85,23.75,2.25
2021-05-02,30.39,35.63,26.6,1.33,69.69,22.47,2.43
2021-05-03,30.42,35.34,26.66,2.2,69.95,22.08,2.42
2021-05-04,30.38,35.16,27.32,2.56,69.13,21.96,2.18
2021-05-05,30.82,35.98,26.64,0.54,66.26,22.98,2.17
2021-05-06,31.21,36.8,26.84,0.36,66.37,24.2,2.66
2021-05-07,30.31,34.45,27.46,0.87,69.96,22.97,2.53
2021-05-08,29.94,33.47,27.15,1.33,70.29,24.24,2.35
2021-05-09,30.19,33.92,27.12,0.69,69.36,21.17,1.86
2021-05-10,31.01,35.97,27.15,0.49,67.77,22.78,2.17
2021-05-11,31.94,36.79,27.73,0.15,64.27,23.8,2.7
2021-05-12,32.48,38.2,27.92,0.45,63.01,20.63,2.61
2021-05-13,32.02,37.21,28.13,3.06,63.65,20.35,2.6
2021-05-14,31.43,36.76,27.15,2.11,63.39,23.38,3.7
2021-05-15,30.4,34.43,26.72,0.49,64.11,18.75,5.32
2021-05-16,30.61,34.67,27.05,2.95,66.48,19.31,3.78
2021-05-17,31.37,37.39,26.11,2.58,62.46,24.83,3.05
2021-05-18,31.07,35.72,26.99,2.16,67.54,24.06,2.62
2021-05-19,30.24,33.68,27.67,7.96,72.99,23.75,2.81
2021-05-20,28.95,33.76,25.81,19.4,77.07,17.9,3.06
2021-05-21,29.2,33.98,25.58,5.74,70.31,15.1,3.51
2021-05-22,29.23,33.71,25.29,1.56,70.03,14.77,3.98
2021-05-23,31.26,37.87,25.5,1.18,62.5,18.86,2.6
2021-05-24,31.1,35.9,26.82,1.23,63.72,20.05,2.89
2021-05-25,29.4,33.32,25.92,6.5,69.56,20.47,3.86
2021-05-26,30.22,36.93,24.64,1.85,59.91,19.74,5.72
2021-05-27,31.61,38.37,25.85,0.05,56.78,24.6,3.99
2021-05-28,31.95,39.11,26.09,0.04,57.04,25.04,3.11
2021-05-29,32.09,38.88,26.42,0.07,56.0,23.09,2.91
2021-05-30,32.29,39.6,25.8,0.1,54.76,24.07,3.23
2021-05-31,32.23,39.17,26.27,0.05,54.74,25.57,2.99
2021-06-01,32.31,38.45,27.05,0.13,57.25,24.66,3.29
2021-06-02,32.31,38.09,26.89,2.38,59.58,24.17,2.35
2021-06-03,30.34,33.77,27.7,2.34,72.7,21.49,1.95
2021-06-04,29.01,31.93,27.28,5.03,78.15,20.07,2.43
2021-06-05,28.09,32.23,25.98,14.18,74.64,17.19,3.17
2021-06-06,29.98,35.54,24.91,0.87,64.07,23.03,2.76
2021-06-07,30.62,35.37,26.54,0.37,67.56,24.04,2.43
2021-06-08,30.89,35.73,26.75,1.82,64.79,20.39,2.7
2021-06-09,30.55,36.19,25.95,1.35,63.78,23.75,3.42
2021-06-10,31.53,38.05,25.95,0.71,59.35,24.53,3.46
2021-06-11,30.97,36.22,26.13,0.08,58.46,20.88,3.56
2021-06-12,30.62,37.15,26.09,4.68,59.99,22.54,4.58
2021-06-13,30.12,36.25,25.71,0.3,61.77,16.57,4.98
2021-06-14,29.9,35.43,26.0,0.03,55.52,16.24,6.09
2021-06-15,30.44,36.8,24.31,0.08,56.44,20.8,4.5
2021-06-16,30.69,35.24,26.73,0.1,61.81,20.5,4.4
2021-06-17,31.12,36.69,26.58,0.19,58.34,20.77,4.57
2021-06-18,30.78,36.74,25.91,0.04,57.72,17.01,4.32
2021-06-19,30.51,36.14,25.6,0.05,58.31,20.04,3.56
2021-06-20,30.72,35.83,25.97,0.23,60.04,23.63,3.07
2021-06-21,31.3,36.13,26.47,0.83,59.47,23.24,2.85
2021-06-22,30.21,34.36,27.03,5.35,65.5,16.58,2.31
2021-06-23,29.05,33.33,25.73,10.77,73.72,17.82,2.15
2021-06-24,29.59,34.19,26.03,2.0,69.32,18.98,2.32
2021-06-25,30.61,37.03,25.34,0.24,60.27,23.77,2.93
2021-06-26,30.56,36.18,26.06,0.98,59.98,21.03,3.07
2021-06-27,29.61,34.68,25.9,1.64,61.66,14.29,2.77
2021-06-28,29.57,35.36,25.67,0.32,63.43,19.1,2.54
2021-06-29,30.27,35.78,26.26,1.02,65.99,21.63,3.11
2021-06-30,30.61,35.56,26.47,1.61,67.98,23.1,2.42
2021-07-01,29.56,33.41,26.92,15.07,76.06,21.48,2.64
2021-07-02,29.67,34.02,25.99,5.38,74.84,21.54,2.4
2021-07-03,28.91,32.25,25.83,4.33,74.77,21.25,1.87
2021-07-04,27.54,29.67,25.3,23.61,82.37,20.99,2.52
2021-07-05,29.32,34.2,24.47,2.28,71.17,23.36,1.85
2021-07-06,29.36,32.99,26.17,0.17,73.19,21.38,2.07
2021-07-07,29.71,33.98,26.03,2.7,72.69,21.68,2.08
2021-07-08,29.79,33.96,25.69,9.01,72.76,23.01,2.1
2021-07-09,29.01,33.26,26.09,5.94,76.18,17.91,3.16
2021-07-10,28.43,33.08,24.87,1.13,69.33,10.69,5.0
2021-07-11,28.6,33.32,24.55,0.4,63.02,15.38,4.79
2021-07-12,29.45,34.96,24.99,0.34,62.9,16.72,4.77
2021-07-13,29.25,34.71,25.07,0.23,66.45,14.78,4.46
2021-07-14,28.68,34.04,24.73,6.22,70.04,14.59,3.94
2021-07-15,28.8,34.83,23.96,2.83,69.84,12.97,3.35
2021-07-16,29.09,33.45,25.28,2.66,70.12,19.25,2.75
2021-07-17,29.06,34.02,25.1,6.03,72.04,14.31,2.34
2021-07-18,28.09,31.97,25.37,8.4,76.69,13.92,3.19
2021-07-19,29.46,35.31,24.64,0.25,68.61,21.12,4.08
2021-07-20,30.39,36.69,24.84,0.35,64.45,21.27,4.29
2021-07-21,29.78,35.61,25.2,0.19,65.24,16.47,4.5
2021-07-22,29.37,34.39,25.64,0.21,66.73,18.95,5.64
2021-07-23,29.6,35.05,25.72,0.97,64.29,12.34,5.23
2021-07-24,29.52,35.04,25.23,0.19,66.01,22.13,3.94
2021-07-25,30.05,36.72,25.47,0.93,62.35,22.94,4.22
2021-07-26,30.11,36.44,24.65,2.94,65.2,22.75,3.44
2021-07-27,27.9,30.79,25.53,1.99,73.96,21.76,3.65
2021-07-28,29.83,35.98,24.76,0.3,63.78,22.49,3.93
2021-07-29,30.01,35.74,24.89,0.07,63.34,20.88,3.17
2021-07-30,29.93,35.38,25.05,0.1,64.23,21.29,3.53
2021-07-31,30.9,36.8,25.39,0.12,60.41,22.58,3.43
2021-08-01,30.89,36.86,25.44,0.11,60.08,17.48,3.27
2021-08-02,30.09,35.56,25.3,0.13,58.99,21.9,3.76
2021-08-03,30.64,37.37,25.31,0.14,59.11,21.66,3.96
2021-08-04,31.16,38.36,25.69,0.13,57.38,20.48,4.55
2021-08-05,30.85,37.1,26.1,0.29,59.2,20.51,4.24
2021-08-06,30.83,37.14,26.03,1.9,62.12,19.52,3.99
2021-08-07,29.85,34.54,26.21,10.46,69.67,20.98,2.96
2021-08-08,29.68,34.77,25.43,1.91,68.9,24.14,2.65
2021-08-09,29.81,35.04,25.36,10.24,67.17,23.75,3.02
2021-08-10,29.26,35.07,24.56,6.56,68.55,22.22,3.15
2021-08-11,28.27,32.93,24.8,8.64,72.58,17.92,2.11
2021-08-12,27.59,31.74,24.88,5.6,75.64,15.6,3.36
2021-08-13,27.15,30.2,24.84,1.59,75.65,16.63,2.73
2021-08-14,28.91,34.12,24.82,5.8,71.26,18.28,2.59
2021-08-15,29.52,35.63,24.49,2.52,67.2,16.47,2.8
2021-08-16,29.92,35.78,24.72,0.67,62.55,16.8,2.92
2021-08-17,29.08,33.7,25.11,13.25,68.08,19.07,2.63
2021-08-18,27.6,33.92,23.48,11.79,73.05,16.61,3.74
2021-08-19,28.97,35.72,23.38,1.08,64.97,21.32,3.57
2021-08-20,27.38,30.9,24.57,1.6,71.41,13.26,1.89
2021-08-21,26.64,29.84,23.56,9.65,77.99,6.88,1.29
2021-08-22,26.95,30.17,24.34,6.93,78.45,19.36,1.33
2021-08-23,27.7,31.77,24.65,3.88,78.29,9.77,2.2
2021-08-24,28.2,33.03,24.5,11.34,77.26,23.15,2.95
2021-08-25,29.13,35.06,24.04,1.26,72.17,23.06,3.0
2021-08-26,29.21,33.49,25.38,0.92,74.05,23.25,1.99
2021-08-27,28.13,31.56,25.68,4.37,80.11,16.15,2.07
2021-08-28,27.54,31.26,24.95,4.59,78.98,16.42,2.7
2021-08-29,27.46,31.7,24.11,1.45,77.46,13.61,3.07
2021-08-30,28.39,33.9,24.05,0.55,70.2,18.83,3.57
2021-08-31,28.98,34.91,24.07,1.85,70.76,20.96,2.39
2021-09-01,28.82,33.18,25.36,2.77,73.65,13.77,1.86
2021-09-02,27.38,31.06,25.04,25.72,81.53,15.09,2.0
2021-09-03,26.39,29.3,24.19,16.3,84.45,15.9,2.29
2021-09-04,27.3,31.31,23.67,4.42,81.39,10.8,2.55
2021-09-05,27.85,33.32,24.05,3.51,76.5,20.71,3.56
2021-09-06,26.91,31.71,23.12,1.32,75.83,14.61,3.88
2021-09-07,28.01,34.13,23.08,0.19,73.65,21.39,3.57
2021-09-08,27.61,31.74,24.11,0.79,78.6,21.76,2.72
2021-09-09,28.28,33.31,23.39,0.1,74.5,23.31,2.68
2021-09-10,28.56,33.35,24.67,1.0,74.67,20.17,2.64
2021-09-11,28.58,33.67,24.46,1.05,74.88,21.27,3.08
2021-09-12,28.53,33.32,24.91,0.37,73.48,20.61,3.82
2021-09-13,28.41,33.55,24.59,0.17,72.88,19.83,3.81
2021-09-14,28.55,32.69,24.97,0.44,75.57,22.61,2.78
2021-09-15,29.02,34.14,24.89,3.24,75.38,22.64,2.58
2021-09-16,28.64,32.82,25.14,2.53,77.03,19.84,2.04
2021-09-17,28.15,31.76,25.81,7.83,80.85,19.36,2.09
2021-09-18,28.07,31.23,25.19,4.84,80.53,13.78,1.34
2021-09-19,28.32,31.63,25.35,8.65,81.05,20.45,1.44
2021-09-20,28.11,31.94,24.86,4.55,80.01,21.49,1.86
2021-09-21,28.22,32.61,24.8,2.92,78.53,20.48,1.99
2021-09-22,28.79,34.14,24.14,0.39,73.48,17.8,1.91
2021-09-23,28.91,32.89,25.03,2.96,77.4,19.93,1.55
2021-09-24,28.21,32.11,24.9,4.15,79.45,22.75,1.84
2021-09-25,28.36,32.07,25.02,4.16,80.35,22.84,1.94
2021-09-26,27.06,30.26,25.12,13.72,82.63,13.97,2.4
2021-09-27,28.28,33.83,24.05,1.4,75.17,18.02,3.82
2021-09-28,27.44,32.26,23.75,0.22,71.2,18.55,3.32
2021-09-29,28.69,35.13,23.01,1.39,67.35,22.62,1.88
2021-09-30,27.59,31.59,23.83,13.2,77.78,19.82,1.64
2021-10-01,27.66,31.18,24.62,8.19,81.45,11.99,1.11
2021-10-02,27.17,29.97,25.0,7.77,85.87,21.38,1.25
2021-10-03,28.02,32.43,25.14,3.25,81.68,16.69,1.29
2021-10-04,28.04,31.74,25.31,3.12,82.42,16.23,1.29
2021-10-05,27.1,29.45,24.98,13.23,86.39,5.56,0.9
2021-10-06,27.47,32.23,23.98,3.8,81.9,17.84,2.34
2021-10-07,27.77,31.69,24.85,1.34,83.46,21.75,2.32
2021-10-08,27.77,31.21,25.04,14.31,84.75,17.37,2.86
2021-10-09,27.21,30.21,25.03,8.76,86.47,14.22,2.56
2021-10-10,27.51,30.81,24.44,7.41,83.93,20.04,1.66
2021-10-11,26.51,28.91,24.9,30.55,89.66,17.0,1.97
2021-10-12,26.0,29.62,23.57,10.63,86.88,19.92,2.61
2021-10-13,26.63,31.28,22.89,3.51,82.81,21.21,2.38
2021-10-14,27.98,32.5,23.6,3.81,82.08,21.28,1.81
2021-10-15,27.45,30.33,24.75,1.84,86.51,15.65,1.94
2021-10-16,27.81,31.04,25.44,9.79,89.16,19.39,3.23
2021-10-17,27.25,30.06,25.4,4.35,88.73,16.77,3.26
2021-10-18,27.33,30.19,24.73,2.59,84.94,17.06,2.24
2021-10-19,27.19,30.02,24.33,3.52,86.1,16.66,1.56
2021-10-20,27.36,30.04,25.66,5.8,87.18,17.04,0.81
2021-10-21,27.03,29.61,25.09,6.34,88.27,17.5,0.9
2021-10-22,27.12,29.82,25.15,2.54,85.46,17.61,1.09
2021-10-23,27.11,30.41,24.97,3.6,86.87,16.95,1.5
2021-10-24,26.84,30.28,23.82,4.97,78.93,16.26,1.21
2021-10-25,26.76,29.98,24.39,7.71,83.35,18.15,1.58
2021-10-26,26.58,29.61,24.31,4.96,85.23,18.83,1.77
2021-10-27,26.63,30.08,23.88,2.24,85.72,17.45,2.12
2021-10-28,25.77,27.86,23.77,7.19,87.75,10.71,2.16
2021-10-29,25.84,27.99,24.42,44.15,92.92,3.74,3.1
2021-10-30,25.7,27.42,24.45,25.67,92.29,16.61,2.74
2021-10-31,26.3,28.71,24.67,21.79,91.66,5.37,2.85
2021-11-01,26.11,28.04,24.8,21.08,91.33,9.65,2.49
2021-11-02,26.15,27.97,25.03,31.48,91.74,10.05,2.44
2021-11-03,25.66,27.39,24.47,29.47,92.58,4.48,1.94
2021-11-04,25.79,28.06,24.05,6.97,90.91,13.28,1.07
2021-11-05,25.48,27.46,23.97,8.17,91.81,19.16,1.43
2021-11-06,25.86,28.3,23.36,19.81,87.87,15.41,1.39
2021-11-07,25.99,28.04,23.96,12.13,87.67,6.31,1.18
2021-11-08,26.11,28.82,24.41,28.74,91.02,3.97,1.73
2021-11-09,24.37,25.93,23.07,64.5,93.82,8.48,3.39
2021-11-10,23.32,24.93,22.1,49.1,92.76,6.56,3.96
2021-11-11,24.07,26.94,21.93,8.53,92.14,6.96,4.29
2021-11-12,26.35,29.75,23.52,2.5,88.5,10.13,2.04
2021-11-13,25.84,27.43,24.66,2.08,89.04,12.8,1.39
2021-11-14,25.77,28.09,24.33,9.57,93.24,9.81,2.2
2021-11-15,26.39,29.22,23.97,7.35,88.8,12.8,1.28
2021-11-16,26.66,29.17,24.8,3.97,90.32,13.61,0.9
2021-11-17,26.0,27.83,24.32,35.41,93.12,10.05,1.68
2021-11-18,24.6,25.76,23.48,20.05,93.76,1.04,4.06
2021-11-19,25.71,28.67,23.65,17.62,91.29,10.67,4.21
2021-11-20,26.85,29.89,24.85,9.63,90.82,17.72,2.86
2021-11-21,25.93,28.47,24.09,2.93,86.98,17.04,1.53
2021-11-22,25.41,27.69,23.08,2.11,91.89,14.0,1.82
2021-11-23,25.75,27.6,24.26,4.83,94.44,18.5,2.11
2021-11-24,25.76,27.62,24.47,5.79,93.84,9.89,2.48
2021-11-25,26.04,27.88,24.38,33.98,94.67,11.3,2.88
2021-11-26,25.96,27.81,24.3,53.41,94.63,5.96,3.06
2021-11-27,25.16,27.0,23.69,23.98,94.53,10.63,2.91
2021-11-28,25.19,26.69,24.09,31.41,94.88,1.79,2.84
2021-11-29,25.02,26.41,23.97,23.44,94.23,8.55,2.25
2021-11-30,25.55,27.55,24.02,5.54,92.85,17.83,2.01
2021-12-01,26.08,28.98,23.9,4.17,91.21,12.94,2.35
2021-12-02,25.38,28.3,22.97,0.98,90.69,15.03,2.79
2021-12-03,24.03,27.18,21.16,0.01,90.11,17.95,1.78
2021-12-04,25.7,29.79,21.16,0.1,81.14,16.84,0.95
2021-12-05,26.6,30.82,22.98,3.02,84.56,16.12,1.09
2021-12-06,26.53,30.13,23.95,2.06,87.76,11.34,1.35
2021-12-07,25.77,28.81,23.7,0.09,89.0,15.13,2.12
2021-12-08,25.58,29.04,23.21,0.2,90.46,18.25,2.37
2021-12-09,25.44,28.2,23.71,1.85,89.39,14.61,2.57
2021-12-10,25.31,28.73,22.29,0.27,88.17,18.56,2.61
2021-12-11,25.72,28.77,23.59,3.75,89.63,15.0,3.07
2021-12-12,25.67,28.67,23.88,2.9,88.74,17.73,3.51
2021-12-13,25.58,28.6,23.74,3.56,88.93,17.01,3.36
2021-12-14,25.58,28.51,23.86,3.75,89.18,11.67,3.55
2021-12-15,25.23,28.17,23.41,3.49,89.94,15.33,3.46
2021-12-16,24.34,27.53,21.5,2.4,89.86,12.76,3.87
2021-12-17,23.6,26.14,21.19,0.74,89.24,16.86,3.44
2021-12-18,23.77,27.17,21.51,0.19,86.98,17.51,3.66
2021-12-19,23.24,26.85,20.37,0.02,85.34,18.96,3.46
2021-12-20,23.2,27.54,19.32,0.0,84.73,17.68,2.89
2021-12-21,22.94,27.43,19.58,0.0,82.38,17.93,2.3
2021-12-22,22.62,27.44,18.96,0.0,82.76,16.81,1.83
2021-12-23,21.64,26.79,17.3,0.0,84.15,19.29,1.88
2021-12-24,22.45,27.79,17.79,0.0,83.82,19.98,1.79
2021-12-25,22.78,27.56,18.5,0.0,84.17,19.89,1.84
2021-12-26,23.14,27.93,18.92,0.0,85.36,18.58,1.88
2021-12-27,23.55,28.1,19.75,0.04,84.55,18.69,2.11
2021-12-28,23.94,28.44,20.44,0.39,83.81,18.87,2.27
2021-12-29,23.79,28.51,20.22,0.09,81.97,18.39,2.13
2021-12-30,24.42,28.03,21.6,11.66,90.08,10.19,3.51
2021-12-31,25.36,28.04,23.25,17.18,91.3,10.61,3.65
2022-01-01,25.26,27.77,23.72,28.3,90.71,10.6,3.63
2022-01-02,24.91,28.31,22.6,8.82,88.21,16.25,3.69
2022-01-03,24.24,27.98,21.69,0.06,85.73,17.06,3.22
2022-01-04,23.54,27.32,20.75,0.04,87.03,16.03,3.16
2022-01-05,23.12,27.77,18.89,0.05,87.3,18.66,2.67
2022-01-06,24.29,28.44,21.42,0.28,88.89,15.99,2.73
2022-01-07,24.42,28.39,21.41,0.32,88.66,17.07,2.54
2022-01-08,24.2,28.21,21.23,0.03,86.4,17.51,2.61
2022-01-09,23.96,28.36,20.98,0.04,86.95,17.84,2.2
2022-01-10,24.48,28.81,20.92,0.06,87.17,18.78,1.85
2022-01-11,24.78,29.11,21.76,0.21,86.47,16.49,2.12
2022-01-12,25.13,29.52,21.58,0.21,86.98,17.42,1.82
2022-01-13,25.63,29.62,22.41,0.09,85.79,16.86,1.58
2022-01-14,25.83,29.9,22.81,0.05,85.07,17.9,1.52
2022-01-15,25.42,29.64,22.21,0.08,87.37,17.04,1.92
2022-01-16,25.14,29.04,22.23,3.52,87.75,17.04,2.77
2022-01-17,25.05,28.51,22.86,5.19,85.64,12.34,3.05
2022-01-18,24.07,28.1,21.52,0.54,83.6,18.58,3.08
2022-01-19,23.67,28.24,20.28,0.05,84.76,19.46,2.44
2022-01-20,23.34,28.46,19.61,0.0,78.95,19.81,1.6
2022-01-21,24.33,29.58,20.49,0.0,78.16,20.07,0.94
2022-01-22,25.17,30.98,19.99,0.0,81.9,20.74,1.5
2022-01-23,25.51,29.84,21.88,0.02,83.86,18.34,1.93
2022-01-24,25.52,29.64,22.19,0.17,84.48,15.86,1.77
2022-01-25,25.18,28.99,22.73,0.46,84.03,16.62,1.9
2022-01-26,24.65,28.74,21.85,0.08,81.54,16.64,1.98
2022-01-27,24.55,28.75,21.56,0.02,81.3,18.44,2.3
2022-01-28,24.74,28.83,22.01,0.29,82.27,14.92,3.5
2022-01-29,25.08,29.1,22.33,2.67,85.28,10.86,3.93
2022-01-30,24.91,29.2,21.69,1.0,85.77,13.44,3.13
2022-01-31,25.16,29.88,21.65,0.03,85.55,18.52,2.2
2022-02-01,24.71,29.58,20.92,0.0,82.61,18.02,2.09
2022-02-02,23.17,28.92,18.75,0.0,79.84,20.78,1.99
2022-02-03,23.73,29.55,19.54,0.0,75.27,22.12,1.06
2022-02-04,25.08,31.11,20.1,0.0,76.76,21.33,1.33
2022-02-05,25.69,30.77,21.7,0.09,81.36,16.71,1.9
2022-02-06,25.3,29.98,22.08,0.04,81.27,18.09,2.43
2022-02-07,24.68,30.28,20.99,0.0,78.98,20.36,2.52
2022-02-08,23.62,29.47,18.94,0.0,79.13,21.97,2.72
2022-02-09,23.45,29.44,18.85,0.01,78.31,21.8,2.94
2022-02-10,24.48,29.62,19.86,2.59,80.31,19.22,3.42
2022-02-11,24.96,28.48,22.06,15.53,85.33,8.15,3.54
2022-02-12,25.14,29.42,22.36,7.75,81.93,16.19,3.43
2022-02-13,24.92,29.55,21.94,0.28,80.03,17.93,3.34
2022-02-14,24.82,29.69,21.21,0.33,79.16,13.43,3.11
2022-02-15,24.29,29.32,20.53,0.06,76.17,19.5,2.97
2022-02-16,24.07,30.03,19.75,0.0,75.09,20.4,2.62
2022-02-17,24.47,30.52,19.88,0.0,77.34,20.86,2.46
2022-02-18,25.19,30.62,21.35,0.38,80.32,20.7,2.65
2022-02-19,25.41,30.81,21.84,0.19,79.5,17.72,2.85
2022-02-20,26.14,31.8,21.93,0.09,78.5,21.97,2.14
2022-02-21,27.03,33.87,22.56,0.01,74.88,22.1,1.3
2022-02-22,26.7,32.7,22.97,0.21,76.31,20.97,1.85
2022-02-23,26.0,31.95,22.1,0.28,75.69,22.88,2.93
2022-02-24,25.48,31.45,20.88,0.26,72.1,21.87,2.68
2022-02-25,24.94,31.19,19.54,0.0,73.05,24.72,2.88
2022-02-26,26.14,32.24,21.29,0.44,76.93,20.77,2.97
2022-02-27,26.37,32.21,22.14,0.08,73.55,21.08,3.25
2022-02-28,26.06,32.74,20.75,0.0,72.99,25.52,2.54
2022-03-01,26.12,33.53,20.67,0.0,69.45,25.87,3.04
2022-03-02,26.24,33.45,20.69,0.0,68.44,21.28,3.26
2022-03-03,26.34,32.45,21.91,0.0,71.68,18.83,3.7
2022-03-04,26.59,31.86,22.62,2.13,75.21,15.33,4.26
2022-03-05,26.62,31.38,22.89,0.09,74.69,20.82,3.85
2022-03-06,26.84,32.21,23.21,3.79,74.76,13.89,4.36
2022-03-07,26.64,31.79,22.85,10.7,73.52,12.15,3.38
2022-03-08,27.04,33.66,22.32,0.06,72.97,23.14,2.4
2022-03-09,26.87,34.6,21.74,0.0,71.65,24.75,2.13
2022-03-10,26.79,34.68,20.64,0.0,70.36,24.43,2.43
2022-03-11,26.49,34.04,20.8,0.0,73.18,24.8,2.6
2022-03-12,26.54,34.34,20.43,0.98,70.72,25.25,2.67
2022-03-13,27.1,34.07,21.33,0.0,71.41,22.99,2.81
2022-03-14,27.59,34.95,22.53,0.0,69.93,23.2,2.6
2022-03-15,27.71,35.78,21.83,0.03,67.71,22.56,1.98
2022-03-16,28.24,37.14,21.4,0.0,60.68,21.76,1.82
2022-03-17,28.82,37.63,22.13,0.19,61.41,21.91,1.83
2022-03-18,29.26,37.62,23.16,0.0,62.91,21.7,1.66
2022-03-19,29.94,36.6,24.61,0.15,67.0,21.65,1.43
2022-03-20,31.37,38.2,25.49,0.37,60.63,17.78,1.71
2022-03-21,31.63,38.26,26.66,1.23,59.4,21.04,1.52
2022-03-22,31.06,37.27,26.03,2.77,63.79,16.4,1.67
2022-03-23,30.53,35.92,26.52,0.49,68.45,17.38,1.86
2022-03-24,30.15,35.71,25.59,0.16,68.45,19.72,1.9
2022-03-25,29.87,35.48,25.49,0.23,67.32,19.43,1.99
2022-03-26,30.14,36.0,25.46,0.59,66.78,20.02,2.22
2022-03-27,30.3,36.12,25.7,0.27,68.5,21.8,2.12
2022-03-28,30.75,37.12,25.84,0.02,66.27,23.27,2.49
2022-03-29,31.07,37.75,26.2,0.03,65.46,22.83,2.54
2022-03-30,31.06,37.85,25.74,0.03,64.91,21.73,2.92
2022-03-31,30.97,37.41,26.13,0.05,65.05,22.62,2.72
2022-04-01,30.77,37.07,26.14,0.08,66.04,22.15,3.1
2022-04-02,30.74,36.99,25.96,0.28,64.86,22.94,2.41
2022-04-03,30.08,34.88,26.62,1.3,67.92,24.82,2.21
2022-04-04,30.17,36.58,25.55,0.3,66.75,24.72,2.39
2022-04-05,30.32,37.06,25.12,0.11,63.49,24.7,2.26
2022-04-06,29.96,35.68,25.44,0.8,65.53,25.25,1.89
2022-04-07,29.78,34.36,26.66,0.35,66.22,25.05,1.77
2022-04-08,29.93,35.04,26.16,1.57,65.86,21.73,1.74
2022-04-09,28.69,33.04,26.05,3.36,70.05,24.11,1.69
2022-04-10,28.85,34.51,24.61,10.95,70.13,13.92,2.11
2022-04-11,28.08,31.57,25.1,5.47,78.4,12.5,2.32
2022-04-12,28.11,31.31,25.66,3.67,79.11,14.73,1.33
2022-04-13,28.14,31.43,25.43,6.48,80.89,14.01,1.44
2022-04-14,29.07,34.39,24.53,0.91,70.18,23.25,2.7
2022-04-15,30.57,36.9,25.41,0.42,67.43,25.44,2.85
2022-04-16,30.61,35.43,26.75,1.85,70.35,24.35,3.24
2022-04-17,30.78,35.92,27.05,4.78,70.8,22.39,2.38
2022-04-18,30.52,35.39,26.71,1.09,69.08,23.35,1.56
2022-04-19,31.47,37.63,26.16,0.43,63.65,22.78,1.55
2022-04-20,30.62,35.61,26.91,0.2,70.57,24.06,1.77
2022-04-21,30.42,35.76,26.65,0.18,70.85,25.41,2.55
2022-04-22,30.0,35.21,26.11,4.19,71.4,25.47,2.47
2022-04-23,28.95,32.85,26.16,4.02,73.02,22.66,1.8
2022-04-24,30.55,37.16,25.94,0.6,65.37,25.15,1.99
2022-04-25,29.71,34.8,25.38,0.02,70.0,25.58,2.13
2022-04-26,30.66,37.15,25.6,0.03,66.72,25.24,2.27
2022-04-27,31.21,38.0,26.09,0.03,65.72,26.03,2.21
2022-04-28,30.62,35.65,26.31,0.11,69.62,26.12,2.25
2022-04-29,31.22,37.56,26.05,0.16,68.42,24.89,2.4
2022-04-30,32.07,38.21,27.01,0.11,64.24,24.49,2.12
2022-05-01,32.15,38.09,27.87,0.33,64.84,22.86,2.56
2022-05-02,32.99,39.69,28.12,0.41,59.82,24.27,2.19
2022-05-03,31.83,35.64,28.83,1.08,66.28,22.25,1.64
2022-05-04,31.17,35.48,27.84,1.03,70.07,21.34,1.71
2022-05-05,31.18,36.39,27.24,1.21,67.58,19.7,1.89
2022-05-06,31.5,37.58,27.3,2.95,55.67,21.65,2.88
2022-05-07,31.22,37.79,25.99,6.57,64.66,21.51,1.73
2022-05-08,32.04,37.86,27.32,2.07,62.11,15.39,1.85
2022-05-09,32.14,37.58,27.96,5.31,61.61,13.72,2.6
2022-05-10,30.95,36.28,27.7,1.88,61.14,7.87,4.6
2022-05-11,32.4,39.35,27.22,0.55,54.7,12.22,4.92
2022-05-12,31.89,38.74,26.58,3.52,56.56,10.62,3.97
2022-05-13,31.42,37.54,26.45,0.95,61.49,13.34,3.12
2022-05-14,31.22,37.41,26.51,7.51,62.17,18.83,3.37
2022-05-15,29.21,32.82,25.78,18.56,76.41,22.23,2.88
2022-05-16,29.01,32.71,25.99,2.73,77.02,15.7,2.93
2022-05-17,29.68,33.36,26.35,3.34,74.51,21.33,2.58
2022-05-18,30.04,34.21,26.46,0.68,71.41,18.94,3.27
2022-05-19,30.25,34.84,26.21,0.41,66.48,21.09,4.66
2022-05-20,30.71,37.42,25.16,0.88,59.22,21.5,3.97
2022-05-21,30.0,35.19,25.65,0.21,64.3,21.06,3.96
2022-05-22,31.23,38.28,25.13,0.1,58.24,22.08,4.41
2022-05-23,31.9,38.51,26.25,0.18,60.38,24.45,3.5
2022-05-24,31.98,37.83,27.38,3.35,62.93,24.44,3.21
2022-05-25,30.6,34.52,27.48,5.63,71.32,23.0,2.24
2022-05-26,30.4,34.53,27.02,3.17,70.43,23.69,3.14
2022-05-27,30.96,37.79,25.1,2.3,60.66,24.04,2.79
2022-05-28,30.81,35.86,26.43,0.59,63.4,24.08,3.27
2022-05-29,30.27,35.4,26.29,4.44,64.45,24.22,3.56
2022-05-30,30.22,35.46,25.44,3.45,67.06,24.21,2.94
2022-05-31,31.1,36.96,25.84,0.85,61.97,23.31,3.03
2022-06-01,30.73,35.71,26.41,0.08,61.98,22.9,3.72
2022-06-02,31.37,37.55,26.11,0.08,60.89,20.63,3.12
2022-06-03,30.63,35.43,26.38,0.06,62.95,21.92,2.46
2022-06-04,30.7,36.59,26.58,0.11,61.86,22.9,1.77
2022-06-05,29.78,33.18,27.08,5.58,69.22,22.22,2.2
2022-06-06,28.31,31.54,26.23,15.87,80.17,19.73,1.93
2022-06-07,29.63,34.41,26.13,5.96,69.89,14.88,2.46
2022-06-08,29.62,34.28,26.04,0.54,68.98,23.13,3.47
2022-06-09,30.34,36.18,26.15,0.47,66.85,23.68,2.99
2022-06-10,29.91,34.62,26.22,0.34,67.48,20.74,3.28
2022-06-11,30.42,36.45,25.28,0.23,61.51,20.69,3.78
2022-06-12,29.64,34.76,25.72,0.67,61.24,23.81,3.24
2022-06-13,29.56,35.07,24.78,0.13,64.06,23.44,2.37
2022-06-14,29.88,34.61,26.16,7.23,69.34,24.58,2.41
2022-06-15,28.89,33.12,24.91,7.1,72.3,23.12,2.62
2022-06-16,28.38,32.36,25.08,13.01,76.18,23.71,1.91
2022-06-17,27.53,30.45,24.93,10.47,79.38,14.0,2.03
2022-06-18,27.75,31.36,24.68,3.88,78.14,22.05,2.38
2022-06-19,28.31,32.17,25.32,6.25,78.31,22.27,2.1
2022-06-20,29.08,33.67,24.97,1.43,71.38,22.09,2.36
2022-06-21,29.44,34.78,25.23,1.5,69.74,19.2,2.7
2022-06-22,28.44,32.84,24.88,3.22,74.12,17.29,2.06
2022-06-23,29.16,34.34,24.9,0.67,69.74,16.53,2.45
2022-06-24,28.96,33.06,24.87,0.91,65.91,24.41,4.05
2022-06-25,28.89,34.57,24.41,0.11,65.6,13.26,4.14
2022-06-26,29.68,35.66,24.77,0.11,60.95,20.38,3.7
2022-06-27,30.27,35.9,24.77,0.19,63.47,20.41,3.01
2022-06-28,30.07,35.45,25.43,0.14,63.55,21.84,2.9
2022-06-29,30.7,36.63,25.72,0.32,61.08,22.66,3.38
2022-06-30,29.52,34.52,26.19,0.9,68.15,21.76,4.23
2022-07-01,29.99,36.05,25.27,1.98,67.33,22.78,3.52
2022-07-02,28.95,32.76,25.67,2.54,69.36,20.44,3.3
2022-07-03,28.79,33.12,25.67,1.15,71.0,17.45,3.63
2022-07-04,29.64,36.14,24.57,0.24,62.46,17.71,4.72
2022-07-05,29.22,34.59,25.32,0.02,63.33,14.29,4.97
2022-07-06,29.49,34.81,24.75,0.05,61.66,12.36,4.03
2022-07-07,28.98,33.91,25.05,1.17,64.13,14.68,4.38
2022-07-08,29.37,34.78,24.55,0.31,63.16,16.5,3.53
2022-07-09,28.83,33.38,24.96,1.03,65.36,15.04,4.73
2022-07-10,29.67,36.36,24.73,0.33,60.86,12.56,5.15
2022-07-11,29.38,35.82,25.16,5.47,62.99,9.76,5.43
2022-07-12,29.31,35.48,24.21,0.17,61.15,19.97,5.51
2022-07-13,29.9,35.93,25.03,0.23,60.0,18.84,6.1
2022-07-14,29.85,35.83,25.17,0.13,58.64,17.93,6.18
2022-07-15,29.99,35.39,25.25,0.01,60.8,20.94,4.9
2022-07-16,29.49,34.56,25.43,3.58,66.03,19.56,3.45
2022-07-17,30.02,35.09,25.65,0.81,65.31,18.44,3.25
2022-07-18,29.25,34.03,25.65,1.05,64.09,15.09,2.67
2022-07-19,30.4,36.19,25.09,0.26,63.6,23.34,2.5
2022-07-20,29.79,33.06,26.72,1.15,70.27,19.14,1.8
2022-07-21,30.17,35.11,26.12,10.86,70.78,22.18,2.26
2022-07-22,28.42,32.14,25.75,14.42,76.44,20.08,2.77
2022-07-23,28.7,33.57,24.86,5.84,72.05,20.3,2.82
2022-07-24,29.1,34.58,24.47,2.75,67.98,19.27,2.3
2022-07-25,29.31,33.44,25.17,4.99,69.1,22.21,1.86
2022-07-26,27.21,29.81,25.54,21.23,84.28,19.21,1.82
2022-07-27,28.17,32.1,24.82,3.92,77.5,22.38,1.25
2022-07-28,28.63,32.94,25.46,1.56,76.0,24.45,1.17
2022-07-29,28.76,33.7,25.76,2.25,72.93,18.35,1.59
2022-07-30,29.21,35.0,24.69,3.86,72.08,21.61,2.19
2022-07-31,28.8,32.91,25.85,7.54,78.22,20.15,2.13
2022-08-01,28.65,34.15,24.66,8.8,75.47,21.42,2.85
2022-08-02,27.68,31.06,25.38,4.02,79.77,13.07,2.45
2022-08-03,26.62,29.08,24.83,5.89,81.68,9.78,2.22
2022-08-04,26.45,29.92,24.59,5.06,84.31,12.07,3.46
2022-08-05,28.35,33.68,24.23,0.11,71.79,13.23,4.95
2022-08-06,27.97,32.66,24.02,0.58,72.92,18.97,4.26
2022-08-07,28.61,33.67,24.27,0.33,70.07,17.71,4.74
2022-08-08,28.43,33.55,24.32,0.1,71.0,21.69,4.97
2022-08-09,29.11,35.23,24.32,0.01,66.96,21.8,5.01
2022-08-10,28.99,35.44,23.97,0.0,65.3,22.92,4.65
2022-08-11,29.8,36.5,24.01,0.02,63.82,22.03,4.09
2022-08-12,29.56,35.78,25.01,0.03,64.56,21.77,3.66
2022-08-13,29.3,35.09,24.59,0.06,65.53,23.43,3.09
2022-08-14,29.78,35.71,24.63,0.01,60.82,21.96,2.9
2022-08-15,29.85,35.4,25.33,0.09,65.98,21.52,2.13
2022-08-16,29.2,33.82,25.79,0.41,72.39,22.95,2.41
2022-08-17,28.9,32.4,25.69,5.48,77.65,23.54,1.96
2022-08-18,28.07,31.25,25.9,2.59,75.74,22.59,2.34
2022-08-19,28.75,33.1,25.55,5.96,74.97,13.34,1.95
2022-08-20,29.41,34.38,25.37,0.96,70.18,15.46,2.31
2022-08-21,29.51,34.95,25.44,2.47,67.67,21.95,2.78
2022-08-22,28.78,34.13,24.65,21.04,74.75,21.17,3.19
2022-08-23,28.26,33.61,24.3,9.5,75.25,20.82,3.18
2022-08-24,27.32,31.27,24.14,4.19,77.79,16.64,2.62
2022-08-25,26.92,29.91,24.65,7.35,83.94,18.44,1.7
2022-08-26,27.42,31.93,24.03,3.82,77.39,19.92,1.92
2022-08-27,27.51,32.26,24.17,5.68,78.82,18.03,2.39
2022-08-28,27.46,31.14,23.77,11.17,79.82,22.95,2.08
2022-08-29,28.12,32.27,24.75,2.75,78.45,19.37,1.55
2022-08-30,28.17,31.89,25.44,4.55,80.53,20.25,1.43
2022-08-31,27.36,30.41,25.27,7.61,82.0,8.77,1.06
2022-09-01,26.48,29.22,24.39,9.76,83.99,4.98,0.83
2022-09-02,27.71,31.95,24.13,2.38,79.89,21.69,2.17
2022-09-03,28.4,32.67,24.38,1.12,79.29,22.78,2.01
2022-09-04,28.34,32.19,25.22,10.96,82.38,21.4,1.75
2022-09-05,28.16,31.83,25.24,6.24,83.21,23.39,1.79
2022-09-06,27.88,32.08,25.05,6.43,78.57,21.6,1.91
2022-09-07,26.72,29.81,24.13,7.23,83.95,14.41,2.2
2022-09-08,27.21,31.29,23.75,1.57,81.41,16.07,2.62
2022-09-09,27.85,32.53,23.85,0.3,78.59,19.3,3.11
2022-09-10,28.01,32.73,23.81,0.37,76.37,16.38,3.62
2022-09-11,28.23,33.07,24.36,0.26,75.95,18.63,3.65
2022-09-12,28.49,34.38,23.51,0.1,73.78,23.22,3.36
2022-09-13,28.6,34.51,23.4,0.13,74.09,24.39,2.82
2022-09-14,29.03,34.07,24.75,0.15,73.91,23.28,2.31
2022-09-15,29.01,33.67,24.94,0.1,72.8,21.76,1.85
2022-09-16,28.84,33.27,24.94,0.04,73.87,23.9,1.89
2022-09-17,29.26,34.09,25.23,0.13,73.71,22.66,2.39
2022-09-18,29.27,33.76,25.32,0.35,72.18,15.81,1.9
2022-09-19,28.5,32.53,25.25,0.34,73.24,18.82,2.4
2022-09-20,28.63,33.02,24.96,0.09,66.77,18.94,2.32
2022-09-21,29.59,36.17,23.68,0.02,66.03,24.86,2.4
2022-09-22,30.0,36.34,24.28,0.05,65.73,21.9,2.39
2022-09-23,28.89,33.24,24.62,0.1,66.78,22.7,2.01
2022-09-24,29.04,33.63,24.51,0.17,66.24,23.07,1.81
2022-09-25,28.97,34.01,24.83,6.64,72.55,23.2,1.74
2022-09-26,28.44,32.4,24.96,28.64,78.85,13.28,1.6
2022-09-27,28.44,32.93,25.18,2.58,76.83,18.13,2.43
2022-09-28,28.5,32.76,24.41,13.46,77.03,13.81,1.61
2022-09-29,27.45,31.0,24.48,1.88,80.09,13.97,1.88
2022-09-30,27.53,31.59,24.42,2.82,77.81,11.36,2.3
2022-10-01,26.75,31.12,23.77,0.16,74.87,12.7,3.12
2022-10-02,28.2,34.35,22.84,0.61,71.18,15.37,2.72
2022-10-03,28.11,32.79,24.05,0.21,75.06,14.89,2.75
2022-10-04,28.4,33.02,24.82,0.63,75.33,11.7,2.13
2022-10-05,27.83,31.38,25.21,5.56,79.08,7.25,1.68
2022-10-06,27.46,32.63,23.37,2.1,72.78,12.96,2.38
2022-10-07,28.17,33.86,22.92,1.65,71.69,11.76,1.51
2022-10-08,28.22,33.04,24.86,4.4,76.57,14.21,1.07
2022-10-09,27.15,30.63,25.16,10.81,84.26,12.42,1.21
2022-10-10,27.26,30.84,24.73,16.07,83.95,13.96,1.49
2022-10-11,27.62,31.09,24.96,4.41,82.86,17.86,1.97
2022-10-12,27.82,31.36,24.79,3.7,82.07,18.77,1.38
2022-10-13,27.95,32.1,25.02,4.49,81.76,20.27,1.17
2022-10-14,28.12,32.53,24.91,3.6,80.99,17.0,1.19
2022-10-15,27.54,30.98,25.32,8.01,83.04,20.51,1.16
2022-10-16,27.26,30.09,24.6,4.96,83.62,18.06,1.5
2022-10-17,27.52,30.6,24.93,2.8,83.28,15.78,1.79
2022-10-18,27.93,31.76,24.53,9.05,80.53,20.51,1.3
2022-10-19,27.16,30.3,24.35,7.33,82.66,20.81,1.33
2022-10-20,27.21,30.23,24.93,16.51,83.24,17.12,1.1
2022-10-21,26.73,28.71,24.58,13.5,83.82,12.4,0.84
2022-10-22,26.7,30.02,24.1,4.43,87.21,16.18,1.87
2022-10-23,26.7,29.45,24.37,4.23,85.88,14.97,1.55
2022-10-24,26.1,29.33,24.09,1.9,84.09,20.27,1.38
2022-10-25,26.33,31.73,21.8,0.34,74.89,22.29,1.31
2022-10-26,26.33,31.3,22.62,0.01,73.1,21.78,1.42
2022-10-27,26.22,31.3,21.57,0.02,76.86,18.22,2.56
2022-10-28,26.61,31.43,22.87,2.44,82.43,18.96,2.26
2022-10-29,26.66,30.43,24.08,10.83,85.3,9.89,2.92
2022-10-30,26.76,30.32,24.35,2.64,85.34,16.72,2.98
2022-10-31,25.75,27.58,24.29,8.78,91.46,8.44,2.58
2022-11-01,24.96,26.53,23.44,17.32,90.51,5.24,2.37
2022-11-02,25.58,29.45,22.73,19.62,86.2,11.21,2.1
2022-11-03,25.79,29.55,23.18,10.81,85.51,6.88,2.29
2022-11-04,25.59,29.05,23.2,16.16,84.89,14.57,2.35
2022-11-05,25.77,29.06,23.42,9.44,88.46,17.42,2.26
2022-11-06,25.42,27.69,24.0,5.61,91.3,11.33,2.51
2022-11-07,25.66,28.84,23.54,2.26,88.7,17.79,2.42
2022-11-08,25.82,28.79,23.84,10.1,89.26,11.6,2.92
2022-11-09,26.18,29.78,24.02,1.6,86.97,15.49,2.85
2022-11-10,25.89,29.77,23.44,4.74,86.83,16.01,3.25
2022-11-11,24.67,26.12,23.58,72.83,93.58,1.58,4.2
2022-11-12,25.76,27.07,24.61,14.23,92.17,14.92,3.86
2022-11-13,25.52,28.57,23.01,5.31,88.73,10.03,2.61
2022-11-14,25.55,29.03,22.81,6.18,89.81,17.37,2.04
2022-11-15,25.68,28.79,23.67,1.39,88.56,15.26,2.2
2022-11-16,25.2,28.88,22.8,0.41,86.28,16.2,2.64
2022-11-17,24.0,28.53,20.59,0.0,82.52,18.74,2.94
2022-11-18,23.61,28.55,19.31,0.01,83.01,17.06,3.37
2022-11-19,23.41,26.48,20.38,0.11,85.59,14.66,3.08
2022-11-20,22.39,26.16,19.72,0.01,81.95,15.83,2.68
2022-11-21,22.8,27.27,18.56,0.22,83.03,14.96,2.32
2022-11-22,25.15,29.87,20.75,0.29,85.17,10.69,1.73
2022-11-23,26.29,30.6,22.5,2.0,84.2,16.25,1.54
2022-11-24,26.3,30.33,23.44,0.85,85.45,15.46,1.4
2022-11-25,25.74,29.54,22.93,0.33,86.75,16.02,1.64
2022-11-26,25.7,29.18,22.88,1.06,87.33,14.34,1.53
2022-11-27,26.06,29.87,23.63,0.93,86.08,14.92,1.44
2022-11-28,26.1,30.17,23.36,2.77,86.13,10.29,1.59
2022-11-29,25.08,28.92,22.2,0.21,84.29,14.97,2.41
2022-11-30,24.32,28.63,19.91,0.57,86.13,17.57,2.22
2022-12-01,25.59,29.28,23.26,2.88,89.04,13.64,2.32
2022-12-02,25.95,29.63,23.48,1.56,86.85,17.6,2.15
2022-12-03,25.22,27.76,23.33,6.27,92.54,15.0,2.23
2022-12-04,25.44,28.19,23.31,32.52,92.37,9.61,2.35
2022-12-05,25.75,29.4,23.61,2.87,86.23,13.77,2.93
2022-12-06,25.13,28.97,22.67,0.16,85.22,11.72,2.87
2022-12-07,23.17,26.72,20.95,0.2,87.61,11.21,3.03
2022-12-08,21.05,23.72,19.52,8.04,83.04,5.81,3.94
2022-12-09,21.82,24.64,19.85,17.31,85.42,5.31,5.76
2022-12-10,24.18,28.54,20.78,1.94,86.91,7.57,3.41
2022-12-11,25.47,28.56,23.01,3.71,90.95,11.75,2.37
2022-12-12,25.75,28.37,24.15,20.41,90.84,8.97,1.86
2022-12-13,25.57,28.68,23.58,14.93,89.23,10.32,2.2
2022-12-14,25.18,28.97,22.56,3.12,89.19,17.88,2.05
2022-12-15,24.51,28.43,21.92,0.01,87.32,20.17,2.43
2022-12-16,24.35,28.94,20.38,0.04,87.44,20.03,2.39
2022-12-17,24.82,28.84,21.69,0.16,87.26,16.49,2.93
2022-12-18,24.84,28.3,22.65,0.04,84.26,13.32,3.58
2022-12-19,24.22,27.63,21.17,0.79,86.91,14.97,3.66
2022-12-20,24.15,27.22,21.68,1.36,88.69,12.83,3.58
2022-12-21,23.94,26.89,21.24,7.66,90.18,12.39,3.54
2022-12-22,23.78,26.62,21.78,2.27,89.0,15.33,3.66
2022-12-23,24.62,28.92,21.3,0.19,87.4,18.28,3.45
2022-12-24,25.24,28.74,22.43,1.83,88.43,15.67,3.89
2022-12-25,25.47,28.75,23.12,12.86,90.2,11.09,3.62
2022-12-26,25.93,29.31,23.78,4.61,89.35,13.6,3.0
2022-12-27,25.35,28.64,23.33,2.54,89.61,13.9,2.43
2022-12-28,25.22,29.34,22.52,0.08,86.4,19.85,2.21
2022-12-29,24.96,29.16,21.72,0.02,86.4,19.73,1.91
2022-12-30,24.23,28.99,20.94,0.0,86.7,20.6,1.83
2022-12-31,24.3,28.98,21.22,0.01,84.63,19.27,1.47
2023-01-01,23.79,28.69,20.08,0.0,85.52,20.07,1.97
2023-01-02,23.64,28.3,19.93,0.0,83.35,19.23,2.13
2023-01-03,23.73,28.0,20.28,0.06,83.22,17.47,2.46
2023-01-04,24.01,28.44,20.74,0.01,81.43,17.32,2.6
2023-01-05,24.28,28.86,20.42,0.13,80.83,14.15,2.98
2023-01-06,24.71,28.62,22.33,0.42,80.06,12.17,4.02
2023-01-07,24.47,28.5,22.04,0.11,80.74,15.24,3.56
2023-01-08,24.46,28.42,21.73,0.48,82.3,12.58,3.22
2023-01-09,23.3,28.11,20.05,0.0,79.01,20.61,2.99
2023-01-10,23.05,27.76,18.91,0.03,77.36,17.56,3.15
2023-01-11,23.32,28.79,19.46,0.02,77.49,20.27,2.57
2023-01-12,23.11,29.06,18.83,0.01,78.01,21.38,2.37
2023-01-13,22.8,29.02,18.08,0.0,78.26,20.04,2.01
2023-01-14,22.44,28.69,17.68,0.01,77.43,20.48,2.01
2023-01-15,22.35,28.59,17.15,0.0,79.89,21.63,2.04
2023-01-16,22.56,28.81,17.33,0.0,79.35,20.76,2.44
2023-01-17,22.9,28.99,18.52,0.02,78.07,20.63,2.17
2023-01-18,23.17,28.93,18.43,0.01,75.47,18.98,2.58
2023-01-19,23.39,29.08,19.27,0.0,71.36,19.52,2.56
2023-01-20,24.28,29.63,20.2,0.05,75.71,17.01,2.89
2023-01-21,24.76,30.29,20.49,0.11,76.09,17.76,3.1
2023-01-22,24.54,29.16,20.49,0.02,77.13,14.58,2.96
2023-01-23,25.37,30.3,22.05,3.03,79.94,11.76,3.17
2023-01-24,25.46,30.72,22.03,0.7,74.82,19.29,2.74
2023-01-25,24.55,30.07,20.69,0.06,73.01,20.38,2.61
2023-01-26,24.29,30.35,19.45,0.0,71.65,18.91,2.56
2023-01-27,24.12,30.43,19.21,0.01,74.97,20.08,2.76
2023-01-28,24.23,30.53,19.82,0.02,76.85,20.57,2.88
2023-01-29,24.98,30.2,20.21,0.62,79.0,16.84,3.2
2023-01-30,26.16,30.73,22.82,2.18,79.48,12.05,3.13
2023-01-31,25.2,29.1,23.3,2.09,81.44,13.53,3.68
2023-02-01,25.3,28.89,22.76,8.58,78.43,10.97,3.96
2023-02-02,25.23,28.87,23.0,21.61,83.73,7.07,3.92
2023-02-03,25.61,30.02,22.93,11.12,83.2,10.38,3.49
2023-02-04,25.6,30.63,22.3,1.54,79.86,20.41,3.3
2023-02-05,24.69,30.92,20.2,0.17,76.4,21.97,2.75
2023-02-06,24.7,31.29,20.28,0.01,76.44,19.59,2.68
2023-02-07,25.37,32.35,19.98,0.0,75.55,22.67,2.1
2023-02-08,24.88,31.73,19.76,0.23,77.04,21.33,2.25
2023-02-09,25.07,31.84,20.49,0.0,75.91,21.47,2.02
2023-02-10,25.18,32.13,20.27,0.0,74.52,22.77,2.17
2023-02-11,24.64,32.04,19.48,0.0,72.1,16.47,2.13
2023-02-12,24.76,32.73,19.56,0.0,69.57,23.97,1.83
2023-02-13,24.84,32.57,19.09,0.0,73.33,23.75,2.33
2023-02-14,24.85,32.23,19.45,0.0,72.26,23.75,2.05
2023-02-15,24.89,32.4,19.1,0.0,71.62,24.02,2.36
2023-02-16,24.64,31.75,19.38,0.0,74.54,23.39,2.53
2023-02-17,24.85,31.81,19.58,0.0,72.52,23.59,2.36
2023-02-18,25.54,32.97,19.81,0.0,71.15,24.19,2.08
2023-02-19,25.78,33.47,20.09,0.02,72.05,23.39,2.38
2023-02-20,25.71,33.78,19.77,0.0,68.17,24.62,2.26
2023-02-21,25.67,33.05,20.19,0.0,66.74,23.74,2.31
2023-02-22,25.73,33.13,20.87,0.0,63.16,23.62,2.47
2023-02-23,25.7,32.72,20.2,0.02,67.63,25.0,2.21
2023-02-24,26.51,34.16,21.28,0.0,64.44,23.67,2.05
2023-02-25,25.66,34.21,19.07,0.0,66.99,25.47,2.4
2023-02-26,25.42,32.76,19.55,0.0,68.51,24.69,2.86
2023-02-27,26.16,33.43,20.62,0.01,63.27,25.31,2.48
2023-02-28,26.94,33.22,22.18,0.38,71.06,13.74,3.5
2023-03-01,27.69,33.56,23.89,0.18,69.63,22.55,3.71
2023-03-02,26.91,33.83,22.1,0.0,61.71,25.82,2.97
2023-03-03,26.39,34.07,20.24,0.0,60.75,25.63,3.4
2023-03-04,27.54,34.45,22.29,0.09,66.63,24.72,3.15
2023-03-05,27.62,34.77,22.71,0.05,66.08,24.31,3.11
2023-03-06,27.67,35.03,21.65,0.0,63.4,25.8,2.86
2023-03-07,26.8,32.86,21.75,0.06,70.41,24.97,2.58
2023-03-08,27.23,33.58,22.2,0.1,66.67,24.27,3.41
2023-03-09,27.66,33.84,23.15,0.04,65.05,21.89,3.26
2023-03-10,27.82,33.63,23.92,0.01,66.05,18.72,3.09
2023-03-11,26.98,32.03,22.94,0.02,69.71,21.73,2.83
2023-03-12,27.81,34.69,22.04,0.03,71.56,24.34,3.25
2023-03-13,28.23,35.21,23.28,0.03,67.93,24.1,2.84
2023-03-14,28.28,35.5,23.06,0.03,67.66,22.67,2.59
2023-03-15,28.84,35.87,23.69,0.05,67.57,20.88,2.24
2023-03-16,29.06,35.56,23.93,0.08,68.35,20.56,2.55
2023-03-17,29.37,35.99,24.61,0.3,67.33,21.4,2.6
2023-03-18,29.28,35.08,25.09,1.74,68.34,20.4,2.65
2023-03-19,29.33,35.49,24.89,6.96,68.52,18.0,1.82
2023-03-20,27.43,31.16,25.44,11.76,81.02,21.38,2.27
2023-03-21,30.07,37.06,24.86,1.69,68.27,22.02,2.04
2023-03-22,29.94,35.68,25.45,1.85,68.07,21.14,2.44
2023-03-23,30.22,36.48,25.2,0.34,66.04,19.9,2.42
2023-03-24,30.14,36.08,25.94,0.64,65.67,21.68,2.28
2023-03-25,30.13,36.35,25.63,0.45,66.12,20.15,2.06
2023-03-26,30.35,36.26,25.85,0.09,64.67,21.17,2.05
2023-03-27,30.96,37.63,25.95,0.06,61.15,22.12,1.63
2023-03-28,30.89,37.59,26.47,0.4,63.76,23.15,2.51
2023-03-29,30.25,37.73,24.98,0.01,63.4,24.05,2.38
2023-03-30,29.95,37.73,24.12,0.0,62.28,22.86,2.18
2023-03-31,30.56,38.65,24.2,0.0,60.7,24.85,2.44
2023-04-01,30.76,37.32,25.59,0.49,63.27,20.92,2.4
2023-04-02,30.6,36.06,26.33,4.16,64.31,19.63,2.08
2023-04-03,29.78,33.97,26.8,3.12,68.56,23.43,2.25
2023-04-04,30.11,35.53,25.98,0.52,66.59,24.58,2.37
2023-04-05,30.18,35.42,26.06,0.19,64.72,24.33,2.26
2023-04-06,30.22,36.44,25.77,0.16,65.63,23.81,2.34
2023-04-07,30.3,37.04,25.2,0.02,64.11,25.26,2.46
2023-04-08,29.87,36.41,24.82,0.01,62.79,23.85,3.0
2023-04-09,29.81,36.52,24.64,0.05,63.18,25.64,2.78
2023-04-10,29.99,35.99,25.77,0.04,63.33,25.14,2.66
2023-04-11,30.29,37.9,24.32,0.14,61.55,26.09,2.33
2023-04-12,30.53,38.75,24.42,0.03,56.56,26.85,1.93
2023-04-13,30.7,39.29,24.76,0.01,55.07,26.84,1.67
2023-04-14,31.15,38.94,24.49,0.0,53.46,26.47,1.82
2023-04-15,31.42,39.19,24.54,0.02,58.82,22.35,2.2
2023-04-16,31.42,39.27,25.36,0.01,56.96,25.69,2.29
2023-04-17,31.43,39.2,25.2,0.0,57.47,26.4,2.39
2023-04-18,31.38,39.55,25.12,0.0,59.83,26.07,2.19
2023-04-19,31.97,40.12,24.84,0.01,60.09,25.9,2.58
2023-04-20,32.91,40.72,26.83,0.04,59.04,25.41,3.25
2023-04-21,33.06,40.63,27.02,0.12,58.32,23.41,3.38
2023-04-22,32.67,39.62,27.43,0.29,60.14,22.25,2.66
2023-04-23,32.68,39.55,27.7,0.51,59.8,22.21,2.79
2023-04-24,31.36,36.64,27.66,1.78,64.55,21.69,2.59
2023-04-25,30.79,35.58,27.09,2.15,65.44,15.21,2.43
2023-04-26,30.24,33.75,27.39,6.12,66.32,20.02,1.79
2023-04-27,30.49,35.58,26.66,1.88,66.31,20.2,2.18
2023-04-28,30.94,36.57,26.82,2.14,65.87,23.73,2.45
2023-04-29,30.18,34.94,26.96,5.68,71.02,19.45,2.22
2023-04-30,30.59,35.91,26.51,2.4,67.1,15.85,2.26
2023-05-01,28.44,31.52,26.55,37.73,82.14,15.02,2.44
2023-05-02,27.95,30.88,26.07,22.58,83.88,12.6,2.15
2023-05-03,27.53,29.63,26.13,10.48,84.16,18.4,2.55
2023-05-04,28.0,31.14,25.53,5.58,80.55,20.87,0.97
2023-05-05,28.31,32.13,25.15,3.56,75.85,16.27,1.75
2023-05-06,27.62,30.32,25.4,9.93,80.61,15.21,1.4
2023-05-07,28.01,32.32,25.19,5.26,78.91,13.27,2.14
2023-05-08,27.7,31.58,24.88,5.4,79.37,22.36,2.37
2023-05-09,28.5,32.98,24.56,0.49,77.89,22.48,2.13
2023-05-10,30.12,36.02,25.22,0.65,70.23,18.62,2.37
2023-05-11,29.89,33.8,26.64,1.14,75.51,19.07,2.29
2023-05-12,30.66,35.82,26.65,0.61,70.24,17.96,3.89
2023-05-13,31.39,37.83,26.15,0.19,64.03,18.11,4.32
2023-05-14,31.76,38.19,27.21,0.16,62.86,22.9,4.1
2023-05-15,31.97,37.67,26.97,0.74,66.06,23.22,3.26
2023-05-16,32.48,38.85,27.53,0.32,64.78,25.24,3.28
2023-05-17,31.84,36.75,28.31,0.08,67.29,24.68,2.75
2023-05-18,30.85,35.64,27.32,0.06,70.9,24.03,2.82
2023-05-19,30.38,34.32,27.1,0.08,73.87,23.77,3.09
2023-05-20,30.98,36.07,26.98,0.08,71.21,24.13,3.11
2023-05-21,31.03,36.18,26.96,0.53,70.63,23.63,2.72
2023-05-22,30.05,33.41,27.46,0.89,75.8,22.62,2.64
2023-05-23,30.12,34.75,26.27,0.18,73.62,24.35,2.59
2023-05-24,30.76,35.83,26.39,0.89,70.5,23.35,2.85
2023-05-25,31.36,36.88,26.54,0.7,67.25,22.99,3.0
2023-05-26,31.92,37.84,26.94,7.47,65.28,20.11,2.81
2023-05-27,31.42,37.56,26.46,6.25,66.4,24.16,2.6
2023-05-28,30.37,34.95,26.97,0.21,68.06,21.02,2.36
2023-05-29,31.1,35.75,27.67,0.21,69.97,23.26,2.26
2023-05-30,31.12,36.67,27.12,1.06,70.67,21.82,2.69
2023-05-31,30.68,35.7,27.05,1.19,67.74,22.9,3.5
2023-06-01,31.96,38.67,25.96,0.49,63.71,21.51,3.39
2023-06-02,30.71,35.46,27.21,2.36,63.76,22.11,3.8
2023-06-03,30.89,36.38,26.92,0.07,64.78,21.33,3.53
2023-06-04,32.0,37.84,27.14,0.05,62.53,21.19,3.34
2023-06-05,30.49,34.09,27.41,5.6,68.93,21.17,2.53
2023-06-06,29.72,34.27,25.91,8.08,70.52,23.58,2.59
2023-06-07,29.22,32.53,26.38,2.26,75.99,17.09,1.6
2023-06-08,29.09,32.22,26.73,0.45,75.87,21.81,2.64
2023-06-09,30.05,33.4,27.0,0.33,69.68,22.24,2.64
2023-06-10,31.85,38.69,26.28,0.09,58.0,23.27,4.08
2023-06-11,31.15,37.15,26.39,0.01,60.66,24.09,3.25
2023-06-12,31.41,36.07,27.22,0.66,64.12,24.8,3.36
2023-06-13,30.9,35.66,27.04,0.42,64.05,23.53,3.27
2023-06-14,28.85,31.39,26.74,1.8,74.83,23.46,2.96
2023-06-15,30.9,36.47,26.33,0.21,61.38,23.35,2.02
2023-06-16,32.88,39.48,27.36,0.52,58.95,24.45,2.94
2023-06-17,28.92,31.89,26.54,3.5,73.39,13.28,2.14
2023-06-18,29.11,33.29,26.44,7.52,72.6,5.3,2.72
2023-06-19,31.0,37.76,25.7,1.69,62.28,11.37,2.45
2023-06-20,30.33,35.18,26.96,3.42,67.67,11.06,2.27
2023-06-21,29.5,33.41,25.89,2.64,72.72,10.84,2.01
2023-06-22,30.24,34.65,26.57,3.05,71.73,19.68,2.0
2023-06-23,30.14,35.71,25.99,0.88,64.62,19.86,2.88
2023-06-24,29.96,36.26,25.06,0.54,62.49,19.87,3.54
2023-06-25,28.42,31.67,26.02,0.98,71.68,19.03,2.71
2023-06-26,30.13,36.03,25.34,0.22,58.59,21.17,3.46
2023-06-27,30.17,36.53,24.99,5.2,59.73,20.85,3.75
2023-06-28,30.65,37.15,24.53,0.12,59.6,21.8,3.37
2023-06-29,31.52,38.08,25.62,1.77,57.9,20.74,3.61
2023-06-30,31.05,37.73,25.44,0.57,58.44,23.92,3.58
2023-07-01,30.79,35.97,26.22,2.22,58.93,19.86,3.15
2023-07-02,29.14,33.61,26.52,13.17,68.74,11.49,2.58
2023-07-03,29.81,35.4,25.59,2.83,67.33,11.93,3.68
2023-07-04,29.96,35.8,25.63,1.04,64.29,16.37,4.68
2023-07-05,29.95,35.17,26.1,0.35,59.62,17.6,5.34
2023-07-06,30.11,35.36,25.7,0.13,62.79,14.49,4.94
2023-07-07,30.24,35.58,25.79,0.13,59.96,17.28,3.92
2023-07-08,30.47,36.23,26.12,2.19,59.14,20.79,3.36
2023-07-09,30.37,35.83,25.71,5.38,62.45,22.38,2.46
2023-07-10,29.03,33.37,26.04,15.96,75.86,13.56,1.7
2023-07-11,29.53,35.16,25.46,13.61,72.93,14.27,2.38
2023-07-12,29.26,34.64,24.81,2.86,67.7,17.4,2.4
2023-07-13,29.79,36.46,24.42,4.78,62.63,15.92,3.08
2023-07-14,30.19,37.14,25.03,1.16,63.09,22.67,3.31
2023-07-15,30.47,36.53,25.46,0.17,62.95,23.27,3.34
2023-07-16,30.39,35.42,26.68,0.32,66.05,16.55,2.55
2023-07-17,30.56,35.88,26.3,0.06,64.96,22.07,3.26
2023-07-18,30.24,36.0,25.79,0.02,63.49,19.98,4.83
2023-07-19,30.73,37.37,25.78,0.01,60.43,21.14,5.55
2023-07-20,31.02,37.11,25.89,0.0,58.03,20.38,5.68
2023-07-21,31.14,38.01,25.68,0.09,57.11,16.44,5.46
2023-07-22,30.64,36.49,26.1,0.48,57.66,14.01,5.56
2023-07-23,29.86,36.24,25.72,1.5,62.42,14.15,4.67
2023-07-24,28.22,32.28,25.35,0.74,69.35,11.72,4.55
2023-07-25,27.99,31.38,24.49,1.31,69.63,13.66,3.94
2023-07-26,30.05,35.83,24.89,0.65,62.08,14.03,4.51
2023-07-27,30.76,37.08,25.56,0.05,57.82,22.89,4.58
2023-07-28,31.42,38.74,25.03,0.03,54.9,22.31,4.37
2023-07-29,32.06,38.76,25.68,0.08,54.26,22.84,3.8
2023-07-30,32.79,40.31,26.47,0.07,51.82,22.07,3.52
2023-07-31,32.94,39.51,27.46,0.04,52.31,22.19,3.71
2023-08-01,32.82,39.45,27.02,0.01,50.99,18.76,4.48
2023-08-02,31.19,36.34,26.46,0.0,54.38,22.23,4.22
2023-08-03,32.39,39.49,25.84,0.04,54.35,23.99,3.8
2023-08-04,32.66,39.37,26.77,0.1,52.25,22.73,3.75
2023-08-05,32.6,38.63,27.56,0.1,52.38,23.44,2.98
2023-08-06,32.44,38.5,28.4,0.3,53.64,23.77,3.02
2023-08-07,32.12,37.2,27.9,0.55,57.2,23.88,2.36
2023-08-08,31.6,36.71,27.78,1.07,58.97,19.88,2.48
2023-08-09,30.42,35.25,26.94,14.91,68.29,20.87,2.14
2023-08-10,28.73,32.55,25.81,13.99,78.0,18.74,2.01
2023-08-11,29.29,33.8,25.36,9.84,72.96,21.85,1.26
2023-08-12,29.69,34.54,26.08,8.19,73.0,20.78,2.28
2023-08-13,29.39,33.36,25.5,2.95,71.61,21.4,2.29
2023-08-14,29.98,34.64,26.1,1.46,68.92,16.57,2.06
2023-08-15,30.17,35.74,25.62,0.58,67.2,23.67,2.85
2023-08-16,30.86,37.15,25.61,0.1,63.19,24.88,2.93
2023-08-17,31.31,37.49,25.98,0.04,60.31,24.29,3.35
2023-08-18,31.32,37.7,26.21,0.15,57.65,20.49,4.1
2023-08-19,31.2,38.01,25.42,0.07,57.97,22.82,3.95
2023-08-20,31.84,38.95,25.85,0.07,58.04,23.7,2.97
2023-08-21,31.22,36.72,27.11,1.02,63.64,24.46,2.35
2023-08-22,30.87,36.4,26.77,3.4,67.44,12.52,1.99
2023-08-23,30.17,34.48,26.62,1.97,70.58,22.93,1.77
2023-08-24,30.88,36.48,26.65,0.33,65.46,20.68,2.61
2023-08-25,30.74,35.53,26.73,0.06,64.78,22.5,2.48
2023-08-26,31.02,36.36,26.91,0.05,64.0,21.31,2.51
2023-08-27,31.12,36.18,26.9,1.6,66.09,17.1,2.22
2023-08-28,30.66,35.48,27.38,0.78,65.78,13.23,2.71
2023-08-29,28.28,31.28,25.74,10.56,76.76,22.66,1.83
2023-08-30,27.46,30.17,25.71,6.0,83.34,21.6,2.1
2023-08-31,27.92,30.69,25.29,15.21,81.08,21.8,1.78
2023-09-01,29.21,33.41,25.35,2.78,74.43,24.03,1.84
2023-09-02,29.8,34.83,26.02,2.45,71.16,23.51,2.95
2023-09-03,29.09,34.4,25.54,4.07,72.8,21.88,2.98
2023-09-04,29.18,34.44,24.96,0.24,67.11,17.92,3.56
2023-09-05,28.36,32.75,25.3,1.72,69.8,10.79,3.82
2023-09-06,28.88,34.31,24.32,3.76,66.03,20.54,3.46
2023-09-07,29.0,34.92,24.96,6.5,66.96,20.71,3.66
2023-09-08,29.65,36.41,24.0,1.32,62.22,22.61,4.02
2023-09-09,30.16,36.87,24.92,2.03,63.11,21.86,3.78
2023-09-10,29.58,35.36,25.35,0.29,64.15,19.53,3.42
2023-09-11,29.2,35.39,24.47,1.79,62.44,20.83,4.13
2023-09-12,28.68,33.7,24.25,2.97,67.74,20.93,3.46
2023-09-13,29.58,34.46,25.27,3.57,68.79,22.56,2.66
2023-09-14,30.3,37.21,24.92,2.13,61.97,17.83,3.43
2023-09-15,30.53,36.81,25.49,0.56,60.41,22.59,3.9
2023-09-16,29.63,35.03,25.37,3.71,68.69,21.07,3.07
2023-09-17,28.39,32.46,25.65,11.0,76.68,18.8,3.22
2023-09-18,28.69,34.1,25.02,7.11,77.27,21.47,3.07
2023-09-19,27.45,30.84,25.44,6.38,82.17,20.52,2.41
2023-09-20,27.68,30.66,25.56,0.8,76.92,23.15,2.13
2023-09-21,28.85,32.83,25.36,2.62,75.36,19.09,1.62
2023-09-22,29.03,33.73,24.99,1.88,73.68,22.65,2.64
2023-09-23,30.0,34.99,25.69,0.58,71.95,23.57,2.41
2023-09-24,28.87,32.77,25.67,1.59,73.09,20.24,2.81
2023-09-25,28.45,32.53,25.06,6.17,76.52,17.73,1.9
2023-09-26,28.12,31.52,25.52,3.99,80.11,14.37,1.52
2023-09-27,28.95,34.06,25.29,2.08,73.54,21.72,2.08
2023-09-28,29.05,35.77,23.64,4.15,68.33,18.24,3.14
2023-09-29,28.55,33.79,24.23,2.86,71.49,22.72,3.67
2023-09-30,29.23,35.82,24.38,3.07,68.22,19.91,3.54
2023-10-01,29.65,35.78,24.43,0.53,67.59,19.13,3.96
2023-10-02,30.05,36.38,24.67,0.32,67.76,21.62,3.85
2023-10-03,30.56,37.22,25.34,0.08,66.4,23.19,3.5
2023-10-04,30.73,37.3,25.37,0.27,65.48,20.82,3.07
2023-10-05,30.28,35.84,25.24,0.36,66.53,19.62,2.5
2023-10-06,30.38,36.7,25.54,0.35,64.01,10.78,2.43
2023-10-07,30.2,36.21,26.01,0.47,67.14,17.41,1.95
2023-10-08,29.82,34.8,26.45,0.73,72.67,19.24,2.35
2023-10-09,29.45,34.21,25.78,1.49,74.6,19.98,2.15
2023-10-10,29.84,34.85,25.76,2.85,72.63,20.48,2.28
2023-10-11,29.37,34.16,25.74,5.23,74.57,17.38,2.63
2023-10-12,29.5,34.81,25.44,3.52,72.79,17.72,2.2
2023-10-13,29.31,33.96,26.1,1.31,72.1,15.11,1.23
2023-10-14,28.57,32.6,25.63,4.26,74.88,14.1,0.86
2023-10-15,28.45,32.5,25.28,8.69,76.59,17.69,1.39
2023-10-16,28.15,31.92,25.31,20.83,81.73,13.15,1.33
2023-10-17,27.9,31.64,25.49,5.86,80.93,16.25,1.95
2023-10-18,27.88,32.59,24.81,1.32,76.99,17.18,2.23
2023-10-19,28.35,33.81,23.89,0.18,72.61,16.56,2.16
2023-10-20,28.3,34.37,23.78,0.21,69.73,19.92,1.95
2023-10-21,28.66,34.63,24.03,0.33,70.45,15.67,1.42
2023-10-22,28.71,33.66,25.54,1.44,73.53,17.0,2.58
2023-10-23,29.12,34.43,25.69,0.47,69.06,16.34,1.4
2023-10-24,28.89,34.21,24.89,0.48,69.32,18.18,1.56
2023-10-25,29.0,34.11,25.18,0.99,70.77,17.41,1.56
2023-10-26,29.09,34.84,25.22,0.07,67.7,18.8,1.88
2023-10-27,28.51,33.79,24.61,2.67,73.1,14.61,2.27
2023-10-28,28.65,34.0,24.58,2.45,73.22,17.46,1.92
2023-10-29,27.12,30.14,24.97,11.44,83.16,14.14,1.66
2023-10-30,26.74,30.52,24.4,8.85,81.53,9.39,1.78
2023-10-31,27.74,32.08,24.44,1.49,78.02,13.89,2.63
2023-11-01,26.81,28.63,25.39,17.17,90.53,14.07,2.43
2023-11-02,27.28,30.7,24.94,6.18,84.34,15.37,1.46
2023-11-03,27.12,30.26,25.3,18.08,86.46,11.38,1.4
2023-11-04,26.4,29.02,24.94,24.57,89.27,13.02,1.58
2023-11-05,26.52,29.84,23.95,5.98,84.43,17.42,1.14
2023-11-06,27.37,31.11,24.55,5.74,82.47,18.82,1.21
2023-11-07,26.52,29.22,24.69,11.43,88.31,9.99,1.44
2023-11-08,26.76,29.98,24.88,13.54,87.25,14.83,1.37
2023-11-09,26.58,29.7,24.39,13.14,86.07,17.38,1.49
2023-11-10,26.24,28.73,24.32,8.75,90.23,12.01,2.07
2023-11-11,26.19,28.67,24.34,2.71,87.81,16.9,2.8
2023-11-12,26.3,30.4,23.25,0.11,81.39,19.67,3.14
2023-11-13,26.39,30.07,23.46,10.82,87.23,11.41,3.02
2023-11-14,25.72,27.57,24.36,52.98,91.87,2.94,3.16
2023-11-15,26.1,29.32,24.0,7.01,91.39,6.41,2.84
2023-11-16,26.38,30.35,23.16,3.15,88.85,14.43,2.37
2023-11-17,26.92,30.32,24.57,2.41,87.58,15.56,2.33
2023-11-18,26.48,29.35,24.41,7.8,90.82,16.08,3.17
2023-11-19,26.6,29.41,24.85,2.15,89.84,17.03,2.49
2023-11-20,26.51,29.69,24.36,4.16,91.32,8.33,2.66
2023-11-21,26.36,29.14,24.27,3.79,89.87,15.92,1.66
2023-11-22,26.46,29.07,24.44,12.55,90.21,5.08,1.62
2023-11-23,26.56,30.49,24.02,2.67,85.81,17.21,1.19
2023-11-24,26.5,30.39,23.6,4.56,88.4,13.39,1.76
2023-11-25,26.55,29.13,24.64,12.25,90.4,15.3,2.67
2023-11-26,26.43,28.75,24.99,8.87,90.47,11.96,3.31
2023-11-27,26.9,30.55,24.6,3.18,87.18,18.61,2.49
2023-11-28,26.73,30.11,24.36,6.98,88.28,15.26,2.44
2023-11-29,26.2,29.12,24.32,9.82,89.12,8.75,2.35
2023-11-30,25.31,27.14,23.93,18.22,93.2,12.42,2.29
2023-12-01,25.52,27.72,23.66,7.75,93.37,13.58,2.74
2023-12-02,25.93,29.07,23.48,6.06,90.47,10.98,3.71
2023-12-03,25.7,27.71,23.68,3.51,92.94,6.75,3.31
2023-12-04,26.82,30.95,23.86,1.18,86.49,5.08,3.04
2023-12-05,27.27,31.09,24.82,1.12,86.21,15.01,1.94
2023-12-06,26.87,29.86,24.71,1.61,90.49,16.62,1.54
2023-12-07,27.21,31.03,24.3,0.84,87.73,14.37,1.56
2023-12-08,26.73,30.03,24.52,1.87,89.32,13.51,1.67
2023-12-09,26.28,29.4,24.47,2.17,89.62,13.53,2.43
2023-12-10,26.04,29.75,23.82,1.03,87.81,13.06,2.99
2023-12-11,25.57,29.43,22.82,0.28,88.1,11.24,3.1
2023-12-12,25.23,28.86,22.67,0.17,86.81,14.02,2.86
2023-12-13,24.36,28.45,21.54,0.0,84.93,15.3,3.15
2023-12-14,24.34,28.42,20.49,0.12,85.61,14.94,3.59
2023-12-15,24.94,27.96,22.61,8.88,91.14,7.98,3.52
2023-12-16,25.83,28.79,23.97,12.95,90.72,6.96,3.42
2023-12-17,25.77,28.39,24.38,13.85,89.08,10.4,4.04
2023-12-18,24.92,27.0,23.37,2.89,88.62,8.41,3.79
2023-12-19,24.72,27.9,22.81,0.74,86.87,11.21,3.76
2023-12-20,24.79,28.42,22.08,5.82,88.14,8.08,4.04
2023-12-21,24.75,27.66,22.81,3.98,90.62,11.39,3.5
2023-12-22,24.74,28.75,22.11,0.2,87.05,15.67,2.86
2023-12-23,23.97,28.31,20.72,0.02,84.68,18.4,2.87
2023-12-24,24.23,27.75,20.68,0.38,88.01,9.19,3.58
2023-12-25,25.98,29.83,23.72,1.01,87.19,14.13,3.74
2023-12-26,25.01,28.93,22.39,0.09,84.65,18.76,3.71
2023-12-27,24.8,28.57,21.74,0.61,85.59,18.74,4.05
2023-12-28,25.46,29.62,22.54,1.98,88.74,14.93,4.08
2023-12-29,25.76,29.49,23.63,0.86,87.2,13.63,3.99
2023-12-30,25.04,28.91,22.1,0.18,85.64,14.59,3.57
2023-12-31,24.47,28.73,20.89,0.04,82.56,17.96,2.89
2024-01-01,24.6,28.91,21.52,0.04,82.56,17.92,2.73
2024-01-02,24.43,28.75,21.09,0.02,83.03,12.96,2.6
2024-01-03,24.7,28.7,21.54,0.24,84.56,15.68,2.48
2024-01-04,25.28,29.37,22.18,0.25,85.04,10.27,2.28
2024-01-05,25.55,29.28,23.1,0.32,84.64,9.14,2.69
2024-01-06,25.41,29.29,22.72,10.08,87.18,9.92,3.11
2024-01-07,24.65,27.21,22.59,54.9,91.53,9.48,4.36
2024-01-08,25.49,28.44,23.94,11.68,90.48,6.49,3.64
2024-01-09,25.11,27.76,23.73,7.72,87.09,10.99,3.72
2024-01-10,24.97,27.91,23.19,0.19,84.67,15.36,3.29
2024-01-11,24.5,28.1,21.9,0.0,83.9,19.21,3.36
2024-01-12,24.9,28.74,22.49,0.01,83.61,17.62,3.11
2024-01-13,24.99,28.94,22.29,0.02,85.23,14.48,2.75
2024-01-14,24.34,28.61,21.45,0.0,85.49,16.8,2.56
2024-01-15,23.95,28.62,20.5,0.0,84.09,18.03,2.13
2024-01-16,23.1,28.22,19.22,0.0,79.46,19.6,1.88
2024-01-17,23.15,28.47,19.19,0.0,80.85,20.87,1.58
2024-01-18,24.19,29.18,19.05,0.52,84.96,18.36,1.93
2024-01-19,25.33,29.8,21.85,1.15,87.63,15.22,2.39
2024-01-20,25.49,29.27,23.12,0.53,85.67,14.09,2.69
2024-01-21,25.12,29.65,22.03,0.0,83.22,20.37,2.32
2024-01-22,24.82,29.89,21.6,0.01,83.3,20.67,2.17
2024-01-23,24.57,29.51,21.12,0.0,81.67,19.19,2.0
2024-01-24,24.99,30.19,21.36,0.0,78.47,19.5,1.58
2024-01-25,24.99,30.29,21.5,0.0,78.21,19.6,1.88
2024-01-26,24.76,29.82,21.02,0.01,79.82,20.65,2.67
2024-01-27,24.84,29.86,21.16,0.05,80.78,18.26,3.06
2024-01-28,25.29,30.11,21.95,0.03,78.29,18.6,3.36
2024-01-29,24.95,30.49,20.77,0.0,77.11,19.14,3.28
2024-01-30,25.12,30.5,20.96,0.03,79.77,20.95,3.01
2024-01-31,25.98,31.33,21.86,0.02,80.66,20.57,2.45
2024-02-01,26.63,31.83,22.7,0.05,80.99,17.39,1.88
2024-02-02,27.09,32.08,23.58,0.03,80.1,16.92,1.96
2024-02-03,26.84,32.44,23.11,0.01,77.91,20.43,2.46
2024-02-04,25.89,31.69,22.07,0.0,77.72,21.82,2.68
2024-02-05,25.44,31.51,21.13,0.01,76.93,21.85,2.73
2024-02-06,25.17,31.19,20.66,0.0,79.2,21.92,2.68
2024-02-07,25.24,31.97,20.13,0.01,78.46,23.27,2.4
2024-02-08,25.82,32.82,20.74,0.0,78.12,21.89,2.34
2024-02-09,26.13,32.48,21.62,0.0,78.1,21.65,2.57
2024-02-10,26.44,31.75,22.55,0.07,78.11,19.94,3.05
2024-02-11,26.33,31.73,22.32,0.09,72.08,21.25,3.36
2024-02-12,26.0,32.01,21.83,0.0,71.7,22.42,3.35
2024-02-13,26.96,32.77,22.54,0.05,74.98,20.24,3.6
2024-02-14,26.94,32.22,23.53,0.01,72.61,22.35,3.68
2024-02-15,26.67,32.23,22.64,0.03,71.26,21.46,3.44
2024-02-16,27.07,32.39,23.43,0.02,70.85,21.97,3.56
2024-02-17,26.62,33.36,21.95,0.0,71.34,23.47,3.29
2024-02-18,26.54,33.28,21.61,0.0,73.5,24.31,2.63
2024-02-19,27.34,33.64,22.8,0.0,70.97,22.6,2.59
2024-02-20,27.64,34.22,23.15,0.02,69.38,23.17,2.19
2024-02-21,28.16,35.23,23.15,0.0,67.13,22.56,1.67
2024-02-22,28.9,35.53,23.67,0.0,69.04,19.75,2.15
2024-02-23,29.39,35.88,24.27,0.11,70.43,20.66,2.38
2024-02-24,28.76,34.74,24.97,0.08,72.95,18.35,2.31
2024-02-25,27.95,34.18,24.0,0.02,69.37,21.35,2.78
2024-02-26,28.34,34.02,24.12,0.06,67.84,20.77,3.78
2024-02-27,28.47,33.78,25.04,0.02,68.34,21.24,4.05
2024-02-28,28.16,34.41,23.96,0.02,67.93,23.16,3.47
2024-02-29,27.79,34.78,22.2,0.0,69.25,24.42,2.87
2024-03-01,27.42,33.33,23.2,0.0,70.29,22.81,2.84
2024-03-02,27.88,35.45,21.86,0.0,65.21,20.55,2.2
2024-03-03,27.94,35.38,22.4,0.0,66.51,24.2,2.3
2024-03-04,27.5,35.33,21.64,0.0,66.85,23.89,2.18
2024-03-05,28.12,36.11,22.36,0.0,62.68,23.51,2.08
2024-03-06,28.42,36.11,23.1,0.15,61.98,20.84,1.77
2024-03-07,28.82,36.57,23.11,0.0,59.49,22.79,1.78
2024-03-08,29.44,36.95,24.02,0.0,60.62,23.83,2.03
2024-03-09,29.46,37.29,23.57,0.06,61.27,22.71,2.2
2024-03-10,29.45,36.85,24.45,0.0,62.29,23.23,2.11
2024-03-11,29.32,36.72,24.12,0.01,65.39,21.48,2.45
2024-03-12,29.4,36.93,24.01,0.0,62.18,23.28,2.19
2024-03-13,29.55,37.35,23.39,0.0,58.8,22.62,2.03
2024-03-14,29.75,38.04,23.43,0.0,53.98,22.92,2.01
2024-03-15,29.34,37.57,23.16,0.0,60.51,23.24,2.25
2024-03-16,29.5,37.15,24.06,0.01,64.73,23.04,2.69
2024-03-17,29.27,37.06,23.17,0.0,61.71,23.29,2.56
2024-03-18,29.19,37.33,22.51,0.0,59.52,24.59,2.14
2024-03-19,29.25,37.41,23.3,0.0,59.87,24.49,2.43
2024-03-20,29.07,36.94,22.66,0.0,63.86,25.17,2.65
2024-03-21,29.94,36.33,25.42,0.26,65.84,21.88,3.54
2024-03-22,30.1,36.63,25.48,0.09,64.52,22.53,3.21
2024-03-23,30.03,37.56,25.15,0.01,61.24,25.17,2.56
2024-03-24,29.57,37.3,23.99,0.0,62.43,21.14,2.54
2024-03-25,29.35,37.24,23.35,0.0,60.55,24.17,2.76
2024-03-26,29.01,37.39,22.63,0.0,57.92,26.09,2.55
2024-03-27,29.47,38.35,22.54,0.03,53.96,23.17,2.19
2024-03-28,30.81,39.19,25.32,0.28,56.24,25.47,2.24
2024-03-29,30.66,38.64,24.41,0.01,60.69,25.53,2.2
2024-03-30,30.42,38.46,24.28,0.0,60.75,26.65,2.36
2024-03-31,30.95,38.63,24.72,0.06,63.54,25.45,2.39
2024-04-01,31.71,39.23,26.46,0.03,61.36,24.9,2.3
2024-04-02,31.7,40.0,25.68,0.01,58.47,25.05,2.13
2024-04-03,31.56,39.18,25.94,0.33,62.86,24.25,2.44
2024-04-04,31.67,38.65,26.42,0.1,63.56,25.05,2.21
2024-04-05,31.86,40.25,25.19,0.01,58.78,26.3,2.0
2024-04-06,32.36,40.7,25.89,0.0,57.07,25.89,2.15
2024-04-07,32.2,39.96,26.02,0.0,57.93,26.16,2.23
2024-04-08,32.12,39.77,26.46,0.0,62.5,25.91,2.95
2024-04-09,31.41,38.61,25.67,0.0,60.78,24.01,2.91
2024-04-10,31.37,38.44,26.22,0.01,62.21,25.05,3.05
2024-04-11,31.8,38.87,26.4,0.12,61.48,25.32,3.05
2024-04-12,31.64,37.98,27.15,1.14,63.6,21.57,3.46
2024-04-13,31.42,37.49,27.15,0.54,62.92,21.97,2.8
2024-04-14,31.39,38.17,26.43,0.06,62.53,22.59,3.09
2024-04-15,31.47,38.53,26.21,0.06,64.48,24.34,3.15
2024-04-16,32.18,39.43,26.67,0.04,60.57,25.78,2.55
2024-04-17,32.96,40.47,26.49,0.0,59.01,24.2,2.76
2024-04-18,33.52,40.86,28.17,0.03,57.94,22.81,3.2
2024-04-19,33.15,40.03,28.24,0.03,60.17,24.63,3.01
2024-04-20,32.68,38.97,28.33,0.05,62.51,23.79,2.42
2024-04-21,32.01,36.93,28.38,0.09,66.61,25.02,2.27
2024-04-22,31.86,37.41,27.45,0.07,65.99,25.83,1.98
2024-04-23,32.15,38.87,27.27,0.01,60.71,27.14,2.27
2024-04-24,33.18,40.66,27.23,0.01,55.01,25.42,2.43
2024-04-25,32.96,39.69,27.89,0.01,54.06,24.9,2.23
2024-04-26,33.11,40.38,27.23,0.0,52.57,25.43,2.41
2024-04-27,32.51,39.81,27.2,0.0,56.02,26.82,2.49
2024-04-28,32.84,40.87,26.55,0.01,56.91,21.38,2.13
2024-04-29,33.1,41.14,26.8,0.02,57.61,24.85,2.04
2024-04-30,33.63,41.33,27.69,0.07,57.02,25.08,2.61
2024-05-01,34.83,42.46,29.21,0.06,54.8,25.5,3.39
2024-05-02,34.49,41.94,29.64,0.05,58.23,23.68,3.77
2024-05-03,33.18,39.38,29.09,0.12,62.39,19.43,3.38
2024-05-04,33.34,38.81,29.38,0.27,60.87,23.03,2.99
2024-05-05,34.02,41.31,29.18,0.12,58.72,23.95,3.65
2024-05-06,33.86,40.8,29.65,0.49,60.73,23.86,3.34
2024-05-07,32.64,36.91,29.58,1.08,65.24,24.01,2.3
2024-05-08,31.96,36.16,29.02,1.8,65.94,17.84,1.98
2024-05-09,31.46,35.88,28.49,0.6,67.74,22.13,2.43
2024-05-10,32.36,38.22,27.81,0.62,61.73,22.02,2.4
2024-05-11,31.9,36.59,28.43,2.65,63.56,21.41,2.22
2024-05-12,31.78,36.62,28.1,2.17,62.77,20.84,2.16
2024-05-13,30.52,33.46,27.99,2.27,68.01,19.97,1.74
2024-05-14,31.22,35.72,27.87,1.18,63.01,14.99,1.72
2024-05-15,31.49,37.11,27.68,2.99,64.09,18.87,2.37
2024-05-16,28.91,32.15,26.27,32.07,71.05,8.49,1.21
2024-05-17,29.46,35.1,25.42,5.1,68.3,14.57,1.6
2024-05-18,29.66,34.62,26.2,8.51,73.69,19.68,2.0
2024-05-19,28.73,31.5,27.05,8.31,79.71,15.04,2.02
2024-05-20,28.51,31.29,26.63,16.48,84.57,15.63,1.6
2024-05-21,28.62,31.76,26.75,19.51,82.53,11.97,2.88
2024-05-22,29.34,33.3,26.19,7.16,78.64,14.29,1.58
2024-05-23,29.59,33.75,26.94,2.97,79.92,16.58,2.39
2024-05-24,29.62,33.05,26.64,0.31,77.2,18.93,2.72
2024-05-25,29.53,32.89,26.77,1.26,74.56,14.45,3.07
2024-05-26,30.9,36.89,25.71,0.2,65.69,14.55,4.14
2024-05-27,31.61,37.5,26.96,0.2,63.8,19.41,4.43
2024-05-28,31.18,36.62,27.31,0.17,67.71,20.14,4.55
2024-05-29,31.39,36.97,26.2,0.07,64.76,23.26,3.76
2024-05-30,31.56,37.01,26.93,0.63,66.23,23.32,3.49
2024-05-31,31.3,35.96,27.49,1.63,68.75,23.6,3.41
2024-06-01,31.76,36.4,28.17,7.17,73.53,20.28,2.91
2024-06-02,29.8,33.5,27.44,5.32,74.7,20.38,1.96
2024-06-03,29.3,32.7,26.65,2.52,75.79,14.69,1.96
2024-06-04,29.78,33.36,27.1,3.18,77.39,21.9,2.62
2024-06-05,29.91,33.79,26.83,2.95,76.16,19.94,3.12
2024-06-06,29.02,32.12,26.94,21.27,81.33,15.68,3.52
2024-06-07,28.9,32.55,25.55,7.38,77.95,17.11,2.68
2024-06-08,29.24,33.61,25.85,3.86,77.44,20.65,3.92
2024-06-09,29.33,33.48,25.88,0.69,76.45,22.61,3.42
2024-06-10,30.22,36.09,25.42,1.4,67.77,23.97,4.16
2024-06-11,29.98,36.02,25.44,0.63,64.97,21.25,3.9
2024-06-12,28.87,33.37,25.43,0.4,67.31,15.23,3.67
2024-06-13,30.21,37.77,23.72,0.24,59.33,17.54,3.87
2024-06-14,30.62,37.7,24.02,0.17,60.36,18.58,2.77
2024-06-15,31.0,37.06,26.05,0.54,65.21,21.26,3.12
2024-06-16,31.07,37.0,26.37,1.35,64.9,23.76,3.17
2024-06-17,30.36,35.29,26.35,2.19,66.71,23.61,2.63
2024-06-18,30.23,35.64,25.55,8.34,67.82,20.21,3.13
2024-06-19,29.57,35.43,25.0,10.12,71.08,20.94,3.6
2024-06-20,29.09,34.29,24.71,0.5,68.66,18.01,3.86
2024-06-21,29.12,34.85,24.5,0.09,64.63,23.71,3.95
2024-06-22,29.21,34.13,25.3,2.91,67.92,20.93,3.74
2024-06-23,28.99,34.02,24.82,4.54,70.13,20.8,3.71
2024-06-24,28.54,32.89,24.72,0.29,69.56,20.85,4.44
2024-06-25,28.29,32.53,25.04,4.04,66.65,19.2,4.9
2024-06-26,29.14,33.87,24.35,1.81,67.11,13.91,4.28
2024-06-27,29.42,35.74,25.06,0.05,61.76,14.45,4.15
2024-06-28,29.49,35.05,24.29,0.01,62.89,22.61,3.17
2024-06-29,29.33,35.46,24.18,0.14,65.98,22.57,3.07
2024-06-30,29.5,33.9,26.03,1.33,71.84,18.15,2.27
2024-07-01,28.64,32.51,25.88,1.21,70.91,13.39,3.15
2024-07-02,30.45,37.3,25.16,0.59,62.74,21.43,2.74
2024-07-03,29.92,35.46,25.48,0.94,64.98,21.99,3.44
2024-07-04,30.63,37.11,25.15,0.57,62.49,15.63,3.54
2024-07-05,29.88,35.05,26.09,3.84,67.61,22.65,2.66
2024-07-06,28.7,34.01,24.5,0.58,65.12,13.12,4.0
2024-07-07,30.38,36.6,25.43,0.75,63.5,20.16,3.11
2024-07-08,29.04,32.87,25.57,0.5,67.6,13.33,3.88
2024-07-09,29.64,35.23,24.98,0.13,64.65,18.71,3.5
2024-07-10,27.62,30.3,25.57,3.1,74.86,22.07,2.9
2024-07-11,29.61,34.92,24.7,0.68,66.65,17.24,2.7
2024-07-12,29.7,34.3,25.83,10.1,68.09,22.08,2.95
2024-07-13,29.2,34.1,25.11,0.1,66.84,19.44,4.71
2024-07-14,30.38,38.23,24.78,0.25,59.79,13.65,4.55
2024-07-15,29.12,34.12,26.02,1.24,67.36,12.4,5.75
2024-07-16,29.16,35.1,25.59,1.3,65.99,9.29,5.95
2024-07-17,28.99,34.4,24.67,2.33,66.05,13.3,5.0
2024-07-18,29.33,34.32,25.59,0.5,63.98,13.81,6.36
2024-07-19,30.31,36.49,25.27,0.14,61.97,14.91,5.8
2024-07-20,30.69,36.91,25.8,0.08,62.03,18.2,5.45
2024-07-21,30.64,37.12,25.75,0.02,61.88,22.27,5.27
2024-07-22,30.63,37.15,25.53,0.01,59.98,14.0,5.2
2024-07-23,30.92,37.87,25.49,0.1,57.34,18.02,4.74
2024-07-24,30.32,36.31,25.56,0.27,59.74,21.65,4.57
2024-07-25,31.02,37.6,25.67,0.56,57.04,17.49,5.29
2024-07-26,30.27,35.22,26.26,0.02,60.49,17.93,5.6
2024-07-27,31.14,36.78,26.32,0.01,55.9,20.17,6.33
2024-07-28,31.21,37.66,26.06,0.0,55.04,17.84,5.51
2024-07-29,31.37,37.3,26.55,0.16,58.89,17.04,5.25
2024-07-30,30.02,33.71,27.23,0.01,62.82,18.82,4.36
2024-07-31,30.71,35.6,26.21,0.13,60.47,19.59,3.67
2024-08-01,31.04,35.71,26.58,0.75,62.68,20.85,3.83
2024-08-02,31.04,36.98,25.98,0.23,57.72,19.7,4.63
2024-08-03,30.49,35.37,26.71,1.1,59.76,20.9,2.76
2024-08-04,29.94,34.16,26.1,11.17,67.57,20.38,2.29
2024-08-05,29.39,34.25,25.76,11.07,70.4,16.69,1.9
2024-08-06,29.71,34.52,25.36,4.14,68.99,21.54,1.93
2024-08-07,27.6,30.27,25.55,16.3,81.42,20.07,1.59
2024-08-08,28.03,32.55,24.77,11.95,77.04,19.72,2.54
2024-08-09,28.78,33.23,24.65,11.85,76.23,24.17,1.87
2024-08-10,28.79,32.39,25.59,10.81,79.38,23.68,2.12
2024-08-11,29.21,32.32,26.09,4.99,78.7,21.84,1.14
2024-08-12,29.59,34.19,25.88,0.94,76.81,23.66,1.76
2024-08-13,29.83,33.51,26.67,1.3,74.89,22.97,1.27
2024-08-14,29.7,34.83,26.25,4.48,73.99,20.36,1.78
2024-08-15,29.75,33.85,26.27,0.47,74.24,18.71,1.8
2024-08-16,29.73,33.94,26.52,2.2,77.11,20.92,2.09
2024-08-17,29.82,33.74,26.45,2.36,77.24,22.33,2.03
2024-08-18,29.61,33.16,26.33,2.72,77.06,23.47,1.31
2024-08-19,29.69,33.97,26.35,3.91,76.2,18.09,2.87
2024-08-20,29.31,33.74,26.21,2.65,77.72,22.55,3.28
2024-08-21,28.81,32.7,26.04,2.95,72.37,17.6,5.0
2024-08-22,28.66,33.21,24.6,0.21,72.8,18.34,3.75
2024-08-23,29.84,35.65,25.39,0.26,67.69,22.79,3.46
2024-08-24,29.8,35.01,25.64,0.43,68.12,20.62,3.47
2024-08-25,29.52,34.9,25.07,0.26,67.82,22.98,3.56
2024-08-26,30.18,36.46,25.08,0.07,63.16,22.07,4.16
2024-08-27,30.06,35.43,25.17,0.94,65.88,20.57,3.08
2024-08-28,29.25,33.93,25.48,0.39,68.61,12.47,2.98
2024-08-29,29.11,33.94,25.14,2.28,69.37,14.41,3.49
2024-08-30,28.34,32.28,25.29,6.06,77.25,18.38,3.64
2024-08-31,28.97,33.69,25.4,1.39,70.76,20.68,3.77
2024-09-01,28.86,33.53,25.05,0.75,68.37,22.88,3.77
2024-09-02,29.67,35.7,24.55,0.21,64.15,21.78,3.51
2024-09-03,29.98,35.66,25.13,1.93,66.64,21.2,3.33
2024-09-04,29.2,33.58,25.61,3.25,72.2,13.97,2.83
2024-09-05,30.76,37.19,24.96,2.01,65.93,23.76,2.93
2024-09-06,29.93,34.15,25.97,1.19,68.55,15.73,3.0
2024-09-07,30.18,35.52,25.81,1.75,66.92,16.83,2.83
2024-09-08,29.45,34.09,25.55,1.69,69.62,19.35,3.63
2024-09-09,29.56,35.0,25.53,0.36,67.99,19.32,4.03
2024-09-10,30.55,36.78,25.39,0.18,65.11,23.78,4.35
2024-09-11,30.51,36.43,25.89,5.4,66.7,20.68,3.37
2024-09-12,30.14,35.95,25.18,0.26,64.95,23.3,3.05
2024-09-13,30.76,36.61,26.16,0.13,62.07,22.7,2.52
2024-09-14,30.56,36.42,25.8,0.45,62.2,20.53,2.81
2024-09-15,31.42,38.55,25.53,0.25,58.82,23.62,2.93
2024-09-16,31.59,38.1,25.79,0.02,56.45,24.79,2.75
2024-09-17,32.04,38.83,26.21,0.03,56.09,23.63,3.01
2024-09-18,31.45,38.02,26.86,0.06,57.04,24.36,2.71
2024-09-19,30.19,35.27,25.65,0.09,60.04,23.28,2.21
2024-09-20,30.4,35.83,25.61,0.44,64.12,20.78,1.95
2024-09-21,29.53,33.72,25.78,3.86,68.83,14.43,2.4
2024-09-22,31.19,38.1,25.36,0.67,61.6,16.0,2.49
2024-09-23,30.66,36.47,26.15,2.78,63.17,20.26,3.17
2024-09-24,28.64,32.95,25.87,9.15,74.79,21.19,2.76
2024-09-25,30.73,37.72,24.84,0.91,63.31,21.7,3.2
2024-09-26,30.32,35.69,26.26,0.28,63.35,16.44,2.17
2024-09-27,29.94,35.26,25.6,1.37,63.88,15.04,2.1
2024-09-28,30.04,35.49,26.13,2.73,67.57,18.48,1.8
2024-09-29,28.89,32.57,26.08,1.8,76.13,21.65,2.08
2024-09-30,29.44,34.26,26.36,1.55,72.2,17.58,1.75
2024-10-01,29.91,35.25,25.9,0.61,69.91,22.22,1.87
2024-10-02,29.94,35.27,25.92,1.6,70.58,23.86,3.36
2024-10-03,30.71,36.07,25.91,1.59,68.61,21.4,2.58
2024-10-04,28.87,32.05,26.53,16.55,78.76,20.27,1.89
2024-10-05,28.25,32.17,25.27,8.98,77.59,15.84,2.16
2024-10-06,26.65,28.59,25.35,8.48,84.07,9.91,1.8
2024-10-07,27.05,29.58,24.79,1.93,83.25,16.45,1.31
2024-10-08,27.88,32.32,24.45,4.97,78.64,21.04,1.77
2024-10-09,28.87,34.21,24.82,5.56,76.7,17.96,1.57
2024-10-10,28.46,32.59,25.42,8.38,78.32,15.74,1.54
2024-10-11,27.57,30.87,25.15,16.76,83.79,19.08,1.55
2024-10-12,27.91,31.44,25.1,11.37,82.64,14.87,1.37
2024-10-13,27.42,29.87,25.91,13.51,86.46,19.87,1.24
2024-10-14,26.56,28.37,25.18,15.29,86.67,6.93,1.33
2024-10-15,25.92,27.65,23.86,16.67,89.52,5.66,1.51
2024-10-16,26.25,30.98,22.47,2.55,82.91,16.88,2.46
2024-10-17,27.86,32.78,23.36,0.35,79.85,19.94,2.51
2024-10-18,27.97,32.09,24.94,6.38,78.85,11.23,1.19
2024-10-19,27.12,29.26,25.5,8.74,83.43,9.47,1.01
2024-10-20,27.9,31.96,24.61,4.97,79.61,19.59,1.03
2024-10-21,28.01,31.22,25.45,2.27,82.84,17.73,0.83
2024-10-22,28.24,31.57,25.3,4.99,81.78,18.99,0.87
2024-10-23,28.28,32.15,25.21,2.05,81.79,20.51,1.03
2024-10-24,26.92,29.35,24.82,18.87,88.34,14.61,1.88
2024-10-25,26.28,29.7,22.89,17.84,84.24,18.83,2.14
2024-10-26,27.55,32.09,24.27,5.31,82.59,17.45,2.13
2024-10-27,27.69,32.17,23.72,0.66,82.31,19.37,2.08
2024-10-28,27.82,32.18,24.36,0.95,81.93,18.1,1.94
2024-10-29,27.87,32.55,23.59,1.37,79.66,18.38,1.59
2024-10-30,27.5,30.85,24.81,6.48,85.73,13.91,1.43
2024-10-31,27.63,31.04,25.28,6.26,84.39,12.82,1.1
2024-11-01,27.16,30.01,25.15,15.11,87.21,15.31,1.27
2024-11-02,26.96,30.35,24.88,9.5,87.8,18.24,1.96
2024-11-03,26.58,29.42,24.82,4.02,88.03,19.24,2.06
2024-11-04,26.72,31.03,23.94,3.38,83.29,19.08,2.03
2024-11-05,26.34,30.48,23.08,0.23,82.36,19.45,2.01
2024-11-06,26.62,31.42,22.08,5.34,84.86,19.63,2.69
2024-11-07,27.21,30.5,25.07,10.69,87.88,14.83,2.76
2024-11-08,27.25,30.75,25.14,2.63,86.39,17.1,3.07
2024-11-09,26.8,30.73,24.13,0.7,82.79,17.69,3.14
2024-11-10,26.36,30.7,23.13,0.11,81.97,20.85,3.22
2024-11-11,26.66,31.08,22.97,0.45,82.79,18.66,3.18
2024-11-12,26.49,29.99,23.92,6.87,86.54,10.16,2.67
2024-11-13,26.71,29.01,25.21,10.6,91.54,3.87,2.6
2024-11-14,26.65,29.21,25.17,15.93,90.65,12.61,2.04
2024-11-15,26.36,28.95,24.71,20.35,90.25,11.05,2.27
2024-11-16,26.38,28.85,24.85,22.07,92.19,10.55,2.21
2024-11-17,26.46,29.52,24.7,12.9,88.88,10.6,3.04
2024-11-18,26.5,30.03,24.25,15.03,86.61,10.2,3.26
2024-11-19,26.1,29.47,24.0,8.35,86.24,15.35,3.76
2024-11-20,25.42,28.82,23.12,11.38,87.45,9.93,3.62
2024-11-21,25.46,29.22,22.82,7.59,85.42,14.84,3.42
2024-11-22,25.15,28.9,22.15,0.13,86.18,18.28,3.31
2024-11-23,25.7,29.81,22.79,1.26,87.65,13.15,3.17
2024-11-24,25.78,28.99,23.49,0.77,88.39,11.82,3.16
2024-11-25,25.01,27.62,22.85,1.1,88.95,9.92,3.34
2024-11-26,25.1,27.05,23.58,52.48,94.37,2.77,3.6
2024-11-27,24.78,26.4,22.97,19.25,92.21,3.6,5.01
2024-11-28,24.13,27.35,21.63,8.44,87.0,8.81,5.01
2024-11-29,25.48,28.22,23.37,3.9,91.32,9.83,4.61
2024-11-30,26.22,29.12,24.04,18.02,89.13,2.73,4.69
2024-12-01,25.73,27.16,24.42,37.69,92.11,2.8,5.9
2024-12-02,26.5,29.16,24.78,15.35,91.67,9.52,4.0
2024-12-03,26.69,30.43,24.2,3.82,88.71,15.41,2.51
2024-12-04,26.35,29.9,23.61,1.64,88.34,13.65,1.33
2024-12-05,26.19,29.77,23.84,0.89,88.76,18.16,1.42
2024-12-06,25.74,29.58,22.89,0.24,89.95,18.41,1.82
2024-12-07,26.04,29.94,23.38,0.16,86.55,16.05,1.76
2024-12-08,25.43,29.11,23.14,0.33,88.24,18.56,1.74
2024-12-09,25.63,29.8,22.39,0.23,88.56,16.3,1.98
2024-12-10,25.79,29.26,23.26,0.61,87.21,12.65,2.75
2024-12-11,25.25,27.43,24.02,13.79,92.56,2.51,3.44
2024-12-12,25.36,26.77,24.1,100.63,94.82,3.77,3.22
2024-12-13,25.53,27.11,24.09,33.41,92.41,6.01,3.55
2024-12-14,24.8,27.89,22.75,3.29,89.13,15.78,3.69
2024-12-15,23.8,26.91,21.0,0.27,87.53,16.41,3.22
2024-12-16,23.35,26.64,20.44,1.82,87.77,17.39,3.37
2024-12-17,22.83,25.82,20.82,2.42,89.58,9.37,3.32
2024-12-18,24.34,28.44,21.09,0.09,90.65,10.33,2.58
2024-12-19,25.81,29.66,22.66,0.2,89.0,13.9,2.33
2024-12-20,26.15,29.84,23.53,1.85,89.54,16.53,1.26
2024-12-21,26.75,30.64,23.51,2.5,88.68,17.73,1.44
2024-12-22,25.28,27.4,23.54,2.01,91.85,14.87,2.16
2024-12-23,24.84,29.0,21.89,0.01,87.92,18.68,2.13
2024-12-24,25.32,29.96,21.23,0.55,85.9,17.55,2.12
2024-12-25,25.14,29.27,21.81,0.62,88.75,13.32,2.02
2024-12-26,25.68,29.57,22.8,0.92,89.68,10.14,2.44
2024-12-27,25.47,28.48,23.58,1.69,88.63,12.82,3.27
2024-12-28,24.97,28.49,22.67,0.22,84.61,17.1,2.79
2024-12-29,25.12,28.62,22.53,3.5,88.59,14.8,3.45
2024-12-30,25.2,28.08,23.1,9.28,91.11,11.59,3.68
2024-12-31,25.31,28.6,23.38,0.71,87.84,17.43,4.12
